ISO-10303-21;
HEADER;
FILE_DESCRIPTION (( 'STEP AP214' ),
    '1' );
FILE_NAME ('Hanger200_split.STEP',
    '2026-09-13T18:24:46',
    ( '' ),
    ( '' ),
    'SwSTEP 2.0',
    'SolidWorks 2025',
    '' );
FILE_SCHEMA (( 'AUTOMOTIVE_DESIGN' ));
ENDSEC;

DATA;
#1 = DIRECTION ( 'NONE',  ( -3.204767493763339901E-16, 1.000000000000000000, 3.204767493763339901E-16 ) ) ;
#2 = ADVANCED_FACE ( 'NONE', ( #10467 ), #6676, .T. ) ;
#3 = EDGE_CURVE ( 'NONE', #6703, #6346, #7599, .T. ) ;
#4 = DIRECTION ( 'NONE',  ( 0.000000000000000000, 0.000000000000000000, -1.000000000000000000 ) ) ;
#5 = DIRECTION ( 'NONE',  ( -1.000000000000000000, 0.000000000000000000, 0.000000000000000000 ) ) ;
#6 = CIRCLE ( 'NONE', #9479, 12.90485382080079901 ) ;
#7 = CARTESIAN_POINT ( 'NONE',  ( 288.8209903277790431, 76.31350188147710867, 155.7234361936179994 ) ) ;
#8 = ORIENTED_EDGE ( 'NONE', *, *, #1412, .T. ) ;
#9 = ADVANCED_FACE ( 'NONE', ( #5057 ), #477, .T. ) ;
#10 = ORIENTED_EDGE ( 'NONE', *, *, #6724, .F. ) ;
#11 = ORIENTED_EDGE ( 'NONE', *, *, #300, .T. ) ;
#12 = ORIENTED_EDGE ( 'NONE', *, *, #4720, .T. ) ;
#13 = FACE_OUTER_BOUND ( 'NONE', #9828, .T. ) ;
#14 = LINE ( 'NONE', #9852, #2673 ) ;
#15 = CARTESIAN_POINT ( 'NONE',  ( 150.3786849975589917, 6.215927124023390427, 155.7207935539340156 ) ) ;
#16 = EDGE_CURVE ( 'NONE', #431, #8431, #896, .T. ) ;
#17 = B_SPLINE_CURVE_WITH_KNOTS ( 'NONE', 3,
 ( #10165, #390, #7456, #3058, #11209, #10333 ),
 .UNSPECIFIED., .F., .F.,
 ( 4, 2, 4 ),
 ( 0.000000000000000000, 0.5000000000000000000, 1.000000000000000000 ),
 .UNSPECIFIED. ) ;
#18 = CARTESIAN_POINT ( 'NONE',  ( -202.3632138393109301, 77.61348382755888053, 208.5281707879540818 ) ) ;
#19 = DIRECTION ( 'NONE',  ( 0.000000000000000000, 0.000000000000000000, -1.000000000000000000 ) ) ;
#20 = ORIENTED_EDGE ( 'NONE', *, *, #10835, .T. ) ;
#21 = AXIS2_PLACEMENT_3D ( 'NONE', #3949, #5047, #3134 ) ;
#22 = EDGE_CURVE ( 'NONE', #3720, #9586, #2393, .T. ) ;
#23 = EDGE_LOOP ( 'NONE', ( #5160, #2572, #1552, #6869 ) ) ;
#24 = DIRECTION ( 'NONE',  ( 0.000000000000000000, 0.000000000000000000, -1.000000000000000000 ) ) ;
#25 = EDGE_CURVE ( 'NONE', #6068, #5517, #4260, .T. ) ;
#26 = AXIS2_PLACEMENT_3D ( 'NONE', #6785, #2372, #9297 ) ;
#27 = EDGE_LOOP ( 'NONE', ( #2905, #3599, #6877, #2849 ) ) ;
#28 = LINE ( 'NONE', #7923, #9495 ) ;
#29 = DIRECTION ( 'NONE',  ( 0.000000000000000000, 0.000000000000000000, 1.000000000000000000 ) ) ;
#30 = CARTESIAN_POINT ( 'NONE',  ( -169.2987242977637834, 80.24397288981262477, 208.6335910899987311 ) ) ;
#31 = CARTESIAN_POINT ( 'NONE',  ( 194.0887584690793801, 117.6023872751333812, 207.9885605069003702 ) ) ;
#32 = ORIENTED_EDGE ( 'NONE', *, *, #938, .T. ) ;
#33 = DIRECTION ( 'NONE',  ( 0.000000000000000000, 0.000000000000000000, -1.000000000000000000 ) ) ;
#34 = AXIS2_PLACEMENT_3D ( 'NONE', #5072, #2453, #10548 ) ;
#35 = AXIS2_PLACEMENT_3D ( 'NONE', #4817, #1319, #3118 ) ;
#36 = CYLINDRICAL_SURFACE ( 'NONE', #8645, 12.90484886281040744 ) ;
#37 = EDGE_LOOP ( 'NONE', ( #10951, #3967, #5337, #11493 ) ) ;
#38 = CARTESIAN_POINT ( 'NONE',  ( 60.32955169677730112, 110.9465026855470029, 208.7207935539339871 ) ) ;
#39 = FACE_OUTER_BOUND ( 'NONE', #2084, .T. ) ;
#40 = ORIENTED_EDGE ( 'NONE', *, *, #5212, .T. ) ;
#41 = VECTOR ( 'NONE', #4611, 1000.000000000000000 ) ;
#42 = DIRECTION ( 'NONE',  ( 0.000000000000000000, 0.3747382456207933310, 0.9271306527502205519 ) ) ;
#43 = ORIENTED_EDGE ( 'NONE', *, *, #9829, .F. ) ;
#44 = DIRECTION ( 'NONE',  ( 0.000000000000000000, 0.7071067811865481278, 0.7071067811865469066 ) ) ;
#45 = CARTESIAN_POINT ( 'NONE',  ( -269.8896026611329830, 22.12078094482420099, 155.7207935539340156 ) ) ;
#46 = CARTESIAN_POINT ( 'NONE',  ( 285.0865938403863424, 57.86366945352688163, 183.7207936963427812 ) ) ;
#47 = ORIENTED_EDGE ( 'NONE', *, *, #8383, .F. ) ;
#48 = DIRECTION ( 'NONE',  ( -1.000000000000000000, 0.000000000000000000, 0.000000000000000000 ) ) ;
#49 = CIRCLE ( 'NONE', #6540, 5.000000000000004441 ) ;
#50 = DIRECTION ( 'NONE',  ( -6.630299199421770504E-16, 1.000000000000000000, 0.000000000000000000 ) ) ;
#51 = DIRECTION ( 'NONE',  ( 0.000000000000000000, 0.000000000000000000, -1.000000000000000000 ) ) ;
#52 = LINE ( 'NONE', #2554, #10510 ) ;
#53 = ORIENTED_EDGE ( 'NONE', *, *, #2500, .F. ) ;
#54 = VECTOR ( 'NONE', #7657, 1000.000000000000000 ) ;
#55 = DIRECTION ( 'NONE',  ( 1.000000000000000000, -1.579971831557694880E-16, -1.579971831557694880E-16 ) ) ;
#56 = ADVANCED_FACE ( 'NONE', ( #3197 ), #6728, .T. ) ;
#57 = DIRECTION ( 'NONE',  ( 0.000000000000000000, 0.000000000000000000, -1.000000000000000000 ) ) ;
#58 = CIRCLE ( 'NONE', #5632, 5.000000000000004441 ) ;
#59 = FACE_OUTER_BOUND ( 'NONE', #9973, .T. ) ;
#60 = CARTESIAN_POINT ( 'NONE',  ( -101.0028839111329972, 76.52169227600100498, 158.7207935539340156 ) ) ;
#61 = LINE ( 'NONE', #8730, #3717 ) ;
#62 = ORIENTED_EDGE ( 'NONE', *, *, #11485, .T. ) ;
#63 = ORIENTED_EDGE ( 'NONE', *, *, #2874, .T. ) ;
#64 = ORIENTED_EDGE ( 'NONE', *, *, #6113, .F. ) ;
#65 = CARTESIAN_POINT ( 'NONE',  ( 43.09501647949219461, 75.12078285217289420, 133.7207935539339871 ) ) ;
#66 = EDGE_CURVE ( 'NONE', #7928, #11081, #8796, .T. ) ;
#67 = ORIENTED_EDGE ( 'NONE', *, *, #4914, .T. ) ;
#68 = CARTESIAN_POINT ( 'NONE',  ( 267.5316238403320312, 63.61684799194339490, 183.7207935539340156 ) ) ;
#69 = CIRCLE ( 'NONE', #8793, 15.90485382080081322 ) ;
#70 =( BOUNDED_CURVE ( )  B_SPLINE_CURVE ( 3, ( #1691, #5242, #708, #8782 ),
 .UNSPECIFIED., .F., .F. ) 
 B_SPLINE_CURVE_WITH_KNOTS ( ( 4, 4 ),
 ( 4.712388980384686121, 5.315636896936951850 ),
 .UNSPECIFIED. ) 
 CURVE ( )  GEOMETRIC_REPRESENTATION_ITEM ( )  RATIONAL_B_SPLINE_CURVE ( ( 1.000000000000000000, 0.9699035447502796226, 0.9699035447502796226, 1.000000000000000000 ) ) 
 REPRESENTATION_ITEM ( '' )  );
#71 = VERTEX_POINT ( 'NONE', #5874 ) ;
#72 = DIRECTION ( 'NONE',  ( -1.000000000000000000, 0.000000000000000000, 0.000000000000000000 ) ) ;
#73 = CARTESIAN_POINT ( 'NONE',  ( 150.3786849975589917, 63.61684799194339490, 183.7207935539340156 ) ) ;
#74 = EDGE_CURVE ( 'NONE', #4311, #3561, #7397, .T. ) ;
#75 = AXIS2_PLACEMENT_3D ( 'NONE', #6505, #10076, #1235 ) ;
#76 = DIRECTION ( 'NONE',  ( -8.330653612515482894E-11, 1.000000000000000000, 0.000000000000000000 ) ) ;
#77 = LINE ( 'NONE', #1009, #8587 ) ;
#78 = AXIS2_PLACEMENT_3D ( 'NONE', #1682, #11353, #3428 ) ;
#79 = ORIENTED_EDGE ( 'NONE', *, *, #5213, .F. ) ;
#80 = ORIENTED_EDGE ( 'NONE', *, *, #766, .F. ) ;
#81 = DIRECTION ( 'NONE',  ( 1.000000000000000000, -5.897598525349479809E-18, 0.000000000000000000 ) ) ;
#82 = AXIS2_PLACEMENT_3D ( 'NONE', #4172, #5042, #3946 ) ;
#83 = ADVANCED_FACE ( 'NONE', ( #5235 ), #7895, .F. ) ;
#84 = ORIENTED_EDGE ( 'NONE', *, *, #1786, .T. ) ;
#85 = CIRCLE ( 'NONE', #5644, 3.000000000000002665 ) ;
#86 = CARTESIAN_POINT ( 'NONE',  ( -197.0185425156320491, 118.1741734273991682, 207.2468021671475071 ) ) ;
#87 = EDGE_CURVE ( 'NONE', #2839, #10771, #3330, .T. ) ;
#88 = CARTESIAN_POINT ( 'NONE',  ( 267.5316238403320312, 35.02563476562500000, 143.7207935539339871 ) ) ;
#89 = CARTESIAN_POINT ( 'NONE',  ( -134.9448005523279903, 89.42653656005859375, 158.7207935539340156 ) ) ;
#90 = CIRCLE ( 'NONE', #6568, 5.000000000000004441 ) ;
#91 = CARTESIAN_POINT ( 'NONE',  ( 287.6141573150829913, 67.62280511159039520, 184.6278166765380035 ) ) ;
#92 = DIRECTION ( 'NONE',  ( 0.000000000000000000, 0.000000000000000000, -1.000000000000000000 ) ) ;
#93 = EDGE_CURVE ( 'NONE', #10074, #1490, #4826, .T. ) ;
#94 = VECTOR ( 'NONE', #5377, 1000.000000000000000 ) ;
#95 = AXIS2_PLACEMENT_3D ( 'NONE', #10944, #2090, #11058 ) ;
#96 = AXIS2_PLACEMENT_3D ( 'NONE', #3887, #1102, #8175 ) ;
#97 = LINE ( 'NONE', #5272, #3821 ) ;
#98 = ORIENTED_EDGE ( 'NONE', *, *, #5212, .F. ) ;
#99 = DIRECTION ( 'NONE',  ( 0.000000000000000000, 0.4574731813344888320, 0.8892234186972931553 ) ) ;
#100 = CYLINDRICAL_SURFACE ( 'NONE', #552, 5.000000000000012434 ) ;
#101 = ORIENTED_EDGE ( 'NONE', *, *, #3147, .T. ) ;
#102 = CARTESIAN_POINT ( 'NONE',  ( -40.43682098388670454, 38.02563476562500000, 158.7207935539340156 ) ) ;
#103 = CARTESIAN_POINT ( 'NONE',  ( 216.5078370686659923, 89.42653656005859375, 158.7207935539340156 ) ) ;
#104 = ORIENTED_EDGE ( 'NONE', *, *, #5451, .T. ) ;
#105 = CIRCLE ( 'NONE', #505, 3.000000000000002665 ) ;
#106 = AXIS2_PLACEMENT_3D ( 'NONE', #11021, #9322, #7779 ) ;
#107 = DIRECTION ( 'NONE',  ( -1.000000000000000000, 1.514560233585315114E-17, -1.514560233585310184E-17 ) ) ;
#108 = CARTESIAN_POINT ( 'NONE',  ( -289.3508921655618451, 123.7770500764999753, 158.7207935539340156 ) ) ;
#109 = CARTESIAN_POINT ( 'NONE',  ( 286.3209915161129970, 160.0000188687020000, 123.7207935539339871 ) ) ;
#110 = AXIS2_PLACEMENT_3D ( 'NONE', #7808, #849, #4283 ) ;
#111 = CIRCLE ( 'NONE', #3455, 3.000000000000002665 ) ;
#112 = ORIENTED_EDGE ( 'NONE', *, *, #10254, .T. ) ;
#113 = AXIS2_PLACEMENT_3D ( 'NONE', #3237, #9410, #6830 ) ;
#114 = AXIS2_PLACEMENT_3D ( 'NONE', #239, #458, #8477 ) ;
#115 = EDGE_CURVE ( 'NONE', #7968, #3720, #4447, .T. ) ;
#116 = DIRECTION ( 'NONE',  ( -1.000000000000000000, 0.000000000000000000, 0.000000000000000000 ) ) ;
#117 = AXIS2_PLACEMENT_3D ( 'NONE', #9552, #663, #1591 ) ;
#118 = DIRECTION ( 'NONE',  ( -1.000000000000000000, 1.579971831557674912E-16, 1.579971831557694880E-16 ) ) ;
#119 = AXIS2_PLACEMENT_3D ( 'NONE', #15, #3571, #9799 ) ;
#120 = DIRECTION ( 'NONE',  ( 0.000000000000000000, -1.000000000000000000, 0.000000000000000000 ) ) ;
#121 = VERTEX_POINT ( 'NONE', #8776 ) ;
#122 = DIRECTION ( 'NONE',  ( 0.000000000000000000, 0.000000000000000000, -1.000000000000000000 ) ) ;
#123 = CYLINDRICAL_SURFACE ( 'NONE', #11239, 5.000000000000012434 ) ;
#124 = DIRECTION ( 'NONE',  ( -1.000000000000000000, 1.159225409079261975E-17, -1.159225409079259972E-17 ) ) ;
#125 = EDGE_CURVE ( 'NONE', #9570, #7291, #364, .T. ) ;
#126 = DIRECTION ( 'NONE',  ( 0.9999999999999982236, -5.974482224770970270E-08, 1.749485260308541517E-16 ) ) ;
#127 = CARTESIAN_POINT ( 'NONE',  ( -261.1789894103999359, 76.32125139236450195, 158.7207935539340156 ) ) ;
#128 = DIRECTION ( 'NONE',  ( 0.7071067811865484609, -0.7071067811865465735, 0.000000000000000000 ) ) ;
#129 = ORIENTED_EDGE ( 'NONE', *, *, #5341, .T. ) ;
#130 = EDGE_LOOP ( 'NONE', ( #9691, #10190, #8429, #977, #473 ) ) ;
#131 = ORIENTED_EDGE ( 'NONE', *, *, #2978, .T. ) ;
#132 = EDGE_CURVE ( 'NONE', #6561, #7070, #8901, .T. ) ;
#133 = CARTESIAN_POINT ( 'NONE',  ( 116.5497493743897053, 76.52169227600100498, 203.7207935539339871 ) ) ;
#134 = DIRECTION ( 'NONE',  ( -0.9999999999999982236, -5.974481946206379345E-08, 0.000000000000000000 ) ) ;
#135 = ORIENTED_EDGE ( 'NONE', *, *, #10516, .F. ) ;
#136 = FACE_BOUND ( 'NONE', #5885, .T. ) ;
#137 = DIRECTION ( 'NONE',  ( 0.000000000000000000, 0.000000000000000000, -1.000000000000000000 ) ) ;
#138 = EDGE_CURVE ( 'NONE', #7699, #9318, #5290, .T. ) ;
#139 = CARTESIAN_POINT ( 'NONE',  ( -202.3631909299595861, 78.43526937970075608, 208.5504304331564356 ) ) ;
#140 = FACE_OUTER_BOUND ( 'NONE', #6706, .T. ) ;
#141 = ORIENTED_EDGE ( 'NONE', *, *, #2980, .T. ) ;
#142 = EDGE_LOOP ( 'NONE', ( #404, #9163, #2294, #10575 ) ) ;
#143 = LINE ( 'NONE', #7212, #2502 ) ;
#144 = EDGE_LOOP ( 'NONE', ( #8378, #6632, #3741, #20, #3563 ) ) ;
#145 = DIRECTION ( 'NONE',  ( -1.224646799147353207E-16, 1.000000000000000000, 0.000000000000000000 ) ) ;
#146 = DIRECTION ( 'NONE',  ( 0.000000000000000000, 0.000000000000000000, -1.000000000000000000 ) ) ;
#147 = DIRECTION ( 'NONE',  ( 0.000000000000000000, 0.000000000000000000, -1.000000000000000000 ) ) ;
#148 = PLANE ( 'NONE',  #10000 ) ;
#149 = CARTESIAN_POINT ( 'NONE',  ( 286.3209915161129970, 150.5109035198869947, 157.8895350538219873 ) ) ;
#150 = VECTOR ( 'NONE', #6906, 1000.000000000000000 ) ;
#151 = EDGE_CURVE ( 'NONE', #2339, #4902, #5402, .T. ) ;
#152 = EDGE_CURVE ( 'NONE', #5716, #11303, #1979, .T. ) ;
#153 = TOROIDAL_SURFACE ( 'NONE', #7378, 15.90485382080079901, 3.000000000000000000 ) ;
#154 = DIRECTION ( 'NONE',  ( -1.226857608440687559E-08, 1.000000000000000000, 0.000000000000000000 ) ) ;
#155 = EDGE_LOOP ( 'NONE', ( #2806, #7616, #2391, #6412 ) ) ;
#156 = CARTESIAN_POINT ( 'NONE',  ( 216.5078370698039976, 76.52169227600100498, 183.7207935539340156 ) ) ;
#157 = CARTESIAN_POINT ( 'NONE',  ( -202.3627772384118373, 81.02506321967679526, 208.6581436811750621 ) ) ;
#158 = ORIENTED_EDGE ( 'NONE', *, *, #8384, .F. ) ;
#159 = LINE ( 'NONE', #7225, #4125 ) ;
#160 = DIRECTION ( 'NONE',  ( -1.000000000000000000, 0.000000000000000000, 0.000000000000000000 ) ) ;
#161 = ADVANCED_FACE ( 'NONE', ( #8896 ), #3603, .F. ) ;
#162 = ORIENTED_EDGE ( 'NONE', *, *, #11300, .T. ) ;
#163 = CIRCLE ( 'NONE', #4245, 5.000000000000004441 ) ;
#164 = AXIS2_PLACEMENT_3D ( 'NONE', #3646, #2762, #3583 ) ;
#165 = LINE ( 'NONE', #4643, #9312 ) ;
#166 = DIRECTION ( 'NONE',  ( 0.000000000000000000, 0.000000000000000000, -1.000000000000000000 ) ) ;
#167 = FACE_OUTER_BOUND ( 'NONE', #7315, .T. ) ;
#168 = ORIENTED_EDGE ( 'NONE', *, *, #6985, .T. ) ;
#169 = EDGE_CURVE ( 'NONE', #7536, #8615, #8338, .T. ) ;
#170 = DIRECTION ( 'NONE',  ( -2.283690278945060145E-16, 0.3562957817360009605, -0.9343732208904169667 ) ) ;
#171 = CARTESIAN_POINT ( 'NONE',  ( 193.4646744694492497, 116.9783032755032508, 208.4438521006772191 ) ) ;
#172 = FACE_OUTER_BOUND ( 'NONE', #1658, .T. ) ;
#173 = CARTESIAN_POINT ( 'NONE',  ( -288.8721612513591026, 61.19127793951304994, 158.7228949921779702 ) ) ;
#174 = ADVANCED_FACE ( 'NONE', ( #10706 ), #986, .F. ) ;
#175 = ORIENTED_EDGE ( 'NONE', *, *, #7234, .T. ) ;
#176 = EDGE_CURVE ( 'NONE', #10437, #8667, #8872, .T. ) ;
#177 = DIRECTION ( 'NONE',  ( 1.000000000000000000, 0.000000000000000000, 0.000000000000000000 ) ) ;
#178 = DIRECTION ( 'NONE',  ( 0.000000000000000000, 0.000000000000000000, 1.000000000000000000 ) ) ;
#179 = CARTESIAN_POINT ( 'NONE',  ( -290.5806893553620398, 67.33520295023299695, 182.5609272248260027 ) ) ;
#180 = CARTESIAN_POINT ( 'NONE',  ( -134.7493362426759802, 35.02563476562500000, 138.7207935539339871 ) ) ;
#181 = CYLINDRICAL_SURFACE ( 'NONE', #259, 2.999999999999991562 ) ;
#182 = CARTESIAN_POINT ( 'NONE',  ( 286.3209915161129970, 123.7770500765000037, 183.7207935539340156 ) ) ;
#183 = ORIENTED_EDGE ( 'NONE', *, *, #6924, .T. ) ;
#184 = VERTEX_POINT ( 'NONE', #3666 ) ;
#185 = ORIENTED_EDGE ( 'NONE', *, *, #4126, .F. ) ;
#186 = CARTESIAN_POINT ( 'NONE',  ( 94.82099151611289756, 136.5016367987730064, 156.6015757153489858 ) ) ;
#187 = DIRECTION ( 'NONE',  ( 1.274272494262450050E-16, -1.000000000000000000, 0.000000000000000000 ) ) ;
#188 = AXIS2_PLACEMENT_3D ( 'NONE', #8610, #654, #10251 ) ;
#189 = ADVANCED_FACE ( 'NONE', ( #2782 ), #11410, .F. ) ;
#190 = VERTEX_POINT ( 'NONE', #6150 ) ;
#191 = CYLINDRICAL_SURFACE ( 'NONE', #6565, 12.90484428405760120 ) ;
#192 = CARTESIAN_POINT ( 'NONE',  ( 286.2255346808229888, 58.49893546245590414, 158.7207935539340156 ) ) ;
#193 = DIRECTION ( 'NONE',  ( -1.000000000000000000, 0.000000000000000000, 0.000000000000000000 ) ) ;
#194 = CARTESIAN_POINT ( 'NONE',  ( -96.44675636336647528, 137.1662594779263884, 207.9885605069003702 ) ) ;
#195 = CARTESIAN_POINT ( 'NONE',  ( 132.3913243105560014, 89.42653656005859375, 148.7207935539339871 ) ) ;
#196 = ORIENTED_EDGE ( 'NONE', *, *, #9270, .F. ) ;
#197 = VERTEX_POINT ( 'NONE', #6097 ) ;
#198 = ORIENTED_EDGE ( 'NONE', *, *, #5764, .F. ) ;
#199 = DIRECTION ( 'NONE',  ( -1.000000000000000000, 1.635284895191439853E-16, 0.000000000000000000 ) ) ;
#200 = ORIENTED_EDGE ( 'NONE', *, *, #1312, .F. ) ;
#201 = DIRECTION ( 'NONE',  ( -3.259958546737109864E-16, 1.000000000000000000, 3.259958546737109864E-16 ) ) ;
#202 = DIRECTION ( 'NONE',  ( 1.000000000000000000, 0.000000000000000000, 0.000000000000000000 ) ) ;
#203 = DIRECTION ( 'NONE',  ( 1.000000000000000000, 4.395960322595069756E-10, 0.000000000000000000 ) ) ;
#204 = ADVANCED_FACE ( 'NONE', ( #172 ), #5455, .T. ) ;
#205 = CARTESIAN_POINT ( 'NONE',  ( 267.5316238403320312, 35.02563476562500000, 158.7207935539340156 ) ) ;
#206 = CARTESIAN_POINT ( 'NONE',  ( -118.9077281951906002, 76.52169227600100498, 203.7207935539339871 ) ) ;
#207 = VECTOR ( 'NONE', #6535, 1000.000000000000000 ) ;
#208 = CIRCLE ( 'NONE', #9689, 12.90485382080079546 ) ;
#209 = CARTESIAN_POINT ( 'NONE',  ( -134.7493367092509970, 76.52169227600100498, 158.7207935539340156 ) ) ;
#210 = ORIENTED_EDGE ( 'NONE', *, *, #9290, .T. ) ;
#211 = DIRECTION ( 'NONE',  ( 0.000000000000000000, 0.000000000000000000, -1.000000000000000000 ) ) ;
#212 = ORIENTED_EDGE ( 'NONE', *, *, #3194, .T. ) ;
#213 = CARTESIAN_POINT ( 'NONE',  ( -101.0028839111329972, 76.52169227600100498, 203.7207935539339871 ) ) ;
#214 = CARTESIAN_POINT ( 'NONE',  ( -97.17898941040009220, 146.6537969942370125, 158.7207935539340156 ) ) ;
#215 = ORIENTED_EDGE ( 'NONE', *, *, #9962, .T. ) ;
#216 = DIRECTION ( 'NONE',  ( 1.000000000000000000, -3.073900420430730319E-15, 0.000000000000000000 ) ) ;
#217 = DIRECTION ( 'NONE',  ( 2.901163001883460083E-16, 1.000000000000000000, 0.000000000000000000 ) ) ;
#218 = EDGE_CURVE ( 'NONE', #3100, #8256, #8488, .T. ) ;
#219 = CIRCLE ( 'NONE', #10811, 12.90484428405759587 ) ;
#220 = ADVANCED_FACE ( 'NONE', ( #2903 ), #5574, .F. ) ;
#221 = DIRECTION ( 'NONE',  ( 2.489558328007872929E-08, 0.7071067811865473507, 0.7071067811865473507 ) ) ;
#222 = CIRCLE ( 'NONE', #4683, 12.90499687194819600 ) ;
#223 = EDGE_LOOP ( 'NONE', ( #10258, #10730, #2106, #6174 ) ) ;
#224 = DIRECTION ( 'NONE',  ( 0.9999999999999995559, 2.745767267742054676E-08, 0.000000000000000000 ) ) ;
#225 = EDGE_CURVE ( 'NONE', #11195, #4311, #11071, .T. ) ;
#226 = VECTOR ( 'NONE', #6744, 1000.000000000000000 ) ;
#227 = FACE_OUTER_BOUND ( 'NONE', #4610, .T. ) ;
#228 = ORIENTED_EDGE ( 'NONE', *, *, #5723, .T. ) ;
#229 = CARTESIAN_POINT ( 'NONE',  ( -218.8657760620120314, 38.02563476562500000, 155.7207935539340156 ) ) ;
#230 = CARTESIAN_POINT ( 'NONE',  ( 80.65757751464929015, 35.02563398808290174, 155.7207935539340156 ) ) ;
#231 = VERTEX_POINT ( 'NONE', #9942 ) ;
#232 = CARTESIAN_POINT ( 'NONE',  ( -291.1789894103999927, 160.0000189074170294, 123.7207935680309987 ) ) ;
#233 = CARTESIAN_POINT ( 'NONE',  ( 98.64490514282491063, 35.90431283853602196, 157.8421141661560796 ) ) ;
#234 = EDGE_CURVE ( 'NONE', #10505, #6517, #4025, .T. ) ;
#235 = EDGE_CURVE ( 'NONE', #4055, #1725, #105, .T. ) ;
#236 = DIRECTION ( 'NONE',  ( 5.252442479408088235E-16, -0.6948626285457626395, -0.7191424945380946454 ) ) ;
#237 = CIRCLE ( 'NONE', #7639, 29.99999999999999645 ) ;
#238 = EDGE_CURVE ( 'NONE', #5203, #4119, #6059, .T. ) ;
#239 = CARTESIAN_POINT ( 'NONE',  ( -185.8610559998539884, 76.52168743035018394, 158.7207935539340156 ) ) ;
#240 = FACE_OUTER_BOUND ( 'NONE', #2508, .T. ) ;
#241 = CARTESIAN_POINT ( 'NONE',  ( 132.3913192749020027, 38.02563476562500000, 155.7207935539340156 ) ) ;
#242 = ORIENTED_EDGE ( 'NONE', *, *, #1842, .T. ) ;
#243 = ORIENTED_EDGE ( 'NONE', *, *, #3162, .F. ) ;
#244 = ORIENTED_EDGE ( 'NONE', *, *, #7761, .T. ) ;
#245 = FACE_OUTER_BOUND ( 'NONE', #223, .T. ) ;
#246 = CIRCLE ( 'NONE', #5437, 2.999999999999999112 ) ;
#247 = ORIENTED_EDGE ( 'NONE', *, *, #3713, .T. ) ;
#248 = LINE ( 'NONE', #895, #1016 ) ;
#249 = VECTOR ( 'NONE', #687, 1000.000000000000000 ) ;
#250 = DIRECTION ( 'NONE',  ( 1.000000000000000000, -6.425975681558509432E-17, 0.000000000000000000 ) ) ;
#251 = EDGE_CURVE ( 'NONE', #4680, #8558, #1217, .T. ) ;
#252 = CARTESIAN_POINT ( 'NONE',  ( -15.72100162506090015, 93.04149627685549717, 208.7207935539339871 ) ) ;
#253 = PLANE ( 'NONE',  #9173 ) ;
#254 = FACE_OUTER_BOUND ( 'NONE', #10834, .T. ) ;
#255 = ORIENTED_EDGE ( 'NONE', *, *, #238, .T. ) ;
#256 = EDGE_LOOP ( 'NONE', ( #1315, #5512, #8489, #9884 ) ) ;
#257 = ORIENTED_EDGE ( 'NONE', *, *, #1549, .T. ) ;
#258 = DIRECTION ( 'NONE',  ( -1.000000000000000000, 0.000000000000000000, 0.000000000000000000 ) ) ;
#259 = AXIS2_PLACEMENT_3D ( 'NONE', #2911, #1982, #1056 ) ;
#260 = ORIENTED_EDGE ( 'NONE', *, *, #8618, .F. ) ;
#261 = CARTESIAN_POINT ( 'NONE',  ( -197.1789894103999927, 118.9074145751319946, 206.2207935539339871 ) ) ;
#262 = LINE ( 'NONE', #10618, #2010 ) ;
#263 = CYLINDRICAL_SURFACE ( 'NONE', #8069, 5.000000000000012434 ) ;
#264 = FACE_OUTER_BOUND ( 'NONE', #6612, .T. ) ;
#265 = CARTESIAN_POINT ( 'NONE',  ( -101.0029026679669926, 9.215926533998619163, 155.7207980243059922 ) ) ;
#266 = CIRCLE ( 'NONE', #2117, 3.000000000000002665 ) ;
#267 = AXIS2_PLACEMENT_3D ( 'NONE', #6885, #6191, #2476 ) ;
#268 = DIRECTION ( 'NONE',  ( -4.395058892480750583E-16, 0.5814365767194009660, -0.8135917325371639919 ) ) ;
#269 = ADVANCED_FACE ( 'NONE', ( #10004 ), #8356, .F. ) ;
#270 = VECTOR ( 'NONE', #11432, 1000.000000000000000 ) ;
#271 = ORIENTED_EDGE ( 'NONE', *, *, #11387, .F. ) ;
#272 = CYLINDRICAL_SURFACE ( 'NONE', #10868, 12.90485382080079901 ) ;
#273 = VECTOR ( 'NONE', #4730, 1000.000000000000000 ) ;
#274 = ORIENTED_EDGE ( 'NONE', *, *, #4301, .F. ) ;
#275 = DIRECTION ( 'NONE',  ( 0.9999999999993463007, 1.143534647714430090E-06, -1.077058089258796080E-27 ) ) ;
#276 = CARTESIAN_POINT ( 'NONE',  ( -290.2418013883031449, 65.35182916661544539, 157.9006776790024276 ) ) ;
#277 = EDGE_LOOP ( 'NONE', ( #1955, #6465, #10106, #1671 ) ) ;
#278 = DIRECTION ( 'NONE',  ( 2.150787332623426829E-15, -1.000000000000000000, 0.000000000000000000 ) ) ;
#279 = DIRECTION ( 'NONE',  ( 4.163336342344419857E-15, 1.000000000000000000, 0.000000000000000000 ) ) ;
#280 = DIRECTION ( 'NONE',  ( 0.000000000000000000, 0.000000000000000000, -1.000000000000000000 ) ) ;
#281 = CIRCLE ( 'NONE', #11063, 15.90485382080081322 ) ;
#282 = EDGE_LOOP ( 'NONE', ( #8571, #7084, #3284, #8919, #10691 ) ) ;
#283 = VECTOR ( 'NONE', #8299, 1000.000000000000000 ) ;
#284 = DIRECTION ( 'NONE',  ( -1.000000000000000000, 0.000000000000000000, 0.000000000000000000 ) ) ;
#285 = AXIS2_PLACEMENT_3D ( 'NONE', #8715, #5339, #1678 ) ;
#286 = B_SPLINE_CURVE_WITH_KNOTS ( 'NONE', 3,
 ( #11295, #9523, #11228, #2260, #10289, #5920, #6786, #6839, #8420, #525, #9298, #467, #4122, #7771, #3365, #3247, #4944 ),
 .UNSPECIFIED., .F., .F.,
 ( 4, 2, 2, 1, 1, 1, 2, 2, 2, 4 ),
 ( 0.4999999999999991673, 0.6249999999999631406, 0.6874999999999450440, 0.7187499999999342748, 0.7343749999999290567, 0.7421874999999265032, 0.7460937499999269473, 0.7499999999999271694, 0.8749999999999635847, 1.000000000000000000 ),
 .UNSPECIFIED. ) ;
#287 = CARTESIAN_POINT ( 'NONE',  ( 94.08875846907928064, 137.1662594779273832, 207.9885605069003702 ) ) ;
#288 = EDGE_CURVE ( 'NONE', #4033, #5702, #5519, .T. ) ;
#289 = FACE_OUTER_BOUND ( 'NONE', #7038, .T. ) ;
#290 = ORIENTED_EDGE ( 'NONE', *, *, #7217, .F. ) ;
#291 = AXIS2_PLACEMENT_3D ( 'NONE', #5654, #6688, #5773 ) ;
#292 = CARTESIAN_POINT ( 'NONE',  ( -40.43682098388680402, 22.12078094482420099, 158.7207935539340156 ) ) ;
#293 = CARTESIAN_POINT ( 'NONE',  ( -289.2617884409379485, 63.47928467809057906, 158.7226408589485516 ) ) ;
#294 = EDGE_LOOP ( 'NONE', ( #414, #8555, #1288, #10147 ) ) ;
#295 = AXIS2_PLACEMENT_3D ( 'NONE', #3002, #217, #9055 ) ;
#296 = CIRCLE ( 'NONE', #96, 17.90500640869139914 ) ;
#297 = FACE_OUTER_BOUND ( 'NONE', #8991, .T. ) ;
#298 = DIRECTION ( 'NONE',  ( -1.000000000000000000, 1.188474749415029953E-15, 0.000000000000000000 ) ) ;
#299 = VECTOR ( 'NONE', #11338, 1000.000000000000000 ) ;
#300 = EDGE_CURVE ( 'NONE', #5703, #4537, #6438, .T. ) ;
#301 = CARTESIAN_POINT ( 'NONE',  ( -290.3646726527899773, 67.50292020682719851, 182.8577577499240192 ) ) ;
#302 = AXIS2_PLACEMENT_3D ( 'NONE', #6782, #1447, #11225 ) ;
#303 = TOROIDAL_SURFACE ( 'NONE', #1410, 17.90484428405769535, 5.000000000000000000 ) ;
#304 = VECTOR ( 'NONE', #6473, 1000.000000000000000 ) ;
#305 = EDGE_CURVE ( 'NONE', #3025, #7350, #5676, .T. ) ;
#306 = DIRECTION ( 'NONE',  ( -1.000000000000000000, -5.480868912904819410E-16, 0.000000000000000000 ) ) ;
#307 = DIRECTION ( 'NONE',  ( 0.000000000000000000, 0.7071067811865460184, 0.7071067811865487940 ) ) ;
#308 = ORIENTED_EDGE ( 'NONE', *, *, #6552, .T. ) ;
#309 = EDGE_LOOP ( 'NONE', ( #4867, #8789, #6987, #6184, #2682, #10616 ) ) ;
#310 = EDGE_LOOP ( 'NONE', ( #9304, #4450, #490, #7284 ) ) ;
#311 = AXIS2_PLACEMENT_3D ( 'NONE', #10541, #4, #4256 ) ;
#312 = CARTESIAN_POINT ( 'NONE',  ( 115.5181150157409746, 76.52169227600100498, 208.6132091689502204 ) ) ;
#313 = EDGE_CURVE ( 'NONE', #11018, #8518, #3772, .T. ) ;
#314 = AXIS2_PLACEMENT_3D ( 'NONE', #1803, #4187, #3315 ) ;
#315 = VERTEX_POINT ( 'NONE', #10178 ) ;
#316 = CARTESIAN_POINT ( 'NONE',  ( 132.3913249411490085, 76.52169227600100498, 133.7207935539339871 ) ) ;
#317 = DIRECTION ( 'NONE',  ( 0.000000000000000000, 0.000000000000000000, -1.000000000000000000 ) ) ;
#318 = CARTESIAN_POINT ( 'NONE',  ( 286.7439305748646916, 62.54495693723226424, 158.7219001024089948 ) ) ;
#319 = DIRECTION ( 'NONE',  ( 2.036638432068759852E-16, -1.000000000000000000, 0.000000000000000000 ) ) ;
#320 = DIRECTION ( 'NONE',  ( 1.000000000000000000, -1.816255071839359884E-17, -1.816255071839359884E-17 ) ) ;
#321 = ORIENTED_EDGE ( 'NONE', *, *, #5410, .F. ) ;
#322 = VERTEX_POINT ( 'NONE', #7469 ) ;
#323 = VERTEX_POINT ( 'NONE', #4777 ) ;
#324 = CARTESIAN_POINT ( 'NONE',  ( 267.5316238403320312, 9.215927124023419736, 158.7207935539340156 ) ) ;
#325 = EDGE_LOOP ( 'NONE', ( #8922, #8346, #2068, #6913 ) ) ;
#326 = DIRECTION ( 'NONE',  ( 0.000000000000000000, 0.000000000000000000, -1.000000000000000000 ) ) ;
#327 = EDGE_CURVE ( 'NONE', #1157, #7821, #10536, .T. ) ;
#328 = CARTESIAN_POINT ( 'NONE',  ( 288.0887584690794370, 122.7232690600045544, 158.7207935539340156 ) ) ;
#329 = CARTESIAN_POINT ( 'NONE',  ( 288.8209915161129970, 118.5608753807499909, 155.7207935539340156 ) ) ;
#330 = DIRECTION ( 'NONE',  ( 0.000000000000000000, 0.000000000000000000, -1.000000000000000000 ) ) ;
#331 = CARTESIAN_POINT ( 'NONE',  ( -40.43682098388670454, 6.215927124023430395, 158.7207935539340156 ) ) ;
#332 = CARTESIAN_POINT ( 'NONE',  ( -202.3633789923102597, 72.95984292374964753, 208.6151115625387718 ) ) ;
#333 = EDGE_LOOP ( 'NONE', ( #5006, #3012, #10498, #8099, #1128, #5823 ) ) ;
#334 = FACE_BOUND ( 'NONE', #5469, .T. ) ;
#335 = ORIENTED_EDGE ( 'NONE', *, *, #10003, .T. ) ;
#336 = DIRECTION ( 'NONE',  ( -1.000000000000000000, 0.000000000000000000, 0.000000000000000000 ) ) ;
#337 = CARTESIAN_POINT ( 'NONE',  ( -269.8896011036019900, 76.52169227600100498, 203.7207935539339871 ) ) ;
#338 = ORIENTED_EDGE ( 'NONE', *, *, #1399, .F. ) ;
#339 = PLANE ( 'NONE',  #5968 ) ;
#340 = FACE_OUTER_BOUND ( 'NONE', #10797, .T. ) ;
#341 = DIRECTION ( 'NONE',  ( -1.879260063302629812E-16, 1.000000000000000000, 0.000000000000000000 ) ) ;
#342 = ADVANCED_FACE ( 'NONE', ( #1049 ), #7238, .F. ) ;
#343 = ORIENTED_EDGE ( 'NONE', *, *, #5783, .F. ) ;
#344 = CARTESIAN_POINT ( 'NONE',  ( -288.1789894103999927, 40.00000480987760199, 155.7207935539340156 ) ) ;
#345 = CIRCLE ( 'NONE', #1455, 12.90484428405759587 ) ;
#346 = AXIS2_PLACEMENT_3D ( 'NONE', #4804, #2986, #10037 ) ;
#347 = AXIS2_PLACEMENT_3D ( 'NONE', #1836, #3699, #7986 ) ;
#348 = CARTESIAN_POINT ( 'NONE',  ( 183.5030736399810110, 76.52168743035359455, 183.7207935539340156 ) ) ;
#349 = VERTEX_POINT ( 'NONE', #8303 ) ;
#350 = CARTESIAN_POINT ( 'NONE',  ( 150.3786849975589917, 38.02563476562500000, 155.7207935539340156 ) ) ;
#351 = VERTEX_POINT ( 'NONE', #3718 ) ;
#352 = PLANE ( 'NONE',  #6639 ) ;
#353 = DIRECTION ( 'NONE',  ( 0.000000000000000000, 0.000000000000000000, -1.000000000000000000 ) ) ;
#354 = CARTESIAN_POINT ( 'NONE',  ( 94.66054462134495395, 118.1741734273991682, 207.2468021671475640 ) ) ;
#355 = ADVANCED_FACE ( 'NONE', ( #10815 ), #3472, .T. ) ;
#356 = EDGE_CURVE ( 'NONE', #948, #5043, #7614, .T. ) ;
#357 = CIRCLE ( 'NONE', #8892, 3.000000000000002665 ) ;
#358 = FACE_OUTER_BOUND ( 'NONE', #5343, .T. ) ;
#359 = DIRECTION ( 'NONE',  ( 0.000000000000000000, 0.000000000000000000, 1.000000000000000000 ) ) ;
#360 = EDGE_LOOP ( 'NONE', ( #2754, #10203, #6307, #10844, #8835, #9448 ) ) ;
#361 = VERTEX_POINT ( 'NONE', #577 ) ;
#362 = ORIENTED_EDGE ( 'NONE', *, *, #9064, .T. ) ;
#363 = CARTESIAN_POINT ( 'NONE',  ( 115.5181437780900922, 72.22699487962228204, 208.6972998782202922 ) ) ;
#364 = CIRCLE ( 'NONE', #11334, 4.999999999999997335 ) ;
#365 = ADVANCED_FACE ( 'NONE', ( #5045 ), #9350, .T. ) ;
#366 = CARTESIAN_POINT ( 'NONE',  ( 267.5316238403320312, 89.42653656005859375, 183.7207935539340156 ) ) ;
#367 = CARTESIAN_POINT ( 'NONE',  ( -170.6414876728306069, 76.52169227600100498, 203.7207935539339871 ) ) ;
#368 = CARTESIAN_POINT ( 'NONE',  ( 287.2210994372027812, 65.31581544757111146, 158.7212495646532773 ) ) ;
#369 = EDGE_CURVE ( 'NONE', #121, #4684, #4938, .T. ) ;
#370 = CARTESIAN_POINT ( 'NONE',  ( 150.3786849975589917, 63.61684799194339490, 158.7207935539340156 ) ) ;
#371 = LINE ( 'NONE', #4796, #10777 ) ;
#372 = ORIENTED_EDGE ( 'NONE', *, *, #9404, .T. ) ;
#373 = VERTEX_POINT ( 'NONE', #2314 ) ;
#374 = ORIENTED_EDGE ( 'NONE', *, *, #5111, .T. ) ;
#375 = CARTESIAN_POINT ( 'NONE',  ( -101.0028839111329972, 58.61684799194339490, 208.7207935539339871 ) ) ;
#376 = CIRCLE ( 'NONE', #9468, 5.000000000000004441 ) ;
#377 = VERTEX_POINT ( 'NONE', #1388 ) ;
#378 = LINE ( 'NONE', #10317, #10068 ) ;
#379 = DIRECTION ( 'NONE',  ( 0.000000000000000000, 0.000000000000000000, 1.000000000000000000 ) ) ;
#380 = DIRECTION ( 'NONE',  ( 0.9999999999999993339, -3.520767085281777270E-08, -1.346322611574195300E-28 ) ) ;
#381 = EDGE_CURVE ( 'NONE', #2293, #11101, #11290, .T. ) ;
#382 = DIRECTION ( 'NONE',  ( 0.000000000000000000, 0.5814365767194009660, -0.8135917325371639919 ) ) ;
#383 = CARTESIAN_POINT ( 'NONE',  ( 200.0059723066027857, 81.02604849281613042, 208.6566689078868819 ) ) ;
#384 = ADVANCED_FACE ( 'NONE', ( #1327 ), #4235, .F. ) ;
#385 = EDGE_CURVE ( 'NONE', #9545, #10505, #8535, .T. ) ;
#386 = CARTESIAN_POINT ( 'NONE',  ( -194.6789894103999927, 96.89302241451029829, 208.7207935539339871 ) ) ;
#387 = EDGE_LOOP ( 'NONE', ( #3803, #3915, #9095, #9487, #2680, #4839 ) ) ;
#388 = LINE ( 'NONE', #6649, #4367 ) ;
#389 = ORIENTED_EDGE ( 'NONE', *, *, #1100, .F. ) ;
#390 = CARTESIAN_POINT ( 'NONE',  ( 282.1524017737335726, 66.41042447082301692, 208.7207935539339871 ) ) ;
#391 = DIRECTION ( 'NONE',  ( -1.000000000000000000, 9.747022401918829411E-18, 0.000000000000000000 ) ) ;
#392 = VERTEX_POINT ( 'NONE', #8416 ) ;
#393 = FACE_OUTER_BOUND ( 'NONE', #11222, .T. ) ;
#394 = DIRECTION ( 'NONE',  ( 0.000000000000000000, 0.7071067811865460184, 0.7071067811865487940 ) ) ;
#395 = CARTESIAN_POINT ( 'NONE',  ( -46.47526793210789720, 110.9465026855470029, 143.7207935539339871 ) ) ;
#396 = ORIENTED_EDGE ( 'NONE', *, *, #5482, .F. ) ;
#397 = ADVANCED_FACE ( 'NONE', ( #4878 ), #8480, .F. ) ;
#398 = DIRECTION ( 'NONE',  ( -1.000000000000000000, -7.105427357601000281E-15, 0.000000000000000000 ) ) ;
#399 = CYLINDRICAL_SURFACE ( 'NONE', #3429, 2.999999999999991562 ) ;
#400 = ORIENTED_EDGE ( 'NONE', *, *, #8675, .F. ) ;
#401 = DIRECTION ( 'NONE',  ( 0.000000000000000000, 0.000000000000000000, -1.000000000000000000 ) ) ;
#402 = CIRCLE ( 'NONE', #6879, 12.90485382080079546 ) ;
#403 = CARTESIAN_POINT ( 'NONE',  ( -196.4467563633663758, 98.66131964795498277, 207.9885605069003702 ) ) ;
#404 = ORIENTED_EDGE ( 'NONE', *, *, #5357, .T. ) ;
#405 = VECTOR ( 'NONE', #10406, 1000.000000000000000 ) ;
#406 = FACE_OUTER_BOUND ( 'NONE', #8469, .T. ) ;
#407 = DIRECTION ( 'NONE',  ( 1.000000000000000000, -4.362752391243203476E-16, 0.000000000000000000 ) ) ;
#408 = CYLINDRICAL_SURFACE ( 'NONE', #1641, 12.90484791500049511 ) ;
#409 = B_SPLINE_CURVE_WITH_KNOTS ( 'NONE', 3,
 ( #8749, #4403, #3348, #6990, #3526, #1660, #30, #5326, #11331, #1835, #6874, #10445, #3582, #2704, #7047 ),
 .UNSPECIFIED., .F., .F.,
 ( 4, 2, 2, 1, 1, 1, 2, 2, 4 ),
 ( 0.000000000000000000, 0.2499999999998778755, 0.3749999999998140932, 0.4374999999997819522, 0.4687499999997690181, 0.4843749999997651878, 0.4921874999997635780, 0.4999999999997618572, 1.000000000000000000 ),
 .UNSPECIFIED. ) ;
#410 = AXIS2_PLACEMENT_3D ( 'NONE', #1249, #8333, #1421 ) ;
#411 = CARTESIAN_POINT ( 'NONE',  ( -286.7676978996854018, 80.39509097565053253, 208.6860959953457950 ) ) ;
#412 = DIRECTION ( 'NONE',  ( 0.7071067811865484609, -0.7071067811865465735, 0.000000000000000000 ) ) ;
#413 = EDGE_CURVE ( 'NONE', #3820, #10685, #6780, .T. ) ;
#414 = ORIENTED_EDGE ( 'NONE', *, *, #3198, .F. ) ;
#415 = ORIENTED_EDGE ( 'NONE', *, *, #2430, .F. ) ;
#416 = EDGE_LOOP ( 'NONE', ( #3712, #3537, #6973, #3101 ) ) ;
#417 = CARTESIAN_POINT ( 'NONE',  ( 115.5181150157410173, 82.51153665206351207, 208.7207935539339871 ) ) ;
#418 = VECTOR ( 'NONE', #1261, 1000.000000000000000 ) ;
#419 = CARTESIAN_POINT ( 'NONE',  ( -218.8657760620120314, 63.61684799194339490, 208.7207935539339871 ) ) ;
#420 = CARTESIAN_POINT ( 'NONE',  ( -287.8576901617374801, 57.57337152830422866, 183.7207935539340440 ) ) ;
#421 = CARTESIAN_POINT ( 'NONE',  ( -196.4467563633663758, 117.6023872751333812, 207.9885605069003702 ) ) ;
#422 = DIRECTION ( 'NONE',  ( 0.000000000000000000, 0.000000000000000000, -1.000000000000000000 ) ) ;
#423 = ADVANCED_FACE ( 'NONE', ( #6834 ), #4668, .T. ) ;
#424 = CARTESIAN_POINT ( 'NONE',  ( 20.95800876617440167, 57.21578598022460227, 208.7207935539339871 ) ) ;
#425 = EDGE_CURVE ( 'NONE', #9068, #8882, #2368, .T. ) ;
#426 = VECTOR ( 'NONE', #11270, 1000.000000000000000 ) ;
#427 = ORIENTED_EDGE ( 'NONE', *, *, #3405, .F. ) ;
#428 = VERTEX_POINT ( 'NONE', #4005 ) ;
#429 = ORIENTED_EDGE ( 'NONE', *, *, #513, .T. ) ;
#430 = CARTESIAN_POINT ( 'NONE',  ( -83.01555633544920454, 63.61684799194339490, 183.7207935539340156 ) ) ;
#431 = VERTEX_POINT ( 'NONE', #5745 ) ;
#432 = FACE_OUTER_BOUND ( 'NONE', #10719, .T. ) ;
#433 = DIRECTION ( 'NONE',  ( -1.000000000000000000, 3.632510143678719152E-17, 0.000000000000000000 ) ) ;
#434 = EDGE_CURVE ( 'NONE', #5102, #431, #1320, .T. ) ;
#435 = DIRECTION ( 'NONE',  ( 0.9999999999999993339, 3.520767085281777270E-08, 1.346322611574195300E-28 ) ) ;
#436 = CARTESIAN_POINT ( 'NONE',  ( -286.1789894103999927, 96.89302241451019881, 208.7207935539339871 ) ) ;
#437 = CARTESIAN_POINT ( 'NONE',  ( -202.3634189031557753, 70.19483562441145352, 208.7207935539339871 ) ) ;
#438 = ADVANCED_FACE ( 'NONE', ( #8588 ), #691, .T. ) ;
#439 = VECTOR ( 'NONE', #7384, 1000.000000000000000 ) ;
#440 = ORIENTED_EDGE ( 'NONE', *, *, #10787, .F. ) ;
#441 = EDGE_CURVE ( 'NONE', #4290, #9570, #10794, .T. ) ;
#442 = EDGE_LOOP ( 'NONE', ( #9612, #10772, #7846, #8568 ) ) ;
#443 = FACE_BOUND ( 'NONE', #7734, .T. ) ;
#444 = ORIENTED_EDGE ( 'NONE', *, *, #3954, .F. ) ;
#445 = CARTESIAN_POINT ( 'NONE',  ( -45.45299509106060043, 75.12078285217289420, 158.7207935539340156 ) ) ;
#446 = CARTESIAN_POINT ( 'NONE',  ( 283.3664460615639769, 59.07246415507670179, 186.7207935539340156 ) ) ;
#447 = ORIENTED_EDGE ( 'NONE', *, *, #11409, .T. ) ;
#448 = DIRECTION ( 'NONE',  ( -5.480868912904819410E-16, 1.000000000000000000, 0.000000000000000000 ) ) ;
#449 = CARTESIAN_POINT ( 'NONE',  ( -289.9716493688938499, 123.4070113925962318, 183.7207935539339871 ) ) ;
#450 = EDGE_CURVE ( 'NONE', #7910, #349, #765, .T. ) ;
#451 = CARTESIAN_POINT ( 'NONE',  ( -287.2995278559170060, 98.80730849717610909, 207.8475005691570061 ) ) ;
#452 = ORIENTED_EDGE ( 'NONE', *, *, #2226, .T. ) ;
#453 = AXIS2_PLACEMENT_3D ( 'NONE', #8443, #4202, #6800 ) ;
#454 = FACE_OUTER_BOUND ( 'NONE', #2544, .T. ) ;
#455 = AXIS2_PLACEMENT_3D ( 'NONE', #10606, #5996, #723 ) ;
#456 = AXIS2_PLACEMENT_3D ( 'NONE', #8307, #6441, #4831 ) ;
#457 = DIRECTION ( 'NONE',  ( -1.000000000000000000, -2.036635194594239902E-16, 0.000000000000000000 ) ) ;
#458 = DIRECTION ( 'NONE',  ( 0.000000000000000000, 0.000000000000000000, -1.000000000000000000 ) ) ;
#459 = DIRECTION ( 'NONE',  ( 0.000000000000000000, 0.000000000000000000, 1.000000000000000000 ) ) ;
#460 = ORIENTED_EDGE ( 'NONE', *, *, #5028, .T. ) ;
#461 = CARTESIAN_POINT ( 'NONE',  ( 13.36300373077400039, 125.3159751883052593, 207.2563274598667533 ) ) ;
#462 = AXIS2_PLACEMENT_3D ( 'NONE', #8179, #10759, #2027 ) ;
#463 = FACE_BOUND ( 'NONE', #333, .T. ) ;
#464 = ORIENTED_EDGE ( 'NONE', *, *, #4067, .T. ) ;
#465 = VECTOR ( 'NONE', #5743, 1000.000000000000000 ) ;
#466 = DIRECTION ( 'NONE',  ( -0.9999999999999995559, -2.745767258921879090E-08, 0.000000000000000000 ) ) ;
#467 = CARTESIAN_POINT ( 'NONE',  ( 166.9408832347094744, 73.33914501166414368, 208.6115100313150208 ) ) ;
#468 = AXIS2_PLACEMENT_3D ( 'NONE', #8496, #2919, #2972 ) ;
#469 = ADVANCED_FACE ( 'NONE', ( #7766 ), #6666, .T. ) ;
#470 = CARTESIAN_POINT ( 'NONE',  ( 143.8209962844850054, 98.63017898587490606, 208.0186497902789995 ) ) ;
#471 = TOROIDAL_SURFACE ( 'NONE', #6567, 15.90485382080079901, 3.000000000000000000 ) ;
#472 = B_SPLINE_CURVE_WITH_KNOTS ( 'NONE', 3,
 ( #9258, #3961, #2973, #9206, #1293, #3909, #5645, #9313, #420, #11076 ),
 .UNSPECIFIED., .F., .F.,
 ( 4, 2, 2, 2, 4 ),
 ( 0.000000000000000000, 0.2500000000000000000, 0.5000000000000000000, 0.7500000000000000000, 1.000000000000000000 ),
 .UNSPECIFIED. ) ;
#473 = ORIENTED_EDGE ( 'NONE', *, *, #831, .F. ) ;
#474 = CARTESIAN_POINT ( 'NONE',  ( -286.8136207690512833, 79.97264131511943219, 208.6804889510073906 ) ) ;
#475 = CIRCLE ( 'NONE', #6214, 15.90484969578129792 ) ;
#476 = DIRECTION ( 'NONE',  ( 0.000000000000000000, 0.000000000000000000, -1.000000000000000000 ) ) ;
#477 = CYLINDRICAL_SURFACE ( 'NONE', #3867, 2.500000000000000888 ) ;
#478 = ORIENTED_EDGE ( 'NONE', *, *, #528, .F. ) ;
#479 = FACE_OUTER_BOUND ( 'NONE', #4838, .T. ) ;
#480 = CIRCLE ( 'NONE', #4937, 4.999999999999997335 ) ;
#481 = CARTESIAN_POINT ( 'NONE',  ( -290.4482188859699932, 69.74005044523980246, 158.7207935535700187 ) ) ;
#482 = AXIS2_PLACEMENT_3D ( 'NONE', #2817, #9158, #5556 ) ;
#483 = ADVANCED_FACE ( 'NONE', ( #863 ), #4413, .T. ) ;
#484 = DIRECTION ( 'NONE',  ( 0.000000000000000000, 0.000000000000000000, 1.000000000000000000 ) ) ;
#485 =( BOUNDED_CURVE ( )  B_SPLINE_CURVE ( 3, ( #5207, #5902, #3525, #8748 ),
 .UNSPECIFIED., .F., .F. ) 
 B_SPLINE_CURVE_WITH_KNOTS ( ( 4, 4 ),
 ( 4.712388980384689674, 5.187540493381653128 ),
 .UNSPECIFIED. ) 
 CURVE ( )  GEOMETRIC_REPRESENTATION_ITEM ( )  RATIONAL_B_SPLINE_CURVE ( ( 1.000000000000000000, 0.9812742460539111145, 0.9812742460539111145, 1.000000000000000000 ) ) 
 REPRESENTATION_ITEM ( '' )  );
#486 = CARTESIAN_POINT ( 'NONE',  ( 145.2961692252066825, 76.52169263033799496, 158.7207935539340156 ) ) ;
#487 = EDGE_CURVE ( 'NONE', #6756, #690, #8423, .T. ) ;
#488 = DIRECTION ( 'NONE',  ( 1.000000000000000000, -7.788590840987949389E-17, 0.000000000000000000 ) ) ;
#489 = CARTESIAN_POINT ( 'NONE',  ( 286.2255346808229888, 58.49893546245590414, 158.7207935539340156 ) ) ;
#490 = ORIENTED_EDGE ( 'NONE', *, *, #7960, .T. ) ;
#491 = ORIENTED_EDGE ( 'NONE', *, *, #6617, .F. ) ;
#492 = ORIENTED_EDGE ( 'NONE', *, *, #5482, .T. ) ;
#493 = DIRECTION ( 'NONE',  ( 1.000000000000000000, -7.750856465236719541E-16, 0.000000000000000000 ) ) ;
#494 = AXIS2_PLACEMENT_3D ( 'NONE', #3095, #10958, #1240 ) ;
#495 = EDGE_LOOP ( 'NONE', ( #7800, #6657, #9463, #5729 ) ) ;
#496 = DIRECTION ( 'NONE',  ( 4.688749442782618508E-16, -0.7191424945380946454, 0.6948626285457626395 ) ) ;
#497 = LINE ( 'NONE', #7445, #1040 ) ;
#498 = CARTESIAN_POINT ( 'NONE',  ( -201.7659047478303762, 22.12077808834190051, 158.7207935539340156 ) ) ;
#499 = ADVANCED_FACE ( 'NONE', ( #6024 ), #8763, .T. ) ;
#500 = CARTESIAN_POINT ( 'NONE',  ( 200.0055111245978594, 78.70059221189472964, 208.5552665070386524 ) ) ;
#501 = DIRECTION ( 'NONE',  ( 1.000000000000000000, -4.362752391243203476E-16, 0.000000000000000000 ) ) ;
#502 = ORIENTED_EDGE ( 'NONE', *, *, #4508, .F. ) ;
#503 = ORIENTED_EDGE ( 'NONE', *, *, #1492, .F. ) ;
#504 = PLANE ( 'NONE',  #7882 ) ;
#505 = AXIS2_PLACEMENT_3D ( 'NONE', #229, #1973, #10940 ) ;
#506 = ORIENTED_EDGE ( 'NONE', *, *, #5975, .F. ) ;
#507 = DIRECTION ( 'NONE',  ( 0.000000000000000000, 0.000000000000000000, -1.000000000000000000 ) ) ;
#508 = CARTESIAN_POINT ( 'NONE',  ( 287.0055761634810096, 63.00768264190810442, 183.7332668246909861 ) ) ;
#509 = ORIENTED_EDGE ( 'NONE', *, *, #5674, .T. ) ;
#510 = DIRECTION ( 'NONE',  ( 0.000000000000000000, 0.000000000000000000, 1.000000000000000000 ) ) ;
#511 = DIRECTION ( 'NONE',  ( 2.150785743182216738E-15, 1.000000000000000000, 0.000000000000000000 ) ) ;
#512 = CARTESIAN_POINT ( 'NONE',  ( 192.3209915161129970, 96.89302241451051145, 208.7207935539339871 ) ) ;
#513 = EDGE_CURVE ( 'NONE', #3111, #7536, #5004, .T. ) ;
#514 = ORIENTED_EDGE ( 'NONE', *, *, #9269, .T. ) ;
#515 = CARTESIAN_POINT ( 'NONE',  ( -41.50777816772460227, 63.61684799194339490, 158.7207935539340156 ) ) ;
#516 = FACE_OUTER_BOUND ( 'NONE', #5991, .T. ) ;
#517 = CARTESIAN_POINT ( 'NONE',  ( 39.73928811949450335, 38.02563643273879990, 155.7207935539340156 ) ) ;
#518 = ADVANCED_FACE ( 'NONE', ( #39 ), #100, .T. ) ;
#519 = DIRECTION ( 'NONE',  ( 1.000000000000000000, 0.000000000000000000, 0.000000000000000000 ) ) ;
#520 = ORIENTED_EDGE ( 'NONE', *, *, #7234, .F. ) ;
#521 = DIRECTION ( 'NONE',  ( 1.000000000000000000, 6.533726520703710870E-16, 0.000000000000000000 ) ) ;
#522 = DIRECTION ( 'NONE',  ( 1.000000000000000000, 0.000000000000000000, 0.000000000000000000 ) ) ;
#523 = ORIENTED_EDGE ( 'NONE', *, *, #9315, .T. ) ;
#524 = DIRECTION ( 'NONE',  ( -8.167399816904201767E-11, 1.000000000000000000, 0.000000000000000000 ) ) ;
#525 = CARTESIAN_POINT ( 'NONE',  ( 166.9408861283177998, 73.38827422158004765, 208.6095443429886700 ) ) ;
#526 = CARTESIAN_POINT ( 'NONE',  ( 60.32955169677730112, 110.9465026855470029, 203.7207935539339871 ) ) ;
#527 = ORIENTED_EDGE ( 'NONE', *, *, #3876, .F. ) ;
#528 = EDGE_CURVE ( 'NONE', #10427, #4321, #5219, .T. ) ;
#529 = CIRCLE ( 'NONE', #7941, 12.90485382080079901 ) ;
#530 = AXIS2_PLACEMENT_3D ( 'NONE', #7697, #6354, #1022 ) ;
#531 = EDGE_CURVE ( 'NONE', #2866, #2796, #11519, .T. ) ;
#532 = EDGE_LOOP ( 'NONE', ( #5258, #11289, #2475, #5305 ) ) ;
#533 = DIRECTION ( 'NONE',  ( -1.000000000000000000, 1.226857397668939892E-08, -3.872322412532719597E-17 ) ) ;
#534 = EDGE_CURVE ( 'NONE', #3226, #2452, #6475, .T. ) ;
#535 = VECTOR ( 'NONE', #3776, 1000.000000000000000 ) ;
#536 = ORIENTED_EDGE ( 'NONE', *, *, #8178, .T. ) ;
#537 = VERTEX_POINT ( 'NONE', #8932 ) ;
#538 = DIRECTION ( 'NONE',  ( 0.000000000000000000, 0.000000000000000000, 1.000000000000000000 ) ) ;
#539 = AXIS2_PLACEMENT_3D ( 'NONE', #9784, #9606, #2557 ) ;
#540 = AXIS2_PLACEMENT_3D ( 'NONE', #4358, #7828, #698 ) ;
#541 = CARTESIAN_POINT ( 'NONE',  ( -113.9077281951906002, 76.52169227600100498, 203.7207935539339871 ) ) ;
#542 = CARTESIAN_POINT ( 'NONE',  ( 216.5078353881840201, 38.02563476562500000, 158.7207935539340156 ) ) ;
#543 = CARTESIAN_POINT ( 'NONE',  ( 288.8209915161129970, 99.48037732825500257, 203.7207935539339871 ) ) ;
#544 = DIRECTION ( 'NONE',  ( -1.000000000000000000, 0.000000000000000000, 0.000000000000000000 ) ) ;
#545 = ORIENTED_EDGE ( 'NONE', *, *, #10897, .F. ) ;
#546 = ORIENTED_EDGE ( 'NONE', *, *, #3362, .F. ) ;
#547 = ORIENTED_EDGE ( 'NONE', *, *, #7932, .T. ) ;
#548 = B_SPLINE_CURVE_WITH_KNOTS ( 'NONE', 3,
 ( #3280, #9493, #2574, #6862, #8562 ),
 .UNSPECIFIED., .F., .F.,
 ( 4, 1, 4 ),
 ( 0.4998899878648279671, 0.5714285714285921580, 1.000000000000000000 ),
 .UNSPECIFIED. ) ;
#549 = EDGE_CURVE ( 'NONE', #5813, #11301, #2584, .T. ) ;
#550 = ORIENTED_EDGE ( 'NONE', *, *, #9800, .F. ) ;
#551 = FACE_OUTER_BOUND ( 'NONE', #2380, .T. ) ;
#552 = AXIS2_PLACEMENT_3D ( 'NONE', #7937, #7055, #1843 ) ;
#553 = FACE_OUTER_BOUND ( 'NONE', #11356, .T. ) ;
#554 = CARTESIAN_POINT ( 'NONE',  ( -117.8760566591476220, 73.57897136291276752, 208.6600103946973945 ) ) ;
#555 = DIRECTION ( 'NONE',  ( -1.188474749415029953E-15, -1.000000000000000000, 0.000000000000000000 ) ) ;
#556 = DIRECTION ( 'NONE',  ( 0.000000000000000000, 0.000000000000000000, -1.000000000000000000 ) ) ;
#557 = ORIENTED_EDGE ( 'NONE', *, *, #2435, .T. ) ;
#558 = ORIENTED_EDGE ( 'NONE', *, *, #5068, .F. ) ;
#559 = DIRECTION ( 'NONE',  ( 1.000000000000000000, 0.000000000000000000, 0.000000000000000000 ) ) ;
#560 = ADVANCED_FACE ( 'NONE', ( #9587 ), #6659, .T. ) ;
#561 = EDGE_CURVE ( 'NONE', #8518, #1342, #4351, .T. ) ;
#562 = ORIENTED_EDGE ( 'NONE', *, *, #1300, .F. ) ;
#563 = DIRECTION ( 'NONE',  ( -1.000000000000000000, 0.000000000000000000, 0.000000000000000000 ) ) ;
#564 = DIRECTION ( 'NONE',  ( 0.000000000000000000, 0.000000000000000000, 1.000000000000000000 ) ) ;
#565 = EDGE_LOOP ( 'NONE', ( #8633, #10654, #9894, #8505, #2425 ) ) ;
#566 = CARTESIAN_POINT ( 'NONE',  ( -218.8657760620120314, 58.61684799194339490, 203.7207935539339871 ) ) ;
#567 = DIRECTION ( 'NONE',  ( 0.000000000000000000, 0.000000000000000000, 1.000000000000000000 ) ) ;
#568 = CARTESIAN_POINT ( 'NONE',  ( -134.7493367092509970, 94.42653656005860796, 203.7207935539339871 ) ) ;
#569 = VERTEX_POINT ( 'NONE', #2653 ) ;
#570 = LINE ( 'NONE', #6605, #2139 ) ;
#571 = CIRCLE ( 'NONE', #7607, 3.000000000000000888 ) ;
#572 = DIRECTION ( 'NONE',  ( -1.000000000000000000, 2.318449469649669936E-17, 0.000000000000000000 ) ) ;
#573 = CARTESIAN_POINT ( 'NONE',  ( 80.65757751464838066, 89.42653656005859375, 183.7207935539340156 ) ) ;
#574 = DIRECTION ( 'NONE',  ( 1.000000000000000000, 4.452580259935949960E-17, 0.000000000000000000 ) ) ;
#575 = EDGE_LOOP ( 'NONE', ( #2069, #2279, #1244, #4587, #3318, #9544 ) ) ;
#576 = EDGE_CURVE ( 'NONE', #6131, #323, #3143, .T. ) ;
#577 = CARTESIAN_POINT ( 'NONE',  ( 43.09501647949219461, 88.02577972412109375, 183.7207935539340156 ) ) ;
#578 = VERTEX_POINT ( 'NONE', #747 ) ;
#579 = DIRECTION ( 'NONE',  ( 0.000000000000000000, 0.000000000000000000, -1.000000000000000000 ) ) ;
#580 = CARTESIAN_POINT ( 'NONE',  ( -261.1789894103999359, 76.32125139236450195, 183.7207935539340156 ) ) ;
#581 = DIRECTION ( 'NONE',  ( 0.000000000000000000, 0.000000000000000000, -1.000000000000000000 ) ) ;
#582 = VERTEX_POINT ( 'NONE', #4294 ) ;
#583 = ADVANCED_FACE ( 'NONE', ( #6134 ), #7878, .F. ) ;
#584 = AXIS2_PLACEMENT_3D ( 'NONE', #6309, #1092, #8168 ) ;
#585 = DIRECTION ( 'NONE',  ( 0.000000000000000000, 0.000000000000000000, 1.000000000000000000 ) ) ;
#586 = VECTOR ( 'NONE', #2545, 1000.000000000000000 ) ;
#587 = EDGE_CURVE ( 'NONE', #8358, #6109, #6103, .T. ) ;
#588 = ORIENTED_EDGE ( 'NONE', *, *, #11506, .T. ) ;
#589 =( BOUNDED_CURVE ( )  B_SPLINE_CURVE ( 3, ( #7166, #6300, #4580, #8107 ),
 .UNSPECIFIED., .F., .F. ) 
 B_SPLINE_CURVE_WITH_KNOTS ( ( 4, 4 ),
 ( 0.7853981633974533860, 1.095644813797952422 ),
 .UNSPECIFIED. ) 
 CURVE ( )  GEOMETRIC_REPRESENTATION_ITEM ( )  RATIONAL_B_SPLINE_CURVE ( ( 1.000000000000000000, 0.9919949895361619419, 0.9919949895361619419, 1.000000000000000000 ) ) 
 REPRESENTATION_ITEM ( '' )  );
#590 = ORIENTED_EDGE ( 'NONE', *, *, #1381, .F. ) ;
#591 = EDGE_CURVE ( 'NONE', #1072, #3482, #7586, .T. ) ;
#592 = LINE ( 'NONE', #5179, #1198 ) ;
#593 = DIRECTION ( 'NONE',  ( 1.000000000000000000, -2.318449469649669936E-17, 0.000000000000000000 ) ) ;
#594 = VECTOR ( 'NONE', #496, 1000.000000000000000 ) ;
#595 = EDGE_CURVE ( 'NONE', #9498, #6561, #4975, .T. ) ;
#596 = CARTESIAN_POINT ( 'NONE',  ( -169.2988398860687482, 73.35447704701954308, 208.6108980748839770 ) ) ;
#597 = VECTOR ( 'NONE', #2300, 1000.000000000000000 ) ;
#598 = DIRECTION ( 'NONE',  ( 0.9999999999999995559, 2.745767258921879090E-08, 0.000000000000000000 ) ) ;
#599 = CARTESIAN_POINT ( 'NONE',  ( 283.8209915161129970, 98.63017898587500554, 208.0186497902789995 ) ) ;
#600 = CARTESIAN_POINT ( 'NONE',  ( -134.7493367092509970, 76.52169227600100498, 183.7207935539340156 ) ) ;
#601 = ORIENTED_EDGE ( 'NONE', *, *, #4857, .T. ) ;
#602 = VECTOR ( 'NONE', #6399, 1000.000000000000000 ) ;
#603 = ORIENTED_EDGE ( 'NONE', *, *, #9125, .F. ) ;
#604 = ORIENTED_EDGE ( 'NONE', *, *, #9630, .T. ) ;
#605 = ORIENTED_EDGE ( 'NONE', *, *, #1059, .T. ) ;
#606 = CARTESIAN_POINT ( 'NONE',  ( -152.7366433896910110, 94.42653656005860796, 208.7207935539339871 ) ) ;
#607 = DIRECTION ( 'NONE',  ( 3.315149599710885252E-16, -1.000000000000000000, 3.315149599710885252E-16 ) ) ;
#608 = EDGE_CURVE ( 'NONE', #7438, #7965, #1031, .T. ) ;
#609 = CARTESIAN_POINT ( 'NONE',  ( 94.53096239370107412, 137.6084634025491482, 207.4418644038726995 ) ) ;
#610 = DIRECTION ( 'NONE',  ( 0.000000000000000000, 0.000000000000000000, 1.000000000000000000 ) ) ;
#611 = CIRCLE ( 'NONE', #4329, 12.90484428405759587 ) ;
#612 = EDGE_CURVE ( 'NONE', #2477, #11471, #9815, .T. ) ;
#613 = CARTESIAN_POINT ( 'NONE',  ( -67.37466835462549852, 63.61684799194339490, 183.7207935539340156 ) ) ;
#614 = ORIENTED_EDGE ( 'NONE', *, *, #4914, .F. ) ;
#615 = EDGE_LOOP ( 'NONE', ( #3679, #4624, #7169, #7362, #9152 ) ) ;
#616 = DIRECTION ( 'NONE',  ( 0.000000000000000000, 0.000000000000000000, -1.000000000000000000 ) ) ;
#617 = ORIENTED_EDGE ( 'NONE', *, *, #6606, .T. ) ;
#618 = CYLINDRICAL_SURFACE ( 'NONE', #7074, 12.90499687194819600 ) ;
#619 = CARTESIAN_POINT ( 'NONE',  ( 285.8209915161110075, 57.34758543134790187, 183.7207935539340156 ) ) ;
#620 = ORIENTED_EDGE ( 'NONE', *, *, #8263, .T. ) ;
#621 = CARTESIAN_POINT ( 'NONE',  ( -288.9852727165940678, 2.193716693805924489, 158.7207935539340156 ) ) ;
#622 = ORIENTED_EDGE ( 'NONE', *, *, #8065, .T. ) ;
#623 = DIRECTION ( 'NONE',  ( 0.000000000000000000, 0.000000000000000000, 1.000000000000000000 ) ) ;
#624 = EDGE_CURVE ( 'NONE', #2477, #8611, #2764, .T. ) ;
#625 = LINE ( 'NONE', #4169, #8421 ) ;
#626 = CARTESIAN_POINT ( 'NONE',  ( 286.2991320965577415, 59.94778558062246532, 183.7207935539340156 ) ) ;
#627 = FACE_OUTER_BOUND ( 'NONE', #10559, .T. ) ;
#628 = ORIENTED_EDGE ( 'NONE', *, *, #6065, .F. ) ;
#629 = DIRECTION ( 'NONE',  ( 0.7071067811865484609, -0.7071067811865465735, 0.000000000000000000 ) ) ;
#630 = VERTEX_POINT ( 'NONE', #6235 ) ;
#631 = CARTESIAN_POINT ( 'NONE',  ( -197.1789894103999927, 100.4908558527999958, 206.2207935539339871 ) ) ;
#632 = ORIENTED_EDGE ( 'NONE', *, *, #1750, .T. ) ;
#633 = CYLINDRICAL_SURFACE ( 'NONE', #776, 2.999999999999989786 ) ;
#634 = DIRECTION ( 'NONE',  ( -1.000000000000000000, 0.000000000000000000, 0.000000000000000000 ) ) ;
#635 = AXIS2_PLACEMENT_3D ( 'NONE', #9374, #2276, #5821 ) ;
#636 = CARTESIAN_POINT ( 'NONE',  ( -31.34376578008869885, 123.8515090942380112, 158.7207935539340156 ) ) ;
#637 = ORIENTED_EDGE ( 'NONE', *, *, #4009, .T. ) ;
#638 = EDGE_CURVE ( 'NONE', #9549, #4906, #11489, .T. ) ;
#639 = EDGE_CURVE ( 'NONE', #323, #10312, #345, .T. ) ;
#640 = CARTESIAN_POINT ( 'NONE',  ( -261.1789894103999359, 76.32125139236450195, 203.7207935539339871 ) ) ;
#641 = AXIS2_PLACEMENT_3D ( 'NONE', #9048, #10687, #2713 ) ;
#642 = CARTESIAN_POINT ( 'NONE',  ( 288.8209915161129970, 157.1217411417439962, 183.7207935539340156 ) ) ;
#643 = ORIENTED_EDGE ( 'NONE', *, *, #3816, .F. ) ;
#644 = CARTESIAN_POINT ( 'NONE',  ( 65.60616299700278375, 90.89100265412606916, 207.2563274598667533 ) ) ;
#645 = AXIS2_PLACEMENT_3D ( 'NONE', #8148, #9966, #193 ) ;
#646 = CARTESIAN_POINT ( 'NONE',  ( -30.26300430297849786, 110.9465026855470029, 158.7207935539340156 ) ) ;
#647 = CARTESIAN_POINT ( 'NONE',  ( 43.09501647949219461, 62.21578598022459516, 203.7207935539339871 ) ) ;
#648 = VECTOR ( 'NONE', #10438, 1000.000000000000000 ) ;
#649 = EDGE_CURVE ( 'NONE', #11018, #4871, #897, .T. ) ;
#650 = CIRCLE ( 'NONE', #10683, 12.90484428405759587 ) ;
#651 = AXIS2_PLACEMENT_3D ( 'NONE', #6185, #11505, #5330 ) ;
#652 = LINE ( 'NONE', #486, #9189 ) ;
#653 = DIRECTION ( 'NONE',  ( 0.000000000000000000, 0.000000000000000000, -1.000000000000000000 ) ) ;
#654 = DIRECTION ( 'NONE',  ( 4.249959254156055575E-15, 3.464102061753039993E-07, 0.9999999999999400480 ) ) ;
#655 = ORIENTED_EDGE ( 'NONE', *, *, #487, .T. ) ;
#656 = EDGE_CURVE ( 'NONE', #8332, #10931, #7370, .T. ) ;
#657 = EDGE_LOOP ( 'NONE', ( #8958, #8017, #6337, #9335 ) ) ;
#658 = VERTEX_POINT ( 'NONE', #6116 ) ;
#659 = ORIENTED_EDGE ( 'NONE', *, *, #1433, .T. ) ;
#660 = CARTESIAN_POINT ( 'NONE',  ( 284.1949906415399596, 98.63017898587500554, 208.0186497902789995 ) ) ;
#661 = AXIS2_PLACEMENT_3D ( 'NONE', #5681, #10929, #394 ) ;
#662 = AXIS2_PLACEMENT_3D ( 'NONE', #2763, #92, #1888 ) ;
#663 = DIRECTION ( 'NONE',  ( 0.000000000000000000, 0.000000000000000000, 1.000000000000000000 ) ) ;
#664 = AXIS2_PLACEMENT_3D ( 'NONE', #8163, #3533, #3754 ) ;
#665 = VECTOR ( 'NONE', #5183, 1000.000000000000000 ) ;
#666 = CARTESIAN_POINT ( 'NONE',  ( -134.7493362426759802, 9.215927124023428618, 155.7207935539340156 ) ) ;
#667 = DIRECTION ( 'NONE',  ( 0.000000000000000000, 0.000000000000000000, 1.000000000000000000 ) ) ;
#668 = B_SPLINE_CURVE_WITH_KNOTS ( 'NONE', 3,
 ( #1628, #10592, #8950, #6101, #1748, #10646, #4254, #6216 ),
 .UNSPECIFIED., .F., .F.,
 ( 4, 1, 1, 2, 4 ),
 ( 0.4534530406202967323, 0.5992466307009892690, 0.7989955076013196544, 0.9987443845016503730, 1.000000000000000000 ),
 .UNSPECIFIED. ) ;
#669 = CIRCLE ( 'NONE', #2709, 5.000000000000004441 ) ;
#670 = CARTESIAN_POINT ( 'NONE',  ( -146.1789941787719727, 51.32125139236440248, 203.7207935539339871 ) ) ;
#671 = EDGE_LOOP ( 'NONE', ( #200, #7345, #10689, #11520, #4504, #4798 ) ) ;
#672 = EDGE_CURVE ( 'NONE', #5828, #5560, #8877, .T. ) ;
#673 = ORIENTED_EDGE ( 'NONE', *, *, #10975, .F. ) ;
#674 = DIRECTION ( 'NONE',  ( 1.000000000000000000, 1.098116863085339802E-16, 0.000000000000000000 ) ) ;
#675 = EDGE_CURVE ( 'NONE', #10180, #1725, #1007, .T. ) ;
#676 = ORIENTED_EDGE ( 'NONE', *, *, #1344, .F. ) ;
#677 = CARTESIAN_POINT ( 'NONE',  ( -196.7129687417429977, 117.8685996535100031, 207.6743849957320265 ) ) ;
#678 = CARTESIAN_POINT ( 'NONE',  ( -287.8784701309999718, 58.94660043560659801, 158.8225982070549946 ) ) ;
#679 = ORIENTED_EDGE ( 'NONE', *, *, #5243, .F. ) ;
#680 = VECTOR ( 'NONE', #7905, 1000.000000000000000 ) ;
#681 = CARTESIAN_POINT ( 'NONE',  ( 200.0054632937703900, 73.24271303716997750, 208.6027902234377223 ) ) ;
#682 = DIRECTION ( 'NONE',  ( 0.000000000000000000, 0.000000000000000000, 1.000000000000000000 ) ) ;
#683 = CARTESIAN_POINT ( 'NONE',  ( -290.5228181395349907, 97.93575435125750062, 206.7057396252899935 ) ) ;
#684 = TOROIDAL_SURFACE ( 'NONE', #2720, 15.90485334804940187, 3.000000000000000000 ) ;
#685 = ORIENTED_EDGE ( 'NONE', *, *, #10016, .T. ) ;
#686 = CARTESIAN_POINT ( 'NONE',  ( 143.8209962844850054, 117.8685996535100031, 207.6743849957320265 ) ) ;
#687 = DIRECTION ( 'NONE',  ( 2.002303713784079765E-16, 1.000000000000000000, 0.000000000000000000 ) ) ;
#688 = CARTESIAN_POINT ( 'NONE',  ( 65.60616016387930927, 38.02563476562500000, 158.7207935539340156 ) ) ;
#689 = DIRECTION ( 'NONE',  ( 0.000000000000000000, 0.000000000000000000, -1.000000000000000000 ) ) ;
#690 = VERTEX_POINT ( 'NONE', #10554 ) ;
#691 = CYLINDRICAL_SURFACE ( 'NONE', #4295, 30.00000000000001066 ) ;
#692 = ORIENTED_EDGE ( 'NONE', *, *, #2778, .F. ) ;
#693 = CARTESIAN_POINT ( 'NONE',  ( -40.43682098388680402, 22.12078094482420099, 155.7207935539340156 ) ) ;
#694 = EDGE_LOOP ( 'NONE', ( #4129, #8202, #10573, #3169 ) ) ;
#695 = CARTESIAN_POINT ( 'NONE',  ( -76.36832169484550548, 89.42653656005849427, 183.7207935539340156 ) ) ;
#696 = DIRECTION ( 'NONE',  ( 0.000000000000000000, 0.000000000000000000, -1.000000000000000000 ) ) ;
#697 = EDGE_CURVE ( 'NONE', #4801, #1434, #10662, .T. ) ;
#698 = DIRECTION ( 'NONE',  ( -1.000000000000000000, 0.000000000000000000, 0.000000000000000000 ) ) ;
#699 = ORIENTED_EDGE ( 'NONE', *, *, #1688, .T. ) ;
#700 = CARTESIAN_POINT ( 'NONE',  ( 280.0341949517094235, 55.10804795676789780, 203.7207935539339871 ) ) ;
#701 = FACE_OUTER_BOUND ( 'NONE', #11427, .T. ) ;
#702 = ORIENTED_EDGE ( 'NONE', *, *, #6884, .F. ) ;
#703 = DIRECTION ( 'NONE',  ( 0.000000000000000000, 1.000000000000000000, 0.000000000000000000 ) ) ;
#704 = ORIENTED_EDGE ( 'NONE', *, *, #4301, .T. ) ;
#705 = DIRECTION ( 'NONE',  ( -1.000000000000000000, -1.098116863085339802E-16, 0.000000000000000000 ) ) ;
#706 = EDGE_CURVE ( 'NONE', #3327, #4651, #4428, .T. ) ;
#707 = DIRECTION ( 'NONE',  ( -1.000000000000000000, 0.000000000000000000, 0.000000000000000000 ) ) ;
#708 = CARTESIAN_POINT ( 'NONE',  ( 93.31891084855348595, 136.3964118574016027, 208.5691438979192469 ) ) ;
#709 = AXIS2_PLACEMENT_3D ( 'NONE', #5125, #8671, #707 ) ;
#710 = CIRCLE ( 'NONE', #10741, 3.000000000000002665 ) ;
#711 = LINE ( 'NONE', #7786, #5672 ) ;
#712 = CARTESIAN_POINT ( 'NONE',  ( 285.2854576101802877, 98.63017898587459342, 208.0186497902789711 ) ) ;
#713 = CARTESIAN_POINT ( 'NONE',  ( 288.8205021581879919, 75.00237047056549500, 156.0019819319740009 ) ) ;
#714 = ORIENTED_EDGE ( 'NONE', *, *, #2994, .F. ) ;
#715 = ORIENTED_EDGE ( 'NONE', *, *, #1312, .T. ) ;
#716 = VERTEX_POINT ( 'NONE', #9739 ) ;
#717 = VECTOR ( 'NONE', #3139, 1000.000000000000000 ) ;
#718 = CIRCLE ( 'NONE', #5173, 3.000000000000002665 ) ;
#719 = ADVANCED_FACE ( 'NONE', ( #4502 ), #2692, .F. ) ;
#720 = ORIENTED_EDGE ( 'NONE', *, *, #6552, .F. ) ;
#721 = CARTESIAN_POINT ( 'NONE',  ( 288.3634044189010410, 100.7804657490849962, 205.0663096195079902 ) ) ;
#722 = DIRECTION ( 'NONE',  ( 0.000000000000000000, 0.000000000000000000, 1.000000000000000000 ) ) ;
#723 = DIRECTION ( 'NONE',  ( -1.000000000000000000, 0.000000000000000000, 0.000000000000000000 ) ) ;
#724 = DIRECTION ( 'NONE',  ( -1.000000000000000000, 7.105427357600990815E-15, 0.000000000000000000 ) ) ;
#725 = EDGE_CURVE ( 'NONE', #7618, #10427, #10934, .T. ) ;
#726 = CARTESIAN_POINT ( 'NONE',  ( -218.8657760620120314, 6.215927124023390427, 155.7207935539340156 ) ) ;
#727 = ORIENTED_EDGE ( 'NONE', *, *, #2710, .F. ) ;
#728 = ORIENTED_EDGE ( 'NONE', *, *, #5501, .F. ) ;
#729 = LINE ( 'NONE', #3521, #1573 ) ;
#730 = ORIENTED_EDGE ( 'NONE', *, *, #10462, .T. ) ;
#731 = CARTESIAN_POINT ( 'NONE',  ( 38.07888031005860086, 35.02563476562500000, 155.7207935539340156 ) ) ;
#732 = CARTESIAN_POINT ( 'NONE',  ( -289.8278332880499306, 67.35347678637499769, 159.3585232877699980 ) ) ;
#733 = EDGE_LOOP ( 'NONE', ( #2596, #6032, #2014, #2812, #3929, #2235 ) ) ;
#734 = ADVANCED_FACE ( 'NONE', ( #5426 ), #5898, .T. ) ;
#735 = DIRECTION ( 'NONE',  ( -6.264543342102989047E-07, 0.9999999999986936006, 1.490124533022081604E-06 ) ) ;
#736 = CARTESIAN_POINT ( 'NONE',  ( -290.4467563633665463, 122.7232690600038012, 183.7207935539340156 ) ) ;
#737 = LINE ( 'NONE', #6073, #3129 ) ;
#738 = ORIENTED_EDGE ( 'NONE', *, *, #7686, .T. ) ;
#739 = CARTESIAN_POINT ( 'NONE',  ( 27.90500640869130322, 110.9465026855470029, 208.7207935539339871 ) ) ;
#740 = EDGE_CURVE ( 'NONE', #3416, #11340, #2520, .T. ) ;
#741 = EDGE_CURVE ( 'NONE', #716, #231, #6624, .T. ) ;
#742 = PLANE ( 'NONE',  #7096 ) ;
#743 = CARTESIAN_POINT ( 'NONE',  ( 286.5919572608116255, 61.64937646522596282, 183.7207935539340156 ) ) ;
#744 = ORIENTED_EDGE ( 'NONE', *, *, #10516, .T. ) ;
#745 = DIRECTION ( 'NONE',  ( 0.000000000000000000, 0.000000000000000000, -1.000000000000000000 ) ) ;
#746 = ORIENTED_EDGE ( 'NONE', *, *, #5133, .T. ) ;
#747 = CARTESIAN_POINT ( 'NONE',  ( 98.64490509033210230, 90.89100265412588442, 207.2563274598667533 ) ) ;
#748 = ORIENTED_EDGE ( 'NONE', *, *, #3086, .T. ) ;
#749 = DIRECTION ( 'NONE',  ( -1.000000000000000000, 0.000000000000000000, 0.000000000000000000 ) ) ;
#750 = ORIENTED_EDGE ( 'NONE', *, *, #2009, .T. ) ;
#751 = AXIS2_PLACEMENT_3D ( 'NONE', #3802, #2924, #6462 ) ;
#752 = LINE ( 'NONE', #7059, #6695 ) ;
#753 = FACE_OUTER_BOUND ( 'NONE', #11020, .T. ) ;
#754 = CARTESIAN_POINT ( 'NONE',  ( 284.6287575170538844, 77.19433964793113034, 208.6551227065056082 ) ) ;
#755 = ORIENTED_EDGE ( 'NONE', *, *, #10605, .F. ) ;
#756 = B_SPLINE_CURVE_WITH_KNOTS ( 'NONE', 3,
 ( #4042, #3877, #7576, #3168, #10268, #4097 ),
 .UNSPECIFIED., .F., .F.,
 ( 4, 2, 4 ),
 ( 0.000000000000000000, 0.5000000000000000000, 1.000000000000000000 ),
 .UNSPECIFIED. ) ;
#757 = EDGE_CURVE ( 'NONE', #2808, #3677, #8624, .T. ) ;
#758 = CARTESIAN_POINT ( 'NONE',  ( 288.0902209916829975, 69.74005044523980246, 183.7207935535700187 ) ) ;
#759 = CARTESIAN_POINT ( 'NONE',  ( 288.8209915161129970, -1.776356839400250149E-14, 158.7207935539340156 ) ) ;
#760 = CARTESIAN_POINT ( 'NONE',  ( -116.9077412588694074, 22.12077988203879997, 155.7207935539340156 ) ) ;
#761 = DIRECTION ( 'NONE',  ( -1.000000000000000000, -6.371362471312250252E-17, 6.371362471312250252E-17 ) ) ;
#762 = ORIENTED_EDGE ( 'NONE', *, *, #4618, .T. ) ;
#763 = DIRECTION ( 'NONE',  ( 1.690036120998889850E-16, -1.000000000000000000, 0.000000000000000000 ) ) ;
#764 = CARTESIAN_POINT ( 'NONE',  ( 194.0887584690793801, 98.66131964795599174, 207.9885605069003702 ) ) ;
#765 = CIRCLE ( 'NONE', #7236, 3.000000000000001776 ) ;
#766 = EDGE_CURVE ( 'NONE', #7955, #8611, #3616, .T. ) ;
#767 = DIRECTION ( 'NONE',  ( 0.7071067811865521247, 0.000000000000000000, 0.7071067811865427988 ) ) ;
#768 = CARTESIAN_POINT ( 'NONE',  ( 93.46467446944912183, 116.9783032755031940, 208.4438521006772191 ) ) ;
#769 = ORIENTED_EDGE ( 'NONE', *, *, #8684, .F. ) ;
#770 = EDGE_LOOP ( 'NONE', ( #6463, #5136, #2913, #2969 ) ) ;
#771 = VERTEX_POINT ( 'NONE', #1124 ) ;
#772 = ORIENTED_EDGE ( 'NONE', *, *, #5112, .T. ) ;
#773 = CARTESIAN_POINT ( 'NONE',  ( 283.8209915161129970, 98.36709992864669516, 208.2728467075930325 ) ) ;
#774 = AXIS2_PLACEMENT_3D ( 'NONE', #9229, #7693, #10166 ) ;
#775 = CARTESIAN_POINT ( 'NONE',  ( -261.1789894103999359, 46.32125139236449485, 203.7207935539339871 ) ) ;
#776 = AXIS2_PLACEMENT_3D ( 'NONE', #11294, #4355, #7826 ) ;
#777 = LINE ( 'NONE', #4326, #270 ) ;
#778 = CARTESIAN_POINT ( 'NONE',  ( -291.1789894103999927, -1.776356839400250149E-14, 158.7207935539340156 ) ) ;
#779 = EDGE_CURVE ( 'NONE', #4281, #2766, #90, .T. ) ;
#780 = CARTESIAN_POINT ( 'NONE',  ( 288.0902209916829975, 69.74005044523980246, 158.7207935535700187 ) ) ;
#781 = FACE_OUTER_BOUND ( 'NONE', #1922, .T. ) ;
#782 = ORIENTED_EDGE ( 'NONE', *, *, #10827, .T. ) ;
#783 = EDGE_LOOP ( 'NONE', ( #7547, #1880, #10078, #11177 ) ) ;
#784 = ORIENTED_EDGE ( 'NONE', *, *, #5764, .T. ) ;
#785 = CARTESIAN_POINT ( 'NONE',  ( -289.3007551466100153, 65.30183041665019061, 159.0558241164860078 ) ) ;
#786 = VERTEX_POINT ( 'NONE', #2168 ) ;
#787 = PLANE ( 'NONE',  #9496 ) ;
#788 = CYLINDRICAL_SURFACE ( 'NONE', #110, 12.90484428405759587 ) ;
#789 = AXIS2_PLACEMENT_3D ( 'NONE', #9050, #1845, #7404 ) ;
#790 = CARTESIAN_POINT ( 'NONE',  ( -286.1789894103999927, 97.16738986521680488, 208.7207935539339871 ) ) ;
#791 = VERTEX_POINT ( 'NONE', #5711 ) ;
#792 = FACE_OUTER_BOUND ( 'NONE', #6648, .T. ) ;
#793 = EDGE_CURVE ( 'NONE', #9251, #8557, #1570, .T. ) ;
#794 = DIRECTION ( 'NONE',  ( 1.000000000000000000, 0.000000000000000000, 0.000000000000000000 ) ) ;
#795 = CARTESIAN_POINT ( 'NONE',  ( 194.8209915161130255, 123.7770500765000037, 158.7207935539340156 ) ) ;
#796 = ORIENTED_EDGE ( 'NONE', *, *, #10897, .T. ) ;
#797 = DIRECTION ( 'NONE',  ( -1.000000000000000000, 2.318450818158519635E-17, 0.000000000000000000 ) ) ;
#798 = VERTEX_POINT ( 'NONE', #9259 ) ;
#799 = CIRCLE ( 'NONE', #2835, 3.000000000000002665 ) ;
#800 = CARTESIAN_POINT ( 'NONE',  ( 216.5078353881840201, 22.12078094482420099, 155.7207935539340156 ) ) ;
#801 = VERTEX_POINT ( 'NONE', #8206 ) ;
#802 = CARTESIAN_POINT ( 'NONE',  ( -83.01555633544920454, 76.52169227600100498, 183.7207935539340156 ) ) ;
#803 = EDGE_CURVE ( 'NONE', #10751, #2796, #9904, .T. ) ;
#804 = ORIENTED_EDGE ( 'NONE', *, *, #675, .T. ) ;
#805 = CARTESIAN_POINT ( 'NONE',  ( 166.9408770293939597, 77.58427647293552809, 208.5371495342991750 ) ) ;
#806 = DIRECTION ( 'NONE',  ( 1.000000000000000000, -3.632510143678719152E-17, 0.000000000000000000 ) ) ;
#807 = CARTESIAN_POINT ( 'NONE',  ( 288.8209915161129970, -1.776356839400250149E-14, 158.7207935539340156 ) ) ;
#808 = ORIENTED_EDGE ( 'NONE', *, *, #9109, .F. ) ;
#809 = AXIS2_PLACEMENT_3D ( 'NONE', #9998, #8943, #8062 ) ;
#810 = CARTESIAN_POINT ( 'NONE',  ( -83.01555633544920454, 89.42653656005859375, 183.7207935539340156 ) ) ;
#811 = CARTESIAN_POINT ( 'NONE',  ( -97.17898941040009220, 119.8311360573549962, 206.2207935539339871 ) ) ;
#812 = DIRECTION ( 'NONE',  ( 0.000000000000000000, 0.000000000000000000, -1.000000000000000000 ) ) ;
#813 = AXIS2_PLACEMENT_3D ( 'NONE', #6263, #3664, #9830 ) ;
#814 = FACE_OUTER_BOUND ( 'NONE', #294, .T. ) ;
#815 = ADVANCED_FACE ( 'NONE', ( #9029 ), #3056, .T. ) ;
#816 = ORIENTED_EDGE ( 'NONE', *, *, #87, .F. ) ;
#817 = FACE_OUTER_BOUND ( 'NONE', #7723, .T. ) ;
#818 = EDGE_CURVE ( 'NONE', #4281, #5612, #4619, .T. ) ;
#819 = AXIS2_PLACEMENT_3D ( 'NONE', #10542, #11422, #1756 ) ;
#820 = AXIS2_PLACEMENT_3D ( 'NONE', #3413, #6832, #7935 ) ;
#821 = FACE_OUTER_BOUND ( 'NONE', #7347, .T. ) ;
#822 = AXIS2_PLACEMENT_3D ( 'NONE', #11070, #2044, #4840 ) ;
#823 = DIRECTION ( 'NONE',  ( 0.000000000000000000, 0.000000000000000000, -1.000000000000000000 ) ) ;
#824 = CARTESIAN_POINT ( 'NONE',  ( 285.5568482203530039, 61.84105700239250325, 159.6599435976609982 ) ) ;
#825 = ORIENTED_EDGE ( 'NONE', *, *, #2710, .T. ) ;
#826 = ORIENTED_EDGE ( 'NONE', *, *, #5847, .F. ) ;
#827 = ORIENTED_EDGE ( 'NONE', *, *, #3633, .T. ) ;
#828 = EDGE_LOOP ( 'NONE', ( #10785, #2087 ) ) ;
#829 = CARTESIAN_POINT ( 'NONE',  ( 286.0620686533000026, 97.07015184981879941, 208.3784952585450014 ) ) ;
#830 = AXIS2_PLACEMENT_3D ( 'NONE', #6361, #8048, #99 ) ;
#831 = EDGE_CURVE ( 'NONE', #3692, #3820, #1199, .T. ) ;
#832 = CARTESIAN_POINT ( 'NONE',  ( 94.65692456833890844, 137.7344255771870110, 207.1115330082739661 ) ) ;
#833 = CIRCLE ( 'NONE', #1946, 12.90484428405759587 ) ;
#834 = CARTESIAN_POINT ( 'NONE',  ( 286.3209915161129970, 160.0000188687020000, 123.7207935539339871 ) ) ;
#835 = DIRECTION ( 'NONE',  ( 1.000000000000000000, 2.226290129967984841E-17, 2.226290129967974672E-17 ) ) ;
#836 = AXIS2_PLACEMENT_3D ( 'NONE', #6211, #4310, #934 ) ;
#837 = CARTESIAN_POINT ( 'NONE',  ( 43.09501647949219461, 62.21578598022459516, 183.7207935539340156 ) ) ;
#838 = EDGE_LOOP ( 'NONE', ( #7160, #1204, #5049, #6633 ) ) ;
#839 = EDGE_LOOP ( 'NONE', ( #11022, #4920, #6795, #1449, #11006, #4190, #9926, #5759 ) ) ;
#840 = CARTESIAN_POINT ( 'NONE',  ( 170.5982239441827346, 22.12077773399926173, 155.7207935539340156 ) ) ;
#841 = AXIS2_PLACEMENT_3D ( 'NONE', #5791, #1488, #7638 ) ;
#842 = VECTOR ( 'NONE', #6713, 1000.000000000000000 ) ;
#843 = B_SPLINE_CURVE_WITH_KNOTS ( 'NONE', 3,
 ( #5024, #3283, #6811, #5943 ),
 .UNSPECIFIED., .F., .F.,
 ( 4, 4 ),
 ( 0.000000000000000000, 0.5000000201612473383 ),
 .UNSPECIFIED. ) ;
#844 = ORIENTED_EDGE ( 'NONE', *, *, #9116, .F. ) ;
#845 = CIRCLE ( 'NONE', #11263, 12.90484428405760120 ) ;
#846 = CARTESIAN_POINT ( 'NONE',  ( -289.2689920250909950, 63.06408148392760182, 158.5912389965569957 ) ) ;
#847 = EDGE_CURVE ( 'NONE', #9761, #1613, #11062, .T. ) ;
#848 = CARTESIAN_POINT ( 'NONE',  ( -269.8896011046559806, 63.61684799194339490, 150.7207935539340156 ) ) ;
#849 = DIRECTION ( 'NONE',  ( 0.000000000000000000, 0.000000000000000000, -1.000000000000000000 ) ) ;
#850 = EDGE_CURVE ( 'NONE', #1847, #9225, #7124, .T. ) ;
#851 = CARTESIAN_POINT ( 'NONE',  ( -291.1789894103999927, 99.48037732825460466, 203.7207935539339871 ) ) ;
#852 = AXIS2_PLACEMENT_3D ( 'NONE', #2202, #1553, #522 ) ;
#853 = VERTEX_POINT ( 'NONE', #6681 ) ;
#854 = DIRECTION ( 'NONE',  ( 6.425975681558509432E-17, 1.000000000000000000, 0.000000000000000000 ) ) ;
#855 = CIRCLE ( 'NONE', #11450, 12.90484886281040744 ) ;
#856 = APPLICATION_CONTEXT ( 'automotive_design' ) ;
#857 = CARTESIAN_POINT ( 'NONE',  ( -152.7366433887729897, 76.52169227600100498, 148.7207935539339871 ) ) ;
#858 = DIRECTION ( 'NONE',  ( -1.000000000000000000, 2.002303713784079765E-16, 0.000000000000000000 ) ) ;
#859 = ORIENTED_EDGE ( 'NONE', *, *, #3140, .F. ) ;
#860 = CARTESIAN_POINT ( 'NONE',  ( 216.5078370686659923, 89.42653656005859375, 183.7207935539340156 ) ) ;
#861 = ORIENTED_EDGE ( 'NONE', *, *, #10822, .T. ) ;
#862 = AXIS2_PLACEMENT_3D ( 'NONE', #1862, #6104, #6969 ) ;
#863 = FACE_OUTER_BOUND ( 'NONE', #2371, .T. ) ;
#864 = ORIENTED_EDGE ( 'NONE', *, *, #10066, .F. ) ;
#865 = CARTESIAN_POINT ( 'NONE',  ( 80.65758528230271907, 22.12077978607119633, 155.7207935539340156 ) ) ;
#866 = VERTEX_POINT ( 'NONE', #2334 ) ;
#867 = VECTOR ( 'NONE', #11523, 1000.000000000000000 ) ;
#868 = DIRECTION ( 'NONE',  ( 7.558965274043620048E-16, -1.000000000000000000, 0.000000000000000000 ) ) ;
#869 = CARTESIAN_POINT ( 'NONE',  ( 150.3786849975589917, 8.337247467583081217, 157.8421138974936753 ) ) ;
#870 = EDGE_CURVE ( 'NONE', #10180, #2016, #11241, .T. ) ;
#871 = CARTESIAN_POINT ( 'NONE',  ( 284.3996323028367215, 80.48292830665660347, 208.6872765119746589 ) ) ;
#872 = ORIENTED_EDGE ( 'NONE', *, *, #3489, .F. ) ;
#873 = ADVANCED_FACE ( 'NONE', ( #1466 ), #1576, .F. ) ;
#874 = DIRECTION ( 'NONE',  ( 0.9999999999993463007, 1.143534647714430090E-06, -1.077058089258796080E-27 ) ) ;
#875 = CARTESIAN_POINT ( 'NONE',  ( 283.8209915161129970, 97.82984857965034564, 208.5385722743628492 ) ) ;
#876 = CARTESIAN_POINT ( 'NONE',  ( 98.64490493200409560, 22.12077972371559653, 155.7207935539340156 ) ) ;
#877 = DIRECTION ( 'NONE',  ( 1.000000000000000000, 0.000000000000000000, 0.000000000000000000 ) ) ;
#878 = ORIENTED_EDGE ( 'NONE', *, *, #5664, .F. ) ;
#879 = DIRECTION ( 'NONE',  ( -1.000000000000000000, -8.450180604994459110E-17, 8.450180604994449250E-17 ) ) ;
#880 = EDGE_CURVE ( 'NONE', #10439, #1015, #652, .T. ) ;
#881 = EDGE_CURVE ( 'NONE', #4678, #4929, #6799, .T. ) ;
#882 = LINE ( 'NONE', #3378, #150 ) ;
#883 = LINE ( 'NONE', #5623, #283 ) ;
#884 = EDGE_CURVE ( 'NONE', #10667, #7825, #2124, .T. ) ;
#885 = ADVANCED_FACE ( 'NONE', ( #2274 ), #5880, .T. ) ;
#886 = DIRECTION ( 'NONE',  ( 1.000000000000000000, 0.000000000000000000, 0.000000000000000000 ) ) ;
#887 = DIRECTION ( 'NONE',  ( 0.000000000000000000, 0.000000000000000000, -1.000000000000000000 ) ) ;
#888 = CARTESIAN_POINT ( 'NONE',  ( 288.8209912125880123, 76.31374853371120537, 155.7240148342839916 ) ) ;
#889 = ORIENTED_EDGE ( 'NONE', *, *, #1783, .F. ) ;
#890 = VERTEX_POINT ( 'NONE', #9429 ) ;
#891 = VERTEX_POINT ( 'NONE', #421 ) ;
#892 = ORIENTED_EDGE ( 'NONE', *, *, #10475, .T. ) ;
#893 = CARTESIAN_POINT ( 'NONE',  ( -96.44675636336647528, 137.1662594779263884, 207.9885605069003702 ) ) ;
#894 = APPLICATION_PROTOCOL_DEFINITION ( 'draft international standard', 'automotive_design', 1998, #856 ) ;
#895 = CARTESIAN_POINT ( 'NONE',  ( -62.68753156017800876, 98.04149627685548296, 143.7207935539339871 ) ) ;
#896 = CIRCLE ( 'NONE', #10392, 17.90484428405759942 ) ;
#897 = CIRCLE ( 'NONE', #3870, 12.90484428405759587 ) ;
#898 = CARTESIAN_POINT ( 'NONE',  ( -83.01555633544920454, 58.61684799194339490, 203.7207935539339871 ) ) ;
#899 = CARTESIAN_POINT ( 'NONE',  ( 287.5567889709299720, 67.14722726345638648, 158.7208464511546424 ) ) ;
#900 = CIRCLE ( 'NONE', #8688, 12.90484791500049511 ) ;
#901 = AXIS2_PLACEMENT_3D ( 'NONE', #11214, #4052, #7526 ) ;
#902 = DIRECTION ( 'NONE',  ( 1.000000000000000000, 6.409534987526679801E-16, 0.000000000000000000 ) ) ;
#903 = EDGE_CURVE ( 'NONE', #11509, #7647, #10199, .T. ) ;
#904 = ORIENTED_EDGE ( 'NONE', *, *, #1100, .T. ) ;
#905 = ORIENTED_EDGE ( 'NONE', *, *, #10052, .F. ) ;
#906 = CIRCLE ( 'NONE', #8507, 15.90485334804940543 ) ;
#907 = ORIENTED_EDGE ( 'NONE', *, *, #9627, .F. ) ;
#908 = CARTESIAN_POINT ( 'NONE',  ( -288.5118701424320307, 63.90658025026668554, 160.4291576048120191 ) ) ;
#909 = DIRECTION ( 'NONE',  ( 8.208269194420983972E-11, 1.000000000000000000, 0.000000000000000000 ) ) ;
#910 = CARTESIAN_POINT ( 'NONE',  ( 132.3913296748079915, 89.42653656005759899, 183.7207935539340156 ) ) ;
#911 = CYLINDRICAL_SURFACE ( 'NONE', #530, 12.90484969578129437 ) ;
#912 = AXIS2_PLACEMENT_3D ( 'NONE', #3885, #2023, #4704 ) ;
#913 = VERTEX_POINT ( 'NONE', #7493 ) ;
#914 = DIRECTION ( 'NONE',  ( 1.000000000000000000, 7.105427357601009747E-15, 0.000000000000000000 ) ) ;
#915 = DIRECTION ( 'NONE',  ( 0.000000000000000000, 0.7071067811865486830, 0.7071067811865463515 ) ) ;
#916 = ADVANCED_FACE ( 'NONE', ( #2444 ), #4135, .F. ) ;
#917 = ORIENTED_EDGE ( 'NONE', *, *, #3568, .F. ) ;
#918 = DIRECTION ( 'NONE',  ( 0.000000000000000000, 0.000000000000000000, 1.000000000000000000 ) ) ;
#919 = ORIENTED_EDGE ( 'NONE', *, *, #9101, .F. ) ;
#920 = CARTESIAN_POINT ( 'NONE',  ( -218.8657760620120314, 22.12078094482420099, 155.7207935539340156 ) ) ;
#921 = ORIENTED_EDGE ( 'NONE', *, *, #1441, .F. ) ;
#922 = AXIS2_PLACEMENT_3D ( 'NONE', #933, #2727, #6267 ) ;
#923 = CARTESIAN_POINT ( 'NONE',  ( -95.07871995026198420, 116.2343508620288901, 208.7207935539339871 ) ) ;
#924 = CARTESIAN_POINT ( 'NONE',  ( -62.68753156017800876, 123.8515090942380112, 143.7207935539339871 ) ) ;
#925 = CARTESIAN_POINT ( 'NONE',  ( -62.68753156017800876, 123.8515090942380112, 203.7207935539339871 ) ) ;
#926 = ORIENTED_EDGE ( 'NONE', *, *, #2648, .F. ) ;
#927 =( BOUNDED_CURVE ( )  B_SPLINE_CURVE ( 3, ( #8876, #5440, #9702, #1789 ),
 .UNSPECIFIED., .F., .F. ) 
 B_SPLINE_CURVE_WITH_KNOTS ( ( 4, 4 ),
 ( 4.712388980384689674, 5.497787143781942554 ),
 .UNSPECIFIED. ) 
 CURVE ( )  GEOMETRIC_REPRESENTATION_ITEM ( )  RATIONAL_B_SPLINE_CURVE ( ( 1.000000000000000000, 0.9492530216742161020, 0.9492530216742161020, 1.000000000000000000 ) ) 
 REPRESENTATION_ITEM ( '' )  );
#928 = CARTESIAN_POINT ( 'NONE',  ( -134.7493367092509970, 58.61684799194339490, 203.7207935539339871 ) ) ;
#929 = ADVANCED_FACE ( 'NONE', ( #9373 ), #10421, .F. ) ;
#930 = EDGE_CURVE ( 'NONE', #948, #4119, #5316, .T. ) ;
#931 = FACE_OUTER_BOUND ( 'NONE', #8210, .T. ) ;
#932 = VECTOR ( 'NONE', #9317, 1000.000000000000000 ) ;
#933 = CARTESIAN_POINT ( 'NONE',  ( -285.7944564819338211, 22.12078094482420099, 155.7207935539340156 ) ) ;
#934 = DIRECTION ( 'NONE',  ( 1.000000000000000000, 0.000000000000000000, 0.000000000000000000 ) ) ;
#935 = VERTEX_POINT ( 'NONE', #4026 ) ;
#936 = PLANE ( 'NONE',  #2675 ) ;
#937 = DIRECTION ( 'NONE',  ( -1.000000000000000000, 0.000000000000000000, 0.000000000000000000 ) ) ;
#938 = EDGE_CURVE ( 'NONE', #9742, #8742, #2714, .T. ) ;
#939 = LINE ( 'NONE', #8785, #4771 ) ;
#940 = CARTESIAN_POINT ( 'NONE',  ( -134.7493367092509970, 63.61684799194339490, 158.7207935539340156 ) ) ;
#941 = ORIENTED_EDGE ( 'NONE', *, *, #2229, .F. ) ;
#942 = VERTEX_POINT ( 'NONE', #2217 ) ;
#943 = ORIENTED_EDGE ( 'NONE', *, *, #11148, .F. ) ;
#944 = DIRECTION ( 'NONE',  ( -1.000000000000000000, 1.226857445524279948E-08, 6.280255024119359983E-16 ) ) ;
#945 = ORIENTED_EDGE ( 'NONE', *, *, #3897, .T. ) ;
#946 = CARTESIAN_POINT ( 'NONE',  ( -289.4074682970971253, 64.33769611447175407, 183.7207935539339871 ) ) ;
#947 = EDGE_CURVE ( 'NONE', #9584, #3480, #7719, .T. ) ;
#948 = VERTEX_POINT ( 'NONE', #542 ) ;
#949 = CARTESIAN_POINT ( 'NONE',  ( 60.32955169677730112, 96.57703018278820650, 207.2563274598667249 ) ) ;
#950 = DIRECTION ( 'NONE',  ( -0.9999999999999994449, 3.520767076855508069E-08, 8.426277583003864904E-17 ) ) ;
#951 = EDGE_CURVE ( 'NONE', #2390, #8358, #9314, .T. ) ;
#952 = DIRECTION ( 'NONE',  ( -1.000000000000000000, 0.000000000000000000, 0.000000000000000000 ) ) ;
#953 = CARTESIAN_POINT ( 'NONE',  ( 183.5030736399810110, 76.52168743035359455, 208.7207935539339871 ) ) ;
#954 = VERTEX_POINT ( 'NONE', #4896 ) ;
#955 = VECTOR ( 'NONE', #4176, 1000.000000000000000 ) ;
#956 = VERTEX_POINT ( 'NONE', #8442 ) ;
#957 = CYLINDRICAL_SURFACE ( 'NONE', #9575, 2.500000000000000000 ) ;
#958 = AXIS2_PLACEMENT_3D ( 'NONE', #3895, #4943, #7419 ) ;
#959 = ORIENTED_EDGE ( 'NONE', *, *, #4858, .F. ) ;
#960 =( BOUNDED_CURVE ( )  B_SPLINE_CURVE ( 3, ( #4869, #449, #9340, #1375 ),
 .UNSPECIFIED., .F., .F. ) 
 B_SPLINE_CURVE_WITH_KNOTS ( ( 4, 4 ),
 ( 5.497787143781942554, 6.283185307179586232 ),
 .UNSPECIFIED. ) 
 CURVE ( )  GEOMETRIC_REPRESENTATION_ITEM ( )  RATIONAL_B_SPLINE_CURVE ( ( 1.000000000000000000, 0.9492530216741661420, 0.9492530216741661420, 1.000000000000000000 ) ) 
 REPRESENTATION_ITEM ( '' )  );
#961 = DIRECTION ( 'NONE',  ( 2.150787332623426829E-15, -1.000000000000000000, 0.000000000000000000 ) ) ;
#962 = EDGE_CURVE ( 'NONE', #10523, #786, #7555, .T. ) ;
#963 = LINE ( 'NONE', #7215, #6086 ) ;
#964 = CARTESIAN_POINT ( 'NONE',  ( -261.1789894103999359, 43.32125139236450195, 183.7207935539340156 ) ) ;
#965 = DIRECTION ( 'NONE',  ( 0.000000000000000000, 0.000000000000000000, -1.000000000000000000 ) ) ;
#966 = CARTESIAN_POINT ( 'NONE',  ( 183.5030736399810110, 76.52168743035359455, 203.7207935539339871 ) ) ;
#967 = AXIS2_PLACEMENT_3D ( 'NONE', #7098, #201, #10672 ) ;
#968 = AXIS2_PLACEMENT_3D ( 'NONE', #8523, #5848, #9167 ) ;
#969 = CARTESIAN_POINT ( 'NONE',  ( 74.59984302520778954, 6.215927124023419736, 155.7207935539340156 ) ) ;
#970 = ORIENTED_EDGE ( 'NONE', *, *, #3686, .F. ) ;
#971 = FACE_OUTER_BOUND ( 'NONE', #4852, .T. ) ;
#972 = DIRECTION ( 'NONE',  ( 0.000000000000000000, 0.000000000000000000, 1.000000000000000000 ) ) ;
#973 = ORIENTED_EDGE ( 'NONE', *, *, #1620, .T. ) ;
#974 = DIRECTION ( 'NONE',  ( -1.000000000000000000, 0.000000000000000000, 0.000000000000000000 ) ) ;
#975 = AXIS2_PLACEMENT_3D ( 'NONE', #1959, #2070, #8227 ) ;
#976 = CARTESIAN_POINT ( 'NONE',  ( -65.11071205139160156, 76.52169227600103341, 203.7207935539339871 ) ) ;
#977 = ORIENTED_EDGE ( 'NONE', *, *, #413, .F. ) ;
#978 = DIRECTION ( 'NONE',  ( -1.000000000000000000, 1.635284895191439853E-16, 0.000000000000000000 ) ) ;
#979 = FACE_OUTER_BOUND ( 'NONE', #4064, .T. ) ;
#980 = CARTESIAN_POINT ( 'NONE',  ( 287.6136514746067405, 159.6299801850182973, 123.7207935539339871 ) ) ;
#981 = ADVANCED_FACE ( 'NONE', ( #821 ), #11419, .F. ) ;
#982 = ORIENTED_EDGE ( 'NONE', *, *, #1956, .F. ) ;
#983 = LINE ( 'NONE', #1853, #5318 ) ;
#984 = VECTOR ( 'NONE', #8377, 1000.000000000000000 ) ;
#985 = CARTESIAN_POINT ( 'NONE',  ( -97.17898941040009220, 118.5318284406267964, 206.7463431772706315 ) ) ;
#986 = CYLINDRICAL_SURFACE ( 'NONE', #4264, 12.90484886281040744 ) ;
#987 = CARTESIAN_POINT ( 'NONE',  ( -65.11071205139160156, 76.52169227600103341, 208.7207935539339871 ) ) ;
#988 = EDGE_LOOP ( 'NONE', ( #1260, #2925, #10233, #11005, #10 ) ) ;
#989 = CIRCLE ( 'NONE', #7486, 2.999999999999999112 ) ;
#990 = CARTESIAN_POINT ( 'NONE',  ( -1.178989305784180042, 75.12078285217279472, 133.7207935539339871 ) ) ;
#991 = DIRECTION ( 'NONE',  ( 4.475536128753789939E-15, 1.000000000000000000, 0.000000000000000000 ) ) ;
#992 = CARTESIAN_POINT ( 'NONE',  ( -290.6300051442839845, 69.21419683948680301, 182.4755097727720283 ) ) ;
#993 = EDGE_CURVE ( 'NONE', #3463, #322, #11361, .T. ) ;
#994 = AXIS2_PLACEMENT_3D ( 'NONE', #1069, #4739, #1933 ) ;
#995 = DIRECTION ( 'NONE',  ( 0.9999999999999997780, 2.745767261373882970E-08, 0.000000000000000000 ) ) ;
#996 = FACE_OUTER_BOUND ( 'NONE', #7829, .T. ) ;
#997 = DIRECTION ( 'NONE',  ( -5.480868912904819410E-16, 1.000000000000000000, 0.000000000000000000 ) ) ;
#998 = ORIENTED_EDGE ( 'NONE', *, *, #880, .T. ) ;
#999 = ORIENTED_EDGE ( 'NONE', *, *, #9808, .T. ) ;
#1000 = VERTEX_POINT ( 'NONE', #9667 ) ;
#1001 = LINE ( 'NONE', #6818, #11193 ) ;
#1002 = CARTESIAN_POINT ( 'NONE',  ( -289.3919980756817267, 64.24753819946556632, 183.7207935539340440 ) ) ;
#1003 = EDGE_CURVE ( 'NONE', #11340, #4076, #3269, .T. ) ;
#1004 = DIRECTION ( 'NONE',  ( -1.000000000000000000, -3.226180998935116381E-15, 0.000000000000000000 ) ) ;
#1005 = CARTESIAN_POINT ( 'NONE',  ( 194.8209915161130255, 91.72166796604639671, 214.6939139598069914 ) ) ;
#1006 = VECTOR ( 'NONE', #10020, 1000.000000000000000 ) ;
#1007 = LINE ( 'NONE', #7976, #11487 ) ;
#1008 = EDGE_CURVE ( 'NONE', #10528, #6741, #939, .T. ) ;
#1009 = CARTESIAN_POINT ( 'NONE',  ( -146.1789941787719727, 97.82986802856227371, 208.5386201858095490 ) ) ;
#1010 = AXIS2_PLACEMENT_3D ( 'NONE', #5636, #7195, #7367 ) ;
#1011 = ORIENTED_EDGE ( 'NONE', *, *, #9725, .F. ) ;
#1012 = ORIENTED_EDGE ( 'NONE', *, *, #4303, .F. ) ;
#1013 = CARTESIAN_POINT ( 'NONE',  ( -45.45299509213570133, 88.02577972412109375, 133.7207935539339871 ) ) ;
#1014 = AXIS2_PLACEMENT_3D ( 'NONE', #5274, #6132, #10629 ) ;
#1015 = VERTEX_POINT ( 'NONE', #8728 ) ;
#1016 = VECTOR ( 'NONE', #6339, 1000.000000000000000 ) ;
#1017 = CARTESIAN_POINT ( 'NONE',  ( -196.4467563633663758, 98.66131964795498277, 207.9885605069003702 ) ) ;
#1018 = AXIS2_PLACEMENT_3D ( 'NONE', #9128, #1977, #9071 ) ;
#1019 = FACE_OUTER_BOUND ( 'NONE', #6396, .T. ) ;
#1020 = FACE_OUTER_BOUND ( 'NONE', #7029, .T. ) ;
#1021 = EDGE_CURVE ( 'NONE', #428, #1000, #9785, .T. ) ;
#1022 = DIRECTION ( 'NONE',  ( 0.9999999999999995559, 2.745767245451495601E-08, 0.000000000000000000 ) ) ;
#1023 = LINE ( 'NONE', #10853, #5491 ) ;
#1024 = ADVANCED_FACE ( 'NONE', ( #59 ), #3381, .T. ) ;
#1025 = EDGE_CURVE ( 'NONE', #10382, #1180, #1754, .T. ) ;
#1026 = AXIS2_PLACEMENT_3D ( 'NONE', #8171, #4766, #5449 ) ;
#1027 = EDGE_CURVE ( 'NONE', #4684, #10453, #7974, .T. ) ;
#1028 = LINE ( 'NONE', #9760, #10886 ) ;
#1029 = ORIENTED_EDGE ( 'NONE', *, *, #10380, .F. ) ;
#1030 = DIRECTION ( 'NONE',  ( -1.000000000000000000, 6.425975681558509432E-17, 0.000000000000000000 ) ) ;
#1031 = LINE ( 'NONE', #9868, #2933 ) ;
#1032 = VERTEX_POINT ( 'NONE', #4379 ) ;
#1033 = CARTESIAN_POINT ( 'NONE',  ( -218.8657760620120314, 8.337247467583051019, 157.8421138974936468 ) ) ;
#1034 = CARTESIAN_POINT ( 'NONE',  ( -269.8896011036019900, 76.52169227600100498, 203.7207935539339871 ) ) ;
#1035 = ORIENTED_EDGE ( 'NONE', *, *, #6324, .T. ) ;
#1036 = VECTOR ( 'NONE', #761, 1000.000000000000000 ) ;
#1037 = DIRECTION ( 'NONE',  ( -1.000000000000000000, 0.000000000000000000, 0.000000000000000000 ) ) ;
#1038 = DIRECTION ( 'NONE',  ( 0.9999999999999995559, 2.745767247960928976E-08, 0.000000000000000000 ) ) ;
#1039 = DIRECTION ( 'NONE',  ( -0.9999999999999994449, 3.520767076855508069E-08, 8.426277583003864904E-17 ) ) ;
#1040 = VECTOR ( 'NONE', #4146, 1000.000000000000000 ) ;
#1041 = AXIS2_PLACEMENT_3D ( 'NONE', #2575, #10607, #6115 ) ;
#1042 = ORIENTED_EDGE ( 'NONE', *, *, #9674, .F. ) ;
#1043 = CIRCLE ( 'NONE', #2701, 12.90484428405769712 ) ;
#1044 = AXIS2_PLACEMENT_3D ( 'NONE', #517, #126, #7194 ) ;
#1045 = CARTESIAN_POINT ( 'NONE',  ( -101.0028879108200073, 22.12077988203879997, 155.7207935539340156 ) ) ;
#1046 = CARTESIAN_POINT ( 'NONE',  ( 194.0887584690793801, 117.6023872751333812, 207.9885605069003702 ) ) ;
#1047 = AXIS2_PLACEMENT_3D ( 'NONE', #9717, #10466, #5174 ) ;
#1048 = EDGE_CURVE ( 'NONE', #4218, #5901, #1295, .T. ) ;
#1049 = FACE_OUTER_BOUND ( 'NONE', #694, .T. ) ;
#1050 = SURFACE_STYLE_USAGE ( .BOTH. , #10120 ) ;
#1051 = ORIENTED_EDGE ( 'NONE', *, *, #8392, .F. ) ;
#1052 = CARTESIAN_POINT ( 'NONE',  ( -1.178970336914080042, 22.12078094482420099, 135.7207935539339871 ) ) ;
#1053 = CARTESIAN_POINT ( 'NONE',  ( -15.72100162506090015, 98.04149627685548296, 203.7207935539339871 ) ) ;
#1054 = PLANE ( 'NONE',  #5172 ) ;
#1055 = CARTESIAN_POINT ( 'NONE',  ( 183.5030736399810110, 76.52168743035359455, 183.7207935539340156 ) ) ;
#1056 = DIRECTION ( 'NONE',  ( 4.224597061064384294E-08, -0.7071067811865469066, 0.7071067811865469066 ) ) ;
#1057 = VECTOR ( 'NONE', #4827, 1000.000000000000000 ) ;
#1058 = DIRECTION ( 'NONE',  ( -1.000000000000000000, -1.226859343532393077E-08, 0.000000000000000000 ) ) ;
#1059 = EDGE_CURVE ( 'NONE', #11127, #9396, #1634, .T. ) ;
#1060 = ORIENTED_EDGE ( 'NONE', *, *, #10069, .F. ) ;
#1061 = ORIENTED_EDGE ( 'NONE', *, *, #549, .F. ) ;
#1062 = ORIENTED_EDGE ( 'NONE', *, *, #251, .T. ) ;
#1063 = CARTESIAN_POINT ( 'NONE',  ( 216.5078370686659923, 58.61684799194339490, 203.7207935539339871 ) ) ;
#1064 = CARTESIAN_POINT ( 'NONE',  ( -134.7493367092509970, 63.61684799194339490, 183.7207935539340156 ) ) ;
#1065 = ORIENTED_EDGE ( 'NONE', *, *, #2729, .F. ) ;
#1066 = FACE_BOUND ( 'NONE', #3373, .T. ) ;
#1067 = CARTESIAN_POINT ( 'NONE',  ( -197.1789894103999927, 160.0000188955729925, 123.7207935534089955 ) ) ;
#1068 = CARTESIAN_POINT ( 'NONE',  ( 150.3786849975589917, 22.12078094482420099, 155.7207935539340156 ) ) ;
#1069 = CARTESIAN_POINT ( 'NONE',  ( -185.8610559998539884, 76.52168743035018394, 208.7207935539339871 ) ) ;
#1070 = CARTESIAN_POINT ( 'NONE',  ( -291.1789894103999927, 76.32125139236450195, 158.7207935539340156 ) ) ;
#1071 = EDGE_CURVE ( 'NONE', #10453, #4797, #1694, .T. ) ;
#1072 = VERTEX_POINT ( 'NONE', #6222 ) ;
#1073 = ADVANCED_FACE ( 'NONE', ( #5302 ), #5121, .T. ) ;
#1074 = EDGE_LOOP ( 'NONE', ( #6464, #5894, #10111, #1367 ) ) ;
#1075 = VERTEX_POINT ( 'NONE', #3558 ) ;
#1076 = CARTESIAN_POINT ( 'NONE',  ( -45.45299509106060043, 75.12078285217289420, 203.7207935539339871 ) ) ;
#1077 = ORIENTED_EDGE ( 'NONE', *, *, #11372, .F. ) ;
#1078 = CARTESIAN_POINT ( 'NONE',  ( -291.0375945743090256, 72.75199412544978372, 157.3950193065669794 ) ) ;
#1079 = FACE_OUTER_BOUND ( 'NONE', #10942, .T. ) ;
#1080 = DIRECTION ( 'NONE',  ( 0.9999999999999995559, 2.745767247960928976E-08, 0.000000000000000000 ) ) ;
#1081 = EDGE_CURVE ( 'NONE', #6561, #2540, #7076, .T. ) ;
#1082 = CARTESIAN_POINT ( 'NONE',  ( -291.1789894103999927, 46.32125139236449485, 183.7207935539340156 ) ) ;
#1083 = DIRECTION ( 'NONE',  ( -1.000000000000000000, 8.208367319184150791E-11, 0.000000000000000000 ) ) ;
#1084 = CIRCLE ( 'NONE', #9256, 12.90485382080079901 ) ;
#1085 = AXIS2_PLACEMENT_3D ( 'NONE', #2094, #9196, #4785 ) ;
#1086 = CARTESIAN_POINT ( 'NONE',  ( 74.59984302520790322, 58.61684799194320306, 203.7207935539339871 ) ) ;
#1087 = ORIENTED_EDGE ( 'NONE', *, *, #8880, .T. ) ;
#1088 = EDGE_CURVE ( 'NONE', #5690, #4493, #10702, .T. ) ;
#1089 = CYLINDRICAL_SURFACE ( 'NONE', #2118, 12.90484428405770068 ) ;
#1090 = ORIENTED_EDGE ( 'NONE', *, *, #3686, .T. ) ;
#1091 = DIRECTION ( 'NONE',  ( 1.000000000000000000, 0.000000000000000000, 0.000000000000000000 ) ) ;
#1092 = DIRECTION ( 'NONE',  ( 0.000000000000000000, 0.000000000000000000, 1.000000000000000000 ) ) ;
#1093 = ORIENTED_EDGE ( 'NONE', *, *, #3645, .F. ) ;
#1094 = VECTOR ( 'NONE', #581, 1000.000000000000000 ) ;
#1095 = AXIS2_PLACEMENT_3D ( 'NONE', #8716, #1800, #6089 ) ;
#1096 = PLANE ( 'NONE',  #2811 ) ;
#1097 = FACE_OUTER_BOUND ( 'NONE', #988, .T. ) ;
#1098 = EDGE_CURVE ( 'NONE', #6447, #1818, #711, .T. ) ;
#1099 = FACE_OUTER_BOUND ( 'NONE', #3131, .T. ) ;
#1100 = EDGE_CURVE ( 'NONE', #9586, #8742, #6048, .T. ) ;
#1101 = ORIENTED_EDGE ( 'NONE', *, *, #9185, .F. ) ;
#1102 = DIRECTION ( 'NONE',  ( 0.000000000000000000, 0.000000000000000000, 1.000000000000000000 ) ) ;
#1103 = CARTESIAN_POINT ( 'NONE',  ( 194.8209915161130255, 62.93042171836610521, 183.7207935539340156 ) ) ;
#1104 = CARTESIAN_POINT ( 'NONE',  ( -92.00923903845171026, 22.12077983405490045, 155.7207935539340156 ) ) ;
#1105 = ORIENTED_EDGE ( 'NONE', *, *, #1380, .F. ) ;
#1106 = LINE ( 'NONE', #8126, #3631 ) ;
#1107 = ORIENTED_EDGE ( 'NONE', *, *, #9854, .T. ) ;
#1108 = AXIS2_PLACEMENT_3D ( 'NONE', #9706, #918, #11457 ) ;
#1109 = DIRECTION ( 'NONE',  ( 0.000000000000000000, -1.000000000000000000, 0.000000000000000000 ) ) ;
#1110 = FACE_OUTER_BOUND ( 'NONE', #9211, .T. ) ;
#1111 = EDGE_CURVE ( 'NONE', #1985, #9872, #7841, .T. ) ;
#1112 = CARTESIAN_POINT ( 'NONE',  ( -287.2226495492390086, 60.50241384080040064, 184.7585983188379828 ) ) ;
#1113 = EDGE_CURVE ( 'NONE', #1899, #6109, #3127, .T. ) ;
#1114 = CARTESIAN_POINT ( 'NONE',  ( 280.4364776611418506, 22.12078094482419743, 155.7207935539340156 ) ) ;
#1115 = CARTESIAN_POINT ( 'NONE',  ( -289.7145233163327589, 76.32125139236450195, 207.2563274598667533 ) ) ;
#1116 = DIRECTION ( 'NONE',  ( 0.000000000000000000, 0.000000000000000000, -1.000000000000000000 ) ) ;
#1117 = ORIENTED_EDGE ( 'NONE', *, *, #8687, .T. ) ;
#1118 = ORIENTED_EDGE ( 'NONE', *, *, #10988, .T. ) ;
#1119 = ORIENTED_EDGE ( 'NONE', *, *, #2934, .F. ) ;
#1120 = LINE ( 'NONE', #3028, #8808 ) ;
#1121 = LINE ( 'NONE', #9798, #3425 ) ;
#1122 = ADVANCED_FACE ( 'NONE', ( #6444 ), #10282, .F. ) ;
#1123 = CARTESIAN_POINT ( 'NONE',  ( 287.9423423734089056, 65.69595131472286198, 157.8421407196167081 ) ) ;
#1124 = CARTESIAN_POINT ( 'NONE',  ( -40.43682098388670454, 35.02563476562500000, 155.7207935539340156 ) ) ;
#1125 = CARTESIAN_POINT ( 'NONE',  ( 27.90500640869139914, 123.8515090942380112, 208.7207935539339871 ) ) ;
#1126 = DIRECTION ( 'NONE',  ( 0.000000000000000000, 0.000000000000000000, -1.000000000000000000 ) ) ;
#1127 = ORIENTED_EDGE ( 'NONE', *, *, #4162, .T. ) ;
#1128 = ORIENTED_EDGE ( 'NONE', *, *, #818, .F. ) ;
#1129 = VERTEX_POINT ( 'NONE', #7533 ) ;
#1130 = CARTESIAN_POINT ( 'NONE',  ( -83.01558317658980002, 22.12078010271740069, 155.7207935539340156 ) ) ;
#1131 = ORIENTED_EDGE ( 'NONE', *, *, #11055, .T. ) ;
#1132 = CARTESIAN_POINT ( 'NONE',  ( 132.3913249411490085, 90.89100265412591284, 207.2563274598666965 ) ) ;
#1133 = CARTESIAN_POINT ( 'NONE',  ( 288.0902209916829975, 69.74005044523980246, 158.7207935535700187 ) ) ;
#1134 = CARTESIAN_POINT ( 'NONE',  ( 283.3664460615639769, 59.07246415507670179, 186.7207935539340156 ) ) ;
#1135 = EDGE_CURVE ( 'NONE', #3480, #10154, #3081, .T. ) ;
#1136 = VECTOR ( 'NONE', #3133, 1000.000000000000000 ) ;
#1137 = DIRECTION ( 'NONE',  ( 0.000000000000000000, 0.000000000000000000, -1.000000000000000000 ) ) ;
#1138 = VECTOR ( 'NONE', #10578, 1000.000000000000000 ) ;
#1139 = CARTESIAN_POINT ( 'NONE',  ( 288.8209915161129970, 157.1217411417439962, 158.7207935539340156 ) ) ;
#1140 = ORIENTED_EDGE ( 'NONE', *, *, #8967, .T. ) ;
#1141 = EDGE_CURVE ( 'NONE', #11344, #10487, #11077, .T. ) ;
#1142 = CYLINDRICAL_SURFACE ( 'NONE', #830, 2.500000000000000888 ) ;
#1143 = EDGE_LOOP ( 'NONE', ( #2555, #4139, #11165, #9378, #2784, #10230, #6085 ) ) ;
#1144 = CARTESIAN_POINT ( 'NONE',  ( 267.5316238403320312, 89.42653656005859375, 158.7207935539340156 ) ) ;
#1145 = LINE ( 'NONE', #8228, #4306 ) ;
#1146 = VERTEX_POINT ( 'NONE', #11162 ) ;
#1147 = FACE_OUTER_BOUND ( 'NONE', #5369, .T. ) ;
#1148 = CYLINDRICAL_SURFACE ( 'NONE', #5660, 2.999999999999988898 ) ;
#1149 = CARTESIAN_POINT ( 'NONE',  ( 132.3913192749020027, 6.215927124023430395, 158.7207935539340156 ) ) ;
#1150 = CIRCLE ( 'NONE', #7627, 2.999999683357827962 ) ;
#1151 = EDGE_CURVE ( 'NONE', #8667, #8884, #11266, .T. ) ;
#1152 = ORIENTED_EDGE ( 'NONE', *, *, #5399, .T. ) ;
#1153 = CYLINDRICAL_SURFACE ( 'NONE', #4915, 29.99999999999999645 ) ;
#1154 = DIRECTION ( 'NONE',  ( 4.301574665246853659E-15, -1.000000000000000000, 0.000000000000000000 ) ) ;
#1155 = ADVANCED_FACE ( 'NONE', ( #8078 ), #11109, .T. ) ;
#1156 = DIRECTION ( 'NONE',  ( 1.000000000000000000, -4.475536128753789939E-15, 0.000000000000000000 ) ) ;
#1157 = VERTEX_POINT ( 'NONE', #1114 ) ;
#1158 = CARTESIAN_POINT ( 'NONE',  ( 288.0887584690794370, 122.7232690600045544, 183.7207935539340156 ) ) ;
#1159 = CARTESIAN_POINT ( 'NONE',  ( -289.4081680464884130, 64.33136206437657734, 158.7221393534357787 ) ) ;
#1160 = VERTEX_POINT ( 'NONE', #9954 ) ;
#1161 = CYLINDRICAL_SURFACE ( 'NONE', #7946, 12.90499687194819600 ) ;
#1162 = DIRECTION ( 'NONE',  ( 0.000000000000000000, 0.000000000000000000, 1.000000000000000000 ) ) ;
#1163 = CARTESIAN_POINT ( 'NONE',  ( -288.1789894103999927, 57.34758543135419728, 183.7207935539340156 ) ) ;
#1164 = AXIS2_PLACEMENT_3D ( 'NONE', #11327, #3680, #7200 ) ;
#1165 = DIRECTION ( 'NONE',  ( 0.000000000000000000, 0.000000000000000000, -1.000000000000000000 ) ) ;
#1166 = EDGE_CURVE ( 'NONE', #5702, #3305, #6040, .T. ) ;
#1167 = LINE ( 'NONE', #7251, #2484 ) ;
#1168 = DIRECTION ( 'NONE',  ( 1.000000000000000000, 0.000000000000000000, 0.000000000000000000 ) ) ;
#1169 = EDGE_LOOP ( 'NONE', ( #7103, #7889, #730, #6572 ) ) ;
#1170 = ORIENTED_EDGE ( 'NONE', *, *, #6793, .F. ) ;
#1171 = ORIENTED_EDGE ( 'NONE', *, *, #7591, .F. ) ;
#1172 = CARTESIAN_POINT ( 'NONE',  ( 115.5181521026326550, 80.34276348641137133, 208.6841541618331632 ) ) ;
#1173 = ORIENTED_EDGE ( 'NONE', *, *, #5044, .T. ) ;
#1174 = CARTESIAN_POINT ( 'NONE',  ( -291.1781183661969976, 75.12231670926360039, 156.2831588247489947 ) ) ;
#1175 = CIRCLE ( 'NONE', #6555, 12.90485382080079546 ) ;
#1176 = CARTESIAN_POINT ( 'NONE',  ( -291.1789894103999927, -1.776356839400250149E-14, 155.7207935539340156 ) ) ;
#1177 = CARTESIAN_POINT ( 'NONE',  ( 287.1261537298639723, 64.77511808437874663, 158.7212852331163901 ) ) ;
#1178 = DIRECTION ( 'NONE',  ( 0.000000000000000000, 0.7071067811865460184, 0.7071067811865487940 ) ) ;
#1179 = DIRECTION ( 'NONE',  ( 0.000000000000000000, 0.000000000000000000, -1.000000000000000000 ) ) ;
#1180 = VERTEX_POINT ( 'NONE', #3182 ) ;
#1181 = VERTEX_POINT ( 'NONE', #10013 ) ;
#1182 = ORIENTED_EDGE ( 'NONE', *, *, #5313, .T. ) ;
#1183 = CARTESIAN_POINT ( 'NONE',  ( 80.65757735632520564, 22.12077994439449569, 155.7207935539340156 ) ) ;
#1184 = EDGE_CURVE ( 'NONE', #6365, #9358, #6390, .T. ) ;
#1185 = AXIS2_PLACEMENT_3D ( 'NONE', #1636, #2618, #6970 ) ;
#1186 = ORIENTED_EDGE ( 'NONE', *, *, #5143, .T. ) ;
#1187 = FACE_OUTER_BOUND ( 'NONE', #5545, .T. ) ;
#1188 = DIRECTION ( 'NONE',  ( -5.480868912904819410E-16, 1.000000000000000000, 0.000000000000000000 ) ) ;
#1189 = CARTESIAN_POINT ( 'NONE',  ( 288.8209915161129970, 160.0000189074180241, 123.7207935680309987 ) ) ;
#1190 = ADVANCED_FACE ( 'NONE', ( #3782 ), #7249, .F. ) ;
#1191 = CARTESIAN_POINT ( 'NONE',  ( -117.8760815412932743, 72.22705872691639684, 208.6972997911742880 ) ) ;
#1192 = DIRECTION ( 'NONE',  ( 0.000000000000000000, 0.000000000000000000, -1.000000000000000000 ) ) ;
#1193 = VECTOR ( 'NONE', #7952, 1000.000000000000000 ) ;
#1194 = VECTOR ( 'NONE', #2886, 1000.000000000000000 ) ;
#1195 = VECTOR ( 'NONE', #4268, 1000.000000000000000 ) ;
#1196 = EDGE_LOOP ( 'NONE', ( #11291, #8907, #7791, #8534 ) ) ;
#1197 = DIRECTION ( 'NONE',  ( 0.000000000000000000, 0.000000000000000000, -1.000000000000000000 ) ) ;
#1198 = VECTOR ( 'NONE', #9424, 1000.000000000000000 ) ;
#1199 = CIRCLE ( 'NONE', #4550, 12.90500640869140447 ) ;
#1200 = EDGE_CURVE ( 'NONE', #1847, #7968, #4192, .T. ) ;
#1201 = EDGE_LOOP ( 'NONE', ( #1987, #9472, #4116, #8151 ) ) ;
#1202 = CARTESIAN_POINT ( 'NONE',  ( -261.1789894103999359, 51.32125139236450195, 203.7207935539339871 ) ) ;
#1203 = CARTESIAN_POINT ( 'NONE',  ( 258.8209915161129970, 43.32125139236429590, 183.7207935539340156 ) ) ;
#1204 = ORIENTED_EDGE ( 'NONE', *, *, #7528, .F. ) ;
#1205 = CARTESIAN_POINT ( 'NONE',  ( -185.8610559998539884, 76.52168743035018394, 203.7207935539339871 ) ) ;
#1206 = PLANE ( 'NONE',  #295 ) ;
#1207 = DIRECTION ( 'NONE',  ( 0.000000000000000000, 0.000000000000000000, 1.000000000000000000 ) ) ;
#1208 = TOROIDAL_SURFACE ( 'NONE', #4745, 17.90500640869139914, 5.000000000000000000 ) ;
#1209 = ORIENTED_EDGE ( 'NONE', *, *, #4019, .F. ) ;
#1210 = DIRECTION ( 'NONE',  ( 0.000000000000000000, -0.7071067811865486830, 0.7071067811865463515 ) ) ;
#1211 = AXIS2_PLACEMENT_3D ( 'NONE', #2533, #1664, #10570 ) ;
#1212 = CARTESIAN_POINT ( 'NONE',  ( -135.5343008041380131, 35.02563476562500000, 155.7207935539340156 ) ) ;
#1213 = LINE ( 'NONE', #2083, #9179 ) ;
#1214 = EDGE_LOOP ( 'NONE', ( #7574, #5584, #2887, #7455, #6062, #10161 ) ) ;
#1215 = COLOUR_RGB ( '',0.7921568627450980005, 0.8196078431372548767, 0.9333333333333333481 ) ;
#1216 = EDGE_CURVE ( 'NONE', #10611, #7180, #2251, .T. ) ;
#1217 = LINE ( 'NONE', #5628, #4564 ) ;
#1219 = EDGE_CURVE ( 'NONE', #6109, #6972, #4934, .T. ) ;
#1218 = CARTESIAN_POINT ( 'NONE',  ( 287.9423118596726567, 0.8786796564403585030, 157.8421138974936468 ) ) ;
#1220 = EDGE_LOOP ( 'NONE', ( #692, #7967, #5428, #6637 ) ) ;
#1221 = VECTOR ( 'NONE', #6822, 1000.000000000000000 ) ;
#1222 = AXIS2_PLACEMENT_3D ( 'NONE', #7625, #9327, #5666 ) ;
#1223 = DIRECTION ( 'NONE',  ( 1.000000000000000000, 0.000000000000000000, 0.000000000000000000 ) ) ;
#1224 = CARTESIAN_POINT ( 'NONE',  ( 150.3786849975589917, 9.215927124023428618, 155.7207935539340156 ) ) ;
#1225 = AXIS2_PLACEMENT_3D ( 'NONE', #5465, #8192, #2038 ) ;
#1226 = CARTESIAN_POINT ( 'NONE',  ( -75.59253796992871344, 110.9465026855470029, 158.7207935539340156 ) ) ;
#1227 = EDGE_CURVE ( 'NONE', #7058, #890, #3258, .T. ) ;
#1228 = AXIS2_PLACEMENT_3D ( 'NONE', #7379, #2101, #8374 ) ;
#1229 = DIRECTION ( 'NONE',  ( -1.000000000000000000, 6.425975681558509432E-17, 0.000000000000000000 ) ) ;
#1230 = ORIENTED_EDGE ( 'NONE', *, *, #1098, .T. ) ;
#1231 = ORIENTED_EDGE ( 'NONE', *, *, #8328, .F. ) ;
#1232 = ORIENTED_EDGE ( 'NONE', *, *, #1786, .F. ) ;
#1233 = EDGE_CURVE ( 'NONE', #9124, #10206, #7703, .T. ) ;
#1234 = AXIS2_PLACEMENT_3D ( 'NONE', #8497, #7729, #11250 ) ;
#1235 = DIRECTION ( 'NONE',  ( 1.000000000000000000, 0.000000000000000000, 9.277635478891841969E-16 ) ) ;
#1236 = AXIS2_PLACEMENT_3D ( 'NONE', #6234, #8916, #4499 ) ;
#1237 = ADVANCED_FACE ( 'NONE', ( #4661 ), #1917, .T. ) ;
#1238 = CARTESIAN_POINT ( 'NONE',  ( -291.1789894103999927, 76.31385428700569662, 155.7242631038740228 ) ) ;
#1239 = ADVANCED_FACE ( 'NONE', ( #10893 ), #1610, .T. ) ;
#1240 = DIRECTION ( 'NONE',  ( 1.000000000000000000, 0.000000000000000000, 0.000000000000000000 ) ) ;
#1241 = CARTESIAN_POINT ( 'NONE',  ( 287.2623125311255876, 65.54774891054574937, 158.7212432197372323 ) ) ;
#1242 = CARTESIAN_POINT ( 'NONE',  ( 94.82099151611289756, 138.0740829037360129, 206.2207935539339871 ) ) ;
#1243 = DIRECTION ( 'NONE',  ( 0.000000000000000000, 1.000000000000000000, 0.000000000000000000 ) ) ;
#1244 = ORIENTED_EDGE ( 'NONE', *, *, #11300, .F. ) ;
#1245 = ORIENTED_EDGE ( 'NONE', *, *, #115, .T. ) ;
#1246 = ORIENTED_EDGE ( 'NONE', *, *, #6793, .T. ) ;
#1247 = DIRECTION ( 'NONE',  ( 0.000000000000000000, 0.000000000000000000, 1.000000000000000000 ) ) ;
#1248 = ORIENTED_EDGE ( 'NONE', *, *, #7671, .F. ) ;
#1249 = CARTESIAN_POINT ( 'NONE',  ( -76.95782116841721177, 94.42653656005850848, 203.7207935539339871 ) ) ;
#1250 = CARTESIAN_POINT ( 'NONE',  ( -51.09094142913819780, 89.42653656005859375, 203.7207935539339871 ) ) ;
#1251 = FACE_OUTER_BOUND ( 'NONE', #1220, .T. ) ;
#1252 = FACE_OUTER_BOUND ( 'NONE', #7403, .T. ) ;
#1253 = B_SPLINE_CURVE_WITH_KNOTS ( 'NONE', 3,
 ( #417, #8259, #3959, #3906, #2853, #6398, #1172, #5641, #9081, #6623, #3093, #6563, #10192, #2970, #5760, #9307, #312 ),
 .UNSPECIFIED., .F., .F.,
 ( 4, 2, 2, 1, 1, 1, 1, 1, 2, 2, 4 ),
 ( 0.000000000000000000, 0.1250000000000080769, 0.1875000000000141553, 0.2187500000000192624, 0.2343750000000219547, 0.2421875000000253408, 0.2460937500000270339, 0.2480468750000277556, 0.2490234375000281442, 0.2500000000000284772, 0.4999999999999994449 ),
 .UNSPECIFIED. ) ;
#1254 = DIRECTION ( 'NONE',  ( -1.000000000000000000, 2.688482178977771415E-16, 0.000000000000000000 ) ) ;
#1255 = CARTESIAN_POINT ( 'NONE',  ( -202.3627587349258192, 71.71520594140058336, 208.6695311627568117 ) ) ;
#1256 = ORIENTED_EDGE ( 'NONE', *, *, #93, .F. ) ;
#1257 = EDGE_CURVE ( 'NONE', #7955, #10206, #11391, .T. ) ;
#1258 = EDGE_CURVE ( 'NONE', #10439, #1991, #1043, .T. ) ;
#1259 = FACE_BOUND ( 'NONE', #2263, .T. ) ;
#1260 = ORIENTED_EDGE ( 'NONE', *, *, #3004, .T. ) ;
#1261 = DIRECTION ( 'NONE',  ( 1.000000000000000000, 6.403948672269339736E-16, 0.000000000000000000 ) ) ;
#1262 = LINE ( 'NONE', #10271, #8559 ) ;
#1263 = ORIENTED_EDGE ( 'NONE', *, *, #947, .F. ) ;
#1264 = DIRECTION ( 'NONE',  ( 1.110223024625157172E-14, 1.000000000000000000, 0.000000000000000000 ) ) ;
#1265 = FACE_OUTER_BOUND ( 'NONE', #6984, .T. ) ;
#1266 = DIRECTION ( 'NONE',  ( -8.167399816904201767E-11, 1.000000000000000000, 0.000000000000000000 ) ) ;
#1267 = CIRCLE ( 'NONE', #10740, 5.000000000000004441 ) ;
#1268 = ORIENTED_EDGE ( 'NONE', *, *, #3103, .T. ) ;
#1269 =( BOUNDED_CURVE ( )  B_SPLINE_CURVE ( 3, ( #9268, #1306, #3105, #6690 ),
 .UNSPECIFIED., .F., .F. ) 
 B_SPLINE_CURVE_WITH_KNOTS ( ( 4, 4 ),
 ( 1.186681895805600240, 1.570796326794896558 ),
 .UNSPECIFIED. ) 
 CURVE ( )  GEOMETRIC_REPRESENTATION_ITEM ( )  RATIONAL_B_SPLINE_CURVE ( ( 1.000000000000000000, 0.9877424226396436246, 0.9877424226396436246, 1.000000000000000000 ) ) 
 REPRESENTATION_ITEM ( '' )  );
#1270 = CARTESIAN_POINT ( 'NONE',  ( 216.5078353881840201, 35.90431442206535451, 157.8421138974936468 ) ) ;
#1271 = ADVANCED_FACE ( 'NONE', ( #3411 ), #4232, .F. ) ;
#1272 = CARTESIAN_POINT ( 'NONE',  ( 27.90500640869139914, 98.04149627685548296, 203.7207935539339871 ) ) ;
#1273 = AXIS2_PLACEMENT_3D ( 'NONE', #4630, #3643, #10850 ) ;
#1274 = CIRCLE ( 'NONE', #7942, 5.000000000000004441 ) ;
#1275 = FACE_OUTER_BOUND ( 'NONE', #6052, .T. ) ;
#1276 = VERTEX_POINT ( 'NONE', #6996 ) ;
#1277 = CARTESIAN_POINT ( 'NONE',  ( -269.8896011036019900, 76.52169227600100498, 183.7207935539340156 ) ) ;
#1278 = FILL_AREA_STYLE_COLOUR ( '', #1215 ) ;
#1279 = ORIENTED_EDGE ( 'NONE', *, *, #6896, .T. ) ;
#1280 = LINE ( 'NONE', #4830, #11370 ) ;
#1281 = DIRECTION ( 'NONE',  ( 0.000000000000000000, 0.000000000000000000, -1.000000000000000000 ) ) ;
#1282 = CARTESIAN_POINT ( 'NONE',  ( 27.90500640869139914, 128.8515090942379970, 203.7207935539339871 ) ) ;
#1283 = EDGE_CURVE ( 'NONE', #6138, #2283, #5959, .T. ) ;
#1284 = CARTESIAN_POINT ( 'NONE',  ( 267.5316238403320312, 38.02563476562500000, 155.7207935539340156 ) ) ;
#1285 = FACE_OUTER_BOUND ( 'NONE', #657, .T. ) ;
#1286 = EDGE_LOOP ( 'NONE', ( #3210, #3052, #10788, #2995 ) ) ;
#1287 = ORIENTED_EDGE ( 'NONE', *, *, #7435, .F. ) ;
#1288 = ORIENTED_EDGE ( 'NONE', *, *, #4833, .F. ) ;
#1289 = CARTESIAN_POINT ( 'NONE',  ( 115.5181121336162562, 73.07227323123196072, 208.6739725453648759 ) ) ;
#1290 = VECTOR ( 'NONE', #4424, 1000.000000000000000 ) ;
#1291 = CARTESIAN_POINT ( 'NONE',  ( 143.8209962844850054, 136.8167928041949324, 208.2795369371474123 ) ) ;
#1292 = ADVANCED_FACE ( 'NONE', ( #3355 ), #6221, .T. ) ;
#1293 = CARTESIAN_POINT ( 'NONE',  ( -286.2161707972408067, 58.72691375387784518, 184.8771533940093263 ) ) ;
#1294 = ADVANCED_FACE ( 'NONE', ( #8648 ), #10345, .F. ) ;
#1295 =( BOUNDED_CURVE ( )  B_SPLINE_CURVE ( 3, ( #8013, #9727, #6275, #7961 ),
 .UNSPECIFIED., .F., .F. ) 
 B_SPLINE_CURVE_WITH_KNOTS ( ( 4, 4 ),
 ( 2.356194490192348390, 3.141592653589793560 ),
 .UNSPECIFIED. ) 
 CURVE ( )  GEOMETRIC_REPRESENTATION_ITEM ( )  RATIONAL_B_SPLINE_CURVE ( ( 1.000000000000000000, 0.9492530216741915661, 0.9492530216741915661, 1.000000000000000000 ) ) 
 REPRESENTATION_ITEM ( '' )  );
#1296 = CARTESIAN_POINT ( 'NONE',  ( 287.5459961673499834, 67.09043328388661109, 158.7208412301888814 ) ) ;
#1297 = CARTESIAN_POINT ( 'NONE',  ( 258.8209915161129970, 76.32125139236430300, 183.7207935539340156 ) ) ;
#1298 = DIRECTION ( 'NONE',  ( -1.000000000000000000, 0.000000000000000000, 0.000000000000000000 ) ) ;
#1299 = EDGE_LOOP ( 'NONE', ( #6718, #9445, #6110, #3037 ) ) ;
#1300 = EDGE_CURVE ( 'NONE', #1761, #3983, #9995, .T. ) ;
#1301 = ORIENTED_EDGE ( 'NONE', *, *, #2978, .F. ) ;
#1302 = EDGE_LOOP ( 'NONE', ( #9790, #5135, #11194, #889 ) ) ;
#1303 = DIRECTION ( 'NONE',  ( 1.000000000000000000, 0.000000000000000000, 0.000000000000000000 ) ) ;
#1304 = CIRCLE ( 'NONE', #6672, 3.000000000000002665 ) ;
#1305 = ORIENTED_EDGE ( 'NONE', *, *, #2718, .F. ) ;
#1306 = CARTESIAN_POINT ( 'NONE',  ( 192.9592277647248295, 97.53125866312232972, 208.6593155262117705 ) ) ;
#1307 = LINE ( 'NONE', #3279, #8089 ) ;
#1308 = DIRECTION ( 'NONE',  ( -1.000000000000000000, -1.065814103640150121E-14, 0.000000000000000000 ) ) ;
#1309 = CARTESIAN_POINT ( 'NONE',  ( -40.43682098388680402, 22.12078094482420099, 155.7207935539340156 ) ) ;
#1310 = CARTESIAN_POINT ( 'NONE',  ( -202.3634064132503738, 73.09178222806598058, 208.6093338498087348 ) ) ;
#1311 = VERTEX_POINT ( 'NONE', #795 ) ;
#1312 = EDGE_CURVE ( 'NONE', #8256, #4731, #7644, .T. ) ;
#1313 = ORIENTED_EDGE ( 'NONE', *, *, #7021, .T. ) ;
#1314 = DIRECTION ( 'NONE',  ( -1.000000000000000000, 0.000000000000000000, 0.000000000000000000 ) ) ;
#1315 = ORIENTED_EDGE ( 'NONE', *, *, #8441, .F. ) ;
#1316 = CARTESIAN_POINT ( 'NONE',  ( 286.9928942712747357, 123.7770500764999468, 183.7207935539340156 ) ) ;
#1317 = CARTESIAN_POINT ( 'NONE',  ( 288.0713747125869872, 69.65623351394899032, 183.4946953055460312 ) ) ;
#1318 = ORIENTED_EDGE ( 'NONE', *, *, #6264, .F. ) ;
#1319 = DIRECTION ( 'NONE',  ( 0.000000000000000000, 0.000000000000000000, -1.000000000000000000 ) ) ;
#1320 = CIRCLE ( 'NONE', #2798, 17.90484428405759942 ) ;
#1321 = CARTESIAN_POINT ( 'NONE',  ( -290.3003097539596524, 0.8786796564403602794, 157.8421138974936468 ) ) ;
#1322 = ORIENTED_EDGE ( 'NONE', *, *, #4873, .F. ) ;
#1323 = LINE ( 'NONE', #9408, #842 ) ;
#1324 = LINE ( 'NONE', #8413, #9356 ) ;
#1325 = CARTESIAN_POINT ( 'NONE',  ( 132.3913249411490085, 76.52169227600100498, 148.7207935539339871 ) ) ;
#1326 = ORIENTED_EDGE ( 'NONE', *, *, #6020, .T. ) ;
#1327 = FACE_OUTER_BOUND ( 'NONE', #2795, .T. ) ;
#1328 = CIRCLE ( 'NONE', #5779, 12.90485388537120315 ) ;
#1329 = FACE_BOUND ( 'NONE', #4769, .T. ) ;
#1330 = VERTEX_POINT ( 'NONE', #10397 ) ;
#1331 = AXIS2_PLACEMENT_3D ( 'NONE', #9593, #1037, #5448 ) ;
#1332 = DIRECTION ( 'NONE',  ( -1.000000000000000000, 2.901163001883460083E-16, 0.000000000000000000 ) ) ;
#1333 = DIRECTION ( 'NONE',  ( -1.439941687553569204E-16, -0.7191424945380946454, 0.6948626285457626395 ) ) ;
#1334 = EDGE_CURVE ( 'NONE', #1663, #3928, #1778, .T. ) ;
#1335 =( BOUNDED_CURVE ( )  B_SPLINE_CURVE ( 3, ( #768, #6106, #10481, #4317 ),
 .UNSPECIFIED., .F., .F. ) 
 B_SPLINE_CURVE_WITH_KNOTS ( ( 4, 4 ),
 ( 1.095644813797952422, 1.570796326794896558 ),
 .UNSPECIFIED. ) 
 CURVE ( )  GEOMETRIC_REPRESENTATION_ITEM ( )  RATIONAL_B_SPLINE_CURVE ( ( 1.000000000000000000, 0.9812742460539125577, 0.9812742460539125577, 1.000000000000000000 ) ) 
 REPRESENTATION_ITEM ( '' )  );
#1336 = DIRECTION ( 'NONE',  ( 0.9999999999999995559, 2.745767267742054676E-08, 0.000000000000000000 ) ) ;
#1337 = VECTOR ( 'NONE', #8451, 1000.000000000000000 ) ;
#1338 = EDGE_LOOP ( 'NONE', ( #3957, #2738, #7458, #1844 ) ) ;
#1339 = DIRECTION ( 'NONE',  ( 0.000000000000000000, 0.000000000000000000, -1.000000000000000000 ) ) ;
#1340 = DIRECTION ( 'NONE',  ( 0.000000000000000000, 1.000000000000000000, 0.000000000000000000 ) ) ;
#1341 = ORIENTED_EDGE ( 'NONE', *, *, #4820, .F. ) ;
#1342 = VERTEX_POINT ( 'NONE', #2418 ) ;
#1343 = CARTESIAN_POINT ( 'NONE',  ( 115.5182261839492384, 73.79607478966315171, 208.6542021794368509 ) ) ;
#1344 = EDGE_CURVE ( 'NONE', #9321, #3678, #4191, .T. ) ;
#1345 = CIRCLE ( 'NONE', #975, 12.90484428405759587 ) ;
#1346 = CARTESIAN_POINT ( 'NONE',  ( -40.43682098388670454, 38.02563476562500000, 155.7207935539340156 ) ) ;
#1347 = PLANE ( 'NONE',  #4949 ) ;
#1348 = DIRECTION ( 'NONE',  ( 1.000000000000000000, 2.036638432068759852E-16, 0.000000000000000000 ) ) ;
#1349 = CARTESIAN_POINT ( 'NONE',  ( 43.09501647949219461, 57.21578598022470175, 203.7207935539339871 ) ) ;
#1350 = CARTESIAN_POINT ( 'NONE',  ( -134.7493367092509970, 76.52169227600100498, 183.7207935539340156 ) ) ;
#1351 = AXIS2_PLACEMENT_3D ( 'NONE', #8150, #9031, #8326 ) ;
#1352 = EDGE_LOOP ( 'NONE', ( #5221, #6943, #1119, #8097 ) ) ;
#1353 = ORIENTED_EDGE ( 'NONE', *, *, #8581, .T. ) ;
#1354 = ORIENTED_EDGE ( 'NONE', *, *, #7217, .T. ) ;
#1355 = CARTESIAN_POINT ( 'NONE',  ( 98.64490509033210230, 58.61684799194339490, 203.7207935539339871 ) ) ;
#1356 = ADVANCED_FACE ( 'NONE', ( #9513 ), #5098, .T. ) ;
#1357 = ORIENTED_EDGE ( 'NONE', *, *, #3554, .F. ) ;
#1358 = DIRECTION ( 'NONE',  ( 0.000000000000000000, 0.000000000000000000, 1.000000000000000000 ) ) ;
#1359 = AXIS2_PLACEMENT_3D ( 'NONE', #1104, #4650, #3769 ) ;
#1360 = CARTESIAN_POINT ( 'NONE',  ( 284.6286702096493855, 76.45488719470309036, 208.6551283818333218 ) ) ;
#1361 = DIRECTION ( 'NONE',  ( -1.000000000000000000, 0.000000000000000000, 0.000000000000000000 ) ) ;
#1362 = DIRECTION ( 'NONE',  ( 0.000000000000000000, 0.000000000000000000, -1.000000000000000000 ) ) ;
#1363 = EDGE_CURVE ( 'NONE', #5884, #10771, #1028, .T. ) ;
#1364 = DIRECTION ( 'NONE',  ( -6.519917093474220715E-16, 1.000000000000000000, 0.000000000000000000 ) ) ;
#1365 = CIRCLE ( 'NONE', #11218, 33.00000000000000000 ) ;
#1366 = ORIENTED_EDGE ( 'NONE', *, *, #10686, .F. ) ;
#1367 = ORIENTED_EDGE ( 'NONE', *, *, #7891, .T. ) ;
#1368 = FACE_OUTER_BOUND ( 'NONE', #11395, .T. ) ;
#1369 = VERTEX_POINT ( 'NONE', #1891 ) ;
#1370 = EDGE_CURVE ( 'NONE', #4321, #11195, #6039, .T. ) ;
#1371 = CARTESIAN_POINT ( 'NONE',  ( -62.68753156123731429, 110.9465026855470029, 203.7207935539339871 ) ) ;
#1372 = DIRECTION ( 'NONE',  ( 1.000000000000000000, 0.000000000000000000, 0.000000000000000000 ) ) ;
#1373 = EDGE_LOOP ( 'NONE', ( #7712, #714, #5176, #6520 ) ) ;
#1374 = DIRECTION ( 'NONE',  ( -1.000000000000000000, -5.480868912904819410E-16, 0.000000000000000000 ) ) ;
#1375 = CARTESIAN_POINT ( 'NONE',  ( -288.6789894103999927, 123.7770500765000037, 183.7207935539340156 ) ) ;
#1376 = DIRECTION ( 'NONE',  ( 0.000000000000000000, 0.000000000000000000, 1.000000000000000000 ) ) ;
#1377 = ORIENTED_EDGE ( 'NONE', *, *, #9766, .T. ) ;
#1378 = TOROIDAL_SURFACE ( 'NONE', #4357, 15.90485382080079901, 3.000000000000000000 ) ;
#1379 = CARTESIAN_POINT ( 'NONE',  ( 38.07888031005860086, 6.215927124023390427, 155.7207935539340156 ) ) ;
#1380 = EDGE_CURVE ( 'NONE', #5320, #1276, #927, .T. ) ;
#1381 = EDGE_CURVE ( 'NONE', #3881, #9896, #9865, .T. ) ;
#1382 = AXIS2_PLACEMENT_3D ( 'NONE', #9348, #9411, #1386 ) ;
#1383 = VECTOR ( 'NONE', #705, 1000.000000000000000 ) ;
#1384 = CARTESIAN_POINT ( 'NONE',  ( 194.8209915161130255, 91.72166796604639671, 189.6939139598069914 ) ) ;
#1385 = CARTESIAN_POINT ( 'NONE',  ( -185.8610559998539884, 76.52168743035018394, 183.7207935539340156 ) ) ;
#1386 = DIRECTION ( 'NONE',  ( 1.182933032942884815E-14, 1.000000000000000000, 0.000000000000000000 ) ) ;
#1387 = ORIENTED_EDGE ( 'NONE', *, *, #10116, .F. ) ;
#1388 = CARTESIAN_POINT ( 'NONE',  ( 216.5078353881840201, 6.215927124023419736, 158.7207935539340156 ) ) ;
#1389 = CARTESIAN_POINT ( 'NONE',  ( 115.5181150157410173, 82.51153665206351207, 208.7207935539339871 ) ) ;
#1390 = ORIENTED_EDGE ( 'NONE', *, *, #7472, .F. ) ;
#1391 = AXIS2_PLACEMENT_3D ( 'NONE', #4410, #6942, #1727 ) ;
#1392 = DIRECTION ( 'NONE',  ( 1.000000000000000000, 0.000000000000000000, 0.000000000000000000 ) ) ;
#1393 = CARTESIAN_POINT ( 'NONE',  ( 74.59984302520788901, 62.15238189787594081, 207.2563274598667533 ) ) ;
#1394 = CIRCLE ( 'NONE', #10306, 15.90485334804940543 ) ;
#1395 = DIRECTION ( 'NONE',  ( -1.000000000000000000, -7.558965274043620048E-16, 0.000000000000000000 ) ) ;
#1396 = TOROIDAL_SURFACE ( 'NONE', #10130, 17.90484428405759942, 5.000000000000000000 ) ;
#1397 = ORIENTED_EDGE ( 'NONE', *, *, #5608, .T. ) ;
#1398 = AXIS2_PLACEMENT_3D ( 'NONE', #11140, #2056, #5122 ) ;
#1399 = EDGE_CURVE ( 'NONE', #6925, #11127, #8188, .T. ) ;
#1400 = VERTEX_POINT ( 'NONE', #6359 ) ;
#1401 = AXIS2_PLACEMENT_3D ( 'NONE', #7339, #147, #2932 ) ;
#1402 = CARTESIAN_POINT ( 'NONE',  ( 89.65124114416470036, 22.12077983405499992, 155.7207935539340156 ) ) ;
#1403 = CIRCLE ( 'NONE', #10319, 29.99999999999998224 ) ;
#1404 = CARTESIAN_POINT ( 'NONE',  ( 284.5689897669680022, 96.89302241451059672, 208.7207935539339871 ) ) ;
#1405 = AXIS2_PLACEMENT_3D ( 'NONE', #6476, #9103, #501 ) ;
#1406 = ORIENTED_EDGE ( 'NONE', *, *, #11055, .F. ) ;
#1407 = FACE_OUTER_BOUND ( 'NONE', #6136, .T. ) ;
#1408 = STYLED_ITEM ( 'NONE', ( #4599 ), #8651 ) ;
#1409 = CARTESIAN_POINT ( 'NONE',  ( 80.65757751464829539, 76.52169227600100498, 183.7207935539340156 ) ) ;
#1410 = AXIS2_PLACEMENT_3D ( 'NONE', #6977, #5138, #4211 ) ;
#1411 = CIRCLE ( 'NONE', #4189, 12.90484874797840398 ) ;
#1412 = EDGE_CURVE ( 'NONE', #6081, #7079, #7516, .T. ) ;
#1413 = DIRECTION ( 'NONE',  ( -5.551115123125777969E-15, -1.000000000000000000, 0.000000000000000000 ) ) ;
#1414 = CARTESIAN_POINT ( 'NONE',  ( 287.3560920573949602, 97.65102759271275090, 207.2559671125065961 ) ) ;
#1415 = DIRECTION ( 'NONE',  ( 0.9999999999999995559, 2.745767267742075190E-08, 0.000000000000000000 ) ) ;
#1416 = VERTEX_POINT ( 'NONE', #8983 ) ;
#1417 = ORIENTED_EDGE ( 'NONE', *, *, #11268, .T. ) ;
#1418 = EDGE_LOOP ( 'NONE', ( #7520, #637, #8426, #4371 ) ) ;
#1419 = CIRCLE ( 'NONE', #119, 3.000000000000039080 ) ;
#1420 = ORIENTED_EDGE ( 'NONE', *, *, #9418, .F. ) ;
#1421 = DIRECTION ( 'NONE',  ( 0.000000000000000000, -0.7071067811865460184, 0.7071067811865487940 ) ) ;
#1422 = DIRECTION ( 'NONE',  ( 1.000000000000000000, 4.395960322595069756E-10, 0.000000000000000000 ) ) ;
#1423 = CARTESIAN_POINT ( 'NONE',  ( -117.8761136226881945, 73.08732900994355930, 208.6735591772106488 ) ) ;
#1424 = CARTESIAN_POINT ( 'NONE',  ( -30.26300430297849786, 98.04149627685548296, 158.7207935539340156 ) ) ;
#1425 = EDGE_CURVE ( 'NONE', #7718, #6131, #97, .T. ) ;
#1426 = ADVANCED_FACE ( 'NONE', ( #5331 ), #4583, .T. ) ;
#1427 = DIRECTION ( 'NONE',  ( 0.000000000000000000, 0.000000000000000000, -1.000000000000000000 ) ) ;
#1428 = ORIENTED_EDGE ( 'NONE', *, *, #2151, .T. ) ;
#1429 = EDGE_LOOP ( 'NONE', ( #921, #604, #7629, #3329, #5944 ) ) ;
#1430 = ORIENTED_EDGE ( 'NONE', *, *, #138, .T. ) ;
#1431 = CARTESIAN_POINT ( 'NONE',  ( 38.07888031005860086, 8.337247467583084770, 157.8421138974936468 ) ) ;
#1432 = DIRECTION ( 'NONE',  ( 0.000000000000000000, 0.000000000000000000, -1.000000000000000000 ) ) ;
#1433 = EDGE_CURVE ( 'NONE', #5599, #8367, #8268, .T. ) ;
#1434 = VERTEX_POINT ( 'NONE', #9046 ) ;
#1435 = CARTESIAN_POINT ( 'NONE',  ( 132.3913192749020027, 22.12078094482420099, 158.7207935539340156 ) ) ;
#1436 = CARTESIAN_POINT ( 'NONE',  ( 194.1860398550817592, 117.6996686611357035, 207.8912791208979911 ) ) ;
#1437 = CARTESIAN_POINT ( 'NONE',  ( 200.6029815673832104, 22.12078094482420099, 158.7207935539340156 ) ) ;
#1438 = ORIENTED_EDGE ( 'NONE', *, *, #8672, .F. ) ;
#1439 = LINE ( 'NONE', #8475, #3252 ) ;
#1440 = EDGE_CURVE ( 'NONE', #890, #8343, #845, .T. ) ;
#1441 = EDGE_CURVE ( 'NONE', #1146, #569, #2515, .T. ) ;
#1442 = DIRECTION ( 'NONE',  ( 0.000000000000000000, 0.000000000000000000, 1.000000000000000000 ) ) ;
#1443 = CARTESIAN_POINT ( 'NONE',  ( 98.64489001653309685, 22.12077956539260271, 155.7207935539340156 ) ) ;
#1444 = CARTESIAN_POINT ( 'NONE',  ( -62.68753156123731429, 110.9465026855470029, 183.7207935539340156 ) ) ;
#1445 = ORIENTED_EDGE ( 'NONE', *, *, #3018, .F. ) ;
#1446 = DIRECTION ( 'NONE',  ( 0.000000000000000000, 0.7071067811865486830, 0.7071067811865463515 ) ) ;
#1447 = DIRECTION ( 'NONE',  ( -0.000000000000000000, -1.000000000000000000, -0.000000000000000000 ) ) ;
#1448 = ADVANCED_FACE ( 'NONE', ( #10572 ), #7989, .T. ) ;
#1449 = ORIENTED_EDGE ( 'NONE', *, *, #5422, .T. ) ;
#1450 = DIRECTION ( 'NONE',  ( 1.000000000000000000, -7.715944136329099744E-14, 0.000000000000000000 ) ) ;
#1451 = CYLINDRICAL_SURFACE ( 'NONE', #2138, 12.90500640869139737 ) ;
#1452 = CYLINDRICAL_SURFACE ( 'NONE', #9073, 12.90484428405769712 ) ;
#1453 = APPLICATION_CONTEXT ( 'automotive_design' ) ;
#1454 = ORIENTED_EDGE ( 'NONE', *, *, #9036, .T. ) ;
#1455 = AXIS2_PLACEMENT_3D ( 'NONE', #7156, #7036, #4446 ) ;
#1456 = VECTOR ( 'NONE', #2876, 1000.000000000000000 ) ;
#1457 = TOROIDAL_SURFACE ( 'NONE', #4614, 15.90485382080079901, 3.000000000000000000 ) ;
#1458 = CARTESIAN_POINT ( 'NONE',  ( -134.7493362426759802, 38.02563476562500000, 155.7207935539340156 ) ) ;
#1459 = DIRECTION ( 'NONE',  ( 0.000000000000000000, 0.3747382456207981605, 0.9271306527502186645 ) ) ;
#1460 = ADVANCED_FACE ( 'NONE', ( #1839 ), #36, .F. ) ;
#1461 = ORIENTED_EDGE ( 'NONE', *, *, #7686, .F. ) ;
#1462 = DIRECTION ( 'NONE',  ( -0.7071067811865475727, 0.000000000000000000, 0.7071067811865475727 ) ) ;
#1463 = CARTESIAN_POINT ( 'NONE',  ( 150.3786849975589917, 22.12078094482420099, 158.7207935539340156 ) ) ;
#1464 = AXIS2_PLACEMENT_3D ( 'NONE', #10807, #7290, #10930 ) ;
#1465 = SURFACE_SIDE_STYLE ('',( #9426 ) ) ;
#1466 = FACE_OUTER_BOUND ( 'NONE', #11216, .T. ) ;
#1467 = DIRECTION ( 'NONE',  ( 0.000000000000000000, 0.000000000000000000, 1.000000000000000000 ) ) ;
#1468 = DIRECTION ( 'NONE',  ( -1.110223024625157172E-14, -1.000000000000000000, 0.000000000000000000 ) ) ;
#1469 = EDGE_LOOP ( 'NONE', ( #11329, #185 ) ) ;
#1470 = VERTEX_POINT ( 'NONE', #4408 ) ;
#1471 = ORIENTED_EDGE ( 'NONE', *, *, #3645, .T. ) ;
#1472 = ORIENTED_EDGE ( 'NONE', *, *, #2050, .T. ) ;
#1473 = LINE ( 'NONE', #5019, #1337 ) ;
#1474 = AXIS2_PLACEMENT_3D ( 'NONE', #7110, #5389, #10576 ) ;
#1475 = DIRECTION ( 'NONE',  ( 0.7071067811865475727, 0.000000000000000000, 0.7071067811865475727 ) ) ;
#1476 = ADVANCED_FACE ( 'NONE', ( #7931 ), #11508, .F. ) ;
#1477 = DIRECTION ( 'NONE',  ( -1.000000000000000000, 0.000000000000000000, 0.000000000000000000 ) ) ;
#1478 = DIRECTION ( 'NONE',  ( 0.000000000000000000, 0.000000000000000000, 1.000000000000000000 ) ) ;
#1479 = CIRCLE ( 'NONE', #5384, 4.999999999999997335 ) ;
#1480 = CARTESIAN_POINT ( 'NONE',  ( 150.3786849975589917, 89.42653656005859375, 158.7207935539340156 ) ) ;
#1481 = ORIENTED_EDGE ( 'NONE', *, *, #1233, .F. ) ;
#1482 = ORIENTED_EDGE ( 'NONE', *, *, #1363, .T. ) ;
#1483 = CARTESIAN_POINT ( 'NONE',  ( -269.8896026611329830, 22.12078094482420099, 158.7207935539340156 ) ) ;
#1484 = ORIENTED_EDGE ( 'NONE', *, *, #1088, .F. ) ;
#1485 = DIRECTION ( 'NONE',  ( 1.001151856892051962E-16, 1.000000000000000000, 1.001151856892039882E-16 ) ) ;
#1486 = CARTESIAN_POINT ( 'NONE',  ( 285.6722899054690288, 59.32552701622040559, 183.8582204542470038 ) ) ;
#1487 = VERTEX_POINT ( 'NONE', #6249 ) ;
#1488 = DIRECTION ( 'NONE',  ( 0.000000000000000000, 0.000000000000000000, 1.000000000000000000 ) ) ;
#1489 = EDGE_CURVE ( 'NONE', #8273, #10685, #3640, .T. ) ;
#1490 = VERTEX_POINT ( 'NONE', #4860 ) ;
#1491 = DIRECTION ( 'NONE',  ( 0.000000000000000000, 1.000000000000000000, 0.000000000000000000 ) ) ;
#1492 = EDGE_CURVE ( 'NONE', #1000, #6806, #4573, .T. ) ;
#1493 = CIRCLE ( 'NONE', #10045, 17.90484428405759942 ) ;
#1494 = PLANE ( 'NONE',  #11411 ) ;
#1495 = DIRECTION ( 'NONE',  ( -1.000000000000000000, 0.000000000000000000, 0.000000000000000000 ) ) ;
#1496 = CARTESIAN_POINT ( 'NONE',  ( 98.64489001653309685, 22.12077988203889944, 158.7207935539340156 ) ) ;
#1497 = ORIENTED_EDGE ( 'NONE', *, *, #3504, .F. ) ;
#1498 = CARTESIAN_POINT ( 'NONE',  ( 258.8209915161129970, 76.32125139236430300, 158.7207935539340156 ) ) ;
#1499 = ORIENTED_EDGE ( 'NONE', *, *, #4967, .T. ) ;
#1500 = CARTESIAN_POINT ( 'NONE',  ( -97.01492246262618835, 137.7344255771860162, 207.1115330082739661 ) ) ;
#1501 = VERTEX_POINT ( 'NONE', #2119 ) ;
#1502 = DIRECTION ( 'NONE',  ( 0.000000000000000000, 0.000000000000000000, -1.000000000000000000 ) ) ;
#1503 = DIRECTION ( 'NONE',  ( 6.019171873513572001E-07, 0.9999999999998188116, 0.000000000000000000 ) ) ;
#1504 = EDGE_CURVE ( 'NONE', #6178, #6953, #3980, .T. ) ;
#1505 = DIRECTION ( 'NONE',  ( 1.000000000000000000, 4.395960322595069756E-10, 0.000000000000000000 ) ) ;
#1506 = ORIENTED_EDGE ( 'NONE', *, *, #9613, .F. ) ;
#1507 = ADVANCED_FACE ( 'NONE', ( #9159 ), #5611, .T. ) ;
#1508 = CIRCLE ( 'NONE', #7997, 3.000000000000002665 ) ;
#1509 = CARTESIAN_POINT ( 'NONE',  ( -286.4243570523368589, 82.82512955447357683, 208.7207935539340156 ) ) ;
#1510 = AXIS2_PLACEMENT_3D ( 'NONE', #4601, #177, #3078 ) ;
#1511 = CARTESIAN_POINT ( 'NONE',  ( -101.0028839111329972, 76.52169227600100498, 208.7207935539339871 ) ) ;
#1512 = ORIENTED_EDGE ( 'NONE', *, *, #176, .F. ) ;
#1513 = FACE_OUTER_BOUND ( 'NONE', #10243, .T. ) ;
#1514 = CARTESIAN_POINT ( 'NONE',  ( -83.01558317658980002, 22.12078010271740069, 155.7207935539340156 ) ) ;
#1515 = AXIS2_PLACEMENT_3D ( 'NONE', #10036, #10789, #10915 ) ;
#1516 = DIRECTION ( 'NONE',  ( 0.000000000000000000, 0.000000000000000000, 1.000000000000000000 ) ) ;
#1517 = VECTOR ( 'NONE', #6707, 1000.000000000000000 ) ;
#1518 = EDGE_CURVE ( 'NONE', #1611, #8867, #1493, .T. ) ;
#1519 = B_SPLINE_CURVE_WITH_KNOTS ( 'NONE', 3,
 ( #8935, #276, #8114, #3761, #10981, #1960, #8293 ),
 .UNSPECIFIED., .F., .F.,
 ( 4, 1, 1, 1, 4 ),
 ( 0.5464289972028076869, 0.6005022461992260974, 0.7003766846494196008, 0.8002511230996131042, 1.000000000000000000 ),
 .UNSPECIFIED. ) ;
#1520 = CARTESIAN_POINT ( 'NONE',  ( -185.8610559998519705, 22.12077808834190051, 158.7207935539340156 ) ) ;
#1521 = CARTESIAN_POINT ( 'NONE',  ( 267.5316238403410125, 22.12078094482420099, 158.7207935539340156 ) ) ;
#1522 = DIRECTION ( 'NONE',  ( 0.9999999999999995559, 2.745767267742075190E-08, 0.000000000000000000 ) ) ;
#1523 = ORIENTED_EDGE ( 'NONE', *, *, #3917, .T. ) ;
#1524 = VECTOR ( 'NONE', #2465, 1000.000000000000000 ) ;
#1525 = ORIENTED_EDGE ( 'NONE', *, *, #5927, .F. ) ;
#1526 = ORIENTED_EDGE ( 'NONE', *, *, #8541, .F. ) ;
#1527 = ORIENTED_EDGE ( 'NONE', *, *, #5664, .T. ) ;
#1528 = CYLINDRICAL_SURFACE ( 'NONE', #8564, 5.000000000000012434 ) ;
#1529 = DIRECTION ( 'NONE',  ( 1.000000000000000000, 0.000000000000000000, 0.000000000000000000 ) ) ;
#1530 = CARTESIAN_POINT ( 'NONE',  ( 258.8209915161129970, 51.32125139236429590, 208.7207935539339871 ) ) ;
#1531 = CARTESIAN_POINT ( 'NONE',  ( 258.8209915161129970, 51.32125139236429590, 203.7207935539339871 ) ) ;
#1532 = DIRECTION ( 'NONE',  ( 0.000000000000000000, 1.000000000000000000, 0.000000000000000000 ) ) ;
#1533 = EDGE_CURVE ( 'NONE', #6768, #1653, #1669, .T. ) ;
#1534 = ORIENTED_EDGE ( 'NONE', *, *, #8750, .T. ) ;
#1535 = ORIENTED_EDGE ( 'NONE', *, *, #10472, .F. ) ;
#1536 = DIRECTION ( 'NONE',  ( 1.000000000000000000, -1.835214905568972190E-16, 0.000000000000000000 ) ) ;
#1537 = AXIS2_PLACEMENT_3D ( 'NONE', #6557, #9017, #4606 ) ;
#1538 = ORIENTED_EDGE ( 'NONE', *, *, #10506, .F. ) ;
#1539 = DIRECTION ( 'NONE',  ( -0.000000000000000000, 1.000000000000000000, 0.000000000000000000 ) ) ;
#1540 = CARTESIAN_POINT ( 'NONE',  ( -269.8896026611329830, 8.337247467583065230, 157.8421138974936468 ) ) ;
#1541 = ORIENTED_EDGE ( 'NONE', *, *, #10411, .T. ) ;
#1542 = DIRECTION ( 'NONE',  ( -1.188474749415029953E-15, -1.000000000000000000, 0.000000000000000000 ) ) ;
#1543 = DIRECTION ( 'NONE',  ( 0.000000000000000000, 0.000000000000000000, -1.000000000000000000 ) ) ;
#1544 = CARTESIAN_POINT ( 'NONE',  ( -289.4269876612549979, 101.2175338996189851, 205.5186497902789995 ) ) ;
#1545 = VERTEX_POINT ( 'NONE', #8288 ) ;
#1546 = CARTESIAN_POINT ( 'NONE',  ( 150.3786849975589917, 58.61684799194339490, 203.7207935539339871 ) ) ;
#1547 = TOROIDAL_SURFACE ( 'NONE', #5819, 17.90484428405759942, 5.000000000000000000 ) ;
#1548 = DIRECTION ( 'NONE',  ( 1.000000000000000000, 1.075393666311713415E-15, 0.000000000000000000 ) ) ;
#1549 = EDGE_CURVE ( 'NONE', #10667, #6972, #7514, .T. ) ;
#1550 = ORIENTED_EDGE ( 'NONE', *, *, #425, .F. ) ;
#1551 = DIRECTION ( 'NONE',  ( -9.225865810309941698E-08, 0.9999999999999957812, 0.000000000000000000 ) ) ;
#1552 = ORIENTED_EDGE ( 'NONE', *, *, #2463, .T. ) ;
#1553 = DIRECTION ( 'NONE',  ( 0.000000000000000000, 0.000000000000000000, 1.000000000000000000 ) ) ;
#1554 = VERTEX_POINT ( 'NONE', #5558 ) ;
#1555 = CARTESIAN_POINT ( 'NONE',  ( -134.7493367092509970, 76.52169227600100498, 148.7207935539339871 ) ) ;
#1556 = DIRECTION ( 'NONE',  ( -0.9999999999999982236, -5.974482337674449528E-08, 0.000000000000000000 ) ) ;
#1557 = LINE ( 'NONE', #807, #10568 ) ;
#1558 = ORIENTED_EDGE ( 'NONE', *, *, #1216, .F. ) ;
#1559 = AXIS2_PLACEMENT_3D ( 'NONE', #7781, #4954, #4253 ) ;
#1560 = DIRECTION ( 'NONE',  ( -4.452580259935949960E-17, 1.000000000000000000, 0.000000000000000000 ) ) ;
#1561 = EDGE_CURVE ( 'NONE', #2281, #3635, #2049, .T. ) ;
#1562 = AXIS2_PLACEMENT_3D ( 'NONE', #7183, #7414, #3716 ) ;
#1563 = DIRECTION ( 'NONE',  ( -1.000000000000000000, 5.897598525349479809E-18, 0.000000000000000000 ) ) ;
#1564 = TOROIDAL_SURFACE ( 'NONE', #6380, 17.90484428405759942, 5.000000000000000000 ) ;
#1565 = EDGE_LOOP ( 'NONE', ( #5058, #7913, #5744, #3117, #8330, #10969, #6314, #4567, #9987, #9477, #8238, #5895, #6006, #10784, #5913, #6941, #2303, #11141, #4070, #1796, #2296, #2438, #8084, #7426, #1582, #6455, #6379, #1712, #6027, #2299, #8612, #10256, #10316, #8502, #3663, #3865, #1101, #9602, #9590, #6429, #8920, #673, #4779, #290, #4084, #11484, #10090, #274, #590, #10265, #3221, #10601, #10164, #8823 ) ) ;
#1566 = CARTESIAN_POINT ( 'NONE',  ( 98.64490509033210230, 76.52169227600100498, 208.7207935539339871 ) ) ;
#1567 = ORIENTED_EDGE ( 'NONE', *, *, #1571, .F. ) ;
#1568 = VECTOR ( 'NONE', #6554, 1000.000000000000000 ) ;
#1569 = DIRECTION ( 'NONE',  ( 0.000000000000000000, 0.000000000000000000, -1.000000000000000000 ) ) ;
#1570 = CIRCLE ( 'NONE', #5647, 17.90484428405759942 ) ;
#1571 = EDGE_CURVE ( 'NONE', #5719, #9049, #6498, .T. ) ;
#1572 = SPHERICAL_SURFACE ( 'NONE', #5718, 12.90485404369440126 ) ;
#1573 = VECTOR ( 'NONE', #674, 1000.000000000000000 ) ;
#1574 = VECTOR ( 'NONE', #3644, 1000.000000000000000 ) ;
#1575 = CIRCLE ( 'NONE', #10883, 12.90484428405759587 ) ;
#1576 = CYLINDRICAL_SURFACE ( 'NONE', #4171, 12.90484874797840398 ) ;
#1577 = EDGE_CURVE ( 'NONE', #8611, #1330, #11118, .T. ) ;
#1578 = DIRECTION ( 'NONE',  ( 0.000000000000000000, 0.000000000000000000, -1.000000000000000000 ) ) ;
#1579 = CARTESIAN_POINT ( 'NONE',  ( -198.7659047478303762, 22.12077773400478975, 146.7207935539339871 ) ) ;
#1580 = ORIENTED_EDGE ( 'NONE', *, *, #6189, .T. ) ;
#1581 = ORIENTED_EDGE ( 'NONE', *, *, #9962, .F. ) ;
#1582 = ORIENTED_EDGE ( 'NONE', *, *, #7082, .F. ) ;
#1583 = AXIS2_PLACEMENT_3D ( 'NONE', #350, #9004, #6376 ) ;
#1584 = AXIS2_PLACEMENT_3D ( 'NONE', #2224, #7389, #5601 ) ;
#1585 = ORIENTED_EDGE ( 'NONE', *, *, #5358, .T. ) ;
#1586 = CARTESIAN_POINT ( 'NONE',  ( 288.8209915161129970, 99.48037732825500257, 203.7207935539339871 ) ) ;
#1587 = EDGE_CURVE ( 'NONE', #10828, #5629, #7983, .T. ) ;
#1588 = VECTOR ( 'NONE', #9507, 1000.000000000000000 ) ;
#1589 = ADVANCED_FACE ( 'NONE', ( #8393 ), #2234, .F. ) ;
#1590 = AXIS2_PLACEMENT_3D ( 'NONE', #8511, #555, #2347 ) ;
#1591 = DIRECTION ( 'NONE',  ( 0.9999999999999995559, 2.745767267742054676E-08, 0.000000000000000000 ) ) ;
#1592 = AXIS2_PLACEMENT_3D ( 'NONE', #1086, #5385, #7052 ) ;
#1593 = DIRECTION ( 'NONE',  ( 1.000000000000000000, -3.372392848055450117E-16, 0.000000000000000000 ) ) ;
#1594 = CIRCLE ( 'NONE', #7343, 5.000000000000004441 ) ;
#1595 = DIRECTION ( 'NONE',  ( 2.150785743182216738E-15, -1.000000000000000000, 0.000000000000000000 ) ) ;
#1596 = ORIENTED_EDGE ( 'NONE', *, *, #3194, .F. ) ;
#1597 = ORIENTED_EDGE ( 'NONE', *, *, #3488, .T. ) ;
#1598 = CARTESIAN_POINT ( 'NONE',  ( 92.32099151611291177, 135.3984925249610001, 208.7207935539339871 ) ) ;
#1599 = ORIENTED_EDGE ( 'NONE', *, *, #4576, .T. ) ;
#1600 = DIRECTION ( 'NONE',  ( 0.000000000000000000, 0.000000000000000000, 1.000000000000000000 ) ) ;
#1601 = CARTESIAN_POINT ( 'NONE',  ( -291.1789894103999927, 76.32125139236450195, 155.7207935539340156 ) ) ;
#1602 = ORIENTED_EDGE ( 'NONE', *, *, #3617, .F. ) ;
#1603 = EDGE_CURVE ( 'NONE', #7845, #2997, #2180, .T. ) ;
#1604 = DIRECTION ( 'NONE',  ( 0.9999999999998038236, 6.264543323606218346E-07, 3.590194388743768910E-28 ) ) ;
#1605 = SPHERICAL_SURFACE ( 'NONE', #11259, 12.90485350637260176 ) ;
#1606 = CARTESIAN_POINT ( 'NONE',  ( -288.4200663014339625, 97.07015192581170027, 208.3784951116890056 ) ) ;
#1607 = ORIENTED_EDGE ( 'NONE', *, *, #4365, .F. ) ;
#1608 = CARTESIAN_POINT ( 'NONE',  ( 119.4864654541012072, 22.12078094482420099, 155.7207935539340156 ) ) ;
#1609 = CARTESIAN_POINT ( 'NONE',  ( -261.1789894103999359, 76.32125139236450195, 208.7207935539339871 ) ) ;
#1610 = CYLINDRICAL_SURFACE ( 'NONE', #113, 2.500000000000003109 ) ;
#1611 = VERTEX_POINT ( 'NONE', #9223 ) ;
#1612 = CARTESIAN_POINT ( 'NONE',  ( -101.0028839111329972, 90.89100265412587021, 207.2563274598667533 ) ) ;
#1613 = VERTEX_POINT ( 'NONE', #10857 ) ;
#1614 = ORIENTED_EDGE ( 'NONE', *, *, #8468, .F. ) ;
#1615 = LINE ( 'NONE', #1732, #7429 ) ;
#1616 = ORIENTED_EDGE ( 'NONE', *, *, #7140, .T. ) ;
#1617 = CARTESIAN_POINT ( 'NONE',  ( 166.9408824044905373, 79.76009775872137197, 208.6137582636886521 ) ) ;
#1618 = CARTESIAN_POINT ( 'NONE',  ( 18.44994068145760124, 6.215927124023430395, 158.7207935539340156 ) ) ;
#1619 = CARTESIAN_POINT ( 'NONE',  ( 284.4804127989272047, 79.71381618460448237, 208.6772120810814499 ) ) ;
#1620 = EDGE_CURVE ( 'NONE', #2223, #10252, #5580, .T. ) ;
#1621 = ORIENTED_EDGE ( 'NONE', *, *, #5501, .T. ) ;
#1622 = CARTESIAN_POINT ( 'NONE',  ( -290.4467563633669442, 158.9462378524261510, 123.7207935539340014 ) ) ;
#1623 = CARTESIAN_POINT ( 'NONE',  ( 286.3209915161129970, 123.7770500765000037, 158.7207935539340156 ) ) ;
#1624 = CARTESIAN_POINT ( 'NONE',  ( 94.76569264078337085, 137.8431936496308481, 206.8262925440596689 ) ) ;
#1625 = DIRECTION ( 'NONE',  ( 0.000000000000000000, 0.000000000000000000, 1.000000000000000000 ) ) ;
#1626 = VERTEX_POINT ( 'NONE', #5198 ) ;
#1627 = CARTESIAN_POINT ( 'NONE',  ( -83.01555633544920454, 89.42653656005859375, 153.7207935539340156 ) ) ;
#1628 = CARTESIAN_POINT ( 'NONE',  ( 287.9423423734089056, 65.69595131472286198, 157.8421407196167081 ) ) ;
#1629 = EDGE_CURVE ( 'NONE', #4799, #10667, #9669, .T. ) ;
#1630 = ADVANCED_FACE ( 'NONE', ( #7573 ), #9497, .F. ) ;
#1631 = FACE_OUTER_BOUND ( 'NONE', #2868, .T. ) ;
#1632 = AXIS2_PLACEMENT_3D ( 'NONE', #5240, #6272, #937 ) ;
#1633 = TOROIDAL_SURFACE ( 'NONE', #3873, 17.90500640869139914, 5.000000000000000000 ) ;
#1634 = LINE ( 'NONE', #2617, #7142 ) ;
#1635 = EDGE_CURVE ( 'NONE', #9714, #392, #6, .T. ) ;
#1636 = CARTESIAN_POINT ( 'NONE',  ( -110.0223875045780062, 6.215927124023419736, 155.7207935539340156 ) ) ;
#1637 = CARTESIAN_POINT ( 'NONE',  ( 283.8157413224880088, 58.75673162920220705, 159.4747965337279823 ) ) ;
#1638 = ORIENTED_EDGE ( 'NONE', *, *, #4343, .T. ) ;
#1639 = ORIENTED_EDGE ( 'NONE', *, *, #5971, .F. ) ;
#1640 = ORIENTED_EDGE ( 'NONE', *, *, #3087, .F. ) ;
#1641 = AXIS2_PLACEMENT_3D ( 'NONE', #5807, #11171, #4998 ) ;
#1642 = AXIS2_PLACEMENT_3D ( 'NONE', #5209, #6010, #5153 ) ;
#1643 = ORIENTED_EDGE ( 'NONE', *, *, #7122, .F. ) ;
#1644 = CARTESIAN_POINT ( 'NONE',  ( 98.64490509032830801, 35.02563291343319918, 155.7207935539340156 ) ) ;
#1645 = ADVANCED_FACE ( 'NONE', ( #4217 ), #4660, .T. ) ;
#1646 = EDGE_CURVE ( 'NONE', #197, #9742, #571, .T. ) ;
#1647 = CYLINDRICAL_SURFACE ( 'NONE', #3051, 5.000000000000012434 ) ;
#1648 = CARTESIAN_POINT ( 'NONE',  ( -134.7493362426759802, 6.215927124023390427, 155.7207935539340156 ) ) ;
#1649 = DIRECTION ( 'NONE',  ( 0.000000000000000000, 0.000000000000000000, -1.000000000000000000 ) ) ;
#1650 = EDGE_CURVE ( 'NONE', #5018, #7222, #7798, .T. ) ;
#1651 = DIRECTION ( 'NONE',  ( -1.000000000000000000, 8.601340485944210462E-16, 0.000000000000000000 ) ) ;
#1652 = EDGE_LOOP ( 'NONE', ( #9604, #9959, #8101, #8501 ) ) ;
#1653 = VERTEX_POINT ( 'NONE', #5998 ) ;
#1654 = DIRECTION ( 'NONE',  ( -1.000000000000000000, 0.000000000000000000, 0.000000000000000000 ) ) ;
#1655 = AXIS2_PLACEMENT_3D ( 'NONE', #2715, #3592, #11512 ) ;
#1656 = VERTEX_POINT ( 'NONE', #4271 ) ;
#1657 = CARTESIAN_POINT ( 'NONE',  ( -291.1012222505490286, 72.39506839875841138, 156.5579064302509948 ) ) ;
#1658 = EDGE_LOOP ( 'NONE', ( #4729, #3092, #7335, #5978 ) ) ;
#1659 = DIRECTION ( 'NONE',  ( 0.7071067811865471286, 0.4913420766378217008, 0.5085105345272931121 ) ) ;
#1660 = CARTESIAN_POINT ( 'NONE',  ( -169.2986026379504096, 80.46728920529105267, 208.6428774260533032 ) ) ;
#1661 = ADVANCED_FACE ( 'NONE', ( #11147 ), #6907, .T. ) ;
#1662 = DIRECTION ( 'NONE',  ( 1.000000000000000000, -3.226180998935143991E-15, 0.000000000000000000 ) ) ;
#1663 = VERTEX_POINT ( 'NONE', #10435 ) ;
#1664 = DIRECTION ( 'NONE',  ( 0.000000000000000000, 0.000000000000000000, -1.000000000000000000 ) ) ;
#1665 = EDGE_CURVE ( 'NONE', #3765, #11238, #3585, .T. ) ;
#1666 = CARTESIAN_POINT ( 'NONE',  ( -83.01555633544920454, 76.52169227600100498, 203.7207935539339871 ) ) ;
#1667 = CARTESIAN_POINT ( 'NONE',  ( -291.1789878874490114, 76.30497765962000756, 155.7242630918030102 ) ) ;
#1668 = ORIENTED_EDGE ( 'NONE', *, *, #6113, .T. ) ;
#1669 =( BOUNDED_CURVE ( )  B_SPLINE_CURVE ( 3, ( #386, #9275, #8339, #4757 ),
 .UNSPECIFIED., .F., .F. ) 
 B_SPLINE_CURVE_WITH_KNOTS ( ( 4, 4 ),
 ( 1.570796326794896558, 1.954910757784165565 ),
 .UNSPECIFIED. ) 
 CURVE ( )  GEOMETRIC_REPRESENTATION_ITEM ( )  RATIONAL_B_SPLINE_CURVE ( ( 1.000000000000000000, 0.9877424226396454010, 0.9877424226396454010, 1.000000000000000000 ) ) 
 REPRESENTATION_ITEM ( '' )  );
#1670 = FACE_OUTER_BOUND ( 'NONE', #144, .T. ) ;
#1671 = ORIENTED_EDGE ( 'NONE', *, *, #6899, .F. ) ;
#1672 = DIRECTION ( 'NONE',  ( -0.7071067811865470176, 0.4913420766378104876, 0.5085105345273041033 ) ) ;
#1673 = VERTEX_POINT ( 'NONE', #2402 ) ;
#1674 = CYLINDRICAL_SURFACE ( 'NONE', #2615, 2.499999999999995115 ) ;
#1675 = EDGE_LOOP ( 'NONE', ( #6283, #389, #3934, #10272, #1248, #3060 ) ) ;
#1676 = VECTOR ( 'NONE', #997, 1000.000000000000000 ) ;
#1677 = CARTESIAN_POINT ( 'NONE',  ( 166.9413536794244521, 80.91423053316987080, 208.6612146945302015 ) ) ;
#1678 = DIRECTION ( 'NONE',  ( 4.301574665246853659E-15, -1.000000000000000000, 0.000000000000000000 ) ) ;
#1679 = CARTESIAN_POINT ( 'NONE',  ( 284.3920360489275367, 80.54787741116359712, 208.6881535810984758 ) ) ;
#1680 = ORIENTED_EDGE ( 'NONE', *, *, #5195, .F. ) ;
#1681 = LINE ( 'NONE', #8774, #10524 ) ;
#1682 = CARTESIAN_POINT ( 'NONE',  ( 38.07888031005860086, 22.12078094482420099, 155.7207935539340156 ) ) ;
#1683 = ADVANCED_FACE ( 'NONE', ( #11375 ), #2291, .T. ) ;
#1684 = CARTESIAN_POINT ( 'NONE',  ( 194.8209915161130255, 125.8608434367320115, 181.7073537568699919 ) ) ;
#1685 = CARTESIAN_POINT ( 'NONE',  ( -145.5894947051999964, 123.7770500765000037, 158.7207935539340156 ) ) ;
#1686 = ORIENTED_EDGE ( 'NONE', *, *, #2064, .T. ) ;
#1687 = FACE_OUTER_BOUND ( 'NONE', #2054, .T. ) ;
#1688 = EDGE_CURVE ( 'NONE', #1613, #9533, #6061, .T. ) ;
#1689 = DIRECTION ( 'NONE',  ( 2.419605351497754917E-15, -1.000000000000000000, 0.000000000000000000 ) ) ;
#1690 = AXIS2_PLACEMENT_3D ( 'NONE', #7648, #3359, #7592 ) ;
#1691 = CARTESIAN_POINT ( 'NONE',  ( 92.32099151611291177, 135.3984925249610001, 208.7207935539339871 ) ) ;
#1692 = TOROIDAL_SURFACE ( 'NONE', #4481, 15.90485382080079901, 3.000000000000000000 ) ;
#1693 = AXIS2_PLACEMENT_3D ( 'NONE', #2482, #11516, #5166 ) ;
#1694 = LINE ( 'NONE', #9842, #8080 ) ;
#1695 = DIRECTION ( 'NONE',  ( 0.000000000000000000, 0.000000000000000000, 1.000000000000000000 ) ) ;
#1696 = CARTESIAN_POINT ( 'NONE',  ( 286.3765501539879779, 61.24448724464249949, 158.8116151012280000 ) ) ;
#1697 = EDGE_CURVE ( 'NONE', #6895, #7197, #9625, .T. ) ;
#1698 = VERTEX_POINT ( 'NONE', #8514 ) ;
#1699 = ORIENTED_EDGE ( 'NONE', *, *, #7903, .T. ) ;
#1700 = ORIENTED_EDGE ( 'NONE', *, *, #9837, .T. ) ;
#1701 = ORIENTED_EDGE ( 'NONE', *, *, #2086, .F. ) ;
#1702 = CARTESIAN_POINT ( 'NONE',  ( 284.4114867081290186, 97.80763904815100318, 208.6145670104010037 ) ) ;
#1703 = AXIS2_PLACEMENT_3D ( 'NONE', #9490, #7848, #9734 ) ;
#1704 = AXIS2_PLACEMENT_3D ( 'NONE', #4103, #10169, #1264 ) ;
#1705 = FACE_OUTER_BOUND ( 'NONE', #10722, .T. ) ;
#1706 = FACE_OUTER_BOUND ( 'NONE', #4072, .T. ) ;
#1708 = CARTESIAN_POINT ( 'NONE',  ( -202.3634178464045590, 76.52169227600097656, 208.5200677519565318 ) ) ;
#1707 = VECTOR ( 'NONE', #5445, 1000.000000000000000 ) ;
#1709 = DIRECTION ( 'NONE',  ( 0.9999999999999994449, -3.520767068429227619E-08, 0.000000000000000000 ) ) ;
#1710 = EDGE_CURVE ( 'NONE', #7636, #10340, #9393, .T. ) ;
#1711 = ORIENTED_EDGE ( 'NONE', *, *, #1027, .F. ) ;
#1712 = ORIENTED_EDGE ( 'NONE', *, *, #5399, .F. ) ;
#1713 = CARTESIAN_POINT ( 'NONE',  ( -218.8657760620120314, 76.52169227600100498, 208.7207935539339871 ) ) ;
#1714 = ORIENTED_EDGE ( 'NONE', *, *, #10890, .T. ) ;
#1715 = CARTESIAN_POINT ( 'NONE',  ( -286.7563278619839480, 59.72674714129849605, 159.6323088940620210 ) ) ;
#1716 = CARTESIAN_POINT ( 'NONE',  ( 200.0054588587060209, 69.57511310246370329, 208.7207935539339871 ) ) ;
#1717 = DIRECTION ( 'NONE',  ( 0.000000000000000000, 0.000000000000000000, -1.000000000000000000 ) ) ;
#1718 = AXIS2_PLACEMENT_3D ( 'NONE', #6651, #10217, #9336 ) ;
#1719 = ADVANCED_FACE ( 'NONE', ( #4970 ), #4093, .T. ) ;
#1720 = CARTESIAN_POINT ( 'NONE',  ( -289.3484337494809893, 100.5504622009259919, 206.1587550429640032 ) ) ;
#1721 = ORIENTED_EDGE ( 'NONE', *, *, #5195, .T. ) ;
#1722 = LINE ( 'NONE', #2707, #4184 ) ;
#1723 = LINE ( 'NONE', #3299, #4718 ) ;
#1724 = CARTESIAN_POINT ( 'NONE',  ( -288.6789894103999927, 101.2175338996189851, 205.5186497902789995 ) ) ;
#1725 = VERTEX_POINT ( 'NONE', #6754 ) ;
#1726 = EDGE_CURVE ( 'NONE', #2851, #3360, #843, .T. ) ;
#1727 = DIRECTION ( 'NONE',  ( 0.000000000000000000, 0.000000000000000000, -1.000000000000000000 ) ) ;
#1728 = ORIENTED_EDGE ( 'NONE', *, *, #1135, .F. ) ;
#1729 = AXIS2_PLACEMENT_3D ( 'NONE', #10610, #8095, #2694 ) ;
#1730 = CARTESIAN_POINT ( 'NONE',  ( 98.64490493200409560, 22.12077972371559653, 155.7207935539340156 ) ) ;
#1731 = EDGE_LOOP ( 'NONE', ( #10284, #9515, #3358, #11172 ) ) ;
#1732 = CARTESIAN_POINT ( 'NONE',  ( 143.8209962844850054, 116.9783032755032224, 208.4438521006772191 ) ) ;
#1733 = ORIENTED_EDGE ( 'NONE', *, *, #9456, .T. ) ;
#1734 = CARTESIAN_POINT ( 'NONE',  ( -134.7493367092509970, 63.61684799194339490, 148.7207935539339871 ) ) ;
#1735 = DIRECTION ( 'NONE',  ( -0.7071067811865470176, 0.4913420766378104876, 0.5085105345273041033 ) ) ;
#1736 = ADVANCED_FACE ( 'NONE', ( #5077 ), #8627, .T. ) ;
#1737 = DIRECTION ( 'NONE',  ( 0.000000000000000000, 0.000000000000000000, 1.000000000000000000 ) ) ;
#1738 = EDGE_CURVE ( 'NONE', #1653, #3360, #77, .T. ) ;
#1739 = EDGE_LOOP ( 'NONE', ( #10399, #1580, #8655, #212, #6051 ) ) ;
#1740 = AXIS2_PLACEMENT_3D ( 'NONE', #7587, #3473, #2536 ) ;
#1741 = CARTESIAN_POINT ( 'NONE',  ( -289.3508921655619019, 160.0000188689219840, 123.7207935539340014 ) ) ;
#1742 = CARTESIAN_POINT ( 'NONE',  ( 13.36300373077400039, 128.8515090942379970, 203.7207935539339871 ) ) ;
#1743 = CARTESIAN_POINT ( 'NONE',  ( 193.5564464956052575, 98.12847739400274349, 208.4179248454073559 ) ) ;
#1744 = CIRCLE ( 'NONE', #5634, 4.999999999999900524 ) ;
#1745 = DIRECTION ( 'NONE',  ( -1.075393666311713415E-15, -1.000000000000000000, 0.000000000000000000 ) ) ;
#1746 = EDGE_LOOP ( 'NONE', ( #2110, #6083, #5085, #11438 ) ) ;
#1747 = DIRECTION ( 'NONE',  ( 0.000000000000000000, 0.000000000000000000, -1.000000000000000000 ) ) ;
#1748 = CARTESIAN_POINT ( 'NONE',  ( 288.8205021581879919, 75.00237047056549500, 156.0019819319740009 ) ) ;
#1749 = DIRECTION ( 'NONE',  ( 1.000000000000000000, -1.226859234463580202E-08, 0.000000000000000000 ) ) ;
#1750 = EDGE_CURVE ( 'NONE', #1276, #7371, #7158, .T. ) ;
#1751 = AXIS2_PLACEMENT_3D ( 'NONE', #1402, #533, #7602 ) ;
#1752 = VECTOR ( 'NONE', #8986, 1000.000000000000000 ) ;
#1753 = AXIS2_PLACEMENT_3D ( 'NONE', #6625, #10140, #3908 ) ;
#1754 = LINE ( 'NONE', #3503, #6790 ) ;
#1755 = VECTOR ( 'NONE', #6228, 1000.000000000000000 ) ;
#1756 = DIRECTION ( 'NONE',  ( -5.551115123125785858E-15, 1.000000000000000000, 0.000000000000000000 ) ) ;
#1757 = CARTESIAN_POINT ( 'NONE',  ( 288.8209915161129970, 76.32125139236430300, 155.7207935539340156 ) ) ;
#1758 = EDGE_LOOP ( 'NONE', ( #9705, #10021, #1341, #4234 ) ) ;
#1759 = ORIENTED_EDGE ( 'NONE', *, *, #6233, .F. ) ;
#1760 = ORIENTED_EDGE ( 'NONE', *, *, #9501, .T. ) ;
#1761 = VERTEX_POINT ( 'NONE', #3518 ) ;
#1762 = DIRECTION ( 'NONE',  ( -1.000000000000000000, -2.955192115090245113E-15, -5.975215637102569992E-16 ) ) ;
#1763 = AXIS2_PLACEMENT_3D ( 'NONE', #6923, #5081, #9500 ) ;
#1764 =( NAMED_UNIT ( * ) PLANE_ANGLE_UNIT ( ) SI_UNIT ( $, .RADIAN. ) );
#1765 = ORIENTED_EDGE ( 'NONE', *, *, #2966, .F. ) ;
#1766 = PLANE ( 'NONE',  #6383 ) ;
#1767 = AXIS2_PLACEMENT_3D ( 'NONE', #2034, #10124, #1281 ) ;
#1768 = EDGE_CURVE ( 'NONE', #866, #6725, #11492, .T. ) ;
#1769 = DIRECTION ( 'NONE',  ( 0.5310885545960910559, -0.8473163206129307179, 0.000000000000000000 ) ) ;
#1770 = CARTESIAN_POINT ( 'NONE',  ( 287.5783125534115356, 67.26009830465618222, 158.7208711369358696 ) ) ;
#1771 = PRESENTATION_LAYER_ASSIGNMENT (  '', '', ( #1408 ) ) ;
#1772 = LINE ( 'NONE', #3690, #3768 ) ;
#1773 = ORIENTED_EDGE ( 'NONE', *, *, #11068, .F. ) ;
#1774 = ORIENTED_EDGE ( 'NONE', *, *, #9427, .F. ) ;
#1775 = DIRECTION ( 'NONE',  ( -1.000000000000000000, -1.018317597297119951E-16, 1.018317597297119951E-16 ) ) ;
#1776 = CIRCLE ( 'NONE', #3998, 12.90484428405759587 ) ;
#1777 = EDGE_LOOP ( 'NONE', ( #5362, #6063, #7017, #10864, #1728, #1263 ) ) ;
#1778 = CIRCLE ( 'NONE', #6772, 17.90484428405761363 ) ;
#1779 = CARTESIAN_POINT ( 'NONE',  ( -285.7244439558550084, 59.07246415508239323, 161.0475951281640050 ) ) ;
#1780 = CARTESIAN_POINT ( 'NONE',  ( 150.3786849975589917, 76.52169227600100498, 203.7207935539339871 ) ) ;
#1781 = CARTESIAN_POINT ( 'NONE',  ( -290.4461645371186478, 100.7083103307516865, 204.9916336409966959 ) ) ;
#1782 = VECTOR ( 'NONE', #10402, 1000.000000000000000 ) ;
#1783 = EDGE_CURVE ( 'NONE', #8139, #11151, #799, .T. ) ;
#1784 = ORIENTED_EDGE ( 'NONE', *, *, #9461, .F. ) ;
#1785 = DIRECTION ( 'NONE',  ( 5.974482020221200890E-08, -0.9999999999999982236, 0.000000000000000000 ) ) ;
#1786 = EDGE_CURVE ( 'NONE', #6152, #1611, #49, .T. ) ;
#1787 = PRODUCT_DEFINITION_FORMATION_WITH_SPECIFIED_SOURCE ( 'ANY', '', #6070, .NOT_KNOWN. ) ;
#1788 = CIRCLE ( 'NONE', #662, 12.90485382080080967 ) ;
#1789 = CARTESIAN_POINT ( 'NONE',  ( -290.4467563633665463, 122.7232690600038012, 158.7207935539340156 ) ) ;
#1790 = ORIENTED_EDGE ( 'NONE', *, *, #1135, .T. ) ;
#1791 = CARTESIAN_POINT ( 'NONE',  ( -101.0028839111329972, 58.61684799194339490, 203.7207935539339871 ) ) ;
#1792 = AXIS2_PLACEMENT_3D ( 'NONE', #3612, #6909, #767 ) ;
#1793 = DIRECTION ( 'NONE',  ( 1.000000000000000000, 0.000000000000000000, 0.000000000000000000 ) ) ;
#1794 = ORIENTED_EDGE ( 'NONE', *, *, #6331, .F. ) ;
#1795 = DIRECTION ( 'NONE',  ( -1.000000000000000000, -5.068136534518710031E-16, 2.607372337629699853E-16 ) ) ;
#1796 = ORIENTED_EDGE ( 'NONE', *, *, #8096, .F. ) ;
#1797 = CIRCLE ( 'NONE', #3838, 17.90484428405769535 ) ;
#1798 = CARTESIAN_POINT ( 'NONE',  ( 194.8209915161130255, 62.93042171836610521, 158.7207935539340156 ) ) ;
#1799 = DIRECTION ( 'NONE',  ( 0.000000000000000000, 0.000000000000000000, -1.000000000000000000 ) ) ;
#1800 = DIRECTION ( 'NONE',  ( 0.000000000000000000, 0.000000000000000000, 1.000000000000000000 ) ) ;
#1801 = ADVANCED_FACE ( 'NONE', ( #5319 ), #7037, .T. ) ;
#1802 = ORIENTED_EDGE ( 'NONE', *, *, #6663, .F. ) ;
#1803 = CARTESIAN_POINT ( 'NONE',  ( 267.5316238403410125, 22.12078094482420099, 143.7207935539339871 ) ) ;
#1804 = EDGE_CURVE ( 'NONE', #11139, #956, #2634, .T. ) ;
#1805 = CARTESIAN_POINT ( 'NONE',  ( -134.7493362426759802, 35.90431442206534740, 157.8421138974936468 ) ) ;
#1806 = DIRECTION ( 'NONE',  ( -0.000000000000000000, -1.000000000000000000, -0.000000000000000000 ) ) ;
#1807 = LINE ( 'NONE', #4536, #1962 ) ;
#1808 = ORIENTED_EDGE ( 'NONE', *, *, #5353, .F. ) ;
#1809 = CARTESIAN_POINT ( 'NONE',  ( 150.3786849975589917, 89.42653656005859375, 148.7207935539339871 ) ) ;
#1810 = CARTESIAN_POINT ( 'NONE',  ( 194.0581480874770079, 98.63017898587490606, 208.0186497902789995 ) ) ;
#1811 = ADVANCED_FACE ( 'NONE', ( #140 ), #3575, .T. ) ;
#1812 = DIRECTION ( 'NONE',  ( 0.000000000000000000, 0.000000000000000000, -1.000000000000000000 ) ) ;
#1813 = CARTESIAN_POINT ( 'NONE',  ( 288.8203064548080761, 75.02521939802859663, 156.0555087227090212 ) ) ;
#1814 = VERTEX_POINT ( 'NONE', #11436 ) ;
#1815 = VERTEX_POINT ( 'NONE', #8799 ) ;
#1816 = ORIENTED_EDGE ( 'NONE', *, *, #6959, .T. ) ;
#1817 = DIRECTION ( 'NONE',  ( 1.000000000000000000, 1.550171293047343908E-15, 0.000000000000000000 ) ) ;
#1818 = VERTEX_POINT ( 'NONE', #837 ) ;
#1819 = CARTESIAN_POINT ( 'NONE',  ( -289.4051020159278664, 64.32397594542950969, 183.7207935539340440 ) ) ;
#1820 = EDGE_LOOP ( 'NONE', ( #2057, #11094, #3577, #10637 ) ) ;
#1821 = FACE_BOUND ( 'NONE', #310, .T. ) ;
#1822 = AXIS2_PLACEMENT_3D ( 'NONE', #8738, #952, #2750 ) ;
#1823 = FACE_OUTER_BOUND ( 'NONE', #8366, .T. ) ;
#1824 = DIRECTION ( 'NONE',  ( 0.000000000000000000, 0.000000000000000000, -1.000000000000000000 ) ) ;
#1825 = TOROIDAL_SURFACE ( 'NONE', #11121, 15.90485382080079901, 3.000000000000000000 ) ;
#1826 = CIRCLE ( 'NONE', #8320, 3.000000000000039080 ) ;
#1827 = CARTESIAN_POINT ( 'NONE',  ( -62.68753156123731429, 110.9465026855470029, 143.7207935539339871 ) ) ;
#1828 = ORIENTED_EDGE ( 'NONE', *, *, #884, .F. ) ;
#1829 = EDGE_LOOP ( 'NONE', ( #10670, #210, #3493, #1484 ) ) ;
#1830 = CARTESIAN_POINT ( 'NONE',  ( 288.8209915161129970, 76.32125139236430300, 158.7207935539340156 ) ) ;
#1831 = EDGE_CURVE ( 'NONE', #7718, #7053, #1772, .T. ) ;
#1832 = EDGE_LOOP ( 'NONE', ( #5685, #7254, #2238, #6891, #10160, #1567, #6856 ) ) ;
#1833 = DIRECTION ( 'NONE',  ( 0.000000000000000000, 0.000000000000000000, 1.000000000000000000 ) ) ;
#1834 = CYLINDRICAL_SURFACE ( 'NONE', #1273, 12.90484428405759587 ) ;
#1835 = CARTESIAN_POINT ( 'NONE',  ( -169.2988422445038736, 79.79726952878168333, 208.6152635458325904 ) ) ;
#1836 = CARTESIAN_POINT ( 'NONE',  ( -30.26300430297849786, 128.8515090942379970, 203.7207935539339871 ) ) ;
#1837 = AXIS2_PLACEMENT_3D ( 'NONE', #5620, #2952, #6259 ) ;
#1838 = DIRECTION ( 'NONE',  ( 0.000000000000000000, 0.000000000000000000, -1.000000000000000000 ) ) ;
#1839 = FACE_OUTER_BOUND ( 'NONE', #10087, .T. ) ;
#1840 = ORIENTED_EDGE ( 'NONE', *, *, #8759, .F. ) ;
#1841 = CARTESIAN_POINT ( 'NONE',  ( 132.3913192749020027, 35.90431442206535451, 157.8421138974936468 ) ) ;
#1842 = EDGE_CURVE ( 'NONE', #2340, #11181, #2457, .T. ) ;
#1843 = DIRECTION ( 'NONE',  ( 0.000000000000000000, -0.7071067811865460184, 0.7071067811865487940 ) ) ;
#1844 = ORIENTED_EDGE ( 'NONE', *, *, #10475, .F. ) ;
#1845 = DIRECTION ( 'NONE',  ( 3.315149599710885252E-16, -1.000000000000000000, 3.315149599710885252E-16 ) ) ;
#1846 = CARTESIAN_POINT ( 'NONE',  ( -269.8896011046559806, 58.61684799194339490, 208.7207935539339871 ) ) ;
#1847 = VERTEX_POINT ( 'NONE', #9684 ) ;
#1848 = VECTOR ( 'NONE', #51, 1000.000000000000000 ) ;
#1849 = CARTESIAN_POINT ( 'NONE',  ( -200.9609317779544426, 76.52169227600100498, 203.7207935539339871 ) ) ;
#1850 = CARTESIAN_POINT ( 'NONE',  ( -291.1789894103999927, 98.89977624330829542, 204.8427909302159833 ) ) ;
#1851 = LINE ( 'NONE', #2723, #4991 ) ;
#1852 = VERTEX_POINT ( 'NONE', #8030 ) ;
#1853 = CARTESIAN_POINT ( 'NONE',  ( -261.1789894103999359, 46.32125139236449485, 183.7207935539340156 ) ) ;
#1854 = CARTESIAN_POINT ( 'NONE',  ( -96.71296874174299774, 117.8685996535100031, 207.6743849957320265 ) ) ;
#1855 = EDGE_CURVE ( 'NONE', #1180, #2839, #9517, .T. ) ;
#1856 = DIRECTION ( 'NONE',  ( 1.226857500901394668E-08, 0.9999999999999998890, 0.000000000000000000 ) ) ;
#1857 = ORIENTED_EDGE ( 'NONE', *, *, #3942, .T. ) ;
#1858 = FACE_OUTER_BOUND ( 'NONE', #3346, .T. ) ;
#1859 = DIRECTION ( 'NONE',  ( 0.000000000000000000, 0.000000000000000000, -1.000000000000000000 ) ) ;
#1860 = CARTESIAN_POINT ( 'NONE',  ( -45.45299509213570133, 62.21578598022459516, 158.7207935539340156 ) ) ;
#1861 = EDGE_CURVE ( 'NONE', #9320, #6042, #2805, .T. ) ;
#1862 = CARTESIAN_POINT ( 'NONE',  ( 183.5030736399810110, 76.52168743035359455, 158.7207935539340156 ) ) ;
#1863 = CARTESIAN_POINT ( 'NONE',  ( 196.4079225027913935, 76.52168778469071242, 183.7207935539340156 ) ) ;
#1864 = CARTESIAN_POINT ( 'NONE',  ( 288.8209915161129970, 76.31385428700559714, 155.7242631038740228 ) ) ;
#1865 = ORIENTED_EDGE ( 'NONE', *, *, #9880, .T. ) ;
#1866 = ORIENTED_EDGE ( 'NONE', *, *, #4112, .T. ) ;
#1867 = ORIENTED_EDGE ( 'NONE', *, *, #5269, .T. ) ;
#1868 = CARTESIAN_POINT ( 'NONE',  ( 27.90500640869139914, 123.8515090942380112, 203.7207935539339871 ) ) ;
#1869 = ORIENTED_EDGE ( 'NONE', *, *, #9260, .F. ) ;
#1870 = CARTESIAN_POINT ( 'NONE',  ( -288.6709469475429728, 60.03142480030592054, 183.7207935539339871 ) ) ;
#1871 = ORIENTED_EDGE ( 'NONE', *, *, #4618, .F. ) ;
#1872 = ADVANCED_FACE ( 'NONE', ( #781 ), #3393, .T. ) ;
#1873 = FACE_BOUND ( 'NONE', #10756, .T. ) ;
#1874 = EDGE_CURVE ( 'NONE', #1626, #8262, #4331, .T. ) ;
#1875 = CYLINDRICAL_SURFACE ( 'NONE', #3274, 12.90484428405760120 ) ;
#1876 = DIRECTION ( 'NONE',  ( -1.000000000000000000, -1.226857575922620063E-08, -6.280255024119359983E-16 ) ) ;
#1877 = CARTESIAN_POINT ( 'NONE',  ( 144.4104957580560153, 134.9871293177949951, 158.7207935539340156 ) ) ;
#1878 = ORIENTED_EDGE ( 'NONE', *, *, #313, .T. ) ;
#1879 = AXIS2_PLACEMENT_3D ( 'NONE', #2771, #9928, #9989 ) ;
#1880 = ORIENTED_EDGE ( 'NONE', *, *, #2478, .T. ) ;
#1881 = CARTESIAN_POINT ( 'NONE',  ( 216.5078370686659923, 63.61684799194339490, 150.7207935539340156 ) ) ;
#1882 = CIRCLE ( 'NONE', #7999, 5.000000000000004441 ) ;
#1883 = EDGE_LOOP ( 'NONE', ( #1406, #3804, #362, #2739 ) ) ;
#1884 = FACE_OUTER_BOUND ( 'NONE', #3376, .T. ) ;
#1885 = CYLINDRICAL_SURFACE ( 'NONE', #2377, 5.000000000000012434 ) ;
#1886 = CARTESIAN_POINT ( 'NONE',  ( 93.73929179534680145, 136.8167928041949040, 208.2795369371474408 ) ) ;
#1887 = DIRECTION ( 'NONE',  ( -1.000000000000000000, 4.250985102559089721E-17, 0.000000000000000000 ) ) ;
#1888 = DIRECTION ( 'NONE',  ( -1.000000000000000000, 2.688482178977768457E-16, 0.000000000000000000 ) ) ;
#1889 = VECTOR ( 'NONE', #326, 1000.000000000000000 ) ;
#1890 = ADVANCED_FACE ( 'NONE', ( #7917 ), #4515, .T. ) ;
#1891 = CARTESIAN_POINT ( 'NONE',  ( -205.9609317779544142, 76.52169227600100498, 203.7207935539339871 ) ) ;
#1892 = ORIENTED_EDGE ( 'NONE', *, *, #9310, .T. ) ;
#1893 = DIRECTION ( 'NONE',  ( 5.480868912904819410E-16, -1.000000000000000000, 0.000000000000000000 ) ) ;
#1894 = CARTESIAN_POINT ( 'NONE',  ( -202.3634169808140086, 83.46831689458659298, 208.7207935539339871 ) ) ;
#1895 = EDGE_LOOP ( 'NONE', ( #2409, #10335, #158, #10351 ) ) ;
#1896 = LINE ( 'NONE', #3706, #1707 ) ;
#1897 = VECTOR ( 'NONE', #2126, 1000.000000000000000 ) ;
#1898 = CARTESIAN_POINT ( 'NONE',  ( -196.0534980383150128, 117.2091289500820039, 208.3251006671646905 ) ) ;
#1899 = VERTEX_POINT ( 'NONE', #10663 ) ;
#1900 = DIRECTION ( 'NONE',  ( 0.000000000000000000, 0.000000000000000000, -1.000000000000000000 ) ) ;
#1901 = DIRECTION ( 'NONE',  ( 0.000000000000000000, 0.000000000000000000, -1.000000000000000000 ) ) ;
#1902 = FACE_OUTER_BOUND ( 'NONE', #1352, .T. ) ;
#1903 = ORIENTED_EDGE ( 'NONE', *, *, #672, .F. ) ;
#1904 = EDGE_CURVE ( 'NONE', #7213, #2161, #5982, .T. ) ;
#1905 = DIRECTION ( 'NONE',  ( -0.7071067811865382469, 0.000000000000000000, 0.7071067811865567876 ) ) ;
#1906 = AXIS2_PLACEMENT_3D ( 'NONE', #7628, #8566, #11204 ) ;
#1907 = CARTESIAN_POINT ( 'NONE',  ( -67.96416759490981008, 6.215927124023430395, 155.7207935539340156 ) ) ;
#1908 = DIRECTION ( 'NONE',  ( 0.9999999999999997780, 2.745767261373882970E-08, 0.000000000000000000 ) ) ;
#1909 = EDGE_LOOP ( 'NONE', ( #878, #1721, #970, #6175, #941, #9746 ) ) ;
#1910 = AXIS2_PLACEMENT_3D ( 'NONE', #1496, #8414, #6664 ) ;
#1911 = DIRECTION ( 'NONE',  ( 0.000000000000000000, 1.000000000000000000, 0.000000000000000000 ) ) ;
#1912 = CARTESIAN_POINT ( 'NONE',  ( 216.5078353881840201, 22.12078094482420099, 155.7207935539340156 ) ) ;
#1913 = CARTESIAN_POINT ( 'NONE',  ( -218.8657760620120314, 63.61684799194339490, 183.7207935539340156 ) ) ;
#1914 = B_SPLINE_CURVE_WITH_KNOTS ( 'NONE', 3,
 ( #10210, #9389, #4037, #8283, #2232, #10322, #554, #2346, #7569, #5777, #9326, #1423, #8510, #5889, #1191, #7033, #9555 ),
 .UNSPECIFIED., .F., .F.,
 ( 4, 2, 2, 1, 1, 1, 1, 1, 2, 2, 4 ),
 ( 0.5000000000000000000, 0.6249999999998225864, 0.6874999999997324363, 0.7187499999996873612, 0.7343749999996633804, 0.7421874999996499467, 0.7460937499996418421, 0.7480468749996378452, 0.7490234374996371791, 0.7499999999996366240, 1.000000000000000000 ),
 .UNSPECIFIED. ) ;
#1915 = EDGE_CURVE ( 'NONE', #3066, #7518, #3912, .T. ) ;
#1916 = VECTOR ( 'NONE', #2250, 1000.000000000000000 ) ;
#1917 = PLANE ( 'NONE',  #1225 ) ;
#1918 = FACE_OUTER_BOUND ( 'NONE', #3947, .T. ) ;
#1919 = FACE_OUTER_BOUND ( 'NONE', #8878, .T. ) ;
#1920 = ORIENTED_EDGE ( 'NONE', *, *, #831, .T. ) ;
#1921 = EDGE_CURVE ( 'NONE', #2796, #4029, #246, .T. ) ;
#1922 = EDGE_LOOP ( 'NONE', ( #3730, #11042, #8047, #9821, #2406, #243 ) ) ;
#1923 = ORIENTED_EDGE ( 'NONE', *, *, #425, .T. ) ;
#1924 = CARTESIAN_POINT ( 'NONE',  ( 150.3786849975589917, 6.215927124023390427, 155.7207935539340156 ) ) ;
#1925 = CARTESIAN_POINT ( 'NONE',  ( -289.4071600204711103, 64.33591502082060742, 183.7207935539340156 ) ) ;
#1926 = AXIS2_PLACEMENT_3D ( 'NONE', #9668, #4485, #7906 ) ;
#1927 = CARTESIAN_POINT ( 'NONE',  ( -94.67898941040009220, 119.8311360573549962, 206.2207935539339871 ) ) ;
#1928 = AXIS2_PLACEMENT_3D ( 'NONE', #5253, #2397, #5941 ) ;
#1929 = DIRECTION ( 'NONE',  ( 0.000000000000000000, 0.000000000000000000, 1.000000000000000000 ) ) ;
#1930 = EDGE_CURVE ( 'NONE', #11511, #1129, #7083, .T. ) ;
#1931 = AXIS2_PLACEMENT_3D ( 'NONE', #3377, #8549, #2382 ) ;
#1932 = CARTESIAN_POINT ( 'NONE',  ( 286.5949258361328020, 61.66681929254095706, 158.7218801809642912 ) ) ;
#1933 = DIRECTION ( 'NONE',  ( -0.9999999999999995559, -2.745767241464908234E-08, 0.000000000000000000 ) ) ;
#1934 = CARTESIAN_POINT ( 'NONE',  ( 167.5982239441827346, 22.12077808833640091, 155.7207935539340156 ) ) ;
#1935 = VECTOR ( 'NONE', #8301, 1000.000000000000000 ) ;
#1936 = EDGE_LOOP ( 'NONE', ( #1535, #10631, #3272, #5622 ) ) ;
#1937 = EDGE_CURVE ( 'NONE', #5813, #9860, #6516, .T. ) ;
#1938 = ORIENTED_EDGE ( 'NONE', *, *, #7594, .T. ) ;
#1939 = ORIENTED_EDGE ( 'NONE', *, *, #1921, .T. ) ;
#1940 = DIRECTION ( 'NONE',  ( 0.9999999999999995559, 2.745767258921879090E-08, 0.000000000000000000 ) ) ;
#1941 = EDGE_CURVE ( 'NONE', #5203, #1967, #5619, .T. ) ;
#1942 = VECTOR ( 'NONE', #574, 1000.000000000000000 ) ;
#1943 = VERTEX_POINT ( 'NONE', #6571 ) ;
#1944 = VECTOR ( 'NONE', #10647, 1000.000000000000000 ) ;
#1945 = CARTESIAN_POINT ( 'NONE',  ( -291.1789866413979553, 76.30645708986949671, 155.7277326296729996 ) ) ;
#1946 = AXIS2_PLACEMENT_3D ( 'NONE', #3722, #7364, #8360 ) ;
#1947 = DIRECTION ( 'NONE',  ( 0.000000000000000000, 0.000000000000000000, -1.000000000000000000 ) ) ;
#1948 = DIRECTION ( 'NONE',  ( 0.000000000000000000, 0.000000000000000000, -1.000000000000000000 ) ) ;
#1949 = LINE ( 'NONE', #205, #9062 ) ;
#1950 = LINE ( 'NONE', #3701, #4010 ) ;
#1951 = CIRCLE ( 'NONE', #1763, 12.90484969578129437 ) ;
#1952 = CIRCLE ( 'NONE', #9772, 12.90485382080080967 ) ;
#1953 = VECTOR ( 'NONE', #5853, 1000.000000000000000 ) ;
#1954 = DIRECTION ( 'NONE',  ( -1.000000000000000000, -8.450180604994459110E-17, 8.450180604994449250E-17 ) ) ;
#1955 = ORIENTED_EDGE ( 'NONE', *, *, #9527, .T. ) ;
#1956 = EDGE_CURVE ( 'NONE', #4537, #9021, #611, .T. ) ;
#1957 = CARTESIAN_POINT ( 'NONE',  ( 132.3913249411490085, 76.52169227600100498, 183.7207935539340156 ) ) ;
#1958 = VERTEX_POINT ( 'NONE', #9147 ) ;
#1959 = CARTESIAN_POINT ( 'NONE',  ( -83.01555633544920454, 76.52169227600100498, 158.7207935539340156 ) ) ;
#1960 = CARTESIAN_POINT ( 'NONE',  ( -288.5835325750936704, 58.49893546247361797, 158.7207935539366019 ) ) ;
#1961 = ORIENTED_EDGE ( 'NONE', *, *, #1646, .T. ) ;
#1962 = VECTOR ( 'NONE', #5403, 1000.000000000000000 ) ;
#1963 = LINE ( 'NONE', #6483, #5780 ) ;
#1964 = CYLINDRICAL_SURFACE ( 'NONE', #6586, 2.500000000000000888 ) ;
#1965 = CARTESIAN_POINT ( 'NONE',  ( 288.0887584690793801, 158.9462378524262363, 123.7207935539339871 ) ) ;
#1966 = CIRCLE ( 'NONE', #6416, 12.90485382080079546 ) ;
#1967 = VERTEX_POINT ( 'NONE', #10084 ) ;
#1968 = CARTESIAN_POINT ( 'NONE',  ( 267.5316238403320312, 89.42653656005859375, 150.7207935539340156 ) ) ;
#1969 = DIRECTION ( 'NONE',  ( 0.000000000000000000, 1.000000000000000000, 0.000000000000000000 ) ) ;
#1970 = DIRECTION ( 'NONE',  ( 4.475536128753789939E-15, 1.000000000000000000, 0.000000000000000000 ) ) ;
#1971 = ORIENTED_EDGE ( 'NONE', *, *, #2842, .T. ) ;
#1972 = CIRCLE ( 'NONE', #2521, 3.000000000000002665 ) ;
#1973 = DIRECTION ( 'NONE',  ( 1.000000000000000000, 0.000000000000000000, 0.000000000000000000 ) ) ;
#1974 = DIRECTION ( 'NONE',  ( 0.000000000000000000, 0.000000000000000000, -1.000000000000000000 ) ) ;
#1975 = ORIENTED_EDGE ( 'NONE', *, *, #5269, .F. ) ;
#1976 = LINE ( 'NONE', #3669, #7747 ) ;
#1977 = DIRECTION ( 'NONE',  ( 0.000000000000000000, 0.000000000000000000, -1.000000000000000000 ) ) ;
#1978 = EDGE_CURVE ( 'NONE', #10914, #1761, #2865, .T. ) ;
#1979 =( BOUNDED_CURVE ( )  B_SPLINE_CURVE ( 3, ( #8945, #6209, #9779, #2609 ),
 .UNSPECIFIED., .F., .F. ) 
 B_SPLINE_CURVE_WITH_KNOTS ( ( 4, 4 ),
 ( 0.7853981633974490562, 1.570796326794696496 ),
 .UNSPECIFIED. ) 
 CURVE ( )  GEOMETRIC_REPRESENTATION_ITEM ( )  RATIONAL_B_SPLINE_CURVE ( ( 1.000000000000000000, 0.9492530216742167681, 0.9492530216742167681, 1.000000000000000000 ) ) 
 REPRESENTATION_ITEM ( '' )  );
#1980 = DIRECTION ( 'NONE',  ( 0.000000000000000000, -0.7191424945380946454, 0.6948626285457626395 ) ) ;
#1981 = DIRECTION ( 'NONE',  ( -2.283690278945060145E-16, 0.3562957817360009605, -0.9343732208904169667 ) ) ;
#1982 = DIRECTION ( 'NONE',  ( 0.9999999999999982236, 5.974482437999869362E-08, -1.003254186567378186E-15 ) ) ;
#1983 = AXIS2_PLACEMENT_3D ( 'NONE', #2492, #9240, #6493 ) ;
#1984 = CARTESIAN_POINT ( 'NONE',  ( -45.45299509213570133, 88.02577972412109375, 183.7207935539340156 ) ) ;
#1985 = VERTEX_POINT ( 'NONE', #9090 ) ;
#1986 = VERTEX_POINT ( 'NONE', #4623 ) ;
#1987 = ORIENTED_EDGE ( 'NONE', *, *, #4900, .T. ) ;
#1988 = CARTESIAN_POINT ( 'NONE',  ( -152.7366433896910110, 89.42653656005859375, 148.7207935539339871 ) ) ;
#1989 = ADVANCED_FACE ( 'NONE', ( #10201 ), #10841, .F. ) ;
#1990 = CARTESIAN_POINT ( 'NONE',  ( 150.3786849975589917, 35.02563476562500000, 158.7207935539340156 ) ) ;
#1991 = VERTEX_POINT ( 'NONE', #195 ) ;
#1992 = FACE_BOUND ( 'NONE', #5164, .T. ) ;
#1993 = DIRECTION ( 'NONE',  ( 4.688749442782618508E-16, -0.7191424945380946454, 0.6948626285457626395 ) ) ;
#1994 = ADVANCED_FACE ( 'NONE', ( #5650 ), #10908, .T. ) ;
#1995 = DIRECTION ( 'NONE',  ( 0.000000000000000000, 0.000000000000000000, 1.000000000000000000 ) ) ;
#1996 = LINE ( 'NONE', #6344, #7292 ) ;
#1997 = DIRECTION ( 'NONE',  ( -1.000000000000000000, 0.000000000000000000, 0.000000000000000000 ) ) ;
#1998 = ORIENTED_EDGE ( 'NONE', *, *, #8096, .T. ) ;
#1999 = ORIENTED_EDGE ( 'NONE', *, *, #11107, .T. ) ;
#2000 = ORIENTED_EDGE ( 'NONE', *, *, #5518, .F. ) ;
#2001 = CARTESIAN_POINT ( 'NONE',  ( 150.3786849975589917, 35.02563476562500000, 138.7207935539339871 ) ) ;
#2002 = EDGE_CURVE ( 'NONE', #9282, #6594, #10027, .T. ) ;
#2003 = ORIENTED_EDGE ( 'NONE', *, *, #8760, .T. ) ;
#2004 = CARTESIAN_POINT ( 'NONE',  ( -196.7129687417429977, 117.8685996535100031, 207.6743849957320265 ) ) ;
#2005 = DIRECTION ( 'NONE',  ( -1.075393666311713415E-15, -1.000000000000000000, 0.000000000000000000 ) ) ;
#2006 = CARTESIAN_POINT ( 'NONE',  ( 286.3209915161129970, 101.2175338996189851, 205.5186497902789995 ) ) ;
#2007 = CARTESIAN_POINT ( 'NONE',  ( -62.68753155976759928, 128.8515090942379970, 203.7207935539339871 ) ) ;
#2008 = DIRECTION ( 'NONE',  ( -3.808450979535799445E-16, 0.6948626285457626395, 0.7191424945380946454 ) ) ;
#2009 = EDGE_CURVE ( 'NONE', #10062, #5638, #371, .T. ) ;
#2010 = VECTOR ( 'NONE', #2703, 1000.000000000000000 ) ;
#2011 = CIRCLE ( 'NONE', #10556, 5.000000000000004441 ) ;
#2012 = VECTOR ( 'NONE', #11066, 1000.000000000000000 ) ;
#2013 = CARTESIAN_POINT ( 'NONE',  ( -202.3633819018567692, 74.34280802149339706, 208.5552632665685735 ) ) ;
#2014 = ORIENTED_EDGE ( 'NONE', *, *, #10080, .T. ) ;
#2015 = LINE ( 'NONE', #5561, #2671 ) ;
#2016 = VERTEX_POINT ( 'NONE', #7329 ) ;
#2017 = DIRECTION ( 'NONE',  ( 0.000000000000000000, 0.000000000000000000, -1.000000000000000000 ) ) ;
#2018 = ORIENTED_EDGE ( 'NONE', *, *, #3553, .F. ) ;
#2019 = AXIS2_PLACEMENT_3D ( 'NONE', #4832, #3310, #3192 ) ;
#2020 = CIRCLE ( 'NONE', #3510, 12.90484428405759587 ) ;
#2021 = CARTESIAN_POINT ( 'NONE',  ( -94.67898941040009220, 115.8346203221669981, 208.7207935539339871 ) ) ;
#2022 = DIRECTION ( 'NONE',  ( 0.000000000000000000, 0.000000000000000000, 1.000000000000000000 ) ) ;
#2023 = DIRECTION ( 'NONE',  ( 8.601340485944210462E-16, 1.000000000000000000, 0.000000000000000000 ) ) ;
#2024 = EDGE_LOOP ( 'NONE', ( #1867, #5735, #9849, #4304, #748 ) ) ;
#2025 = EDGE_CURVE ( 'NONE', #4731, #7978, #8350, .T. ) ;
#2026 = FACE_OUTER_BOUND ( 'NONE', #6011, .T. ) ;
#2027 = DIRECTION ( 'NONE',  ( 0.000000000000000000, -1.000000000000000000, 0.000000000000000000 ) ) ;
#2028 = ORIENTED_EDGE ( 'NONE', *, *, #11465, .F. ) ;
#2029 = CARTESIAN_POINT ( 'NONE',  ( 288.5638654635521902, 122.0395267274126638, 183.7207935539340156 ) ) ;
#2030 = CARTESIAN_POINT ( 'NONE',  ( 288.8209915161129970, 120.1226279269199892, 183.7754717032180167 ) ) ;
#2031 = VERTEX_POINT ( 'NONE', #5713 ) ;
#2032 = AXIS2_PLACEMENT_3D ( 'NONE', #8049, #2597, #1672 ) ;
#2033 = CARTESIAN_POINT ( 'NONE',  ( 43.09501647949219461, 88.02577972412109375, 158.7207935539340156 ) ) ;
#2034 = CARTESIAN_POINT ( 'NONE',  ( 165.5982247771706000, 76.52168743035359455, 203.7207935539339871 ) ) ;
#2035 = CYLINDRICAL_SURFACE ( 'NONE', #5726, 2.999999999999994227 ) ;
#2036 = CIRCLE ( 'NONE', #8538, 12.90484428405761008 ) ;
#2037 = EDGE_CURVE ( 'NONE', #3110, #6433, #10967, .T. ) ;
#2038 = DIRECTION ( 'NONE',  ( 1.000000000000000000, 0.000000000000000000, 0.000000000000000000 ) ) ;
#2039 = DIRECTION ( 'NONE',  ( 1.000000000000000000, -1.450581500941730042E-16, -1.450581500941730042E-16 ) ) ;
#2040 = FACE_OUTER_BOUND ( 'NONE', #4489, .T. ) ;
#2041 = ORIENTED_EDGE ( 'NONE', *, *, #8608, .T. ) ;
#2042 = ORIENTED_EDGE ( 'NONE', *, *, #2167, .T. ) ;
#2043 = ORIENTED_EDGE ( 'NONE', *, *, #7337, .T. ) ;
#2044 = DIRECTION ( 'NONE',  ( -1.000000000000000000, -4.342824285326370048E-16, 2.991839073662610075E-16 ) ) ;
#2045 = ORIENTED_EDGE ( 'NONE', *, *, #3587, .T. ) ;
#2046 = CARTESIAN_POINT ( 'NONE',  ( -291.0481187510584391, 72.92951348704835368, 157.3117493059911851 ) ) ;
#2047 = CARTESIAN_POINT ( 'NONE',  ( -62.68753156017800876, 123.8515090942380112, 158.7207935539340156 ) ) ;
#2048 = ADVANCED_FACE ( 'NONE', ( #254 ), #6408, .F. ) ;
#2049 = CIRCLE ( 'NONE', #10598, 5.000000000000004441 ) ;
#2050 = EDGE_CURVE ( 'NONE', #5993, #7224, #11345, .T. ) ;
#2051 = CARTESIAN_POINT ( 'NONE',  ( 285.8209915161129970, 118.5608753807499909, 158.7207935539340156 ) ) ;
#2052 = LINE ( 'NONE', #5596, #2781 ) ;
#2053 = ORIENTED_EDGE ( 'NONE', *, *, #1258, .F. ) ;
#2054 = EDGE_LOOP ( 'NONE', ( #905, #8140, #1939, #1892 ) ) ;
#2055 = EDGE_LOOP ( 'NONE', ( #40, #2979, #1585, #3695 ) ) ;
#2056 = DIRECTION ( 'NONE',  ( 5.252442479408088235E-16, -0.6948626285457626395, -0.7191424945380946454 ) ) ;
#2057 = ORIENTED_EDGE ( 'NONE', *, *, #5462, .F. ) ;
#2058 = CARTESIAN_POINT ( 'NONE',  ( 132.3913192749020027, 22.12078094482420099, 155.7207935539340156 ) ) ;
#2059 = LINE ( 'NONE', #1250, #8319 ) ;
#2060 = CARTESIAN_POINT ( 'NONE',  ( 288.8209915161129970, 76.32125139236430300, 155.7207935539340156 ) ) ;
#2061 = CARTESIAN_POINT ( 'NONE',  ( 38.07888031005860086, 6.215927124023390427, 155.7207935539340156 ) ) ;
#2062 = LINE ( 'NONE', #8042, #3830 ) ;
#2063 = B_SPLINE_CURVE_WITH_KNOTS ( 'NONE', 3,
 ( #4418, #754, #7118, #10463, #9596, #1619, #10696, #11463, #5972, #871, #5169, #3423, #1679, #5227, #8770, #7007 ),
 .UNSPECIFIED., .F., .F.,
 ( 4, 2, 2, 1, 1, 1, 1, 2, 2, 4 ),
 ( 0.02255365348397369435, 0.2669152401129428198, 0.3890960334274274346, 0.4501864300846696865, 0.4807316284132923667, 0.4960042275776037068, 0.5036405271597582667, 0.5074586769508341311, 0.5112768267419101065, 1.000000000000000000 ),
 .UNSPECIFIED. ) ;
#2064 = EDGE_CURVE ( 'NONE', #4678, #3452, #2963, .T. ) ;
#2065 = CIRCLE ( 'NONE', #7061, 33.00000000000000000 ) ;
#2066 = VECTOR ( 'NONE', #4591, 1000.000000000000000 ) ;
#2067 = DIRECTION ( 'NONE',  ( -1.000000000000000000, 0.000000000000000000, 0.000000000000000000 ) ) ;
#2068 = ORIENTED_EDGE ( 'NONE', *, *, #6458, .T. ) ;
#2069 = ORIENTED_EDGE ( 'NONE', *, *, #9800, .T. ) ;
#2070 = DIRECTION ( 'NONE',  ( 0.000000000000000000, 0.000000000000000000, 1.000000000000000000 ) ) ;
#2071 = DIRECTION ( 'NONE',  ( 2.025046796916284173E-15, -0.7191424945380936462, 0.6948626285457636387 ) ) ;
#2072 = EDGE_CURVE ( 'NONE', #9498, #8615, #2052, .T. ) ;
#2073 = ORIENTED_EDGE ( 'NONE', *, *, #576, .F. ) ;
#2074 = CARTESIAN_POINT ( 'NONE',  ( 67.75273139693159408, 22.12078010271849848, 155.7207935539340156 ) ) ;
#2075 = CARTESIAN_POINT ( 'NONE',  ( -218.8657760620120314, 58.61684799194339490, 208.7207935539339871 ) ) ;
#2076 = AXIS2_PLACEMENT_3D ( 'NONE', #1064, #187, #3623 ) ;
#2077 = CARTESIAN_POINT ( 'NONE',  ( 216.5078353881840201, 22.12078094482420099, 158.7207935539340156 ) ) ;
#2078 = AXIS2_PLACEMENT_3D ( 'NONE', #3001, #4868, #6764 ) ;
#2079 = EDGE_LOOP ( 'NONE', ( #3328, #4219, #6592, #11211, #7282 ) ) ;
#2080 = CARTESIAN_POINT ( 'NONE',  ( -134.7493367092509970, 58.61684799194339490, 203.7207935539339871 ) ) ;
#2081 = CYLINDRICAL_SURFACE ( 'NONE', #809, 5.000000000000012434 ) ;
#2082 = CIRCLE ( 'NONE', #3385, 17.90484791500050221 ) ;
#2083 = CARTESIAN_POINT ( 'NONE',  ( -76.95782184600820131, 35.90431442206535451, 157.8421138974936468 ) ) ;
#2084 = EDGE_LOOP ( 'NONE', ( #6650, #2981, #10562, #2719 ) ) ;
#2085 = DIRECTION ( 'NONE',  ( 0.000000000000000000, 0.000000000000000000, -1.000000000000000000 ) ) ;
#2086 = EDGE_CURVE ( 'NONE', #8558, #4319, #376, .T. ) ;
#2087 = ORIENTED_EDGE ( 'NONE', *, *, #7354, .F. ) ;
#2088 = EDGE_CURVE ( 'NONE', #9615, #6806, #11525, .T. ) ;
#2089 = CARTESIAN_POINT ( 'NONE',  ( -30.26300430297849786, 110.9465026855470029, 203.7207935539339871 ) ) ;
#2090 = DIRECTION ( 'NONE',  ( -1.000000000000000000, 0.000000000000000000, 0.000000000000000000 ) ) ;
#2091 = CARTESIAN_POINT ( 'NONE',  ( -288.2255200237619874, 59.81281337541170018, 183.9040294210179809 ) ) ;
#2092 = AXIS2_PLACEMENT_3D ( 'NONE', #9444, #3338, #2348 ) ;
#2093 = LINE ( 'NONE', #9194, #10486 ) ;
#2094 = CARTESIAN_POINT ( 'NONE',  ( -286.1789894103999927, 76.32125139236450195, 203.7207935539339871 ) ) ;
#2095 = VERTEX_POINT ( 'NONE', #1579 ) ;
#2096 = VERTEX_POINT ( 'NONE', #5066 ) ;
#2097 = EDGE_LOOP ( 'NONE', ( #7769, #4095, #6609, #10964 ) ) ;
#2098 = CARTESIAN_POINT ( 'NONE',  ( 115.5181113201925456, 73.13291884788749542, 208.6722978518415061 ) ) ;
#2099 = FACE_OUTER_BOUND ( 'NONE', #7372, .T. ) ;
#2100 = CIRCLE ( 'NONE', #6370, 25.00000000000001066 ) ;
#2101 = DIRECTION ( 'NONE',  ( 0.000000000000000000, 0.000000000000000000, -1.000000000000000000 ) ) ;
#2102 = CARTESIAN_POINT ( 'NONE',  ( 286.5839224272050387, 61.60218391377300406, 158.7218818572009127 ) ) ;
#2103 = PLANE ( 'NONE',  #2109 ) ;
#2104 = DIRECTION ( 'NONE',  ( 1.075393666311713415E-15, -1.000000000000000000, 0.000000000000000000 ) ) ;
#2105 = VERTEX_POINT ( 'NONE', #8554 ) ;
#2106 = ORIENTED_EDGE ( 'NONE', *, *, #3671, .T. ) ;
#2107 = EDGE_LOOP ( 'NONE', ( #7332, #3000, #7253, #5757 ) ) ;
#2108 = CARTESIAN_POINT ( 'NONE',  ( 133.1763124465940109, 62.15238189787613265, 207.2563274598667533 ) ) ;
#2109 = AXIS2_PLACEMENT_3D ( 'NONE', #8149, #7434, #9905 ) ;
#2110 = ORIENTED_EDGE ( 'NONE', *, *, #10677, .F. ) ;
#2111 = CARTESIAN_POINT ( 'NONE',  ( -290.4467563633665463, 122.7232690600038012, 183.7207935539340156 ) ) ;
#2112 = LINE ( 'NONE', #6732, #6635 ) ;
#2113 = PLANE ( 'NONE',  #9203 ) ;
#2114 = EDGE_CURVE ( 'NONE', #5771, #3388, #8444, .T. ) ;
#2115 = DIRECTION ( 'NONE',  ( 1.000000000000000000, 2.036638432068759852E-16, 0.000000000000000000 ) ) ;
#2116 = DIRECTION ( 'NONE',  ( 1.000000000000000000, 6.409534987526679801E-16, 0.000000000000000000 ) ) ;
#2117 = AXIS2_PLACEMENT_3D ( 'NONE', #1458, #10295, #5002 ) ;
#2118 = AXIS2_PLACEMENT_3D ( 'NONE', #1957, #9986, #4637 ) ;
#2119 = CARTESIAN_POINT ( 'NONE',  ( -197.1789894103999927, 100.4908558527999958, 206.2207935539339871 ) ) ;
#2120 = STYLED_ITEM ( 'NONE', ( #8726 ), #4948 ) ;
#2121 = ORIENTED_EDGE ( 'NONE', *, *, #6262, .F. ) ;
#2122 = CARTESIAN_POINT ( 'NONE',  ( -134.7493367092509970, 62.15238189787611844, 207.2563274598667533 ) ) ;
#2123 = AXIS2_PLACEMENT_3D ( 'NONE', #8909, #944, #8019 ) ;
#2124 = CIRCLE ( 'NONE', #3834, 5.000000000000004441 ) ;
#2125 = ORIENTED_EDGE ( 'NONE', *, *, #10342, .F. ) ;
#2126 = DIRECTION ( 'NONE',  ( 0.000000000000000000, 0.000000000000000000, -1.000000000000000000 ) ) ;
#2127 = CARTESIAN_POINT ( 'NONE',  ( 287.9182305946719680, 66.93249466260580505, 182.9851737423090015 ) ) ;
#2128 = EDGE_LOOP ( 'NONE', ( #9467, #11158 ) ) ;
#2129 = EDGE_CURVE ( 'NONE', #7647, #8820, #7220, .T. ) ;
#2130 = DIRECTION ( 'NONE',  ( 2.150785743182216738E-15, 1.000000000000000000, 0.000000000000000000 ) ) ;
#2131 = DIRECTION ( 'NONE',  ( 0.000000000000000000, 0.000000000000000000, -1.000000000000000000 ) ) ;
#2132 = EDGE_CURVE ( 'NONE', #1852, #9632, #3531, .T. ) ;
#2133 = EDGE_CURVE ( 'NONE', #7070, #7910, #5010, .T. ) ;
#2134 = CARTESIAN_POINT ( 'NONE',  ( -269.8896011036019900, 76.52169227600100498, 183.7207935539340156 ) ) ;
#2135 = TOROIDAL_SURFACE ( 'NONE', #8626, 17.90499687194819600, 5.000000000000000000 ) ;
#2136 = ORIENTED_EDGE ( 'NONE', *, *, #4249, .T. ) ;
#2137 = CARTESIAN_POINT ( 'NONE',  ( -198.7659039148544764, 76.52168707601310871, 133.7207935539339871 ) ) ;
#2138 = AXIS2_PLACEMENT_3D ( 'NONE', #9470, #2373, #2427 ) ;
#2139 = VECTOR ( 'NONE', #5907, 1000.000000000000000 ) ;
#2140 = EDGE_CURVE ( 'NONE', #2581, #5719, #1479, .T. ) ;
#2141 = DIRECTION ( 'NONE',  ( -1.000000000000000000, 0.000000000000000000, 0.000000000000000000 ) ) ;
#2142 = CARTESIAN_POINT ( 'NONE',  ( 147.8374267960859925, 76.52169227600100498, 148.7207935539339871 ) ) ;
#2143 = VERTEX_POINT ( 'NONE', #2389 ) ;
#2144 = TOROIDAL_SURFACE ( 'NONE', #9013, 17.90499687194819600, 5.000000000000000000 ) ;
#2145 = CARTESIAN_POINT ( 'NONE',  ( -288.6704724324513904, 60.03108498387934588, 158.7232479259455715 ) ) ;
#2146 = VERTEX_POINT ( 'NONE', #5013 ) ;
#2147 = AXIS2_PLACEMENT_3D ( 'NONE', #8348, #2131, #1038 ) ;
#2148 = CIRCLE ( 'NONE', #5866, 5.000000000000004441 ) ;
#2149 = CARTESIAN_POINT ( 'NONE',  ( 150.3786849975589632, 62.15238189787611134, 207.2563274598667533 ) ) ;
#2150 = CARTESIAN_POINT ( 'NONE',  ( -30.26300430297849786, 98.04149627685548296, 203.7207935539339871 ) ) ;
#2151 = EDGE_CURVE ( 'NONE', #7197, #1852, #7971, .T. ) ;
#2152 =( BOUNDED_CURVE ( )  B_SPLINE_CURVE ( 3, ( #11439, #7746, #11378, #10614 ),
 .UNSPECIFIED., .F., .F. ) 
 B_SPLINE_CURVE_WITH_KNOTS ( ( 4, 4 ),
 ( 1.954910757784165565, 2.339025188773482533 ),
 .UNSPECIFIED. ) 
 CURVE ( )  GEOMETRIC_REPRESENTATION_ITEM ( )  RATIONAL_B_SPLINE_CURVE ( ( 1.000000000000000000, 0.9877424226396422924, 0.9877424226396422924, 1.000000000000000000 ) ) 
 REPRESENTATION_ITEM ( '' )  );
#2153 = VECTOR ( 'NONE', #6715, 1000.000000000000000 ) ;
#2154 = EDGE_CURVE ( 'NONE', #8988, #1985, #2225, .T. ) ;
#2155 = CARTESIAN_POINT ( 'NONE',  ( 170.5982247771706000, 76.52168707601647668, 158.7207935539340156 ) ) ;
#2156 = EDGE_CURVE ( 'NONE', #1487, #6741, #4258, .T. ) ;
#2157 = CIRCLE ( 'NONE', #10705, 12.90484428405759587 ) ;
#2158 = CYLINDRICAL_SURFACE ( 'NONE', #11229, 5.000000000000012434 ) ;
#2159 = VERTEX_POINT ( 'NONE', #6855 ) ;
#2160 = ORIENTED_EDGE ( 'NONE', *, *, #1738, .T. ) ;
#2161 = VERTEX_POINT ( 'NONE', #3206 ) ;
#2162 = CARTESIAN_POINT ( 'NONE',  ( -145.5894947051999964, 134.9871293177949951, 158.7207935539340156 ) ) ;
#2163 = VECTOR ( 'NONE', #8236, 1000.000000000000000 ) ;
#2164 = CLOSED_SHELL ( 'NONE', ( #3132, #4132, #4389, #3793, #5879, #11045, #1190, #1024, #5128, #6513, #7095, #7904, #4007, #7970, #9345, #5094, #7375, #7185, #8891, #6320, #8045, #483, #5048, #3203, #6646, #7962, #365, #10830, #1801, #6851, #10443, #2632, #204, #10725, #3009, #2957, #1155, #2988, #6528, #1645, #1589, #7247, #873, #7230, #1237, #469, #10290, #6102, #9441, #2517, #8493, #3774, #1271, #7308, #11053, #8858, #2048, #2691, #3083, #10403, #1630, #7318, #8432, #342, #397, #3065, #6161, #10446, #9537, #384, #8266, #269, #6615, #7957, #10209, #4284, #11163, #3436, #7564, #8544, #10237, #6897, #6752, #2534, #7039, #8040, #3943, #7603, #10395, #6076, #4196, #1292, #6994, #5340, #6840, #560, #2922, #8942, #10854, #2308, #1426, #8173, #4272, #3195, #7545, #9715, #7476, #11311, #4443, #7035, #8895, #4641, #2789, #3662, #3248, #3513, #2496, #6317, #2761, #8225, #7660, #9190, #6357, #7437, #7577, #7187, #8957, #11262, #7294, #1989, #7760, #3220, #5940, #4790, #10132, #981, #10179, #9796, #11199, #2445, #6512, #10758, #7665, #6600, #10596, #189, #9534, #8011, #6747, #7072, #10954, #11117, #916, #3786, #9053, #3789, #3135, #10652, #7549, #6044, #11285, #10028, #6910, #3905, #2433, #7206, #10315, #5854, #885, #5074, #9237, #2214, #438, #1507, #5394, #3711, #8131, #8083 ) ) ;
#2165 = DIRECTION ( 'NONE',  ( 1.000000000000000000, 0.000000000000000000, 0.000000000000000000 ) ) ;
#2166 = DIRECTION ( 'NONE',  ( -1.000000000000000000, 4.362752391243206928E-16, 0.000000000000000000 ) ) ;
#2167 = EDGE_CURVE ( 'NONE', #7209, #7670, #5989, .T. ) ;
#2168 = CARTESIAN_POINT ( 'NONE',  ( 150.3786849975589917, 9.215927124023428618, 138.7207935539339871 ) ) ;
#2169 = CARTESIAN_POINT ( 'NONE',  ( -118.8444824218751847, 22.12078094482419743, 158.7207935539340156 ) ) ;
#2170 = DIRECTION ( 'NONE',  ( -1.000000000000000000, 4.362752391243203476E-16, 0.000000000000000000 ) ) ;
#2171 = ORIENTED_EDGE ( 'NONE', *, *, #6386, .T. ) ;
#2172 = ORIENTED_EDGE ( 'NONE', *, *, #3140, .T. ) ;
#2173 = ORIENTED_EDGE ( 'NONE', *, *, #6190, .F. ) ;
#2174 = DIRECTION ( 'NONE',  ( -1.000000000000000000, -5.490584315426699629E-17, 5.490584315426699629E-17 ) ) ;
#2175 = VERTEX_POINT ( 'NONE', #10482 ) ;
#2176 = DIRECTION ( 'NONE',  ( 1.000000000000000000, 0.000000000000000000, 0.000000000000000000 ) ) ;
#2177 = DIRECTION ( 'NONE',  ( -1.000000000000000000, -1.018319216034379926E-16, 1.018319216034379926E-16 ) ) ;
#2178 = DIRECTION ( 'NONE',  ( 1.000000000000000000, -6.987003568307579799E-13, 0.000000000000000000 ) ) ;
#2179 = CARTESIAN_POINT ( 'NONE',  ( 80.65757751464838066, 63.61684799194339490, 153.7207935539340156 ) ) ;
#2180 = LINE ( 'NONE', #9331, #6124 ) ;
#2181 = EDGE_CURVE ( 'NONE', #3703, #2839, #9375, .T. ) ;
#2182 = ORIENTED_EDGE ( 'NONE', *, *, #10030, .T. ) ;
#2183 = EDGE_LOOP ( 'NONE', ( #10213, #2948, #10679, #715 ) ) ;
#2184 = DIRECTION ( 'NONE',  ( -0.000000000000000000, 1.000000000000000000, 0.000000000000000000 ) ) ;
#2185 = EDGE_LOOP ( 'NONE', ( #5962, #6783, #9576, #2208 ) ) ;
#2186 = CARTESIAN_POINT ( 'NONE',  ( 287.6136514746066837, 123.4070113925963739, 183.7207935539340156 ) ) ;
#2187 = CARTESIAN_POINT ( 'NONE',  ( 287.5844043708959816, 67.51886715844780440, 184.3253497044300104 ) ) ;
#2188 = ORIENTED_EDGE ( 'NONE', *, *, #2132, .F. ) ;
#2189 = DIRECTION ( 'NONE',  ( 2.589670037770049879E-17, 1.000000000000000000, 0.000000000000000000 ) ) ;
#2190 = FACE_OUTER_BOUND ( 'NONE', #1196, .T. ) ;
#2191 = CARTESIAN_POINT ( 'NONE',  ( -288.3509037749669801, 99.67291092262189522, 207.0111228259569884 ) ) ;
#2192 = AXIS2_PLACEMENT_3D ( 'NONE', #4577, #6180, #9041 ) ;
#2193 = ORIENTED_EDGE ( 'NONE', *, *, #2638, .T. ) ;
#2194 = DIRECTION ( 'NONE',  ( 4.395361497475210165E-16, -0.5814365767194009660, 0.8135917325371639919 ) ) ;
#2195 = CIRCLE ( 'NONE', #1085, 5.000000000000004441 ) ;
#2196 = DIRECTION ( 'NONE',  ( 0.000000000000000000, 0.000000000000000000, -1.000000000000000000 ) ) ;
#2197 = EDGE_CURVE ( 'NONE', #1416, #11424, #1304, .T. ) ;
#2198 = AXIS2_PLACEMENT_3D ( 'NONE', #8526, #11157, #3229 ) ;
#2199 = CARTESIAN_POINT ( 'NONE',  ( -135.5343008041380131, 38.02563476562500000, 158.7207935539340156 ) ) ;
#2200 = ORIENTED_EDGE ( 'NONE', *, *, #9690, .T. ) ;
#2201 = DIRECTION ( 'NONE',  ( -1.000000000000000000, 0.000000000000000000, 0.000000000000000000 ) ) ;
#2202 = CARTESIAN_POINT ( 'NONE',  ( -1.178998947143380160, 103.1606353159370002, 208.7207935539339871 ) ) ;
#2203 = ORIENTED_EDGE ( 'NONE', *, *, #9394, .T. ) ;
#2204 = CARTESIAN_POINT ( 'NONE',  ( -53.34167480468759948, 22.12078094482420099, 155.7207935539340156 ) ) ;
#2205 = CARTESIAN_POINT ( 'NONE',  ( 94.82099151611289756, 146.6537969942370125, 158.7207935539340156 ) ) ;
#2206 = DIRECTION ( 'NONE',  ( 0.000000000000000000, 0.000000000000000000, -1.000000000000000000 ) ) ;
#2207 = EDGE_CURVE ( 'NONE', #8139, #2421, #8912, .T. ) ;
#2208 = ORIENTED_EDGE ( 'NONE', *, *, #3371, .F. ) ;
#2209 = CARTESIAN_POINT ( 'NONE',  ( -286.9668731287974879, 77.86765862900429624, 208.6584989849519616 ) ) ;
#2210 = CARTESIAN_POINT ( 'NONE',  ( 74.59984302520790322, 58.61684799194320306, 208.7207935539339871 ) ) ;
#2211 = ORIENTED_EDGE ( 'NONE', *, *, #2419, .F. ) ;
#2212 = EDGE_LOOP ( 'NONE', ( #4642, #5026, #10909, #4350, #3634 ) ) ;
#2213 = CARTESIAN_POINT ( 'NONE',  ( 115.5183809582756140, 74.51677033886060997, 208.6363362232771408 ) ) ;
#2214 = ADVANCED_FACE ( 'NONE', ( #2447 ), #4068, .T. ) ;
#2215 = CARTESIAN_POINT ( 'NONE',  ( -134.7493362426759802, 22.12078094482420099, 155.7207935539340156 ) ) ;
#2216 = CARTESIAN_POINT ( 'NONE',  ( 53.98373413085939632, 22.12078094482419743, 158.7207935539340156 ) ) ;
#2217 = CARTESIAN_POINT ( 'NONE',  ( -205.9609222412112217, 22.12078094482420454, 155.7207935539340156 ) ) ;
#2218 = EDGE_CURVE ( 'NONE', #4400, #1545, #10405, .T. ) ;
#2219 = LINE ( 'NONE', #5881, #4151 ) ;
#2220 = CARTESIAN_POINT ( 'NONE',  ( 132.3913192749020027, 6.215927124023430395, 155.7207935539340156 ) ) ;
#2221 = EDGE_LOOP ( 'NONE', ( #536, #11400, #11354, #10103 ) ) ;
#2222 = ORIENTED_EDGE ( 'NONE', *, *, #8834, .T. ) ;
#2223 = VERTEX_POINT ( 'NONE', #5185 ) ;
#2224 = CARTESIAN_POINT ( 'NONE',  ( 267.5316238403320312, 94.42653656005860796, 203.7207935539339871 ) ) ;
#2225 = CIRCLE ( 'NONE', #10223, 12.90485382080079901 ) ;
#2226 = EDGE_CURVE ( 'NONE', #5629, #1852, #61, .T. ) ;
#2227 = VERTEX_POINT ( 'NONE', #6224 ) ;
#2228 = CARTESIAN_POINT ( 'NONE',  ( 216.5078370698039976, 76.52169227600100498, 203.7207935539339871 ) ) ;
#2229 = EDGE_CURVE ( 'NONE', #7845, #8906, #11187, .T. ) ;
#2230 = EDGE_CURVE ( 'NONE', #2851, #6925, #9620, .T. ) ;
#2231 = CARTESIAN_POINT ( 'NONE',  ( 267.5316238403320312, 63.61684799194339490, 183.7207935539340156 ) ) ;
#2232 = CARTESIAN_POINT ( 'NONE',  ( -117.8758948964343460, 74.22938986210596113, 208.6430824622103728 ) ) ;
#2233 = CARTESIAN_POINT ( 'NONE',  ( -83.01555633544920454, 94.42653656005860796, 203.7207935539339871 ) ) ;
#2234 = CYLINDRICAL_SURFACE ( 'NONE', #4091, 12.90485361670298836 ) ;
#2235 = ORIENTED_EDGE ( 'NONE', *, *, #8361, .T. ) ;
#2236 = VERTEX_POINT ( 'NONE', #6278 ) ;
#2237 = DIRECTION ( 'NONE',  ( 2.025046796916284173E-15, -0.7191424945380936462, 0.6948626285457636387 ) ) ;
#2238 = ORIENTED_EDGE ( 'NONE', *, *, #5770, .T. ) ;
#2239 = CARTESIAN_POINT ( 'NONE',  ( -15.72100162506090015, 93.04149627685549717, 203.7207935539339871 ) ) ;
#2240 = CARTESIAN_POINT ( 'NONE',  ( 287.4759852429569946, 62.73710893636371111, 183.3862541443020007 ) ) ;
#2241 = ORIENTED_EDGE ( 'NONE', *, *, #9376, .F. ) ;
#2242 = DIRECTION ( 'NONE',  ( -1.000000000000000000, 0.000000000000000000, 0.000000000000000000 ) ) ;
#2243 = CARTESIAN_POINT ( 'NONE',  ( 80.65757719800099323, 9.215925900706819718, 155.7207980243069869 ) ) ;
#2244 = AXIS2_PLACEMENT_3D ( 'NONE', #10231, #2254, #5801 ) ;
#2245 = CARTESIAN_POINT ( 'NONE',  ( -288.6789894103999927, 160.0000186159350051, 123.7207935539339871 ) ) ;
#2246 = EDGE_CURVE ( 'NONE', #5364, #2236, #9844, .T. ) ;
#2247 = ORIENTED_EDGE ( 'NONE', *, *, #4071, .F. ) ;
#2248 = DIRECTION ( 'NONE',  ( 1.000000000000000000, 0.000000000000000000, 0.000000000000000000 ) ) ;
#2249 = AXIS2_PLACEMENT_3D ( 'NONE', #10928, #1900, #3596 ) ;
#2250 = DIRECTION ( 'NONE',  ( 0.000000000000000000, 0.000000000000000000, -1.000000000000000000 ) ) ;
#2251 = LINE ( 'NONE', #5797, #7324 ) ;
#2252 = CARTESIAN_POINT ( 'NONE',  ( 150.3786849975589917, 89.42653656005859375, 158.7207935539340156 ) ) ;
#2253 = ORIENTED_EDGE ( 'NONE', *, *, #531, .T. ) ;
#2254 = DIRECTION ( 'NONE',  ( 0.000000000000000000, 0.000000000000000000, 1.000000000000000000 ) ) ;
#2255 = VECTOR ( 'NONE', #11153, 1000.000000000000000 ) ;
#2256 = FACE_OUTER_BOUND ( 'NONE', #1565, .T. ) ;
#2257 = EDGE_LOOP ( 'NONE', ( #3849, #3027, #943, #10442, #3971, #80 ) ) ;
#2258 = AXIS2_PLACEMENT_3D ( 'NONE', #5565, #5395, #278 ) ;
#2259 = LINE ( 'NONE', #6613, #10063 ) ;
#2260 = CARTESIAN_POINT ( 'NONE',  ( 166.9410788391411700, 74.66339564061321710, 208.5644011967399081 ) ) ;
#2261 = CARTESIAN_POINT ( 'NONE',  ( -83.01555633544920454, 63.61684799194339490, 183.7207935539340156 ) ) ;
#2262 = EDGE_CURVE ( 'NONE', #4033, #6138, #9851, .T. ) ;
#2263 = EDGE_LOOP ( 'NONE', ( #8864, #5080, #6846, #8229, #1903, #260 ) ) ;
#2264 = VECTOR ( 'NONE', #7522, 1000.000000000000000 ) ;
#2265 = ORIENTED_EDGE ( 'NONE', *, *, #3876, .T. ) ;
#2266 = CARTESIAN_POINT ( 'NONE',  ( 132.3913249411490085, 63.61684799194329543, 203.7207935539339871 ) ) ;
#2267 = DIRECTION ( 'NONE',  ( 0.000000000000000000, 0.000000000000000000, 1.000000000000000000 ) ) ;
#2268 = ORIENTED_EDGE ( 'NONE', *, *, #6276, .T. ) ;
#2269 = CARTESIAN_POINT ( 'NONE',  ( -40.43682098388670454, 8.337247467583075888, 157.8421138974936468 ) ) ;
#2270 = CIRCLE ( 'NONE', #2825, 5.000000000000004441 ) ;
#2271 = ADVANCED_FACE ( 'NONE', ( #3676 ), #8162, .T. ) ;
#2272 = EDGE_CURVE ( 'NONE', #9584, #3765, #2036, .T. ) ;
#2273 = CARTESIAN_POINT ( 'NONE',  ( -101.0028839111329972, 94.42653656005860796, 208.7207935539339871 ) ) ;
#2274 = FACE_OUTER_BOUND ( 'NONE', #4456, .T. ) ;
#2275 = ADVANCED_FACE ( 'NONE', ( #2040 ), #1633, .T. ) ;
#2276 = DIRECTION ( 'NONE',  ( 6.104939093567060911E-16, -0.9343732208904169667, -0.3562957817360009605 ) ) ;
#2277 = DIRECTION ( 'NONE',  ( 0.000000000000000000, 0.000000000000000000, -1.000000000000000000 ) ) ;
#2278 = AXIS2_PLACEMENT_3D ( 'NONE', #10328, #10264, #4150 ) ;
#2279 = ORIENTED_EDGE ( 'NONE', *, *, #11089, .F. ) ;
#2280 = ORIENTED_EDGE ( 'NONE', *, *, #1258, .T. ) ;
#2281 = VERTEX_POINT ( 'NONE', #9077 ) ;
#2282 = DIRECTION ( 'NONE',  ( 0.000000000000000000, 1.000000000000000000, 0.000000000000000000 ) ) ;
#2283 = VERTEX_POINT ( 'NONE', #8195 ) ;
#2284 = CARTESIAN_POINT ( 'NONE',  ( 80.65757751464838066, 63.61684799194339490, 158.7207935539340156 ) ) ;
#2285 = CARTESIAN_POINT ( 'NONE',  ( -185.8610559998519705, 22.12077808834190051, 155.7207935539340156 ) ) ;
#2286 = AXIS2_PLACEMENT_3D ( 'NONE', #7643, #7532, #2141 ) ;
#2287 = EDGE_CURVE ( 'NONE', #7224, #4936, #7313, .T. ) ;
#2288 = CARTESIAN_POINT ( 'NONE',  ( -283.2794086392170243, 64.63487171726760039, 208.7207935539339871 ) ) ;
#2289 = DIRECTION ( 'NONE',  ( 6.104939093567060911E-16, -0.9343732208904169667, -0.3562957817360009605 ) ) ;
#2290 = ADVANCED_FACE ( 'NONE', ( #2912 ), #3848, .T. ) ;
#2291 = CYLINDRICAL_SURFACE ( 'NONE', #2092, 29.99999999999999645 ) ;
#2292 = AXIS2_PLACEMENT_3D ( 'NONE', #3739, #7265, #6570 ) ;
#2293 = VERTEX_POINT ( 'NONE', #9956 ) ;
#2294 = ORIENTED_EDGE ( 'NONE', *, *, #234, .T. ) ;
#2295 = CARTESIAN_POINT ( 'NONE',  ( 98.64490509033210230, 63.61684799194339490, 153.7207935539340156 ) ) ;
#2296 = ORIENTED_EDGE ( 'NONE', *, *, #11332, .F. ) ;
#2297 = DIRECTION ( 'NONE',  ( 1.387778780781442323E-15, 0.7071067811865460184, 0.7071067811865487940 ) ) ;
#2298 = DIRECTION ( 'NONE',  ( 1.000000000000000000, -9.747022401918829411E-18, 0.000000000000000000 ) ) ;
#2299 = ORIENTED_EDGE ( 'NONE', *, *, #7246, .F. ) ;
#2300 = DIRECTION ( 'NONE',  ( 1.000000000000000000, 7.558965274043620048E-16, 0.000000000000000000 ) ) ;
#2301 = LINE ( 'NONE', #8638, #1588 ) ;
#2302 = CARTESIAN_POINT ( 'NONE',  ( 92.32099151611291177, 119.8311360573549962, 208.7207935539339871 ) ) ;
#2303 = ORIENTED_EDGE ( 'NONE', *, *, #10910, .F. ) ;
#2304 = AXIS2_PLACEMENT_3D ( 'NONE', #5988, #9542, #4027 ) ;
#2305 = LINE ( 'NONE', #2363, #5479 ) ;
#2306 = CIRCLE ( 'NONE', #3610, 12.90484428405769712 ) ;
#2307 = VECTOR ( 'NONE', #11265, 1000.000000000000000 ) ;
#2308 = ADVANCED_FACE ( 'NONE', ( #1919 ), #153, .T. ) ;
#2309 = AXIS2_PLACEMENT_3D ( 'NONE', #3790, #2916, #7317 ) ;
#2310 = CARTESIAN_POINT ( 'NONE',  ( 74.59984302520790322, 63.61684799194319595, 203.7207935539339871 ) ) ;
#2311 = CARTESIAN_POINT ( 'NONE',  ( 288.0375174049427756, 69.50109856694619737, 183.7207935539339871 ) ) ;
#2312 = CYLINDRICAL_SURFACE ( 'NONE', #10489, 12.90484428405759587 ) ;
#2313 = ORIENTED_EDGE ( 'NONE', *, *, #4520, .F. ) ;
#2314 = CARTESIAN_POINT ( 'NONE',  ( 38.07888031005860086, 35.90431442206534740, 157.8421138974936468 ) ) ;
#2315 = LINE ( 'NONE', #8536, #955 ) ;
#2316 = ORIENTED_EDGE ( 'NONE', *, *, #10814, .T. ) ;
#2317 = VECTOR ( 'NONE', #7454, 1000.000000000000000 ) ;
#2318 = CARTESIAN_POINT ( 'NONE',  ( -269.8896026611329830, 9.215927124023419736, 143.7207935539339871 ) ) ;
#2319 = CARTESIAN_POINT ( 'NONE',  ( -101.0028839111329972, 62.15238189787611844, 207.2563274598667533 ) ) ;
#2320 = FACE_OUTER_BOUND ( 'NONE', #9415, .T. ) ;
#2321 = AXIS2_PLACEMENT_3D ( 'NONE', #8768, #7006, #806 ) ;
#2322 = VERTEX_POINT ( 'NONE', #3024 ) ;
#2323 = AXIS2_PLACEMENT_3D ( 'NONE', #4744, #4032, #6575 ) ;
#2324 = AXIS2_PLACEMENT_3D ( 'NONE', #3228, #1543, #5088 ) ;
#2325 = CARTESIAN_POINT ( 'NONE',  ( -286.7540119366229305, 80.51401571700614568, 208.6876969895552634 ) ) ;
#2326 = AXIS2_PLACEMENT_3D ( 'NONE', #10680, #6013, #3351 ) ;
#2327 = EDGE_CURVE ( 'NONE', #4731, #7911, #710, .T. ) ;
#2328 = CARTESIAN_POINT ( 'NONE',  ( 287.3560920573949602, 97.65102759271275090, 207.2559671125065961 ) ) ;
#2329 = ORIENTED_EDGE ( 'NONE', *, *, #10497, .T. ) ;
#2330 = LINE ( 'NONE', #5876, #3613 ) ;
#2331 = DIRECTION ( 'NONE',  ( 0.000000000000000000, 0.000000000000000000, -1.000000000000000000 ) ) ;
#2332 = CIRCLE ( 'NONE', #21, 17.90484428405769535 ) ;
#2333 = CIRCLE ( 'NONE', #10513, 5.000000000000004441 ) ;
#2334 = CARTESIAN_POINT ( 'NONE',  ( 132.3913249411490085, 63.61684799194339490, 158.7207935539340156 ) ) ;
#2335 = DIRECTION ( 'NONE',  ( 1.000000000000000000, -3.552713678800570349E-15, 0.000000000000000000 ) ) ;
#2336 = AXIS2_PLACEMENT_3D ( 'NONE', #5987, #3096, #6628 ) ;
#2337 = CARTESIAN_POINT ( 'NONE',  ( 27.90500640869139914, 93.04149627685549717, 203.7207935539339871 ) ) ;
#2338 = ADVANCED_FACE ( 'NONE', ( #1285 ), #10825, .T. ) ;
#2339 = VERTEX_POINT ( 'NONE', #7368 ) ;
#2340 = VERTEX_POINT ( 'NONE', #4607 ) ;
#2341 = EDGE_LOOP ( 'NONE', ( #6362, #5393, #5589, #10118, #5178 ) ) ;
#2342 = ORIENTED_EDGE ( 'NONE', *, *, #8023, .T. ) ;
#2343 = CARTESIAN_POINT ( 'NONE',  ( 183.5030736399640148, 22.12077808833640091, 155.7207935539340156 ) ) ;
#2344 = LINE ( 'NONE', #10260, #4569 ) ;
#2345 = EDGE_CURVE ( 'NONE', #7718, #6152, #3685, .T. ) ;
#2346 = CARTESIAN_POINT ( 'NONE',  ( -117.8761012909266412, 73.32444881194270181, 208.6670081892430346 ) ) ;
#2347 = DIRECTION ( 'NONE',  ( -1.000000000000000000, 1.188474749415029953E-15, 0.000000000000000000 ) ) ;
#2348 = DIRECTION ( 'NONE',  ( -0.7071067811865469066, -0.7071067811865481278, 0.000000000000000000 ) ) ;
#2349 = EDGE_CURVE ( 'NONE', #7222, #7186, #2195, .T. ) ;
#2350 = VERTEX_POINT ( 'NONE', #8312 ) ;
#2351 = ORIENTED_EDGE ( 'NONE', *, *, #6324, .F. ) ;
#2352 = FACE_BOUND ( 'NONE', #10644, .T. ) ;
#2353 = VERTEX_POINT ( 'NONE', #3901 ) ;
#2354 = DIRECTION ( 'NONE',  ( -1.000000000000000000, 3.073900420430730319E-15, 0.000000000000000000 ) ) ;
#2355 = CYLINDRICAL_SURFACE ( 'NONE', #774, 5.000000000000021316 ) ;
#2356 = ORIENTED_EDGE ( 'NONE', *, *, #3524, .T. ) ;
#2357 = CARTESIAN_POINT ( 'NONE',  ( -83.01557509228808840, 9.215925900706709584, 155.7207980243069869 ) ) ;
#2358 = CARTESIAN_POINT ( 'NONE',  ( 194.3549708474560020, 117.8685996535100031, 207.6743849957320265 ) ) ;
#2359 = B_SPLINE_CURVE_WITH_KNOTS ( 'NONE', 3,
 ( #3309, #10353, #4012, #5970 ),
 .UNSPECIFIED., .F., .F.,
 ( 4, 4 ),
 ( 0.5000000201612473383, 1.000000000000000000 ),
 .UNSPECIFIED. ) ;
#2360 = EDGE_CURVE ( 'NONE', #9498, #10585, #5538, .T. ) ;
#2361 = FACE_OUTER_BOUND ( 'NONE', #4638, .T. ) ;
#2362 = ORIENTED_EDGE ( 'NONE', *, *, #3977, .T. ) ;
#2363 = CARTESIAN_POINT ( 'NONE',  ( 94.82099151611289756, 113.0032546901280028, 214.4823578626659923 ) ) ;
#2364 = DIRECTION ( 'NONE',  ( 0.000000000000000000, -1.000000000000000000, 0.000000000000000000 ) ) ;
#2365 = CARTESIAN_POINT ( 'NONE',  ( -290.5007957880050640, 66.91759944736664067, 157.6306209857564511 ) ) ;
#2366 = DIRECTION ( 'NONE',  ( 0.000000000000000000, 0.000000000000000000, 1.000000000000000000 ) ) ;
#2367 = VERTEX_POINT ( 'NONE', #6558 ) ;
#2368 = LINE ( 'NONE', #461, #1136 ) ;
#2369 = EDGE_LOOP ( 'NONE', ( #5187, #6350, #808, #9869, #1878 ) ) ;
#2370 = DIRECTION ( 'NONE',  ( 1.000000000000000000, 5.921189464667490768E-15, 0.000000000000000000 ) ) ;
#2371 = EDGE_LOOP ( 'NONE', ( #11513, #4439, #1353, #904 ) ) ;
#2372 = DIRECTION ( 'NONE',  ( 1.000000000000000000, 2.664535259100430128E-15, 0.000000000000000000 ) ) ;
#2373 = DIRECTION ( 'NONE',  ( 0.000000000000000000, 0.000000000000000000, -1.000000000000000000 ) ) ;
#2374 = ADVANCED_FACE ( 'NONE', ( #10134 ), #8364, .T. ) ;
#2375 = LINE ( 'NONE', #636, #6643 ) ;
#2376 = ORIENTED_EDGE ( 'NONE', *, *, #1533, .T. ) ;
#2377 = AXIS2_PLACEMENT_3D ( 'NONE', #10734, #5434, #8978 ) ;
#2378 = CARTESIAN_POINT ( 'NONE',  ( -286.6150277195451395, 81.69345096270232887, 208.7036380991590363 ) ) ;
#2379 = AXIS2_PLACEMENT_3D ( 'NONE', #3727, #7252, #2848 ) ;
#2380 = EDGE_LOOP ( 'NONE', ( #11480, #9912, #10773, #699 ) ) ;
#2381 = ORIENTED_EDGE ( 'NONE', *, *, #2454, .F. ) ;
#2382 = DIRECTION ( 'NONE',  ( -1.000000000000000000, 3.372392848055450117E-16, 0.000000000000000000 ) ) ;
#2383 = CARTESIAN_POINT ( 'NONE',  ( -30.26300430297849786, 123.8515090942380112, 158.7207935539340156 ) ) ;
#2384 = CIRCLE ( 'NONE', #4440, 3.000000000003339551 ) ;
#2385 = CARTESIAN_POINT ( 'NONE',  ( -134.7493367092509970, 89.42653656005859375, 183.7207935539340156 ) ) ;
#2386 = EDGE_CURVE ( 'NONE', #9847, #3561, #906, .T. ) ;
#2387 = DIRECTION ( 'NONE',  ( 0.000000000000000000, -1.000000000000000000, 0.000000000000000000 ) ) ;
#2388 = CARTESIAN_POINT ( 'NONE',  ( 288.5054591897172145, 100.3552401342676887, 204.6262257859297620 ) ) ;
#2389 = CARTESIAN_POINT ( 'NONE',  ( -169.2988478788419968, 76.52168743035039711, 208.5371530072550001 ) ) ;
#2390 = VERTEX_POINT ( 'NONE', #8137 ) ;
#2391 = ORIENTED_EDGE ( 'NONE', *, *, #5635, .T. ) ;
#2392 = VERTEX_POINT ( 'NONE', #182 ) ;
#2393 = CIRCLE ( 'NONE', #6843, 15.90485382080081322 ) ;
#2394 = EDGE_LOOP ( 'NONE', ( #7028, #7210, #6375, #11453 ) ) ;
#2395 = LINE ( 'NONE', #4143, #10253 ) ;
#2396 = CARTESIAN_POINT ( 'NONE',  ( 43.09501647949219461, 88.02577972412109375, 203.7207935539339871 ) ) ;
#2397 = DIRECTION ( 'NONE',  ( -1.000000000000000000, -4.711197327583760070E-16, 1.904225489767884931E-16 ) ) ;
#2398 = EDGE_CURVE ( 'NONE', #3826, #5810, #2562, .T. ) ;
#2399 = EDGE_CURVE ( 'NONE', #2353, #2105, #9303, .T. ) ;
#2400 = CARTESIAN_POINT ( 'NONE',  ( 29.57527637481700111, 93.04149627685549717, 208.7207935539339871 ) ) ;
#2401 = VECTOR ( 'NONE', #11252, 1000.000000000000000 ) ;
#2402 = CARTESIAN_POINT ( 'NONE',  ( -152.7366447448729900, 35.90431442206534740, 157.8421138974936468 ) ) ;
#2403 = VERTEX_POINT ( 'NONE', #3090 ) ;
#2404 = ORIENTED_EDGE ( 'NONE', *, *, #9681, .T. ) ;
#2405 = LINE ( 'NONE', #6868, #6753 ) ;
#2406 = ORIENTED_EDGE ( 'NONE', *, *, #1904, .T. ) ;
#2407 = CARTESIAN_POINT ( 'NONE',  ( 62.75273323059069241, 76.52169227600100498, 203.7207935539339871 ) ) ;
#2408 = DIRECTION ( 'NONE',  ( 0.000000000000000000, -0.7071067811865485719, 0.7071067811865464625 ) ) ;
#2409 = ORIENTED_EDGE ( 'NONE', *, *, #8263, .F. ) ;
#2410 = DIRECTION ( 'NONE',  ( -1.000000000000000000, 9.747022401918829411E-18, 0.000000000000000000 ) ) ;
#2411 = CYLINDRICAL_SURFACE ( 'NONE', #2324, 12.90484886281040744 ) ;
#2412 = DIRECTION ( 'NONE',  ( 1.000000000000000000, -3.073900420430730319E-15, 0.000000000000000000 ) ) ;
#2413 = EDGE_CURVE ( 'NONE', #1814, #3066, #10188, .T. ) ;
#2414 = ORIENTED_EDGE ( 'NONE', *, *, #8411, .F. ) ;
#2415 = DIRECTION ( 'NONE',  ( 0.000000000000000000, 0.000000000000000000, 1.000000000000000000 ) ) ;
#2416 = EDGE_CURVE ( 'NONE', #7990, #7002, #7188, .T. ) ;
#2417 = CARTESIAN_POINT ( 'NONE',  ( 48.73295426496270011, 6.215924776715159084, 155.7207935539340156 ) ) ;
#2418 = CARTESIAN_POINT ( 'NONE',  ( 98.64490509033210230, 63.61684799194339490, 183.7207935539340156 ) ) ;
#2419 = EDGE_CURVE ( 'NONE', #6131, #578, #6090, .T. ) ;
#2420 = DIRECTION ( 'NONE',  ( -8.330653612515482894E-11, 1.000000000000000000, 0.000000000000000000 ) ) ;
#2421 = VERTEX_POINT ( 'NONE', #7241 ) ;
#2422 = DIRECTION ( 'NONE',  ( 0.000000000000000000, 0.000000000000000000, -1.000000000000000000 ) ) ;
#2423 = ORIENTED_EDGE ( 'NONE', *, *, #7528, .T. ) ;
#2424 = CARTESIAN_POINT ( 'NONE',  ( -218.8657760620120314, 6.215927124023390427, 158.7207935539340156 ) ) ;
#2425 = ORIENTED_EDGE ( 'NONE', *, *, #5554, .F. ) ;
#2426 = CARTESIAN_POINT ( 'NONE',  ( 132.3913192749020027, 8.337247467583072336, 157.8421138974936468 ) ) ;
#2427 = DIRECTION ( 'NONE',  ( -1.000000000000000000, 0.000000000000000000, 0.000000000000000000 ) ) ;
#2428 = DIRECTION ( 'NONE',  ( 0.000000000000000000, -1.000000000000000000, 0.000000000000000000 ) ) ;
#2429 = ORIENTED_EDGE ( 'NONE', *, *, #5500, .F. ) ;
#2430 = EDGE_CURVE ( 'NONE', #9872, #10517, #4057, .T. ) ;
#2431 = CARTESIAN_POINT ( 'NONE',  ( -83.01558317658980002, 22.12077978607110040, 155.7207935539340156 ) ) ;
#2432 = AXIS2_PLACEMENT_3D ( 'NONE', #920, #11514, #8765 ) ;
#2433 = ADVANCED_FACE ( 'NONE', ( #297 ), #2732, .T. ) ;
#2434 = CARTESIAN_POINT ( 'NONE',  ( -286.8826034495724002, 79.21382233670914275, 208.6711873668000408 ) ) ;
#2435 = EDGE_CURVE ( 'NONE', #10269, #4861, #1976, .T. ) ;
#2436 = CIRCLE ( 'NONE', #7431, 12.90484874797840398 ) ;
#2437 = DIRECTION ( 'NONE',  ( -6.519917093474220715E-16, 1.000000000000000000, 0.000000000000000000 ) ) ;
#2438 = ORIENTED_EDGE ( 'NONE', *, *, #5567, .F. ) ;
#2439 = PLANE ( 'NONE',  #11046 ) ;
#2440 = CARTESIAN_POINT ( 'NONE',  ( 27.90500640869139914, 128.8515090942379970, 208.7207935539339871 ) ) ;
#2441 = AXIS2_PLACEMENT_3D ( 'NONE', #9281, #9400, #8520 ) ;
#2442 = CARTESIAN_POINT ( 'NONE',  ( -169.2988377852379926, 73.38834009915471768, 208.6095443425953988 ) ) ;
#2443 =( BOUNDED_CURVE ( )  B_SPLINE_CURVE ( 3, ( #6860, #7969, #4494, #893 ),
 .UNSPECIFIED., .F., .F. ) 
 B_SPLINE_CURVE_WITH_KNOTS ( ( 4, 4 ),
 ( 5.315636896937257383, 5.497787143782145947 ),
 .UNSPECIFIED. ) 
 CURVE ( )  GEOMETRIC_REPRESENTATION_ITEM ( )  RATIONAL_B_SPLINE_CURVE ( ( 1.000000000000000000, 0.9972370179274393509, 0.9972370179274393509, 1.000000000000000000 ) ) 
 REPRESENTATION_ITEM ( '' )  );
#2444 = FACE_OUTER_BOUND ( 'NONE', #325, .T. ) ;
#2445 = ADVANCED_FACE ( 'NONE', ( #6381 ), #1161, .F. ) ;
#2446 = DIRECTION ( 'NONE',  ( 0.000000000000000000, 0.000000000000000000, 1.000000000000000000 ) ) ;
#2447 = FACE_OUTER_BOUND ( 'NONE', #9279, .T. ) ;
#2448 = ORIENTED_EDGE ( 'NONE', *, *, #9207, .T. ) ;
#2449 = VECTOR ( 'NONE', #10980, 1000.000000000000000 ) ;
#2450 = VERTEX_POINT ( 'NONE', #7363 ) ;
#2451 = VERTEX_POINT ( 'NONE', #4538 ) ;
#2452 = VERTEX_POINT ( 'NONE', #6322 ) ;
#2453 = DIRECTION ( 'NONE',  ( 0.000000000000000000, 0.000000000000000000, -1.000000000000000000 ) ) ;
#2454 = EDGE_CURVE ( 'NONE', #5629, #8680, #10561, .T. ) ;
#2455 = FACE_OUTER_BOUND ( 'NONE', #5782, .T. ) ;
#2456 = FACE_OUTER_BOUND ( 'NONE', #6482, .T. ) ;
#2457 = CIRCLE ( 'NONE', #10456, 5.000000000000004441 ) ;
#2458 = DIRECTION ( 'NONE',  ( -2.002303713784079765E-16, -1.000000000000000000, 0.000000000000000000 ) ) ;
#2459 = ORIENTED_EDGE ( 'NONE', *, *, #1874, .T. ) ;
#2460 = EDGE_LOOP ( 'NONE', ( #945, #6310, #6618, #4396 ) ) ;
#2461 = FACE_OUTER_BOUND ( 'NONE', #4699, .T. ) ;
#2462 = AXIS2_PLACEMENT_3D ( 'NONE', #7066, #2489, #6037 ) ;
#2463 = EDGE_CURVE ( 'NONE', #5702, #6426, #9835, .T. ) ;
#2464 = VERTEX_POINT ( 'NONE', #2840 ) ;
#2465 = DIRECTION ( 'NONE',  ( 0.000000000000000000, 0.000000000000000000, -1.000000000000000000 ) ) ;
#2466 = CARTESIAN_POINT ( 'NONE',  ( -287.4131872985570340, 61.67384846113279906, 160.9330715523200013 ) ) ;
#2467 = ORIENTED_EDGE ( 'NONE', *, *, #7950, .F. ) ;
#2468 = FACE_OUTER_BOUND ( 'NONE', #3584, .T. ) ;
#2469 = DIRECTION ( 'NONE',  ( -1.000000000000000000, 7.993605777300450248E-15, 0.000000000000000000 ) ) ;
#2470 = CYLINDRICAL_SURFACE ( 'NONE', #1642, 2.999999999999988898 ) ;
#2471 = EDGE_LOOP ( 'NONE', ( #6120, #3620, #9199, #8401 ) ) ;
#2472 = CARTESIAN_POINT ( 'NONE',  ( 98.64489001653309685, 22.12077988203889944, 155.7207935539340156 ) ) ;
#2473 = CARTESIAN_POINT ( 'NONE',  ( -51.09094142913819780, 94.42653656005860796, 203.7207935539339871 ) ) ;
#2474 = CARTESIAN_POINT ( 'NONE',  ( -291.1789894103999927, 76.32125139236450195, 155.7207935539340156 ) ) ;
#2475 = ORIENTED_EDGE ( 'NONE', *, *, #10462, .F. ) ;
#2476 = DIRECTION ( 'NONE',  ( -1.000000000000000000, 2.775557561562888984E-15, 0.000000000000000000 ) ) ;
#2477 = VERTEX_POINT ( 'NONE', #9947 ) ;
#2478 = EDGE_CURVE ( 'NONE', #2031, #10464, #9183, .T. ) ;
#2479 = ORIENTED_EDGE ( 'NONE', *, *, #2550, .F. ) ;
#2480 = CARTESIAN_POINT ( 'NONE',  ( 267.5316238403410125, 22.12078094482420099, 155.7207935539340156 ) ) ;
#2481 = ORIENTED_EDGE ( 'NONE', *, *, #8839, .F. ) ;
#2482 = CARTESIAN_POINT ( 'NONE',  ( -40.43682098388680402, 22.12078094482420099, 155.7207935539340156 ) ) ;
#2483 = DIRECTION ( 'NONE',  ( 0.000000000000000000, 0.000000000000000000, -1.000000000000000000 ) ) ;
#2484 = VECTOR ( 'NONE', #4548, 1000.000000000000000 ) ;
#2485 = CARTESIAN_POINT ( 'NONE',  ( 92.32099151611291177, 115.8346203221669981, 208.7207935539339871 ) ) ;
#2486 = ORIENTED_EDGE ( 'NONE', *, *, #6489, .T. ) ;
#2487 = CARTESIAN_POINT ( 'NONE',  ( -288.6789894103999927, 160.0000186159350051, 123.7207935539339871 ) ) ;
#2488 = CIRCLE ( 'NONE', #462, 12.90484428405759587 ) ;
#2489 = DIRECTION ( 'NONE',  ( 0.000000000000000000, 0.000000000000000000, 1.000000000000000000 ) ) ;
#2490 = CIRCLE ( 'NONE', #9551, 12.90484428405761008 ) ;
#2491 = ADVANCED_FACE ( 'NONE', ( #1858 ), #2748, .T. ) ;
#2492 = CARTESIAN_POINT ( 'NONE',  ( -101.0028879108200073, 22.12077988203879997, 155.7207935539340156 ) ) ;
#2493 = CIRCLE ( 'NONE', #7304, 12.90484428405769179 ) ;
#2494 = CARTESIAN_POINT ( 'NONE',  ( 98.64490509033210230, 76.52169227600100498, 183.7207935539340156 ) ) ;
#2495 = ORIENTED_EDGE ( 'NONE', *, *, #6985, .F. ) ;
#2496 = ADVANCED_FACE ( 'NONE', ( #9009 ), #5720, .T. ) ;
#2497 = VECTOR ( 'NONE', #4066, 1000.000000000000000 ) ;
#2498 = DIRECTION ( 'NONE',  ( 1.182933032942884815E-14, 1.000000000000000000, 0.000000000000000000 ) ) ;
#2499 = DIRECTION ( 'NONE',  ( 6.519917093474220715E-16, -1.000000000000000000, 0.000000000000000000 ) ) ;
#2500 = EDGE_CURVE ( 'NONE', #1554, #10505, #7302, .T. ) ;
#2501 = LINE ( 'NONE', #2385, #10870 ) ;
#2502 = VECTOR ( 'NONE', #3578, 1000.000000000000000 ) ;
#2503 = VECTOR ( 'NONE', #7352, 1000.000000000000000 ) ;
#2504 = AXIS2_PLACEMENT_3D ( 'NONE', #10622, #854, #11336 ) ;
#2505 = DIRECTION ( 'NONE',  ( -1.000000000000000000, 0.000000000000000000, 0.000000000000000000 ) ) ;
#2506 = CARTESIAN_POINT ( 'NONE',  ( 288.8209915161129970, 99.48037732825500257, 203.7207935539339871 ) ) ;
#2507 = CARTESIAN_POINT ( 'NONE',  ( 288.8209890311849790, 76.30624603202788592, 155.7272373954519935 ) ) ;
#2508 = EDGE_LOOP ( 'NONE', ( #1377, #3038, #6915, #3230 ) ) ;
#2509 = VERTEX_POINT ( 'NONE', #6440 ) ;
#2510 = VERTEX_POINT ( 'NONE', #10008 ) ;
#2511 = CIRCLE ( 'NONE', #106, 12.90485382080079901 ) ;
#2512 = VERTEX_POINT ( 'NONE', #2033 ) ;
#2513 = CARTESIAN_POINT ( 'NONE',  ( 132.3913192749020027, 9.215927124023428618, 138.7207935539339871 ) ) ;
#2514 = AXIS2_PLACEMENT_3D ( 'NONE', #4392, #6170, #9737 ) ;
#2515 = CIRCLE ( 'NONE', #664, 5.000000000000004441 ) ;
#2516 = AXIS2_PLACEMENT_3D ( 'NONE', #2735, #8902, #10714 ) ;
#2517 = ADVANCED_FACE ( 'NONE', ( #8948 ), #352, .T. ) ;
#2518 = CARTESIAN_POINT ( 'NONE',  ( 132.3913249411490085, 94.42653656005869323, 208.7207935539339871 ) ) ;
#2519 = LINE ( 'NONE', #2400, #3077 ) ;
#2520 = LINE ( 'NONE', #2577, #3312 ) ;
#2521 = AXIS2_PLACEMENT_3D ( 'NONE', #3687, #10024, #10726 ) ;
#2522 = DIRECTION ( 'NONE',  ( 0.000000000000000000, 0.000000000000000000, -1.000000000000000000 ) ) ;
#2523 = ORIENTED_EDGE ( 'NONE', *, *, #87, .T. ) ;
#2524 = ORIENTED_EDGE ( 'NONE', *, *, #2386, .F. ) ;
#2525 = DIRECTION ( 'NONE',  ( 0.000000000000000000, 0.000000000000000000, 1.000000000000000000 ) ) ;
#2526 = ORIENTED_EDGE ( 'NONE', *, *, #11107, .F. ) ;
#2527 = CARTESIAN_POINT ( 'NONE',  ( -291.1789894103999927, 76.31325547371950790, 155.7228587622309988 ) ) ;
#2528 = ORIENTED_EDGE ( 'NONE', *, *, #4303, .T. ) ;
#2529 = CARTESIAN_POINT ( 'NONE',  ( 200.0054832870585244, 73.46818512264586332, 208.5931699454762338 ) ) ;
#2530 = CARTESIAN_POINT ( 'NONE',  ( -101.0029026679669926, 9.215926533998629822, 155.7207980243069869 ) ) ;
#2531 = CARTESIAN_POINT ( 'NONE',  ( 94.08875846907928064, 117.6023872751333670, 207.9885605069003702 ) ) ;
#2532 = ORIENTED_EDGE ( 'NONE', *, *, #1441, .T. ) ;
#2533 = CARTESIAN_POINT ( 'NONE',  ( -45.45299509106060043, 75.12078285217289420, 133.7207935539339871 ) ) ;
#2534 = ADVANCED_FACE ( 'NONE', ( #5458 ), #7134, .T. ) ;
#2535 = AXIS2_PLACEMENT_3D ( 'NONE', #292, #401, #3074 ) ;
#2536 = DIRECTION ( 'NONE',  ( 0.000000000000000000, -0.7071067811865485719, 0.7071067811865464625 ) ) ;
#2537 = CARTESIAN_POINT ( 'NONE',  ( -290.8078156367083693, 69.14170876265822585, 157.2178072337887613 ) ) ;
#2538 = ORIENTED_EDGE ( 'NONE', *, *, #10549, .F. ) ;
#2539 = DIRECTION ( 'NONE',  ( 1.000000000000000000, 0.000000000000000000, 0.000000000000000000 ) ) ;
#2540 = VERTEX_POINT ( 'NONE', #8071 ) ;
#2541 = CARTESIAN_POINT ( 'NONE',  ( 216.5078370686659923, 58.61684799194339490, 203.7207935539339871 ) ) ;
#2542 = ORIENTED_EDGE ( 'NONE', *, *, #7026, .F. ) ;
#2543 = DIRECTION ( 'NONE',  ( 1.000000000000000000, -1.835214905568969478E-16, 0.000000000000000000 ) ) ;
#2544 = EDGE_LOOP ( 'NONE', ( #7790, #242, #5548, #7172, #9510, #5419 ) ) ;
#2545 = DIRECTION ( 'NONE',  ( -1.000000000000000000, 3.632510143678719152E-17, 0.000000000000000000 ) ) ;
#2546 = DIRECTION ( 'NONE',  ( 0.000000000000000000, 0.000000000000000000, 1.000000000000000000 ) ) ;
#2547 = DIRECTION ( 'NONE',  ( -6.630299199421770504E-16, 1.000000000000000000, 0.000000000000000000 ) ) ;
#2548 = ORIENTED_EDGE ( 'NONE', *, *, #7741, .T. ) ;
#2549 = B_SPLINE_SURFACE_WITH_KNOTS ( 'NONE', 3, 3, ( 
 ( #7405, #3707, #2240, #7457, #619 ),
 ( #8467, #2127, #508, #1486, #10334 ),
 ( #4157, #6596, #11036, #3059, #3289 ),
 ( #1317, #2187, #7635, #5900, #4046 ),
 ( #5031, #5788, #9450, #3116, #446 ) ),
 .UNSPECIFIED., .F., .F., .F.,
 ( 4, 1, 4 ),
 ( 4, 1, 4 ),
 ( 0.000000000000000000, 0.5714285714285709528, 1.000000000000000000 ),
 ( 0.7810898772136000145, 1.540929027585810074, 2.110808390364959930 ),
 .UNSPECIFIED. ) ;
#2550 = EDGE_CURVE ( 'NONE', #10252, #5560, #10007, .T. ) ;
#2551 = LINE ( 'NONE', #8718, #6421 ) ;
#2552 = CARTESIAN_POINT ( 'NONE',  ( -97.17898941040009220, 136.5016367987730064, 181.6015757153489858 ) ) ;
#2553 = DIRECTION ( 'NONE',  ( 1.000000000000000000, -3.073900420430730319E-15, 0.000000000000000000 ) ) ;
#2554 = CARTESIAN_POINT ( 'NONE',  ( -30.26300430297849786, 123.8515090942380112, 183.7207935539340156 ) ) ;
#2555 = ORIENTED_EDGE ( 'NONE', *, *, #9045, .F. ) ;
#2556 = FACE_OUTER_BOUND ( 'NONE', #7940, .T. ) ;
#2557 = DIRECTION ( 'NONE',  ( 1.000000000000000000, -4.362752391243199532E-16, 0.000000000000000000 ) ) ;
#2558 = CARTESIAN_POINT ( 'NONE',  ( -169.2982454713936136, 72.13028900028623980, 208.6625597462098369 ) ) ;
#2559 = CIRCLE ( 'NONE', #6265, 12.90484428405759587 ) ;
#2560 = AXIS2_PLACEMENT_3D ( 'NONE', #10509, #5089, #1662 ) ;
#2561 = EDGE_CURVE ( 'NONE', #10312, #11067, #9438, .T. ) ;
#2562 = CIRCLE ( 'NONE', #2379, 3.000000000000000888 ) ;
#2563 = DIRECTION ( 'NONE',  ( 0.000000000000000000, 1.000000000000000000, 0.000000000000000000 ) ) ;
#2564 = CARTESIAN_POINT ( 'NONE',  ( -134.7493367092509970, 76.52169227600100498, 133.7207935539339871 ) ) ;
#2565 = CARTESIAN_POINT ( 'NONE',  ( 284.0722498399500182, 60.07649374637219353, 161.0953308843049854 ) ) ;
#2566 = ORIENTED_EDGE ( 'NONE', *, *, #3046, .F. ) ;
#2567 = EDGE_CURVE ( 'NONE', #6365, #5690, #2436, .T. ) ;
#2568 = VERTEX_POINT ( 'NONE', #2318 ) ;
#2569 = EDGE_LOOP ( 'NONE', ( #9242, #7081, #1029, #10521, #4206 ) ) ;
#2570 = VECTOR ( 'NONE', #3844, 1000.000000000000000 ) ;
#2571 = CIRCLE ( 'NONE', #5911, 17.90484428405759942 ) ;
#2572 = ORIENTED_EDGE ( 'NONE', *, *, #1166, .F. ) ;
#2573 = CARTESIAN_POINT ( 'NONE',  ( -269.8896011046559806, 89.42653656005859375, 203.7207935539339871 ) ) ;
#2574 = CARTESIAN_POINT ( 'NONE',  ( -290.9501452464308500, 100.3254294507669755, 204.5953749429286859 ) ) ;
#2575 = CARTESIAN_POINT ( 'NONE',  ( -152.7366433887729897, 76.52169227600100498, 203.7207935539339871 ) ) ;
#2576 = EDGE_CURVE ( 'NONE', #1032, #4086, #10241, .T. ) ;
#2577 = CARTESIAN_POINT ( 'NONE',  ( -30.26300430297849786, 123.8515090942380112, 158.7207935539340156 ) ) ;
#2578 = DIRECTION ( 'NONE',  ( -1.000000000000000000, 0.000000000000000000, 0.000000000000000000 ) ) ;
#2579 = VERTEX_POINT ( 'NONE', #6721 ) ;
#2580 = EDGE_CURVE ( 'NONE', #7910, #9498, #4483, .T. ) ;
#2581 = VERTEX_POINT ( 'NONE', #4121 ) ;
#2582 = DIRECTION ( 'NONE',  ( 0.000000000000000000, 0.000000000000000000, -1.000000000000000000 ) ) ;
#2583 = ADVANCED_FACE ( 'NONE', ( #406 ), #5039, .T. ) ;
#2584 = CIRCLE ( 'NONE', #9085, 4.999999999999997335 ) ;
#2585 = ORIENTED_EDGE ( 'NONE', *, *, #6057, .T. ) ;
#2586 = CARTESIAN_POINT ( 'NONE',  ( -291.1789894103999927, 76.32125139236450195, 155.7207935539340156 ) ) ;
#2587 = CARTESIAN_POINT ( 'NONE',  ( 286.3209915161129970, 148.7737469485219890, 131.0916788174770033 ) ) ;
#2588 = DIRECTION ( 'NONE',  ( -1.000000000000000000, 1.579971831557674912E-16, 1.579971831557694880E-16 ) ) ;
#2589 = CARTESIAN_POINT ( 'NONE',  ( -152.7366447448729900, 8.337247467583065230, 157.8421138974936468 ) ) ;
#2590 = ORIENTED_EDGE ( 'NONE', *, *, #4051, .F. ) ;
#2591 = DIRECTION ( 'NONE',  ( 0.000000000000000000, 0.4574731813344888320, 0.8892234186972931553 ) ) ;
#2592 = DIRECTION ( 'NONE',  ( -0.9999999999999994449, -3.520767142054672750E-08, 5.677289445057447713E-16 ) ) ;
#2593 = DIRECTION ( 'NONE',  ( 0.000000000000000000, 0.000000000000000000, -1.000000000000000000 ) ) ;
#2594 = ORIENTED_EDGE ( 'NONE', *, *, #7167, .T. ) ;
#2595 = PLANE ( 'NONE',  #1391 ) ;
#2596 = ORIENTED_EDGE ( 'NONE', *, *, #4719, .T. ) ;
#2597 = DIRECTION ( 'NONE',  ( -8.029132914089132921E-15, 0.7191424945381000855, -0.6948626285457570884 ) ) ;
#2598 = ORIENTED_EDGE ( 'NONE', *, *, #8458, .T. ) ;
#2599 = FACE_OUTER_BOUND ( 'NONE', #4490, .T. ) ;
#2600 = ORIENTED_EDGE ( 'NONE', *, *, #9156, .F. ) ;
#2601 = LINE ( 'NONE', #6139, #6880 ) ;
#2602 = LINE ( 'NONE', #3484, #9193 ) ;
#2603 = EDGE_CURVE ( 'NONE', #3199, #2605, #8185, .T. ) ;
#2604 = DIRECTION ( 'NONE',  ( 0.000000000000000000, 0.000000000000000000, 1.000000000000000000 ) ) ;
#2605 = VERTEX_POINT ( 'NONE', #10234 ) ;
#2606 = VECTOR ( 'NONE', #2458, 1000.000000000000000 ) ;
#2607 = DIRECTION ( 'NONE',  ( 0.000000000000000000, -1.000000000000000000, 0.000000000000000000 ) ) ;
#2608 = PLANE ( 'NONE',  #8614 ) ;
#2609 = CARTESIAN_POINT ( 'NONE',  ( 194.8209915161130255, 100.4908558527999958, 206.2207935539339871 ) ) ;
#2610 = DIRECTION ( 'NONE',  ( -1.000000000000000000, 1.686196424027724812E-16, -1.686196424027724812E-16 ) ) ;
#2611 = ORIENTED_EDGE ( 'NONE', *, *, #5953, .T. ) ;
#2612 = FACE_OUTER_BOUND ( 'NONE', #7387, .T. ) ;
#2613 = EDGE_CURVE ( 'NONE', #2451, #4265, #1882, .T. ) ;
#2614 = DIRECTION ( 'NONE',  ( -1.000000000000000000, 0.000000000000000000, 0.000000000000000000 ) ) ;
#2615 = AXIS2_PLACEMENT_3D ( 'NONE', #7823, #5163, #42 ) ;
#2616 = VECTOR ( 'NONE', #6028, 1000.000000000000000 ) ;
#2617 = CARTESIAN_POINT ( 'NONE',  ( -290.4467563633663758, 109.3730966500145314, 196.6202341554832742 ) ) ;
#2618 = DIRECTION ( 'NONE',  ( -1.000000000000000000, 2.125492551279555030E-17, -2.125492551279544861E-17 ) ) ;
#2620 = DIRECTION ( 'NONE',  ( -4.163336342344333082E-15, -1.000000000000000000, 0.000000000000000000 ) ) ;
#2619 = B_SPLINE_CURVE_WITH_KNOTS ( 'NONE', 3,
 ( #4554, #8369, #10831, #2213, #7428, #1343, #4892, #8434, #9200, #2098, #3731, #10953, #7373, #1289, #363, #9960, #7485 ),
 .UNSPECIFIED., .F., .F.,
 ( 4, 2, 2, 1, 1, 1, 1, 1, 2, 2, 4 ),
 ( 0.4999999999999994449, 0.6249999999998575584, 0.6874999999997865041, 0.7187499999997526423, 0.7343749999997355449, 0.7421874999997271072, 0.7460937499997228883, 0.7480468749997193356, 0.7490234374997175593, 0.7499999999997156719, 1.000000000000000000 ),
 .UNSPECIFIED. ) ;
#2621 = ORIENTED_EDGE ( 'NONE', *, *, #2181, .T. ) ;
#2622 = VERTEX_POINT ( 'NONE', #2204 ) ;
#2623 = ORIENTED_EDGE ( 'NONE', *, *, #11360, .F. ) ;
#2624 = EDGE_CURVE ( 'NONE', #9584, #8127, #5919, .T. ) ;
#2625 = VERTEX_POINT ( 'NONE', #8539 ) ;
#2626 = FACE_OUTER_BOUND ( 'NONE', #442, .T. ) ;
#2627 = AXIS2_PLACEMENT_3D ( 'NONE', #2058, #8977, #7214 ) ;
#2628 = EDGE_CURVE ( 'NONE', #8313, #716, #8373, .T. ) ;
#2629 = CIRCLE ( 'NONE', #9131, 5.000000000000004441 ) ;
#2630 = LINE ( 'NONE', #9440, #1195 ) ;
#2631 = CARTESIAN_POINT ( 'NONE',  ( -62.68753156123731429, 110.9465026855470029, 203.7207935539339871 ) ) ;
#2632 = ADVANCED_FACE ( 'NONE', ( #3190 ), #2992, .T. ) ;
#2633 = CARTESIAN_POINT ( 'NONE',  ( 287.6211149317392710, 67.48296396247229723, 158.7209665406944907 ) ) ;
#2634 = LINE ( 'NONE', #1877, #7277 ) ;
#2635 = VERTEX_POINT ( 'NONE', #5867 ) ;
#2636 = ORIENTED_EDGE ( 'NONE', *, *, #5855, .T. ) ;
#2637 = PLANE ( 'NONE',  #7682 ) ;
#2638 = EDGE_CURVE ( 'NONE', #1434, #9872, #5748, .T. ) ;
#2639 = VERTEX_POINT ( 'NONE', #9354 ) ;
#2640 = CARTESIAN_POINT ( 'NONE',  ( -291.1780912337169980, 75.06522927976550363, 156.1492382081240180 ) ) ;
#2641 = EDGE_CURVE ( 'NONE', #8941, #5612, #10615, .T. ) ;
#2642 = DIRECTION ( 'NONE',  ( 0.000000000000000000, 0.000000000000000000, 1.000000000000000000 ) ) ;
#2643 = CYLINDRICAL_SURFACE ( 'NONE', #8832, 5.000000000000012434 ) ;
#2644 = AXIS2_PLACEMENT_3D ( 'NONE', #11380, #6334, #4492 ) ;
#2645 = CARTESIAN_POINT ( 'NONE',  ( -117.8759847529471614, 80.81647293915976604, 208.6964859630836031 ) ) ;
#2646 = ORIENTED_EDGE ( 'NONE', *, *, #8661, .F. ) ;
#2647 = DIRECTION ( 'NONE',  ( -1.000000000000000000, -5.068136534518710031E-16, 2.607372337629699853E-16 ) ) ;
#2648 = EDGE_CURVE ( 'NONE', #5703, #2096, #2259, .T. ) ;
#2649 = CARTESIAN_POINT ( 'NONE',  ( 107.6644182205200053, 35.02563476562500000, 155.7207935539340156 ) ) ;
#2650 = CARTESIAN_POINT ( 'NONE',  ( 267.5316238403320312, 76.52169227600100498, 183.7207935539340156 ) ) ;
#2651 = ORIENTED_EDGE ( 'NONE', *, *, #2790, .F. ) ;
#2652 = CARTESIAN_POINT ( 'NONE',  ( 150.3786849975589917, 76.52169227600100498, 203.7207935539339871 ) ) ;
#2653 = CARTESIAN_POINT ( 'NONE',  ( 9.999999999999904077, 110.9465026855470029, 208.7207935539339871 ) ) ;
#2654 = ORIENTED_EDGE ( 'NONE', *, *, #9887, .T. ) ;
#2655 = LINE ( 'NONE', #7994, #1138 ) ;
#2656 = ORIENTED_EDGE ( 'NONE', *, *, #4858, .T. ) ;
#2657 = CARTESIAN_POINT ( 'NONE',  ( 166.9408826479568688, 79.73980062207759545, 208.6129400194338075 ) ) ;
#2658 = CARTESIAN_POINT ( 'NONE',  ( 267.5316238403410125, 22.12078094482420099, 155.7207935539340156 ) ) ;
#2659 = CARTESIAN_POINT ( 'NONE',  ( 283.8153451977602799, 58.75701192688914887, 184.4744329249423629 ) ) ;
#2660 = VERTEX_POINT ( 'NONE', #10352 ) ;
#2661 = EDGE_CURVE ( 'NONE', #2918, #8574, #10996, .T. ) ;
#2662 = DIRECTION ( 'NONE',  ( 1.000000000000000000, 0.000000000000000000, 0.000000000000000000 ) ) ;
#2663 = DIRECTION ( 'NONE',  ( 1.000000000000000000, 0.000000000000000000, 0.000000000000000000 ) ) ;
#2664 = CARTESIAN_POINT ( 'NONE',  ( -51.09094142913819780, 94.42653656005860796, 208.7207935539339871 ) ) ;
#2665 = VECTOR ( 'NONE', #3801, 1000.000000000000000 ) ;
#2666 = PLANE ( 'NONE',  #836 ) ;
#2667 = ORIENTED_EDGE ( 'NONE', *, *, #8850, .F. ) ;
#2668 = CARTESIAN_POINT ( 'NONE',  ( -62.68753156123731429, 110.9465026855470029, 158.7207935539340156 ) ) ;
#2669 = DIRECTION ( 'NONE',  ( 0.000000000000000000, 0.000000000000000000, -1.000000000000000000 ) ) ;
#2670 = AXIS2_PLACEMENT_3D ( 'NONE', #10057, #8237, #6491 ) ;
#2671 = VECTOR ( 'NONE', #7991, 1000.000000000000000 ) ;
#2672 = EDGE_CURVE ( 'NONE', #9198, #2143, #5958, .T. ) ;
#2673 = VECTOR ( 'NONE', #4615, 1000.000000000000000 ) ;
#2674 = DIRECTION ( 'NONE',  ( 0.000000000000000000, 0.000000000000000000, -1.000000000000000000 ) ) ;
#2675 = AXIS2_PLACEMENT_3D ( 'NONE', #3435, #991, #4478 ) ;
#2676 = DIRECTION ( 'NONE',  ( 0.000000000000000000, 0.000000000000000000, -1.000000000000000000 ) ) ;
#2677 = DIRECTION ( 'NONE',  ( 0.000000000000000000, 0.000000000000000000, -1.000000000000000000 ) ) ;
#2678 = EDGE_LOOP ( 'NONE', ( #1784, #6975, #7199, #7043, #8053 ) ) ;
#2679 = ORIENTED_EDGE ( 'NONE', *, *, #11198, .F. ) ;
#2680 = ORIENTED_EDGE ( 'NONE', *, *, #8398, .T. ) ;
#2681 = CARTESIAN_POINT ( 'NONE',  ( -76.95782116841721177, 89.42653656005849427, 203.7207935539339871 ) ) ;
#2682 = ORIENTED_EDGE ( 'NONE', *, *, #9681, .F. ) ;
#2683 = PLANE ( 'NONE',  #2076 ) ;
#2684 = AXIS2_PLACEMENT_3D ( 'NONE', #156, #10798, #7223 ) ;
#2685 = CIRCLE ( 'NONE', #2872, 3.000000000000002665 ) ;
#2686 = ORIENTED_EDGE ( 'NONE', *, *, #11420, .T. ) ;
#2687 = CARTESIAN_POINT ( 'NONE',  ( -261.1789894103999359, 76.32125139236450195, 186.7207935539340156 ) ) ;
#2688 = AXIS2_PLACEMENT_3D ( 'NONE', #6670, #5805, #1503 ) ;
#2689 = TOROIDAL_SURFACE ( 'NONE', #10133, 17.90484428405759942, 5.000000000000000000 ) ;
#2690 = LINE ( 'NONE', #6457, #5871 ) ;
#2691 = ADVANCED_FACE ( 'NONE', ( #4881 ), #10997, .F. ) ;
#2692 = CYLINDRICAL_SURFACE ( 'NONE', #6817, 12.90499687194819600 ) ;
#2693 = VECTOR ( 'NONE', #4904, 1000.000000000000000 ) ;
#2694 = DIRECTION ( 'NONE',  ( 0.000000000000000000, -0.7071067811865475727, 0.7071067811865475727 ) ) ;
#2695 = ORIENTED_EDGE ( 'NONE', *, *, #3319, .T. ) ;
#2696 = ORIENTED_EDGE ( 'NONE', *, *, #5028, .F. ) ;
#2697 = DIRECTION ( 'NONE',  ( 0.000000000000000000, 0.000000000000000000, -1.000000000000000000 ) ) ;
#2698 = VECTOR ( 'NONE', #10038, 1000.000000000000000 ) ;
#2699 = AXIS2_PLACEMENT_3D ( 'NONE', #2233, #10211, #4092 ) ;
#2700 = VERTEX_POINT ( 'NONE', #2149 ) ;
#2701 = AXIS2_PLACEMENT_3D ( 'NONE', #11452, #3474, #6882 ) ;
#2702 = CARTESIAN_POINT ( 'NONE',  ( -197.1789894103999927, 118.5318284406268106, 206.7463431772706031 ) ) ;
#2703 = DIRECTION ( 'NONE',  ( 1.000000000000000000, 1.236900276880090216E-15, -5.394565625201630099E-16 ) ) ;
#2704 = CARTESIAN_POINT ( 'NONE',  ( -169.2988478788421105, 77.58434846500381354, 208.5371530072554549 ) ) ;
#2705 = CYLINDRICAL_SURFACE ( 'NONE', #7193, 5.000000000000012434 ) ;
#2706 = ORIENTED_EDGE ( 'NONE', *, *, #2613, .T. ) ;
#2707 = CARTESIAN_POINT ( 'NONE',  ( -101.0028839111329972, 63.61684799194339490, 153.7207935539340156 ) ) ;
#2708 = AXIS2_PLACEMENT_3D ( 'NONE', #3043, #6580, #10208 ) ;
#2709 = AXIS2_PLACEMENT_3D ( 'NONE', #367, #8439, #317 ) ;
#2710 = EDGE_CURVE ( 'NONE', #5937, #4461, #1280, .T. ) ;
#2711 = DIRECTION ( 'NONE',  ( 0.000000000000000000, 0.000000000000000000, 1.000000000000000000 ) ) ;
#2712 = ORIENTED_EDGE ( 'NONE', *, *, #4343, .F. ) ;
#2713 = DIRECTION ( 'NONE',  ( 1.000000000000000000, -2.688482178977768457E-16, 0.000000000000000000 ) ) ;
#2714 = CIRCLE ( 'NONE', #2336, 3.000000000000000888 ) ;
#2715 = CARTESIAN_POINT ( 'NONE',  ( 132.3913192749020027, 6.215927124023430395, 155.7207935539340156 ) ) ;
#2716 = ORIENTED_EDGE ( 'NONE', *, *, #10363, .F. ) ;
#2717 = FACE_OUTER_BOUND ( 'NONE', #7778, .T. ) ;
#2718 = EDGE_CURVE ( 'NONE', #10842, #8474, #9997, .T. ) ;
#2719 = ORIENTED_EDGE ( 'NONE', *, *, #7609, .F. ) ;
#2720 = AXIS2_PLACEMENT_3D ( 'NONE', #1045, #3714, #116 ) ;
#2721 = CARTESIAN_POINT ( 'NONE',  ( 150.3786849975589917, 89.42653656005859375, 148.7207935539339871 ) ) ;
#2722 = DIRECTION ( 'NONE',  ( -1.075393666311713415E-15, -1.000000000000000000, 0.000000000000000000 ) ) ;
#2723 = CARTESIAN_POINT ( 'NONE',  ( -197.1789894103999927, 91.72166796604619776, 189.6939139598069914 ) ) ;
#2724 = VERTEX_POINT ( 'NONE', #1734 ) ;
#2725 = CARTESIAN_POINT ( 'NONE',  ( -185.8610559998519705, 22.12077808834190051, 155.7207935539340156 ) ) ;
#2726 = DIRECTION ( 'NONE',  ( 0.000000000000000000, 0.000000000000000000, 1.000000000000000000 ) ) ;
#2727 = DIRECTION ( 'NONE',  ( -0.000000000000000000, -1.000000000000000000, -0.000000000000000000 ) ) ;
#2728 = DIRECTION ( 'NONE',  ( -0.9999999999999832356, 1.834062766409069402E-07, 0.000000000000000000 ) ) ;
#2729 = EDGE_CURVE ( 'NONE', #8574, #190, #3419, .T. ) ;
#2730 = ORIENTED_EDGE ( 'NONE', *, *, #1874, .F. ) ;
#2731 = EDGE_CURVE ( 'NONE', #4290, #6895, #752, .T. ) ;
#2732 = PLANE ( 'NONE',  #8889 ) ;
#2733 = CARTESIAN_POINT ( 'NONE',  ( -146.1789941787719727, 51.32125139236440248, 203.7207935539339871 ) ) ;
#2734 = CARTESIAN_POINT ( 'NONE',  ( -96.05349803831515487, 117.2091289500820466, 208.3251006671646905 ) ) ;
#2735 = CARTESIAN_POINT ( 'NONE',  ( -201.7659047478303762, 22.12077808834190051, 155.7207935539340156 ) ) ;
#2736 = DIRECTION ( 'NONE',  ( 1.000000000000000000, 0.000000000000000000, 0.000000000000000000 ) ) ;
#2737 = CARTESIAN_POINT ( 'NONE',  ( -288.6789894103999927, 101.2175338996189851, 205.5186497902789995 ) ) ;
#2738 = ORIENTED_EDGE ( 'NONE', *, *, #740, .T. ) ;
#2739 = ORIENTED_EDGE ( 'NONE', *, *, #5723, .F. ) ;
#2740 = EDGE_LOOP ( 'NONE', ( #8908, #844, #5640, #2073, #3788 ) ) ;
#2741 = CARTESIAN_POINT ( 'NONE',  ( 98.64490526956279837, 38.02563291343319918, 155.7207935539340156 ) ) ;
#2742 = ORIENTED_EDGE ( 'NONE', *, *, #7671, .T. ) ;
#2743 = CARTESIAN_POINT ( 'NONE',  ( -23.31599701963950011, 93.02577972412109375, 203.7207935539339871 ) ) ;
#2744 = VECTOR ( 'NONE', #9425, 1000.000000000000000 ) ;
#2745 = EDGE_CURVE ( 'NONE', #11224, #7802, #9039, .T. ) ;
#2746 = ORIENTED_EDGE ( 'NONE', *, *, #1300, .T. ) ;
#2747 = DIRECTION ( 'NONE',  ( 0.000000000000000000, 0.000000000000000000, 1.000000000000000000 ) ) ;
#2748 = TOROIDAL_SURFACE ( 'NONE', #4434, 17.90500640869139914, 5.000000000000000000 ) ;
#2749 = CARTESIAN_POINT ( 'NONE',  ( -97.17898941040009220, 153.0352742304889944, 166.9855927883679954 ) ) ;
#2750 = DIRECTION ( 'NONE',  ( 0.000000000000000000, -1.000000000000000000, 0.000000000000000000 ) ) ;
#2751 = VECTOR ( 'NONE', #2499, 1000.000000000000000 ) ;
#2752 = CIRCLE ( 'NONE', #5536, 15.90484969578129792 ) ;
#2753 = DIRECTION ( 'NONE',  ( -0.000000000000000000, -1.000000000000000000, -0.000000000000000000 ) ) ;
#2754 = ORIENTED_EDGE ( 'NONE', *, *, #9404, .F. ) ;
#2755 = ORIENTED_EDGE ( 'NONE', *, *, #2940, .T. ) ;
#2756 = FACE_OUTER_BOUND ( 'NONE', #4261, .T. ) ;
#2757 = ORIENTED_EDGE ( 'NONE', *, *, #11506, .F. ) ;
#2758 = CYLINDRICAL_SURFACE ( 'NONE', #1515, 30.00000000000001066 ) ;
#2759 = FACE_OUTER_BOUND ( 'NONE', #7560, .T. ) ;
#2760 = DIRECTION ( 'NONE',  ( -6.519917093474220715E-16, 1.000000000000000000, 0.000000000000000000 ) ) ;
#2761 = ADVANCED_FACE ( 'NONE', ( #5969 ), #633, .T. ) ;
#2762 = DIRECTION ( 'NONE',  ( -1.000000000000000000, 4.873511200959409313E-18, -4.873511200959409313E-18 ) ) ;
#2763 = CARTESIAN_POINT ( 'NONE',  ( -152.7366447448729900, 22.12078094482420099, 155.7207935539340156 ) ) ;
#2764 = B_SPLINE_CURVE_WITH_KNOTS ( 'NONE', 3,
 ( #1894, #8987, #8111, #157, #10746, #2768, #7916, #9801, #8798, #8094, #3630, #8968, #4563, #139, #18, #5372, #1708 ),
 .UNSPECIFIED., .F., .F.,
 ( 4, 2, 2, 2, 1, 1, 1, 2, 2, 4 ),
 ( 0.000000000000000000, 0.1249999077276814502, 0.2499998154553629004, 0.2539060625718540520, 0.2578123096883451759, 0.2656248039213277568, 0.2812497923872926964, 0.3124997693192222425, 0.3749997231830813904, 0.4999996309107997416 ),
 .UNSPECIFIED. ) ;
#2765 = CARTESIAN_POINT ( 'NONE',  ( 183.5030736399810110, 76.52168743035359455, 183.7207935539340156 ) ) ;
#2766 = VERTEX_POINT ( 'NONE', #9522 ) ;
#2767 = CARTESIAN_POINT ( 'NONE',  ( -197.1789894103999927, 114.5107393763349961, 206.2207935539339871 ) ) ;
#2768 = CARTESIAN_POINT ( 'NONE',  ( -202.3634119879296520, 79.80077686788766300, 208.6027903119339442 ) ) ;
#2769 = ORIENTED_EDGE ( 'NONE', *, *, #10197, .T. ) ;
#2770 = CARTESIAN_POINT ( 'NONE',  ( 80.65757722893725656, 8.337246402591812711, 157.8421137391730156 ) ) ;
#2771 = CARTESIAN_POINT ( 'NONE',  ( 80.65757751464838066, 89.42653656005859375, 158.7207935539340156 ) ) ;
#2772 = VERTEX_POINT ( 'NONE', #3483 ) ;
#2773 = DIRECTION ( 'NONE',  ( 1.000000000000000000, 0.000000000000000000, 0.000000000000000000 ) ) ;
#2774 = CYLINDRICAL_SURFACE ( 'NONE', #661, 5.000000000000012434 ) ;
#2775 = EDGE_CURVE ( 'NONE', #8741, #11238, #10420, .T. ) ;
#2776 = CARTESIAN_POINT ( 'NONE',  ( -31.93326525366059343, 128.8515090942379970, 208.7207935539339871 ) ) ;
#2777 = ORIENTED_EDGE ( 'NONE', *, *, #656, .T. ) ;
#2778 = EDGE_CURVE ( 'NONE', #6369, #9860, #2601, .T. ) ;
#2779 = CYLINDRICAL_SURFACE ( 'NONE', #6177, 2.999999999999989342 ) ;
#2780 = CYLINDRICAL_SURFACE ( 'NONE', #6358, 2.999999999999994227 ) ;
#2781 = VECTOR ( 'NONE', #6801, 1000.000000000000000 ) ;
#2782 = FACE_OUTER_BOUND ( 'NONE', #9957, .T. ) ;
#2783 = DIRECTION ( 'NONE',  ( 0.000000000000000000, 0.000000000000000000, -1.000000000000000000 ) ) ;
#2784 = ORIENTED_EDGE ( 'NONE', *, *, #1533, .F. ) ;
#2785 = DIRECTION ( 'NONE',  ( -5.394356612897332845E-16, 0.8135917325371639919, 0.5814365767194009660 ) ) ;
#2786 = CARTESIAN_POINT ( 'NONE',  ( -83.01557525061214449, 22.12077759886831885, 142.8159395102458120 ) ) ;
#2787 = EDGE_CURVE ( 'NONE', #956, #1311, #7943, .T. ) ;
#2788 = DIRECTION ( 'NONE',  ( 0.000000000000000000, 0.000000000000000000, -1.000000000000000000 ) ) ;
#2789 = ADVANCED_FACE ( 'NONE', ( #6892 ), #5409, .T. ) ;
#2790 = EDGE_CURVE ( 'NONE', #9632, #5730, #5338, .T. ) ;
#2791 = CARTESIAN_POINT ( 'NONE',  ( -172.9562072518735647, 22.12077844267901128, 158.7207935539340156 ) ) ;
#2792 = CARTESIAN_POINT ( 'NONE',  ( -290.4482188859699932, 69.74005044523980246, 183.7207935535700187 ) ) ;
#2793 = DIRECTION ( 'NONE',  ( -1.000000000000000000, 1.686196424027724812E-16, -1.686196424027724812E-16 ) ) ;
#2794 = ORIENTED_EDGE ( 'NONE', *, *, #9841, .T. ) ;
#2795 = EDGE_LOOP ( 'NONE', ( #11376, #6921, #9478, #10239, #614 ) ) ;
#2796 = VERTEX_POINT ( 'NONE', #2426 ) ;
#2797 = CARTESIAN_POINT ( 'NONE',  ( -101.0029029846149911, 35.02563291343309970, 155.7207935539340156 ) ) ;
#2798 = AXIS2_PLACEMENT_3D ( 'NONE', #9464, #5863, #10400 ) ;
#2799 = CARTESIAN_POINT ( 'NONE',  ( -288.9207619607479955, 61.48223736546889029, 183.7207935539339871 ) ) ;
#2800 = EDGE_LOOP ( 'NONE', ( #3303, #11, #6164, #11351 ) ) ;
#2801 = CARTESIAN_POINT ( 'NONE',  ( 288.8209915161129970, 156.4021854306319881, 123.7207935539339871 ) ) ;
#2802 = LINE ( 'NONE', #2749, #5684 ) ;
#2803 = EDGE_CURVE ( 'NONE', #9640, #315, #4673, .T. ) ;
#2804 = DIRECTION ( 'NONE',  ( 1.000000000000000000, 0.000000000000000000, 0.000000000000000000 ) ) ;
#2805 = LINE ( 'NONE', #6345, #8020 ) ;
#2806 = ORIENTED_EDGE ( 'NONE', *, *, #7531, .F. ) ;
#2807 = AXIS2_PLACEMENT_3D ( 'NONE', #4118, #2370, #5916 ) ;
#2808 = VERTEX_POINT ( 'NONE', #4240 ) ;
#2809 = EDGE_LOOP ( 'NONE', ( #2696, #11425, #4008, #4584 ) ) ;
#2810 = LINE ( 'NONE', #5430, #7501 ) ;
#2811 = AXIS2_PLACEMENT_3D ( 'NONE', #8992, #8116, #978 ) ;
#2812 = ORIENTED_EDGE ( 'NONE', *, *, #5872, .T. ) ;
#2813 = CARTESIAN_POINT ( 'NONE',  ( -291.1789894103999927, 76.32125139236450195, 155.7207935539340156 ) ) ;
#2814 = LINE ( 'NONE', #6352, #5355 ) ;
#2815 = DIRECTION ( 'NONE',  ( 0.000000000000000000, -0.7071067811865475727, 0.7071067811865475727 ) ) ;
#2816 = DIRECTION ( 'NONE',  ( 0.000000000000000000, 0.000000000000000000, 1.000000000000000000 ) ) ;
#2817 = CARTESIAN_POINT ( 'NONE',  ( -269.8896011036019900, 76.52169227600100498, 208.7207935539339871 ) ) ;
#2818 = AXIS2_PLACEMENT_3D ( 'NONE', #8156, #2930, #5493 ) ;
#2819 = CARTESIAN_POINT ( 'NONE',  ( -290.4461645371186478, 100.7083103307516865, 204.9916336409966959 ) ) ;
#2820 = EDGE_CURVE ( 'NONE', #537, #4205, #7770, .T. ) ;
#2821 = ORIENTED_EDGE ( 'NONE', *, *, #11183, .T. ) ;
#2822 = LINE ( 'NONE', #10923, #1194 ) ;
#2823 = EDGE_LOOP ( 'NONE', ( #10349, #784, #8, #6291, #7425 ) ) ;
#2824 = CYLINDRICAL_SURFACE ( 'NONE', #789, 2.500000000000010658 ) ;
#2825 = AXIS2_PLACEMENT_3D ( 'NONE', #2407, #5472, #10721 ) ;
#2826 = DIRECTION ( 'NONE',  ( 0.7071067811865471286, 0.4913420766378217008, 0.5085105345272931121 ) ) ;
#2827 = ORIENTED_EDGE ( 'NONE', *, *, #10110, .F. ) ;
#2828 = CARTESIAN_POINT ( 'NONE',  ( 60.32955169677730112, 123.8515090942380112, 188.7207935539340156 ) ) ;
#2829 = LINE ( 'NONE', #2893, #6951 ) ;
#2830 = LINE ( 'NONE', #4645, #10947 ) ;
#2831 = ORIENTED_EDGE ( 'NONE', *, *, #8239, .F. ) ;
#2832 = FACE_OUTER_BOUND ( 'NONE', #10332, .T. ) ;
#2833 = DIRECTION ( 'NONE',  ( 0.000000000000000000, 0.000000000000000000, 1.000000000000000000 ) ) ;
#2834 = EDGE_CURVE ( 'NONE', #373, #7079, #4859, .T. ) ;
#2835 = AXIS2_PLACEMENT_3D ( 'NONE', #1934, #2753, #6290 ) ;
#2836 = CARTESIAN_POINT ( 'NONE',  ( 193.9052068482665732, 117.4188356543205316, 208.1721121277132625 ) ) ;
#2837 = ORIENTED_EDGE ( 'NONE', *, *, #251, .F. ) ;
#2838 = CARTESIAN_POINT ( 'NONE',  ( 107.6644182205200053, 38.02563476562500000, 155.7207935539340156 ) ) ;
#2839 = VERTEX_POINT ( 'NONE', #7228 ) ;
#2840 = CARTESIAN_POINT ( 'NONE',  ( -94.67898941040009220, 115.8346203221669981, 208.7207935539339871 ) ) ;
#2841 = DIRECTION ( 'NONE',  ( 0.9999999999999995559, 2.745767247960928976E-08, 0.000000000000000000 ) ) ;
#2842 = EDGE_CURVE ( 'NONE', #11138, #8211, #7622, .T. ) ;
#2843 = CARTESIAN_POINT ( 'NONE',  ( 43.09501647949219461, 88.02577972412109375, 133.7207935539339871 ) ) ;
#2844 = EDGE_CURVE ( 'NONE', #7636, #4101, #9054, .T. ) ;
#2845 = VECTOR ( 'NONE', #1442, 1000.000000000000000 ) ;
#2846 = CARTESIAN_POINT ( 'NONE',  ( -134.7493367092509970, 76.52169227600100498, 158.7207935539340156 ) ) ;
#2847 = CARTESIAN_POINT ( 'NONE',  ( -134.7493367092509970, 63.61684799194339490, 183.7207935539340156 ) ) ;
#2848 = DIRECTION ( 'NONE',  ( 7.031412489292655733E-13, 1.000000000000000000, 0.000000000000000000 ) ) ;
#2849 = ORIENTED_EDGE ( 'NONE', *, *, #6474, .F. ) ;
#2850 =( BOUNDED_CURVE ( )  B_SPLINE_CURVE ( 3, ( #1810, #3438, #5354, #764 ),
 .UNSPECIFIED., .F., .F. ) 
 B_SPLINE_CURVE_WITH_KNOTS ( ( 4, 4 ),
 ( 0.7682288619784085615, 0.7853981633974490562 ),
 .UNSPECIFIED. ) 
 CURVE ( )  GEOMETRIC_REPRESENTATION_ITEM ( )  RATIONAL_B_SPLINE_CURVE ( ( 1.000000000000000000, 0.9999754347415962252, 0.9999754347415962252, 1.000000000000000000 ) ) 
 REPRESENTATION_ITEM ( '' )  );
#2851 = VERTEX_POINT ( 'NONE', #4700 ) ;
#2852 = ORIENTED_EDGE ( 'NONE', *, *, #6965, .T. ) ;
#2853 = CARTESIAN_POINT ( 'NONE',  ( 115.5182405664498191, 80.81653680372072301, 208.6964859483994701 ) ) ;
#2854 = CARTESIAN_POINT ( 'NONE',  ( -289.4070199971782813, 64.33510297367398323, 183.7207935539340156 ) ) ;
#2855 = ADVANCED_FACE ( 'NONE', ( #7177 ), #1096, .F. ) ;
#2856 = VECTOR ( 'NONE', #9484, 1000.000000000000000 ) ;
#2857 = VERTEX_POINT ( 'NONE', #2074 ) ;
#2858 = DIRECTION ( 'NONE',  ( -0.7071067811865475727, 0.000000000000000000, 0.7071067811865475727 ) ) ;
#2859 = TOROIDAL_SURFACE ( 'NONE', #1014, 17.90484428405759942, 5.000000000000000000 ) ;
#2860 = AXIS2_PLACEMENT_3D ( 'NONE', #316, #10079, #5590 ) ;
#2861 = DIRECTION ( 'NONE',  ( 0.000000000000000000, 0.000000000000000000, -1.000000000000000000 ) ) ;
#2862 = CIRCLE ( 'NONE', #456, 15.90485388537120492 ) ;
#2863 = CARTESIAN_POINT ( 'NONE',  ( 286.9037136007103186, 63.48577717677435572, 158.7217459128794417 ) ) ;
#2864 = CARTESIAN_POINT ( 'NONE',  ( 98.64490509033210230, 94.42653656005860796, 208.7207935539339871 ) ) ;
#2865 = LINE ( 'NONE', #1070, #984 ) ;
#2866 = VERTEX_POINT ( 'NONE', #6430 ) ;
#2867 = ORIENTED_EDGE ( 'NONE', *, *, #1200, .F. ) ;
#2868 = EDGE_LOOP ( 'NONE', ( #8972, #6547, #8709, #6321, #4466, #4273 ) ) ;
#2869 = CARTESIAN_POINT ( 'NONE',  ( 194.8209915161130255, 146.4271501097099986, 142.7130177981149757 ) ) ;
#2870 = CIRCLE ( 'NONE', #8064, 5.000000000000004441 ) ;
#2871 = ORIENTED_EDGE ( 'NONE', *, *, #4983, .F. ) ;
#2872 = AXIS2_PLACEMENT_3D ( 'NONE', #4255, #6046, #9607 ) ;
#2873 = CARTESIAN_POINT ( 'NONE',  ( -196.4161459817640036, 98.63017898587470711, 208.0186497902789995 ) ) ;
#2874 = EDGE_CURVE ( 'NONE', #5398, #8667, #165, .T. ) ;
#2875 = TOROIDAL_SURFACE ( 'NONE', #11248, 15.90485382080079901, 3.000000000000000000 ) ;
#2876 = DIRECTION ( 'NONE',  ( 4.688749442782618508E-16, -0.7191424945380946454, 0.6948626285457626395 ) ) ;
#2877 = LINE ( 'NONE', #89, #4931 ) ;
#2878 = DIRECTION ( 'NONE',  ( 0.000000000000000000, 0.000000000000000000, -1.000000000000000000 ) ) ;
#2879 = CARTESIAN_POINT ( 'NONE',  ( -269.8896011050640027, 94.42653656005860796, 203.7207935539339871 ) ) ;
#2880 = CIRCLE ( 'NONE', #11435, 12.90485382080080967 ) ;
#2881 = VECTOR ( 'NONE', #2760, 1000.000000000000000 ) ;
#2882 = CIRCLE ( 'NONE', #3818, 4.999999999999997335 ) ;
#2883 = CARTESIAN_POINT ( 'NONE',  ( -202.3627282584730551, 70.80566379435681768, 208.7037072688056867 ) ) ;
#2884 = EDGE_LOOP ( 'NONE', ( #1538, #3026, #9834, #1526 ) ) ;
#2885 = AXIS2_PLACEMENT_3D ( 'NONE', #1139, #6422, #1364 ) ;
#2886 = DIRECTION ( 'NONE',  ( 1.000000000000000000, -3.159943663115390253E-16, 0.000000000000000000 ) ) ;
#2887 = ORIENTED_EDGE ( 'NONE', *, *, #5496, .T. ) ;
#2888 = DIRECTION ( 'NONE',  ( -1.000000000000000000, -1.018319216034379926E-16, 1.018319216034379926E-16 ) ) ;
#2889 = DIRECTION ( 'NONE',  ( 0.000000000000000000, 0.000000000000000000, 1.000000000000000000 ) ) ;
#2890 = ORIENTED_EDGE ( 'NONE', *, *, #7155, .F. ) ;
#2891 = AXIS2_PLACEMENT_3D ( 'NONE', #1566, #3864, #1303 ) ;
#2892 = DIRECTION ( 'NONE',  ( 1.000000000000000000, -4.475536128753789939E-15, 0.000000000000000000 ) ) ;
#2893 = CARTESIAN_POINT ( 'NONE',  ( -67.96416782819719060, 58.61684799194339490, 208.7207935539339871 ) ) ;
#2894 = CARTESIAN_POINT ( 'NONE',  ( -202.9609222412111933, 22.12078094482420454, 155.7207935539340156 ) ) ;
#2895 = TOROIDAL_SURFACE ( 'NONE', #9578, 17.90500640869139914, 5.000000000000000000 ) ;
#2896 = EDGE_CURVE ( 'NONE', #3826, #10470, #8230, .T. ) ;
#2897 = VERTEX_POINT ( 'NONE', #2950 ) ;
#2898 =( BOUNDED_CURVE ( )  B_SPLINE_CURVE ( 3, ( #5075, #10431, #609, #832 ),
 .UNSPECIFIED., .F., .F. ) 
 B_SPLINE_CURVE_WITH_KNOTS ( ( 4, 4 ),
 ( 5.497787143782132624, 5.918884813489239782 ),
 .UNSPECIFIED. ) 
 CURVE ( )  GEOMETRIC_REPRESENTATION_ITEM ( )  RATIONAL_B_SPLINE_CURVE ( ( 1.000000000000000000, 0.9852775715801360690, 0.9852775715801360690, 1.000000000000000000 ) ) 
 REPRESENTATION_ITEM ( '' )  );
#2899 = CYLINDRICAL_SURFACE ( 'NONE', #6389, 2.500000000000010658 ) ;
#2900 = LINE ( 'NONE', #5400, #7720 ) ;
#2901 = CYLINDRICAL_SURFACE ( 'NONE', #2670, 2.999999999999994227 ) ;
#2902 = ORIENTED_EDGE ( 'NONE', *, *, #6944, .T. ) ;
#2903 = FACE_OUTER_BOUND ( 'NONE', #130, .T. ) ;
#2904 =( LENGTH_UNIT ( ) NAMED_UNIT ( * ) SI_UNIT ( .MILLI., .METRE. ) );
#2905 = ORIENTED_EDGE ( 'NONE', *, *, #1697, .F. ) ;
#2906 = DIRECTION ( 'NONE',  ( 0.000000000000000000, 0.000000000000000000, -1.000000000000000000 ) ) ;
#2907 = CARTESIAN_POINT ( 'NONE',  ( -218.8657760620120314, 89.42653656005859375, 203.7207935539339871 ) ) ;
#2908 = CARTESIAN_POINT ( 'NONE',  ( -288.9577184449169636, 64.49571182203939657, 185.8504574649260235 ) ) ;
#2909 = EDGE_CURVE ( 'NONE', #1991, #10340, #6257, .T. ) ;
#2910 = CARTESIAN_POINT ( 'NONE',  ( 150.3786849975589917, 94.42653656005860796, 203.7207935539339871 ) ) ;
#2911 = CARTESIAN_POINT ( 'NONE',  ( -42.09728601378149193, 38.02563643273870042, 155.7207935539340156 ) ) ;
#2912 = FACE_OUTER_BOUND ( 'NONE', #6997, .T. ) ;
#2913 = ORIENTED_EDGE ( 'NONE', *, *, #125, .T. ) ;
#2914 = EDGE_LOOP ( 'NONE', ( #5404, #8153, #9774, #4414 ) ) ;
#2915 = ORIENTED_EDGE ( 'NONE', *, *, #9554, .F. ) ;
#2916 = DIRECTION ( 'NONE',  ( 0.000000000000000000, 0.000000000000000000, -1.000000000000000000 ) ) ;
#2917 = EDGE_CURVE ( 'NONE', #2464, #2031, #3301, .T. ) ;
#2918 = VERTEX_POINT ( 'NONE', #4467 ) ;
#2919 = DIRECTION ( 'NONE',  ( 0.000000000000000000, 0.000000000000000000, -1.000000000000000000 ) ) ;
#2920 = CARTESIAN_POINT ( 'NONE',  ( 267.5316238403320312, 9.215927124023419736, 155.7207935539340156 ) ) ;
#2921 = CARTESIAN_POINT ( 'NONE',  ( 286.4807408147479464, 60.99682484548895189, 158.7219174778421404 ) ) ;
#2922 = ADVANCED_FACE ( 'NONE', ( #9873 ), #7996, .T. ) ;
#2923 = CARTESIAN_POINT ( 'NONE',  ( -152.7366447448729900, 6.215927124023419736, 155.7207935539340156 ) ) ;
#2924 = DIRECTION ( 'NONE',  ( 0.000000000000000000, 0.000000000000000000, -1.000000000000000000 ) ) ;
#2925 = ORIENTED_EDGE ( 'NONE', *, *, #2197, .T. ) ;
#2926 = ORIENTED_EDGE ( 'NONE', *, *, #6499, .T. ) ;
#2927 = EDGE_LOOP ( 'NONE', ( #6597, #7056, #9277, #8365, #7287 ) ) ;
#2928 = CARTESIAN_POINT ( 'NONE',  ( 150.3786849975589917, 38.02563476562500000, 158.7207935539340156 ) ) ;
#2929 = VERTEX_POINT ( 'NONE', #7288 ) ;
#2930 = DIRECTION ( 'NONE',  ( -1.000000000000000000, -8.166978204826590244E-11, 0.000000000000000000 ) ) ;
#2931 = CARTESIAN_POINT ( 'NONE',  ( 267.5316238403320312, 63.61684799194339490, 150.7207935539340156 ) ) ;
#2932 = DIRECTION ( 'NONE',  ( 1.000000000000000000, 0.000000000000000000, 0.000000000000000000 ) ) ;
#2933 = VECTOR ( 'NONE', #6306, 1000.000000000000000 ) ;
#2934 = EDGE_CURVE ( 'NONE', #5025, #8273, #10804, .T. ) ;
#2935 = CARTESIAN_POINT ( 'NONE',  ( -152.7366433896910110, 63.61684799194339490, 203.7207935539339871 ) ) ;
#2936 = CARTESIAN_POINT ( 'NONE',  ( 216.5078370686659923, 89.42653656005859375, 158.7207935539340156 ) ) ;
#2937 = CIRCLE ( 'NONE', #9434, 5.000000000000004441 ) ;
#2938 = AXIS2_PLACEMENT_3D ( 'NONE', #395, #3938, #7462 ) ;
#2939 = EDGE_CURVE ( 'NONE', #10771, #11340, #1963, .T. ) ;
#2940 = EDGE_CURVE ( 'NONE', #4861, #7670, #7248, .T. ) ;
#2941 = VECTOR ( 'NONE', #9127, 1000.000000000000000 ) ;
#2942 = CARTESIAN_POINT ( 'NONE',  ( -202.3634118963417734, 73.14833682629294742, 208.6068727882205565 ) ) ;
#2943 = VERTEX_POINT ( 'NONE', #9111 ) ;
#2944 = CARTESIAN_POINT ( 'NONE',  ( 38.07888031005860086, 22.12078094482420099, 158.7207935539340156 ) ) ;
#2945 = ORIENTED_EDGE ( 'NONE', *, *, #6693, .F. ) ;
#2946 = LINE ( 'NONE', #3655, #2449 ) ;
#2947 = CARTESIAN_POINT ( 'NONE',  ( 286.3209915161129970, 148.7737469485219890, 156.0916788174769749 ) ) ;
#2948 = ORIENTED_EDGE ( 'NONE', *, *, #8771, .T. ) ;
#2949 = AXIS2_PLACEMENT_3D ( 'NONE', #3485, #9713, #5342 ) ;
#2950 = CARTESIAN_POINT ( 'NONE',  ( -40.43682098388670454, 9.215927124023428618, 135.7207935539339871 ) ) ;
#2951 = CARTESIAN_POINT ( 'NONE',  ( -289.7141012682481573, 97.65103357956519403, 207.2559555430613898 ) ) ;
#2952 = DIRECTION ( 'NONE',  ( 0.000000000000000000, 0.000000000000000000, 1.000000000000000000 ) ) ;
#2953 = EDGE_LOOP ( 'NONE', ( #7584, #2342, #6788, #6962, #8853 ) ) ;
#2954 = CARTESIAN_POINT ( 'NONE',  ( 60.32955169677730112, 128.8515090942379970, 208.7207935539339871 ) ) ;
#2955 = LINE ( 'NONE', #7125, #3249 ) ;
#2956 = ORIENTED_EDGE ( 'NONE', *, *, #10593, .F. ) ;
#2957 = ADVANCED_FACE ( 'NONE', ( #1147 ), #8755, .T. ) ;
#2958 = DIRECTION ( 'NONE',  ( 0.000000000000000000, 0.000000000000000000, -1.000000000000000000 ) ) ;
#2959 = CARTESIAN_POINT ( 'NONE',  ( -289.7891645742757305, 66.50977968750382274, 158.7267711072611291 ) ) ;
#2960 = ORIENTED_EDGE ( 'NONE', *, *, #10873, .F. ) ;
#2961 = CARTESIAN_POINT ( 'NONE',  ( -269.8896011046559806, 89.42653656005859375, 183.7207935539340156 ) ) ;
#2962 = CARTESIAN_POINT ( 'NONE',  ( -286.9956009418639837, 60.87877210846830422, 186.1314647840640077 ) ) ;
#2963 = CIRCLE ( 'NONE', #751, 12.90484428405758166 ) ;
#2964 = CARTESIAN_POINT ( 'NONE',  ( 166.2835388183597729, 22.12078094482419743, 155.7207935539340156 ) ) ;
#2965 = DIRECTION ( 'NONE',  ( -1.000000000000000000, 1.065814103640150121E-14, 0.000000000000000000 ) ) ;
#2966 = EDGE_CURVE ( 'NONE', #1369, #8611, #3736, .T. ) ;
#2967 = ORIENTED_EDGE ( 'NONE', *, *, #11441, .T. ) ;
#2968 = ORIENTED_EDGE ( 'NONE', *, *, #434, .T. ) ;
#2969 = ORIENTED_EDGE ( 'NONE', *, *, #10910, .T. ) ;
#2970 = CARTESIAN_POINT ( 'NONE',  ( 115.5181123625345663, 79.97896886167640673, 208.6741894004526614 ) ) ;
#2971 = ORIENTED_EDGE ( 'NONE', *, *, #5953, .F. ) ;
#2972 = DIRECTION ( 'NONE',  ( 1.000000000000000000, -2.688482178977768457E-16, 0.000000000000000000 ) ) ;
#2973 = CARTESIAN_POINT ( 'NONE',  ( -285.7883292040323795, 59.02757017883210011, 185.9355499008562163 ) ) ;
#2974 = AXIS2_PLACEMENT_3D ( 'NONE', #7279, #11029, #4692 ) ;
#2975 = CARTESIAN_POINT ( 'NONE',  ( 286.9789967623311213, 63.92570699904802467, 158.7214724177825360 ) ) ;
#2976 = CARTESIAN_POINT ( 'NONE',  ( -62.68753156017800876, 98.04149627685548296, 183.7207935539340156 ) ) ;
#2977 = DIRECTION ( 'NONE',  ( 0.000000000000000000, 0.000000000000000000, -1.000000000000000000 ) ) ;
#2978 = EDGE_CURVE ( 'NONE', #9615, #4552, #208, .T. ) ;
#2979 = ORIENTED_EDGE ( 'NONE', *, *, #3780, .T. ) ;
#2980 = EDGE_CURVE ( 'NONE', #4265, #1545, #6143, .T. ) ;
#2981 = ORIENTED_EDGE ( 'NONE', *, *, #5412, .F. ) ;
#2982 = ORIENTED_EDGE ( 'NONE', *, *, #7461, .F. ) ;
#2983 = DIRECTION ( 'NONE',  ( 1.000000000000000000, 5.480868912904819410E-16, 0.000000000000000000 ) ) ;
#2984 = EDGE_LOOP ( 'NONE', ( #9033, #5132, #1090, #10800, #3339, #1871 ) ) ;
#2985 = DIRECTION ( 'NONE',  ( 0.000000000000000000, 0.000000000000000000, 1.000000000000000000 ) ) ;
#2986 = DIRECTION ( 'NONE',  ( 0.000000000000000000, 0.000000000000000000, 1.000000000000000000 ) ) ;
#2987 = DIRECTION ( 'NONE',  ( 0.000000000000000000, 0.000000000000000000, -1.000000000000000000 ) ) ;
#2988 = ADVANCED_FACE ( 'NONE', ( #6311 ), #4109, .T. ) ;
#2989 = DIRECTION ( 'NONE',  ( 0.7071067811865475727, 0.000000000000000000, 0.7071067811865475727 ) ) ;
#2990 = CARTESIAN_POINT ( 'NONE',  ( 287.3560920573949602, 97.65102759271275090, 207.2559671125065961 ) ) ;
#2991 = VECTOR ( 'NONE', #8481, 1000.000000000000000 ) ;
#2992 = TOROIDAL_SURFACE ( 'NONE', #5591, 15.90485382080079901, 3.000000000000000000 ) ;
#2993 = CARTESIAN_POINT ( 'NONE',  ( -202.3634190205779930, 69.57506281176510754, 208.7207935539339871 ) ) ;
#2994 = EDGE_CURVE ( 'NONE', #71, #8332, #8565, .T. ) ;
#2995 = ORIENTED_EDGE ( 'NONE', *, *, #8974, .F. ) ;
#2996 = FACE_BOUND ( 'NONE', #7780, .T. ) ;
#2997 = VERTEX_POINT ( 'NONE', #3935 ) ;
#2998 = FACE_OUTER_BOUND ( 'NONE', #6647, .T. ) ;
#2999 = LINE ( 'NONE', #6428, #207 ) ;
#3000 = ORIENTED_EDGE ( 'NONE', *, *, #4412, .T. ) ;
#3001 = CARTESIAN_POINT ( 'NONE',  ( -152.7366447448729900, 22.12078094482420099, 155.7207935539340156 ) ) ;
#3002 = CARTESIAN_POINT ( 'NONE',  ( -101.0028839111329972, 89.42653656005859375, 158.7207935539340156 ) ) ;
#3003 = AXIS2_PLACEMENT_3D ( 'NONE', #7163, #145, #5551 ) ;
#3004 = EDGE_CURVE ( 'NONE', #10558, #1416, #5602, .T. ) ;
#3005 = DIRECTION ( 'NONE',  ( -8.029132914089132921E-15, 0.7191424945381000855, -0.6948626285457570884 ) ) ;
#3006 = EDGE_LOOP ( 'NONE', ( #11392, #7297, #11154, #622 ) ) ;
#3007 = DIRECTION ( 'NONE',  ( -1.000000000000000000, 0.000000000000000000, 0.000000000000000000 ) ) ;
#3008 = CARTESIAN_POINT ( 'NONE',  ( 98.64490509033210230, 63.61684799194339490, 183.7207935539340156 ) ) ;
#3009 = ADVANCED_FACE ( 'NONE', ( #8347 ), #3991, .T. ) ;
#3010 = AXIS2_PLACEMENT_3D ( 'NONE', #6927, #1600, #10440 ) ;
#3011 = DIRECTION ( 'NONE',  ( 0.000000000000000000, 0.000000000000000000, -1.000000000000000000 ) ) ;
#3012 = ORIENTED_EDGE ( 'NONE', *, *, #3962, .F. ) ;
#3013 = DIRECTION ( 'NONE',  ( 0.000000000000000000, 0.000000000000000000, -1.000000000000000000 ) ) ;
#3014 = FILL_AREA_STYLE ('',( #1278 ) ) ;
#3015 = VERTEX_POINT ( 'NONE', #7459 ) ;
#3016 = DIRECTION ( 'NONE',  ( 0.000000000000000000, 0.000000000000000000, -1.000000000000000000 ) ) ;
#3017 = CARTESIAN_POINT ( 'NONE',  ( -134.7493362426759802, 9.215927124023428618, 138.7207935539339871 ) ) ;
#3018 = EDGE_CURVE ( 'NONE', #9457, #6400, #4765, .T. ) ;
#3019 = FACE_OUTER_BOUND ( 'NONE', #7920, .T. ) ;
#3020 = AXIS2_PLACEMENT_3D ( 'NONE', #4503, #6172, #5485 ) ;
#3021 = EDGE_CURVE ( 'NONE', #8291, #786, #10624, .T. ) ;
#3022 = DIRECTION ( 'NONE',  ( 0.000000000000000000, 0.000000000000000000, -1.000000000000000000 ) ) ;
#3023 = CIRCLE ( 'NONE', #6742, 12.90500640869140092 ) ;
#3024 = CARTESIAN_POINT ( 'NONE',  ( -101.0028839111329972, 63.61684799194339490, 203.7207935539339871 ) ) ;
#3025 = VERTEX_POINT ( 'NONE', #10337 ) ;
#3026 = ORIENTED_EDGE ( 'NONE', *, *, #4648, .T. ) ;
#3027 = ORIENTED_EDGE ( 'NONE', *, *, #2672, .T. ) ;
#3028 = CARTESIAN_POINT ( 'NONE',  ( -197.1789894103999927, 146.4271501097090038, 167.7130177981149757 ) ) ;
#3029 = CYLINDRICAL_SURFACE ( 'NONE', #1753, 12.90484428405759587 ) ;
#3030 = ADVANCED_FACE ( 'NONE', ( #6654 ), #3189, .T. ) ;
#3031 = VECTOR ( 'NONE', #3532, 1000.000000000000000 ) ;
#3032 = CARTESIAN_POINT ( 'NONE',  ( -83.01557321292520442, 6.215926217349330152, 158.7207935539340156 ) ) ;
#3033 = DIRECTION ( 'NONE',  ( -0.000000000000000000, -1.000000000000000000, -0.000000000000000000 ) ) ;
#3034 = FACE_OUTER_BOUND ( 'NONE', #770, .T. ) ;
#3035 = CARTESIAN_POINT ( 'NONE',  ( -23.31599701963950011, 89.49024581818835600, 207.2563274598667533 ) ) ;
#3036 = EDGE_LOOP ( 'NONE', ( #9662, #7673, #7748, #6813, #11257, #6099 ) ) ;
#3037 = ORIENTED_EDGE ( 'NONE', *, *, #8410, .T. ) ;
#3038 = ORIENTED_EDGE ( 'NONE', *, *, #9376, .T. ) ;
#3039 = CARTESIAN_POINT ( 'NONE',  ( 284.6281423443959966, 76.32125139236430300, 208.6552142433770030 ) ) ;
#3040 = CIRCLE ( 'NONE', #6000, 12.90484428405761008 ) ;
#3041 = ORIENTED_EDGE ( 'NONE', *, *, #1227, .F. ) ;
#3042 = FACE_OUTER_BOUND ( 'NONE', #1302, .T. ) ;
#3043 = CARTESIAN_POINT ( 'NONE',  ( -101.0028879108200073, 22.12077956539249968, 155.7207935539340156 ) ) ;
#3044 = DIRECTION ( 'NONE',  ( 5.214744675259399707E-16, -0.8135917325371639919, -0.5814365767194009660 ) ) ;
#3045 = CIRCLE ( 'NONE', #6205, 12.90484428405759587 ) ;
#3046 = EDGE_CURVE ( 'NONE', #7955, #9198, #6699, .T. ) ;
#3047 = PLANE ( 'NONE',  #10892 ) ;
#3048 = VECTOR ( 'NONE', #6147, 1000.000000000000000 ) ;
#3049 = VECTOR ( 'NONE', #11339, 1000.000000000000000 ) ;
#3050 = DIRECTION ( 'NONE',  ( -1.000000000000000000, 0.000000000000000000, 0.000000000000000000 ) ) ;
#3051 = AXIS2_PLACEMENT_3D ( 'NONE', #10491, #5193, #7794 ) ;
#3052 = ORIENTED_EDGE ( 'NONE', *, *, #4212, .F. ) ;
#3053 = ORIENTED_EDGE ( 'NONE', *, *, #3568, .T. ) ;
#3054 = FACE_BOUND ( 'NONE', #828, .T. ) ;
#3055 = AXIS2_PLACEMENT_3D ( 'NONE', #3952, #178, #407 ) ;
#3056 = TOROIDAL_SURFACE ( 'NONE', #645, 17.90484428405759942, 5.000000000000000000 ) ;
#3057 = EDGE_LOOP ( 'NONE', ( #1420, #6947 ) ) ;
#3058 = CARTESIAN_POINT ( 'NONE',  ( 284.3060580912053297, 72.26843799493892107, 208.6701165532987829 ) ) ;
#3059 = CARTESIAN_POINT ( 'NONE',  ( 284.6023246025799835, 60.06606318776369591, 184.6875565350299837 ) ) ;
#3060 = ORIENTED_EDGE ( 'NONE', *, *, #10737, .F. ) ;
#3061 = DIRECTION ( 'NONE',  ( -1.000000000000000000, -8.208367319184731110E-11, 0.000000000000000000 ) ) ;
#3062 = LINE ( 'NONE', #10170, #8643 ) ;
#3063 = CARTESIAN_POINT ( 'NONE',  ( -289.7301813605923257, 1.448808049807688736, 158.4122422908609735 ) ) ;
#3064 = AXIS2_PLACEMENT_3D ( 'NONE', #6064, #9629, #1654 ) ;
#3065 = ADVANCED_FACE ( 'NONE', ( #8295 ), #4049, .F. ) ;
#3066 = VERTEX_POINT ( 'NONE', #11155 ) ;
#3067 = DIRECTION ( 'NONE',  ( 0.000000000000000000, 0.000000000000000000, -1.000000000000000000 ) ) ;
#3068 = AXIS2_PLACEMENT_3D ( 'NONE', #1189, #9098, #8282 ) ;
#3069 = CIRCLE ( 'NONE', #651, 15.90485388537120492 ) ;
#3070 = CARTESIAN_POINT ( 'NONE',  ( 132.3913249411490085, 94.42653656005869323, 203.7207935539339871 ) ) ;
#3071 = ADVANCED_FACE ( 'NONE', ( #393 ), #339, .T. ) ;
#3072 = DIRECTION ( 'NONE',  ( 4.224597061064384294E-08, -0.7071067811865469066, 0.7071067811865469066 ) ) ;
#3073 = EDGE_LOOP ( 'NONE', ( #5273, #11323, #5309, #9730, #704, #6888, #6827 ) ) ;
#3074 = DIRECTION ( 'NONE',  ( 5.914660793751095536E-15, 1.000000000000000000, 0.000000000000000000 ) ) ;
#3075 = DIRECTION ( 'NONE',  ( 1.182933032942884815E-14, 1.000000000000000000, 0.000000000000000000 ) ) ;
#3076 = ORIENTED_EDGE ( 'NONE', *, *, #741, .T. ) ;
#3077 = VECTOR ( 'NONE', #10493, 1000.000000000000000 ) ;
#3078 = DIRECTION ( 'NONE',  ( 0.000000000000000000, 1.000000000000000000, 0.000000000000000000 ) ) ;
#3079 = CARTESIAN_POINT ( 'NONE',  ( -67.96416782819719060, 63.61684799194339490, 203.7207935539339871 ) ) ;
#3080 = AXIS2_PLACEMENT_3D ( 'NONE', #969, #1954, #915 ) ;
#3081 = CIRCLE ( 'NONE', #9581, 5.000000000000004441 ) ;
#3082 = DIRECTION ( 'NONE',  ( 1.000000000000000000, 0.000000000000000000, 0.000000000000000000 ) ) ;
#3083 = ADVANCED_FACE ( 'NONE', ( #10983 ), #3173, .F. ) ;
#3084 = VECTOR ( 'NONE', #6694, 1000.000000000000000 ) ;
#3085 = VECTOR ( 'NONE', #9600, 1000.000000000000000 ) ;
#3086 = EDGE_CURVE ( 'NONE', #2766, #801, #2629, .T. ) ;
#3087 = EDGE_CURVE ( 'NONE', #3918, #11253, #6538, .T. ) ;
#3088 = DIRECTION ( 'NONE',  ( -1.000000000000000000, 0.000000000000000000, 0.000000000000000000 ) ) ;
#3089 = EDGE_CURVE ( 'NONE', #6507, #2392, #10273, .T. ) ;
#3090 = CARTESIAN_POINT ( 'NONE',  ( 267.5316238403320312, 63.61684799194339490, 158.7207935539340156 ) ) ;
#3091 = EDGE_LOOP ( 'NONE', ( #6254, #6487, #3285, #4901 ) ) ;
#3092 = ORIENTED_EDGE ( 'NONE', *, *, #4540, .T. ) ;
#3093 = CARTESIAN_POINT ( 'NONE',  ( 115.5181129410263452, 79.99742540625486242, 208.6746986214383526 ) ) ;
#3094 = FACE_OUTER_BOUND ( 'NONE', #1143, .T. ) ;
#3095 = CARTESIAN_POINT ( 'NONE',  ( 89.65124130249020595, 76.52169227600100498, 153.7207935539340156 ) ) ;
#3096 = DIRECTION ( 'NONE',  ( 1.000000000000000000, 0.000000000000000000, 0.000000000000000000 ) ) ;
#3097 = FACE_OUTER_BOUND ( 'NONE', #7355, .T. ) ;
#3098 = CARTESIAN_POINT ( 'NONE',  ( 43.09501647949219461, 75.12078285217289420, 203.7207935539339871 ) ) ;
#3099 = EDGE_LOOP ( 'NONE', ( #7147, #755, #3534, #4224 ) ) ;
#3100 = VERTEX_POINT ( 'NONE', #4979 ) ;
#3101 = ORIENTED_EDGE ( 'NONE', *, *, #4365, .T. ) ;
#3102 = CARTESIAN_POINT ( 'NONE',  ( -194.6789894103999927, 114.5107393763349961, 206.2207935539339871 ) ) ;
#3103 = EDGE_CURVE ( 'NONE', #11301, #9588, #6148, .T. ) ;
#3104 = ORIENTED_EDGE ( 'NONE', *, *, #4048, .F. ) ;
#3105 = CARTESIAN_POINT ( 'NONE',  ( 192.6430705721278400, 97.21510147052535444, 208.7207935539339871 ) ) ;
#3106 = DIRECTION ( 'NONE',  ( 1.000000000000000000, -3.100342586094690183E-15, 0.000000000000000000 ) ) ;
#3107 = CARTESIAN_POINT ( 'NONE',  ( 80.65757751464849434, 58.61684799194339490, 203.7207935539339871 ) ) ;
#3108 = CARTESIAN_POINT ( 'NONE',  ( -23.31599701963950011, 88.02577972412109375, 203.7207935539339871 ) ) ;
#3109 = CARTESIAN_POINT ( 'NONE',  ( -202.3634178493807099, 75.42763554345657440, 208.5200676589471982 ) ) ;
#3110 = VERTEX_POINT ( 'NONE', #9283 ) ;
#3111 = VERTEX_POINT ( 'NONE', #7637 ) ;
#3112 = CARTESIAN_POINT ( 'NONE',  ( -282.3921928459963624, 55.10804795676806123, 203.7207935539339871 ) ) ;
#3113 = ADVANCED_FACE ( 'NONE', ( #11212 ), #6008, .T. ) ;
#3114 = EDGE_LOOP ( 'NONE', ( #11364, #9791, #4031, #1640 ) ) ;
#3115 = DIRECTION ( 'NONE',  ( -1.000000000000000000, 1.635284895191439853E-16, 0.000000000000000000 ) ) ;
#3116 = CARTESIAN_POINT ( 'NONE',  ( 284.3593478675729784, 60.48538819502430641, 186.7207935539340156 ) ) ;
#3117 = ORIENTED_EDGE ( 'NONE', *, *, #9169, .F. ) ;
#3118 = DIRECTION ( 'NONE',  ( 2.150785743182216738E-15, -1.000000000000000000, 0.000000000000000000 ) ) ;
#3119 = FACE_OUTER_BOUND ( 'NONE', #2800, .T. ) ;
#3120 = CARTESIAN_POINT ( 'NONE',  ( -287.5350785927979587, 98.55500069299139909, 208.0877669750980203 ) ) ;
#3121 = VECTOR ( 'NONE', #2410, 1000.000000000000000 ) ;
#3122 = VECTOR ( 'NONE', #1887, 1000.000000000000000 ) ;
#3123 = ORIENTED_EDGE ( 'NONE', *, *, #638, .F. ) ;
#3124 = CARTESIAN_POINT ( 'NONE',  ( 216.5078353881840201, 38.02563476562500000, 155.7207935539340156 ) ) ;
#3125 = AXIS2_PLACEMENT_3D ( 'NONE', #10015, #8254, #307 ) ;
#3126 = FACE_OUTER_BOUND ( 'NONE', #8305, .T. ) ;
#3127 = LINE ( 'NONE', #5411, #4575 ) ;
#3128 = AXIS2_PLACEMENT_3D ( 'NONE', #4659, #7421, #8189 ) ;
#3129 = VECTOR ( 'NONE', #2412, 1000.000000000000000 ) ;
#3130 = FACE_OUTER_BOUND ( 'NONE', #8802, .T. ) ;
#3131 = EDGE_LOOP ( 'NONE', ( #2651, #6003, #864, #7482 ) ) ;
#3132 = ADVANCED_FACE ( 'NONE', ( #5087 ), #6873, .T. ) ;
#3133 = DIRECTION ( 'NONE',  ( 1.000000000000000000, -8.176424475957199265E-17, -8.176424475957199265E-17 ) ) ;
#3135 = ADVANCED_FACE ( 'NONE', ( #7807 ), #787, .F. ) ;
#3134 = DIRECTION ( 'NONE',  ( -1.000000000000000000, -3.100342586094671250E-15, 0.000000000000000000 ) ) ;
#3136 = ORIENTED_EDGE ( 'NONE', *, *, #5608, .F. ) ;
#3137 = CARTESIAN_POINT ( 'NONE',  ( -83.01557321292520442, 6.215926217349330152, 155.7207935539340156 ) ) ;
#3138 = DIRECTION ( 'NONE',  ( 0.000000000000000000, 0.7071067811865460184, 0.7071067811865487940 ) ) ;
#3139 = DIRECTION ( 'NONE',  ( 0.000000000000000000, 0.000000000000000000, -1.000000000000000000 ) ) ;
#3140 = EDGE_CURVE ( 'NONE', #11195, #1160, #3745, .T. ) ;
#3141 = ORIENTED_EDGE ( 'NONE', *, *, #9270, .T. ) ;
#3142 = LINE ( 'NONE', #10240, #54 ) ;
#3143 = CIRCLE ( 'NONE', #9655, 12.90484428405759587 ) ;
#3144 = ORIENTED_EDGE ( 'NONE', *, *, #531, .F. ) ;
#3145 = ORIENTED_EDGE ( 'NONE', *, *, #1425, .T. ) ;
#3146 = CYLINDRICAL_SURFACE ( 'NONE', #4168, 5.000000000000021316 ) ;
#3147 = EDGE_CURVE ( 'NONE', #6437, #1146, #5234, .T. ) ;
#3148 = DIRECTION ( 'NONE',  ( 1.000000000000000000, -9.747022401918829411E-18, 0.000000000000000000 ) ) ;
#3149 = EDGE_CURVE ( 'NONE', #1129, #4993, #222, .T. ) ;
#3150 = LINE ( 'NONE', #4305, #8657 ) ;
#3151 = CARTESIAN_POINT ( 'NONE',  ( -269.8896026611329830, 6.215927124023419736, 155.7207935539340156 ) ) ;
#3152 = LINE ( 'NONE', #3205, #3422 ) ;
#3153 = CARTESIAN_POINT ( 'NONE',  ( 183.5030736399640148, 22.12077808833640091, 155.7207935539340156 ) ) ;
#3154 = ORIENTED_EDGE ( 'NONE', *, *, #7424, .F. ) ;
#3155 = ORIENTED_EDGE ( 'NONE', *, *, #10835, .F. ) ;
#3156 = ORIENTED_EDGE ( 'NONE', *, *, #1151, .T. ) ;
#3157 = CARTESIAN_POINT ( 'NONE',  ( 132.3913249411490085, 58.61684799194329543, 203.7207935539339871 ) ) ;
#3158 = AXIS2_PLACEMENT_3D ( 'NONE', #5701, #9893, #10770 ) ;
#3159 = EDGE_LOOP ( 'NONE', ( #2125, #8713, #7972, #10058, #4850 ) ) ;
#3160 = CARTESIAN_POINT ( 'NONE',  ( -194.6789894103999927, 114.5107393763349961, 208.7207935539339871 ) ) ;
#3161 = CARTESIAN_POINT ( 'NONE',  ( 183.5030736399810110, 76.52168743035359455, 133.7207935539339871 ) ) ;
#3162 = EDGE_CURVE ( 'NONE', #11181, #2161, #8436, .T. ) ;
#3163 = DIRECTION ( 'NONE',  ( 7.031412489292655733E-13, 1.000000000000000000, 0.000000000000000000 ) ) ;
#3164 = LINE ( 'NONE', #3108, #7702 ) ;
#3165 = CARTESIAN_POINT ( 'NONE',  ( 267.5316238403320312, 76.52169227600100498, 203.7207935539339871 ) ) ;
#3166 = ORIENTED_EDGE ( 'NONE', *, *, #1861, .F. ) ;
#3167 = ORIENTED_EDGE ( 'NONE', *, *, #7060, .T. ) ;
#3168 = CARTESIAN_POINT ( 'NONE',  ( -285.4322979667334721, 68.32472431927101297, 208.7019307954093108 ) ) ;
#3169 = ORIENTED_EDGE ( 'NONE', *, *, #10302, .F. ) ;
#3170 = DIRECTION ( 'NONE',  ( -8.330653612515482894E-11, 1.000000000000000000, 0.000000000000000000 ) ) ;
#3171 = LINE ( 'NONE', #3933, #11175 ) ;
#3172 = ORIENTED_EDGE ( 'NONE', *, *, #7122, .T. ) ;
#3173 = CYLINDRICAL_SURFACE ( 'NONE', #8005, 12.90485382080079901 ) ;
#3174 = DIRECTION ( 'NONE',  ( 1.000000000000000000, 0.000000000000000000, 0.000000000000000000 ) ) ;
#3175 = CARTESIAN_POINT ( 'NONE',  ( 94.82099151611289756, 68.25081839938650319, 183.7207935539340156 ) ) ;
#3176 = ORIENTED_EDGE ( 'NONE', *, *, #9781, .F. ) ;
#3177 = CARTESIAN_POINT ( 'NONE',  ( 132.3913249411490085, 76.52169227600100498, 158.7207935539340156 ) ) ;
#3178 = AXIS2_PLACEMENT_3D ( 'NONE', #2480, #4297, #2543 ) ;
#3179 = AXIS2_PLACEMENT_3D ( 'NONE', #3709, #107, #44 ) ;
#3180 = EDGE_CURVE ( 'NONE', #9896, #10416, #485, .T. ) ;
#3181 = DIRECTION ( 'NONE',  ( 1.000000000000000000, 4.452580259935949960E-17, 0.000000000000000000 ) ) ;
#3182 = CARTESIAN_POINT ( 'NONE',  ( -62.68753156017800876, 98.04149627685548296, 143.7207935539339871 ) ) ;
#3183 = DIRECTION ( 'NONE',  ( 0.000000000000000000, 0.000000000000000000, 1.000000000000000000 ) ) ;
#3184 = ORIENTED_EDGE ( 'NONE', *, *, #9246, .F. ) ;
#3185 = DIRECTION ( 'NONE',  ( 0.000000000000000000, -1.000000000000000000, 0.000000000000000000 ) ) ;
#3186 = AXIS2_PLACEMENT_3D ( 'NONE', #5604, #4748, #9153 ) ;
#3187 = FACE_BOUND ( 'NONE', #10313, .T. ) ;
#3188 = EDGE_LOOP ( 'NONE', ( #10991, #6332, #7331, #8628, #2200, #5229 ) ) ;
#3189 = TOROIDAL_SURFACE ( 'NONE', #6522, 17.90484791500050221, 5.000000000000000000 ) ;
#3190 = FACE_OUTER_BOUND ( 'NONE', #4984, .T. ) ;
#3191 = CARTESIAN_POINT ( 'NONE',  ( -110.0223875045780062, 8.337247467583058125, 157.8421138974936468 ) ) ;
#3192 = DIRECTION ( 'NONE',  ( 1.182933032942884815E-14, 1.000000000000000000, 0.000000000000000000 ) ) ;
#3193 = ORIENTED_EDGE ( 'NONE', *, *, #8457, .F. ) ;
#3194 = EDGE_CURVE ( 'NONE', #2605, #6042, #1150, .T. ) ;
#3195 = ADVANCED_FACE ( 'NONE', ( #2468 ), #1825, .T. ) ;
#3196 = LINE ( 'NONE', #4127, #10092 ) ;
#3197 = FACE_OUTER_BOUND ( 'NONE', #7773, .T. ) ;
#3198 = EDGE_CURVE ( 'NONE', #7670, #3226, #7046, .T. ) ;
#3199 = VERTEX_POINT ( 'NONE', #2357 ) ;
#3200 = PLANE ( 'NONE',  #10300 ) ;
#3201 = CIRCLE ( 'NONE', #4131, 4.999999999999997335 ) ;
#3202 = CYLINDRICAL_SURFACE ( 'NONE', #7309, 5.000000000000021316 ) ;
#3203 = ADVANCED_FACE ( 'NONE', ( #7753 ), #5951, .T. ) ;
#3204 = CARTESIAN_POINT ( 'NONE',  ( -41.50777816772460227, 63.61684799194339490, 183.7207935539340156 ) ) ;
#3205 = CARTESIAN_POINT ( 'NONE',  ( -101.0028839111329972, 89.42653656005859375, 158.7207935539340156 ) ) ;
#3206 = CARTESIAN_POINT ( 'NONE',  ( 200.0054588587060209, 69.57511310246370329, 208.7207935539339871 ) ) ;
#3207 = ORIENTED_EDGE ( 'NONE', *, *, #3371, .T. ) ;
#3208 = EDGE_CURVE ( 'NONE', #7371, #10898, #8039, .T. ) ;
#3209 = EDGE_LOOP ( 'NONE', ( #5597, #10401, #11448, #9733 ) ) ;
#3210 = ORIENTED_EDGE ( 'NONE', *, *, #9901, .F. ) ;
#3211 = ORIENTED_EDGE ( 'NONE', *, *, #8402, .T. ) ;
#3212 = PLANE ( 'NONE',  #5792 ) ;
#3213 = CARTESIAN_POINT ( 'NONE',  ( -42.09727764129630145, 62.15238189787613265, 207.2563274598667533 ) ) ;
#3214 = AXIS2_PLACEMENT_3D ( 'NONE', #3410, #11451, #8818 ) ;
#3215 = CARTESIAN_POINT ( 'NONE',  ( -83.01555633544920454, 76.52169227600100498, 203.7207935539339871 ) ) ;
#3216 = CARTESIAN_POINT ( 'NONE',  ( 200.0061425020356864, 82.23771504494060025, 208.7037094481596853 ) ) ;
#3217 = CARTESIAN_POINT ( 'NONE',  ( 216.5078353881840201, 22.12078094482420099, 143.7207935539339871 ) ) ;
#3218 = CIRCLE ( 'NONE', #8425, 24.99999999999998579 ) ;
#3219 = VERTEX_POINT ( 'NONE', #4402 ) ;
#3220 = ADVANCED_FACE ( 'NONE', ( #1079 ), #1834, .F. ) ;
#3221 = ORIENTED_EDGE ( 'NONE', *, *, #9854, .F. ) ;
#3222 = DIRECTION ( 'NONE',  ( 0.000000000000000000, 0.000000000000000000, -1.000000000000000000 ) ) ;
#3223 = VERTEX_POINT ( 'NONE', #88 ) ;
#3224 = CARTESIAN_POINT ( 'NONE',  ( 286.3209915161129970, 123.7770500765000037, 183.7207935539340156 ) ) ;
#3225 = LINE ( 'NONE', #10105, #7812 ) ;
#3226 = VERTEX_POINT ( 'NONE', #4454 ) ;
#3227 = DIRECTION ( 'NONE',  ( 0.000000000000000000, 0.000000000000000000, -1.000000000000000000 ) ) ;
#3228 = CARTESIAN_POINT ( 'NONE',  ( 183.5030736399810110, 76.52168743035359455, 158.7207935539340156 ) ) ;
#3229 = DIRECTION ( 'NONE',  ( -1.000000000000000000, 0.000000000000000000, 0.000000000000000000 ) ) ;
#3230 = ORIENTED_EDGE ( 'NONE', *, *, #10686, .T. ) ;
#3231 = AXIS2_PLACEMENT_3D ( 'NONE', #4073, #585, #7548 ) ;
#3232 = CARTESIAN_POINT ( 'NONE',  ( -62.68753156123731429, 110.9465026855470029, 203.7207935539339871 ) ) ;
#3233 = CIRCLE ( 'NONE', #11235, 17.90500640869139559 ) ;
#3234 = CIRCLE ( 'NONE', #9747, 5.000000000000004441 ) ;
#3235 = AXIS2_PLACEMENT_3D ( 'NONE', #9783, #763, #7135 ) ;
#3236 = DIRECTION ( 'NONE',  ( -1.000000000000000000, 2.688482178977771415E-16, 0.000000000000000000 ) ) ;
#3237 = CARTESIAN_POINT ( 'NONE',  ( 143.8209962844850054, 135.3984925249610001, 206.2207935539339871 ) ) ;
#3238 = B_SPLINE_CURVE_WITH_KNOTS ( 'NONE', 3,
 ( #3923, #10158, #9221, #6751, #436 ),
 .UNSPECIFIED., .F., .F.,
 ( 4, 1, 4 ),
 ( 0.4999906634317182741, 0.7142857142857135244, 1.000000000000000000 ),
 .UNSPECIFIED. ) ;
#3239 = DIRECTION ( 'NONE',  ( 3.259958546737069928E-16, -1.000000000000000000, -3.259958546737109864E-16 ) ) ;
#3240 = ORIENTED_EDGE ( 'NONE', *, *, #5892, .F. ) ;
#3241 = DIRECTION ( 'NONE',  ( 1.000000000000000000, 0.000000000000000000, 0.000000000000000000 ) ) ;
#3242 = EDGE_LOOP ( 'NONE', ( #4158, #10986, #11086 ) ) ;
#3243 = DIRECTION ( 'NONE',  ( 0.000000000000000000, 0.000000000000000000, -1.000000000000000000 ) ) ;
#3244 = EDGE_LOOP ( 'NONE', ( #5046, #2621, #2523, #8152 ) ) ;
#3245 = VECTOR ( 'NONE', #4682, 1000.000000000000000 ) ;
#3246 = DIRECTION ( 'NONE',  ( 0.9999999999998038236, 6.264543323606218346E-07, 3.590194388743768910E-28 ) ) ;
#3247 = CARTESIAN_POINT ( 'NONE',  ( 166.9408759701896372, 70.33034627064824917, 208.7207935539340156 ) ) ;
#3248 = ADVANCED_FACE ( 'NONE', ( #9751 ), #7374, .T. ) ;
#3249 = VECTOR ( 'NONE', #170, 1000.000000000000000 ) ;
#3250 = DIRECTION ( 'NONE',  ( -1.000000000000000000, 7.993605777300450248E-15, 0.000000000000000000 ) ) ;
#3251 = CIRCLE ( 'NONE', #4919, 29.99999999999998224 ) ;
#3252 = VECTOR ( 'NONE', #3067, 1000.000000000000000 ) ;
#3253 = ORIENTED_EDGE ( 'NONE', *, *, #234, .F. ) ;
#3254 =( GEOMETRIC_REPRESENTATION_CONTEXT ( 3 ) GLOBAL_UNCERTAINTY_ASSIGNED_CONTEXT ( ( #10354 ) ) GLOBAL_UNIT_ASSIGNED_CONTEXT ( ( #2904, #4828, #8241 ) ) REPRESENTATION_CONTEXT ( 'NONE', 'WORKASPACE' ) );
#3255 = FACE_OUTER_BOUND ( 'NONE', #6653, .T. ) ;
#3256 = AXIS2_PLACEMENT_3D ( 'NONE', #3996, #4822, #3941 ) ;
#3257 = CARTESIAN_POINT ( 'NONE',  ( 94.82099151611289756, 138.0740829037360129, 206.2207935539339871 ) ) ;
#3258 = CIRCLE ( 'NONE', #4378, 12.90484428405760120 ) ;
#3259 = EDGE_LOOP ( 'NONE', ( #727, #4085, #9140, #3342 ) ) ;
#3260 = LINE ( 'NONE', #1627, #3799 ) ;
#3261 = EDGE_CURVE ( 'NONE', #11511, #361, #2814, .T. ) ;
#3262 = B_SPLINE_CURVE_WITH_KNOTS ( 'NONE', 3,
 ( #10358, #1509, #2378, #2325, #3955, #411, #5873, #474, #5925, #2434, #5055, #2209, #11299, #6675 ),
 .UNSPECIFIED., .F., .F.,
 ( 4, 2, 2, 1, 1, 2, 2, 4 ),
 ( 0.000000000000000000, 0.4887313674614978121, 0.5040042226946679360, 0.5192770779278380600, 0.5498227883941779748, 0.6109142093268602469, 0.7330970511922246802, 0.9774627349229485507 ),
 .UNSPECIFIED. ) ;
#3263 = FACE_OUTER_BOUND ( 'NONE', #10042, .T. ) ;
#3264 = DIRECTION ( 'NONE',  ( -1.001151856892039882E-16, -1.000000000000000000, -1.001151856892039882E-16 ) ) ;
#3265 = CIRCLE ( 'NONE', #2708, 12.90485334804940187 ) ;
#3266 = VECTOR ( 'NONE', #1593, 1000.000000000000000 ) ;
#3267 = DIRECTION ( 'NONE',  ( -1.000000000000000000, 0.000000000000000000, 0.000000000000000000 ) ) ;
#3268 = CARTESIAN_POINT ( 'NONE',  ( 288.3201613019546130, 100.5479386451200412, 204.8256575614997246 ) ) ;
#3269 = CIRCLE ( 'NONE', #311, 12.90500640869139737 ) ;
#3270 = DIRECTION ( 'NONE',  ( 0.000000000000000000, 0.000000000000000000, -1.000000000000000000 ) ) ;
#3271 = ORIENTED_EDGE ( 'NONE', *, *, #2154, .F. ) ;
#3272 = ORIENTED_EDGE ( 'NONE', *, *, #4080, .T. ) ;
#3273 = ORIENTED_EDGE ( 'NONE', *, *, #10052, .T. ) ;
#3274 = AXIS2_PLACEMENT_3D ( 'NONE', #8204, #137, #9028 ) ;
#3275 = EDGE_CURVE ( 'NONE', #5364, #1501, #8924, .T. ) ;
#3276 = ORIENTED_EDGE ( 'NONE', *, *, #9608, .T. ) ;
#3277 = CARTESIAN_POINT ( 'NONE',  ( 288.7296704248379910, 99.25000006553911192, 205.2056812070549938 ) ) ;
#3278 = ADVANCED_FACE ( 'NONE', ( #2759 ), #1885, .T. ) ;
#3279 = CARTESIAN_POINT ( 'NONE',  ( 267.5316238403320312, 35.02563476562500000, 143.7207935539339871 ) ) ;
#3280 = CARTESIAN_POINT ( 'NONE',  ( -290.4461645371186478, 100.7083103307516865, 204.9916336409966959 ) ) ;
#3281 = CARTESIAN_POINT ( 'NONE',  ( -83.01555633544920454, 63.61684799194339490, 183.7207935539340156 ) ) ;
#3282 = ADVANCED_FACE ( 'NONE', ( #1019 ), #5165, .T. ) ;
#3283 = CARTESIAN_POINT ( 'NONE',  ( -286.1789894103999927, 98.39998480151795945, 208.2410721018974584 ) ) ;
#3284 = ORIENTED_EDGE ( 'NONE', *, *, #7155, .T. ) ;
#3285 = ORIENTED_EDGE ( 'NONE', *, *, #11013, .T. ) ;
#3286 = CARTESIAN_POINT ( 'NONE',  ( -288.9577184449169636, 64.49571182203939657, 185.8504574649260235 ) ) ;
#3287 = ORIENTED_EDGE ( 'NONE', *, *, #8522, .F. ) ;
#3288 = DIRECTION ( 'NONE',  ( -0.9999999999999994449, -3.520767142054672750E-08, 5.677289445057446727E-16 ) ) ;
#3289 = CARTESIAN_POINT ( 'NONE',  ( 283.8153443822450299, 58.75701057037169761, 184.4744327040910150 ) ) ;
#3290 = VERTEX_POINT ( 'NONE', #3749 ) ;
#3291 = EDGE_CURVE ( 'NONE', #5154, #9395, #529, .T. ) ;
#3292 = DIRECTION ( 'NONE',  ( 0.000000000000000000, 0.000000000000000000, -1.000000000000000000 ) ) ;
#3293 = DIRECTION ( 'NONE',  ( -0.9999999999999995559, -2.745767251132242168E-08, 0.000000000000000000 ) ) ;
#3294 = CARTESIAN_POINT ( 'NONE',  ( -288.2931252287929738, 97.34975817197920378, 208.4185268474179793 ) ) ;
#3295 = ORIENTED_EDGE ( 'NONE', *, *, #4024, .T. ) ;
#3296 = DIRECTION ( 'NONE',  ( 0.000000000000000000, 0.000000000000000000, 1.000000000000000000 ) ) ;
#3297 = EDGE_CURVE ( 'NONE', #7922, #6768, #963, .T. ) ;
#3298 = EDGE_CURVE ( 'NONE', #1129, #2918, #2937, .T. ) ;
#3299 = CARTESIAN_POINT ( 'NONE',  ( 119.4864806570915192, 76.52169464283043965, 183.7207935539340156 ) ) ;
#3300 = CARTESIAN_POINT ( 'NONE',  ( -290.3003223957577461, 65.69607095445942946, 157.8421299108588869 ) ) ;
#3301 =( BOUNDED_CURVE ( )  B_SPLINE_CURVE ( 3, ( #2021, #923, #3763, #10865 ),
 .UNSPECIFIED., .F., .F. ) 
 B_SPLINE_CURVE_WITH_KNOTS ( ( 4, 4 ),
 ( 1.570796326794896558, 2.045947839791859124 ),
 .UNSPECIFIED. ) 
 CURVE ( )  GEOMETRIC_REPRESENTATION_ITEM ( )  RATIONAL_B_SPLINE_CURVE ( ( 1.000000000000000000, 0.9812742460539111145, 0.9812742460539111145, 1.000000000000000000 ) ) 
 REPRESENTATION_ITEM ( '' )  );
#3302 = CARTESIAN_POINT ( 'NONE',  ( 80.65757751464838066, 89.42653656005859375, 203.7207935539339871 ) ) ;
#3303 = ORIENTED_EDGE ( 'NONE', *, *, #9757, .T. ) ;
#3304 = CARTESIAN_POINT ( 'NONE',  ( -269.8896011046559806, 89.42653656005859375, 183.7207935539340156 ) ) ;
#3305 = VERTEX_POINT ( 'NONE', #7100 ) ;
#3306 = FACE_OUTER_BOUND ( 'NONE', #3808, .T. ) ;
#3307 = ORIENTED_EDGE ( 'NONE', *, *, #7738, .F. ) ;
#3308 = CARTESIAN_POINT ( 'NONE',  ( 166.9410015972791541, 80.24403499315218369, 208.6335913722463147 ) ) ;
#3309 = CARTESIAN_POINT ( 'NONE',  ( -286.1789894103999927, 97.82984857679468860, 208.5385722673235023 ) ) ;
#3310 = DIRECTION ( 'NONE',  ( 0.000000000000000000, 0.000000000000000000, -1.000000000000000000 ) ) ;
#3311 = ORIENTED_EDGE ( 'NONE', *, *, #5814, .F. ) ;
#3312 = VECTOR ( 'NONE', #1649, 1000.000000000000000 ) ;
#3313 = VECTOR ( 'NONE', #5325, 1000.000000000000000 ) ;
#3314 = AXIS2_PLACEMENT_3D ( 'NONE', #9812, #2878, #5382 ) ;
#3315 = DIRECTION ( 'NONE',  ( -6.968545807910381742E-13, -1.000000000000000000, 0.000000000000000000 ) ) ;
#3316 = DIRECTION ( 'NONE',  ( -0.7071067811865484609, -0.7071067811865465735, 0.000000000000000000 ) ) ;
#3317 = DIRECTION ( 'NONE',  ( -1.000000000000000000, 4.362752391243199532E-16, 0.000000000000000000 ) ) ;
#3318 = ORIENTED_EDGE ( 'NONE', *, *, #3502, .F. ) ;
#3319 = EDGE_CURVE ( 'NONE', #1815, #9083, #2559, .T. ) ;
#3320 = DIRECTION ( 'NONE',  ( -1.001151856892039882E-16, -1.000000000000000000, -1.001151856892039882E-16 ) ) ;
#3321 = DIRECTION ( 'NONE',  ( 2.419605351497754917E-15, -1.000000000000000000, 0.000000000000000000 ) ) ;
#3322 = CARTESIAN_POINT ( 'NONE',  ( -63.35799196300879998, 75.12078285217289420, 203.7207935539339871 ) ) ;
#3323 = EDGE_CURVE ( 'NONE', #5716, #4293, #8037, .T. ) ;
#3324 = DIRECTION ( 'NONE',  ( -1.000000000000000000, 2.002303713784079765E-16, 0.000000000000000000 ) ) ;
#3325 = FACE_OUTER_BOUND ( 'NONE', #5210, .T. ) ;
#3326 = CARTESIAN_POINT ( 'NONE',  ( -152.7366447448729900, 22.12078094482420099, 138.7207935539339871 ) ) ;
#3327 = VERTEX_POINT ( 'NONE', #1132 ) ;
#3328 = ORIENTED_EDGE ( 'NONE', *, *, #3390, .F. ) ;
#3329 = ORIENTED_EDGE ( 'NONE', *, *, #11133, .T. ) ;
#3330 = CIRCLE ( 'NONE', #5373, 12.90500640869139737 ) ;
#3331 = ORIENTED_EDGE ( 'NONE', *, *, #9808, .F. ) ;
#3332 = CARTESIAN_POINT ( 'NONE',  ( -152.7366433896910110, 62.15238189787611844, 207.2563274598667533 ) ) ;
#3333 =( BOUNDED_CURVE ( )  B_SPLINE_CURVE ( 3, ( #7174, #10048, #1898, #6364 ),
 .UNSPECIFIED., .F., .F. ) 
 B_SPLINE_CURVE_WITH_KNOTS ( ( 4, 4 ),
 ( 3.926990816987241839, 4.237237467387745760 ),
 .UNSPECIFIED. ) 
 CURVE ( )  GEOMETRIC_REPRESENTATION_ITEM ( )  RATIONAL_B_SPLINE_CURVE ( ( 1.000000000000000000, 0.9919949895361617198, 0.9919949895361617198, 1.000000000000000000 ) ) 
 REPRESENTATION_ITEM ( '' )  );
#3334 = CYLINDRICAL_SURFACE ( 'NONE', #1928, 2.499999999999995115 ) ;
#3335 = CARTESIAN_POINT ( 'NONE',  ( 267.5316238403320312, 63.61684799194339490, 203.7207935539339871 ) ) ;
#3336 = EDGE_CURVE ( 'NONE', #8139, #954, #4686, .T. ) ;
#3337 = AXIS2_PLACEMENT_3D ( 'NONE', #9670, #5246, #2620 ) ;
#3338 = DIRECTION ( 'NONE',  ( 0.000000000000000000, 0.000000000000000000, 1.000000000000000000 ) ) ;
#3339 = ORIENTED_EDGE ( 'NONE', *, *, #3, .T. ) ;
#3340 = ORIENTED_EDGE ( 'NONE', *, *, #4833, .T. ) ;
#3341 = DIRECTION ( 'NONE',  ( 1.000000000000000000, 0.000000000000000000, 0.000000000000000000 ) ) ;
#3342 = ORIENTED_EDGE ( 'NONE', *, *, #4703, .F. ) ;
#3343 = DIRECTION ( 'NONE',  ( 1.000000000000000000, 0.000000000000000000, 0.000000000000000000 ) ) ;
#3344 = CARTESIAN_POINT ( 'NONE',  ( -291.0719392640019691, 72.46263090222780079, 156.7190834188060080 ) ) ;
#3345 = EDGE_CURVE ( 'NONE', #6152, #578, #262, .T. ) ;
#3346 = EDGE_LOOP ( 'NONE', ( #6589, #509, #1816, #9401, #1186 ) ) ;
#3347 = DIRECTION ( 'NONE',  ( 1.000000000000000000, 2.226290129967984841E-17, 2.226290129967974672E-17 ) ) ;
#3348 = CARTESIAN_POINT ( 'NONE',  ( -169.2982120880574541, 82.11028684872222527, 208.7048565934644273 ) ) ;
#3349 = CARTESIAN_POINT ( 'NONE',  ( -291.0876683191250436, 99.25000006553869980, 205.2056812070549938 ) ) ;
#3350 = ORIENTED_EDGE ( 'NONE', *, *, #3725, .T. ) ;
#3351 = DIRECTION ( 'NONE',  ( 8.330697243152932491E-11, -1.000000000000000000, 0.000000000000000000 ) ) ;
#3352 = EDGE_CURVE ( 'NONE', #5884, #3703, #4432, .T. ) ;
#3353 = EDGE_CURVE ( 'NONE', #4493, #582, #5905, .T. ) ;
#3354 = CYLINDRICAL_SURFACE ( 'NONE', #4344, 2.999999999999991562 ) ;
#3355 = FACE_OUTER_BOUND ( 'NONE', #11442, .T. ) ;
#3356 = ORIENTED_EDGE ( 'NONE', *, *, #225, .F. ) ;
#3357 = DIRECTION ( 'NONE',  ( 0.000000000000000000, 0.000000000000000000, 1.000000000000000000 ) ) ;
#3358 = ORIENTED_EDGE ( 'NONE', *, *, #10071, .T. ) ;
#3359 = DIRECTION ( 'NONE',  ( 0.000000000000000000, 0.000000000000000000, -1.000000000000000000 ) ) ;
#3360 = VERTEX_POINT ( 'NONE', #10674 ) ;
#3361 = DIRECTION ( 'NONE',  ( 4.249959254156235435E-15, 3.464102061753039993E-07, 0.9999999999999400480 ) ) ;
#3362 = EDGE_CURVE ( 'NONE', #10732, #5638, #6243, .T. ) ;
#3363 = ORIENTED_EDGE ( 'NONE', *, *, #2966, .T. ) ;
#3364 = CARTESIAN_POINT ( 'NONE',  ( -96.44675636336647528, 117.6023872751333670, 207.9885605069003702 ) ) ;
#3365 = CARTESIAN_POINT ( 'NONE',  ( 166.9415175845386159, 70.93311939394298804, 208.7048544232207519 ) ) ;
#3366 = DIRECTION ( 'NONE',  ( 1.000000000000000000, 0.000000000000000000, 0.000000000000000000 ) ) ;
#3367 = ORIENTED_EDGE ( 'NONE', *, *, #2037, .F. ) ;
#3368 = CARTESIAN_POINT ( 'NONE',  ( 98.64490820428390805, 6.215926533999919457, 155.7207935539340156 ) ) ;
#3369 = AXIS2_PLACEMENT_3D ( 'NONE', #1034, #9165, #160 ) ;
#3370 = CARTESIAN_POINT ( 'NONE',  ( 40.32878875732419743, 89.42653656005859375, 183.7207935539340156 ) ) ;
#3371 = EDGE_CURVE ( 'NONE', #786, #9531, #5930, .T. ) ;
#3372 = AXIS2_PLACEMENT_3D ( 'NONE', #1555, #5106, #8658 ) ;
#3373 = EDGE_LOOP ( 'NONE', ( #10613, #5452 ) ) ;
#3374 = CARTESIAN_POINT ( 'NONE',  ( -96.71296874174299774, 117.8685996535100031, 207.6743849957320265 ) ) ;
#3375 = ADVANCED_FACE ( 'NONE', ( #3263 ), #4239, .T. ) ;
#3376 = EDGE_LOOP ( 'NONE', ( #10813, #168, #10388, #10939, #6449, #8521 ) ) ;
#3377 = CARTESIAN_POINT ( 'NONE',  ( 43.09501647949219461, 62.21578598022459516, 158.7207935539340156 ) ) ;
#3378 = CARTESIAN_POINT ( 'NONE',  ( 75.18934249877949583, 63.61684799194319595, 183.7207935539340156 ) ) ;
#3379 = CIRCLE ( 'NONE', #9881, 12.90485382080079546 ) ;
#3380 = CARTESIAN_POINT ( 'NONE',  ( -169.2988479565622981, 75.99040670124038854, 208.5371530289212672 ) ) ;
#3381 = CYLINDRICAL_SURFACE ( 'NONE', #1792, 3.000000000000008882 ) ;
#3382 = CARTESIAN_POINT ( 'NONE',  ( 132.3913249411490085, 89.42653656005869323, 203.7207935539339871 ) ) ;
#3383 = CARTESIAN_POINT ( 'NONE',  ( 287.7996303460039940, 64.65425822670118805, 158.0397763783719824 ) ) ;
#3384 = ORIENTED_EDGE ( 'NONE', *, *, #624, .F. ) ;
#3385 = AXIS2_PLACEMENT_3D ( 'NONE', #7173, #6534, #4639 ) ;
#3386 = ORIENTED_EDGE ( 'NONE', *, *, #5814, .T. ) ;
#3387 = EDGE_LOOP ( 'NONE', ( #6133, #7009, #8464, #5657 ) ) ;
#3388 = VERTEX_POINT ( 'NONE', #11242 ) ;
#3389 = PLANE ( 'NONE',  #1703 ) ;
#3390 = EDGE_CURVE ( 'NONE', #7438, #2367, #1267, .T. ) ;
#3391 = CARTESIAN_POINT ( 'NONE',  ( -40.43682098388670454, 9.215927124023428618, 135.7207935539339871 ) ) ;
#3392 = EDGE_CURVE ( 'NONE', #4797, #121, #6789, .T. ) ;
#3393 = TOROIDAL_SURFACE ( 'NONE', #8781, 17.90484886281040033, 5.000000000000000000 ) ;
#3394 = DIRECTION ( 'NONE',  ( 1.000000000000000000, -3.635332587912099138E-15, 0.000000000000000000 ) ) ;
#3395 = ORIENTED_EDGE ( 'NONE', *, *, #9674, .T. ) ;
#3396 = ORIENTED_EDGE ( 'NONE', *, *, #4595, .F. ) ;
#3397 = DIRECTION ( 'NONE',  ( 0.000000000000000000, -1.000000000000000000, 0.000000000000000000 ) ) ;
#3398 = CIRCLE ( 'NONE', #1910, 15.90485334804940543 ) ;
#3399 = VERTEX_POINT ( 'NONE', #5877 ) ;
#3400 = DIRECTION ( 'NONE',  ( 0.000000000000000000, 0.000000000000000000, 1.000000000000000000 ) ) ;
#3401 = LINE ( 'NONE', #9748, #4495 ) ;
#3402 = ORIENTED_EDGE ( 'NONE', *, *, #4162, .F. ) ;
#3403 = DIRECTION ( 'NONE',  ( -1.000000000000000000, 0.000000000000000000, 0.000000000000000000 ) ) ;
#3404 = CARTESIAN_POINT ( 'NONE',  ( -152.7366433887729897, 76.52169227600100498, 208.7207935539339871 ) ) ;
#3405 = EDGE_CURVE ( 'NONE', #10899, #3986, #4808, .T. ) ;
#3406 = FACE_OUTER_BOUND ( 'NONE', #1299, .T. ) ;
#3407 = ORIENTED_EDGE ( 'NONE', *, *, #6233, .T. ) ;
#3408 = CARTESIAN_POINT ( 'NONE',  ( -97.17898941040009220, 138.0740829037360129, 206.2207935539339871 ) ) ;
#3409 = CIRCLE ( 'NONE', #9911, 3.000000000000002665 ) ;
#3410 = CARTESIAN_POINT ( 'NONE',  ( -269.8896026611329830, 38.02563476562500000, 155.7207935539340156 ) ) ;
#3411 = FACE_OUTER_BOUND ( 'NONE', #7468, .T. ) ;
#3412 = VERTEX_POINT ( 'NONE', #10971 ) ;
#3413 = CARTESIAN_POINT ( 'NONE',  ( 98.64490509033210230, 94.42653656005860796, 203.7207935539339871 ) ) ;
#3414 = VERTEX_POINT ( 'NONE', #2931 ) ;
#3415 = DIRECTION ( 'NONE',  ( 0.9999999999999982236, -5.974481946206388609E-08, 0.000000000000000000 ) ) ;
#3416 = VERTEX_POINT ( 'NONE', #2383 ) ;
#3417 = CARTESIAN_POINT ( 'NONE',  ( 267.5316238403320312, 76.52169227600100498, 208.7207935539339871 ) ) ;
#3418 = ORIENTED_EDGE ( 'NONE', *, *, #9880, .F. ) ;
#3419 = LINE ( 'NONE', #8767, #586 ) ;
#3420 = PLANE ( 'NONE',  #3810 ) ;
#3421 = EDGE_CURVE ( 'NONE', #9721, #4903, #9061, .T. ) ;
#3422 = VECTOR ( 'NONE', #653, 1000.000000000000000 ) ;
#3423 = CARTESIAN_POINT ( 'NONE',  ( 284.3934695453324935, 80.53568952189564811, 208.6879888508376553 ) ) ;
#3424 = EDGE_LOOP ( 'NONE', ( #6872, #1077 ) ) ;
#3425 = VECTOR ( 'NONE', #6401, 999.9999999999998863 ) ;
#3426 = EDGE_CURVE ( 'NONE', #4902, #2509, #3499, .T. ) ;
#3427 = DIRECTION ( 'NONE',  ( -0.000000000000000000, -1.000000000000000000, -0.000000000000000000 ) ) ;
#3428 = DIRECTION ( 'NONE',  ( 1.000000000000000000, -1.835214905568970957E-16, 0.000000000000000000 ) ) ;
#3429 = AXIS2_PLACEMENT_3D ( 'NONE', #6608, #7467, #3072 ) ;
#3430 = CARTESIAN_POINT ( 'NONE',  ( 132.3913243105560014, 89.42653656005859375, 158.7207935539340156 ) ) ;
#3431 = AXIS2_PLACEMENT_3D ( 'NONE', #6157, #4647, #9115 ) ;
#3432 = CARTESIAN_POINT ( 'NONE',  ( 94.08875846907928064, 119.8311360573549962, 207.9885605069003702 ) ) ;
#3433 = EDGE_LOOP ( 'NONE', ( #2566, #11366, #1481, #1287 ) ) ;
#3434 = AXIS2_PLACEMENT_3D ( 'NONE', #45, #1799, #7884 ) ;
#3435 = CARTESIAN_POINT ( 'NONE',  ( -62.68753156017800876, 123.8515090942380112, 183.7207935539340156 ) ) ;
#3436 = ADVANCED_FACE ( 'NONE', ( #3868 ), #1572, .F. ) ;
#3437 = EDGE_CURVE ( 'NONE', #10088, #9640, #2112, .T. ) ;
#3438 = CARTESIAN_POINT ( 'NONE',  ( 194.0684375257363570, 98.64046842413436877, 208.0087077465686036 ) ) ;
#3439 =( NAMED_UNIT ( * ) PLANE_ANGLE_UNIT ( ) SI_UNIT ( $, .RADIAN. ) );
#3440 = CIRCLE ( 'NONE', #3624, 5.000000000000004441 ) ;
#3441 = EDGE_CURVE ( 'NONE', #9697, #3399, #6825, .T. ) ;
#3442 = VECTOR ( 'NONE', #10274, 1000.000000000000000 ) ;
#3443 = EDGE_CURVE ( 'NONE', #5714, #3416, #4053, .T. ) ;
#3444 = TOROIDAL_SURFACE ( 'NONE', #3256, 17.90484428405759942, 5.000000000000000000 ) ;
#3445 = CARTESIAN_POINT ( 'NONE',  ( -97.17898941039999272, 113.0032546901280028, 189.4823578626660208 ) ) ;
#3446 = LINE ( 'NONE', #1863, #3604 ) ;
#3447 = DIRECTION ( 'NONE',  ( 0.000000000000000000, 0.000000000000000000, -1.000000000000000000 ) ) ;
#3448 = ORIENTED_EDGE ( 'NONE', *, *, #4212, .T. ) ;
#3449 = EDGE_LOOP ( 'NONE', ( #7529, #12, #460, #4849 ) ) ;
#3450 = ORIENTED_EDGE ( 'NONE', *, *, #238, .F. ) ;
#3451 = VECTOR ( 'NONE', #6961, 1000.000000000000000 ) ;
#3452 = VERTEX_POINT ( 'NONE', #11306 ) ;
#3453 = CARTESIAN_POINT ( 'NONE',  ( 284.5265263937139935, 97.16738986521721699, 208.7207935539339871 ) ) ;
#3454 = AXIS2_PLACEMENT_3D ( 'NONE', #9218, #5663, #3106 ) ;
#3455 = AXIS2_PLACEMENT_3D ( 'NONE', #6810, #8860, #5194 ) ;
#3456 = CARTESIAN_POINT ( 'NONE',  ( 107.6644190607609914, 94.42653656005860796, 203.7207935539339871 ) ) ;
#3457 = FACE_OUTER_BOUND ( 'NONE', #5870, .T. ) ;
#3458 = DIRECTION ( 'NONE',  ( 0.9999999999999995559, 2.745767267742075190E-08, 0.000000000000000000 ) ) ;
#3459 = CARTESIAN_POINT ( 'NONE',  ( -152.7366433896910110, 63.61684799194339490, 158.7207935539340156 ) ) ;
#3460 = AXIS2_PLACEMENT_3D ( 'NONE', #73, #4561, #9853 ) ;
#3461 = EDGE_CURVE ( 'NONE', #10667, #1899, #2059, .T. ) ;
#3462 = ORIENTED_EDGE ( 'NONE', *, *, #10430, .T. ) ;
#3463 = VERTEX_POINT ( 'NONE', #9536 ) ;
#3464 = PLANE ( 'NONE',  #11246 ) ;
#3465 = ORIENTED_EDGE ( 'NONE', *, *, #6056, .T. ) ;
#3466 = CARTESIAN_POINT ( 'NONE',  ( -172.9562080848534720, 76.52168743035018394, 203.7207935539339871 ) ) ;
#3467 = CARTESIAN_POINT ( 'NONE',  ( 200.0054575639646259, 75.97472534623723561, 208.5200739735237221 ) ) ;
#3468 = CARTESIAN_POINT ( 'NONE',  ( -172.9562080848534720, 76.52168778468727339, 133.7207935539339871 ) ) ;
#3469 = CARTESIAN_POINT ( 'NONE',  ( -117.8761000132465000, 80.15851814483119142, 208.6791325274652138 ) ) ;
#3470 = ORIENTED_EDGE ( 'NONE', *, *, #6201, .T. ) ;
#3471 = CARTESIAN_POINT ( 'NONE',  ( -218.8657760620120314, 76.52169227600100498, 183.7207935539340156 ) ) ;
#3472 = TOROIDAL_SURFACE ( 'NONE', #9975, 17.90484428405759942, 5.000000000000000000 ) ;
#3473 = DIRECTION ( 'NONE',  ( -1.000000000000000000, 2.948799262674744912E-18, 2.948799262674739905E-18 ) ) ;
#3474 = DIRECTION ( 'NONE',  ( 0.000000000000000000, 0.000000000000000000, 1.000000000000000000 ) ) ;
#3475 = ADVANCED_FACE ( 'NONE', ( #5662 ), #8503, .T. ) ;
#3476 = VERTEX_POINT ( 'NONE', #2440 ) ;
#3477 = DIRECTION ( 'NONE',  ( -6.409534987526679801E-16, 1.000000000000000000, 0.000000000000000000 ) ) ;
#3478 = ORIENTED_EDGE ( 'NONE', *, *, #697, .T. ) ;
#3479 = DIRECTION ( 'NONE',  ( 0.000000000000000000, 1.000000000000000000, 0.000000000000000000 ) ) ;
#3480 = VERTEX_POINT ( 'NONE', #7338 ) ;
#3481 = DIRECTION ( 'NONE',  ( -0.5310885545960923881, -0.8473163206129300518, 0.000000000000000000 ) ) ;
#3482 = VERTEX_POINT ( 'NONE', #10916 ) ;
#3483 = CARTESIAN_POINT ( 'NONE',  ( 27.90500640869139914, 98.04149627685548296, 188.7207935539340156 ) ) ;
#3484 = CARTESIAN_POINT ( 'NONE',  ( -269.8896011046559806, 89.42653656005859375, 158.7207935539340156 ) ) ;
#3485 = CARTESIAN_POINT ( 'NONE',  ( 192.3209915161129970, 114.5107393763349961, 206.2207935539339871 ) ) ;
#3486 = ORIENTED_EDGE ( 'NONE', *, *, #6415, .F. ) ;
#3487 = LINE ( 'NONE', #7776, #4394 ) ;
#3488 = EDGE_CURVE ( 'NONE', #10720, #7651, #5605, .T. ) ;
#3489 = EDGE_CURVE ( 'NONE', #2227, #2851, #8281, .T. ) ;
#3490 = CARTESIAN_POINT ( 'NONE',  ( 283.8209915161129970, 98.39998783115261460, 208.2410691745502902 ) ) ;
#3491 = DIRECTION ( 'NONE',  ( 0.000000000000000000, 1.000000000000000000, 0.000000000000000000 ) ) ;
#3492 = LINE ( 'NONE', #7016, #3815 ) ;
#3493 = ORIENTED_EDGE ( 'NONE', *, *, #7354, .T. ) ;
#3494 = CARTESIAN_POINT ( 'NONE',  ( 143.8209962844850054, 137.7344255771870110, 207.1115330082739661 ) ) ;
#3495 = VECTOR ( 'NONE', #11434, 1000.000000000000000 ) ;
#3496 = ADVANCED_FACE ( 'NONE', ( #5408 ), #10555, .T. ) ;
#3497 = DIRECTION ( 'NONE',  ( -6.630299199421770504E-16, 1.000000000000000000, 0.000000000000000000 ) ) ;
#3498 = DIRECTION ( 'NONE',  ( 0.000000000000000000, 0.000000000000000000, -1.000000000000000000 ) ) ;
#3499 = CIRCLE ( 'NONE', #346, 17.90484428405759942 ) ;
#3500 = AXIS2_PLACEMENT_3D ( 'NONE', #2007, #4689, #5555 ) ;
#3501 = AXIS2_PLACEMENT_3D ( 'NONE', #10884, #2906, #5405 ) ;
#3502 = EDGE_CURVE ( 'NONE', #4684, #6074, #8846, .T. ) ;
#3503 = CARTESIAN_POINT ( 'NONE',  ( -62.68753156017800876, 98.04149627685548296, 158.7207935539340156 ) ) ;
#3504 = EDGE_CURVE ( 'NONE', #2031, #10842, #10432, .T. ) ;
#3505 = CYLINDRICAL_SURFACE ( 'NONE', #1185, 2.999999999999991562 ) ;
#3506 = CARTESIAN_POINT ( 'NONE',  ( 288.8200764052719478, 75.10513980977890469, 156.2429711108049730 ) ) ;
#3507 = ORIENTED_EDGE ( 'NONE', *, *, #9123, .T. ) ;
#3508 = ORIENTED_EDGE ( 'NONE', *, *, #2262, .T. ) ;
#3509 = VERTEX_POINT ( 'NONE', #1860 ) ;
#3510 = AXIS2_PLACEMENT_3D ( 'NONE', #6200, #2604, #9524 ) ;
#3511 = ORIENTED_EDGE ( 'NONE', *, *, #5000, .T. ) ;
#3512 = CARTESIAN_POINT ( 'NONE',  ( 285.1770809619200122, 98.55500090120548862, 208.0877672870760193 ) ) ;
#3513 = ADVANCED_FACE ( 'NONE', ( #6964 ), #7136, .T. ) ;
#3514 = CYLINDRICAL_SURFACE ( 'NONE', #5683, 5.000000000000012434 ) ;
#3515 = CARTESIAN_POINT ( 'NONE',  ( -194.6789894103999927, 115.8346203221669981, 208.7207935539339871 ) ) ;
#3516 = DIRECTION ( 'NONE',  ( -1.000000000000000000, 0.000000000000000000, 0.000000000000000000 ) ) ;
#3517 = CARTESIAN_POINT ( 'NONE',  ( 287.6573866398034056, 67.66903234543232770, 158.7210895460775362 ) ) ;
#3518 = CARTESIAN_POINT ( 'NONE',  ( -291.1789894103999927, 76.32125139236450195, 155.7207935539340156 ) ) ;
#3519 = ORIENTED_EDGE ( 'NONE', *, *, #5752, .T. ) ;
#3520 = EDGE_LOOP ( 'NONE', ( #6929, #632, #9149, #11192 ) ) ;
#3521 = CARTESIAN_POINT ( 'NONE',  ( 133.7658119201660156, 63.61684799194339490, 158.7207935539340156 ) ) ;
#3522 = ORIENTED_EDGE ( 'NONE', *, *, #2413, .T. ) ;
#3523 = CARTESIAN_POINT ( 'NONE',  ( -291.1789870145909731, 76.30525965909379238, 155.7249231333300088 ) ) ;
#3524 = EDGE_CURVE ( 'NONE', #10206, #9124, #900, .T. ) ;
#3525 = CARTESIAN_POINT ( 'NONE',  ( 193.1092247122355161, 116.6228535182895172, 208.6267181024243769 ) ) ;
#3526 = CARTESIAN_POINT ( 'NONE',  ( -169.2983723640308540, 80.91417528657083835, 208.6612143512220428 ) ) ;
#3527 = CARTESIAN_POINT ( 'NONE',  ( -117.8759560056948033, 81.02722428210147143, 208.7015657054639632 ) ) ;
#3528 = B_SPLINE_CURVE_WITH_KNOTS ( 'NONE', 3,
 ( #481, #10022, #2046, #1174, #11131, #1238, #4791 ),
 .UNSPECIFIED., .F., .F.,
 ( 4, 1, 2, 4 ),
 ( 0.000000000000000000, 0.4579663700249791414, 0.9966140765397620838, 1.000000000000000000 ),
 .UNSPECIFIED. ) ;
#3529 = ORIENTED_EDGE ( 'NONE', *, *, #3275, .T. ) ;
#3530 = DIRECTION ( 'NONE',  ( -1.000000000000000000, -2.036638432068759852E-16, 0.000000000000000000 ) ) ;
#3531 = CIRCLE ( 'NONE', #6850, 12.90484428405760120 ) ;
#3532 = DIRECTION ( 'NONE',  ( 1.000000000000000000, 4.395960322595069756E-10, 0.000000000000000000 ) ) ;
#3533 = DIRECTION ( 'NONE',  ( -0.000000000000000000, -1.000000000000000000, -0.000000000000000000 ) ) ;
#3534 = ORIENTED_EDGE ( 'NONE', *, *, #7435, .T. ) ;
#3535 = FACE_OUTER_BOUND ( 'NONE', #3569, .T. ) ;
#3536 = CARTESIAN_POINT ( 'NONE',  ( -96.44675636336647528, 137.1662594779263884, 207.9885605069003702 ) ) ;
#3537 = ORIENTED_EDGE ( 'NONE', *, *, #5544, .F. ) ;
#3538 = FACE_OUTER_BOUND ( 'NONE', #3259, .T. ) ;
#3539 = ORIENTED_EDGE ( 'NONE', *, *, #803, .F. ) ;
#3540 = CARTESIAN_POINT ( 'NONE',  ( -96.71296874174299774, 117.8685996535100031, 207.6743849957320265 ) ) ;
#3541 = DIRECTION ( 'NONE',  ( 0.000000000000000000, 0.000000000000000000, -1.000000000000000000 ) ) ;
#3542 = FACE_OUTER_BOUND ( 'NONE', #6238, .T. ) ;
#3543 = ADVANCED_FACE ( 'NONE', ( #11415 ), #9723, .F. ) ;
#3544 = VERTEX_POINT ( 'NONE', #9838 ) ;
#3545 = AXIS2_PLACEMENT_3D ( 'NONE', #11093, #7449, #7400 ) ;
#3546 = CARTESIAN_POINT ( 'NONE',  ( 98.64490509033210230, 89.42653656005859375, 203.7207935539339871 ) ) ;
#3547 = CARTESIAN_POINT ( 'NONE',  ( 98.64490477367988319, 9.215926533998748837, 155.7207980243059922 ) ) ;
#3548 = CARTESIAN_POINT ( 'NONE',  ( -152.7366433896910110, 58.61684799194339490, 203.7207935539339871 ) ) ;
#3549 = CARTESIAN_POINT ( 'NONE',  ( 48.73295307159440171, 58.61684799194339490, 208.7207935539339871 ) ) ;
#3550 = ORIENTED_EDGE ( 'NONE', *, *, #450, .F. ) ;
#3551 = CARTESIAN_POINT ( 'NONE',  ( 116.4864654541011930, 22.12078094482420099, 155.7207935539340156 ) ) ;
#3552 = CARTESIAN_POINT ( 'NONE',  ( -185.8610559998539884, 76.52168743035018394, 183.7207935539340156 ) ) ;
#3553 = EDGE_CURVE ( 'NONE', #3853, #2293, #6155, .T. ) ;
#3554 = EDGE_CURVE ( 'NONE', #5398, #6999, #668, .T. ) ;
#3555 = FACE_OUTER_BOUND ( 'NONE', #1201, .T. ) ;
#3556 = CIRCLE ( 'NONE', #6146, 3.000000000000002665 ) ;
#3557 = AXIS2_PLACEMENT_3D ( 'NONE', #7473, #5050, #1392 ) ;
#3558 = CARTESIAN_POINT ( 'NONE',  ( -288.1789894103999927, 57.34758543135419728, 183.7207935539340156 ) ) ;
#3559 = CARTESIAN_POINT ( 'NONE',  ( 98.64490477367999688, 9.215926533998759496, 155.7207980243069869 ) ) ;
#3560 = CARTESIAN_POINT ( 'NONE',  ( 286.9223127761350156, 65.60299289064120387, 159.9821171034290046 ) ) ;
#3561 = VERTEX_POINT ( 'NONE', #5297 ) ;
#3562 = ORIENTED_EDGE ( 'NONE', *, *, #6823, .F. ) ;
#3563 = ORIENTED_EDGE ( 'NONE', *, *, #5656, .T. ) ;
#3564 = ORIENTED_EDGE ( 'NONE', *, *, #6474, .T. ) ;
#3565 = CARTESIAN_POINT ( 'NONE',  ( -288.2736196178425985, 57.82956266573476256, 183.7207935539340440 ) ) ;
#3566 = VECTOR ( 'NONE', #4442, 1000.000000000000000 ) ;
#3567 = AXIS2_PLACEMENT_3D ( 'NONE', #566, #10220, #7407 ) ;
#3568 = EDGE_CURVE ( 'NONE', #4523, #3412, #882, .T. ) ;
#3569 = EDGE_LOOP ( 'NONE', ( #2381, #7406, #746, #10436, #2968, #2313 ) ) ;
#3570 = CARTESIAN_POINT ( 'NONE',  ( 132.3913249411490085, 76.52169227600100498, 203.7207935539339871 ) ) ;
#3571 = DIRECTION ( 'NONE',  ( 1.000000000000000000, 5.921189464667420559E-15, 0.000000000000000000 ) ) ;
#3573 = DIRECTION ( 'NONE',  ( 1.000000000000000000, 0.000000000000000000, 0.000000000000000000 ) ) ;
#3572 = VECTOR ( 'NONE', #3115, 1000.000000000000000 ) ;
#3574 = EDGE_CURVE ( 'NONE', #2367, #4281, #8123, .T. ) ;
#3575 = CYLINDRICAL_SURFACE ( 'NONE', #3020, 5.000000000000021316 ) ;
#3576 = ORIENTED_EDGE ( 'NONE', *, *, #8687, .F. ) ;
#3577 = ORIENTED_EDGE ( 'NONE', *, *, #6442, .F. ) ;
#3578 = DIRECTION ( 'NONE',  ( 1.000000000000000000, 2.036635194594239902E-16, 0.000000000000000000 ) ) ;
#3579 = ORIENTED_EDGE ( 'NONE', *, *, #4773, .F. ) ;
#3580 = CARTESIAN_POINT ( 'NONE',  ( -83.01555633544920454, 58.61684799194339490, 208.7207935539339871 ) ) ;
#3581 = DIRECTION ( 'NONE',  ( -0.9999999999999996669, -2.745767261192185469E-08, 0.000000000000000000 ) ) ;
#3582 = CARTESIAN_POINT ( 'NONE',  ( -169.2987866566927551, 78.63830986514466304, 208.5686542981877096 ) ) ;
#3583 = DIRECTION ( 'NONE',  ( 0.000000000000000000, 0.7071067811865460184, 0.7071067811865487940 ) ) ;
#3584 = EDGE_LOOP ( 'NONE', ( #6519, #5216, #2600, #8408, #5923 ) ) ;
#3585 = CIRCLE ( 'NONE', #2278, 5.000000000000004441 ) ;
#3586 = DIRECTION ( 'NONE',  ( 2.150787332623426829E-15, -1.000000000000000000, 0.000000000000000000 ) ) ;
#3587 = EDGE_CURVE ( 'NONE', #6068, #798, #5181, .T. ) ;
#3588 = CIRCLE ( 'NONE', #3231, 17.90484428405761363 ) ;
#3589 = DIRECTION ( 'NONE',  ( 0.9999999999999997780, 2.745767261373882970E-08, 0.000000000000000000 ) ) ;
#3590 = ORIENTED_EDGE ( 'NONE', *, *, #7461, .T. ) ;
#3591 = DIRECTION ( 'NONE',  ( 0.000000000000000000, 0.000000000000000000, 1.000000000000000000 ) ) ;
#3592 = DIRECTION ( 'NONE',  ( 1.000000000000000000, 0.000000000000000000, 0.000000000000000000 ) ) ;
#3593 = ORIENTED_EDGE ( 'NONE', *, *, #3795, .F. ) ;
#3594 = DIRECTION ( 'NONE',  ( 1.000000000000000000, -3.100342586094690183E-15, 0.000000000000000000 ) ) ;
#3595 = ORIENTED_EDGE ( 'NONE', *, *, #8000, .F. ) ;
#3596 = DIRECTION ( 'NONE',  ( -1.000000000000000000, 0.000000000000000000, 0.000000000000000000 ) ) ;
#3597 = FACE_OUTER_BOUND ( 'NONE', #4829, .T. ) ;
#3598 = CARTESIAN_POINT ( 'NONE',  ( 200.0054568189599991, 83.46826660389170627, 208.7207935539339871 ) ) ;
#3599 = ORIENTED_EDGE ( 'NONE', *, *, #2731, .F. ) ;
#3600 = CYLINDRICAL_SURFACE ( 'NONE', #813, 12.90500640869139737 ) ;
#3601 = CARTESIAN_POINT ( 'NONE',  ( 40.32878875732419743, 89.42653656005859375, 158.7207935539340156 ) ) ;
#3602 = EDGE_CURVE ( 'NONE', #8742, #2943, #7571, .T. ) ;
#3603 = PLANE ( 'NONE',  #5924 ) ;
#3604 = VECTOR ( 'NONE', #5245, 1000.000000000000000 ) ;
#3605 = CARTESIAN_POINT ( 'NONE',  ( 43.09501647949219461, 93.02577972412109375, 208.7207935539339871 ) ) ;
#3606 = ORIENTED_EDGE ( 'NONE', *, *, #4201, .F. ) ;
#3607 = FACE_OUTER_BOUND ( 'NONE', #4352, .T. ) ;
#3608 = DIRECTION ( 'NONE',  ( -1.000000000000000000, -5.480868912904819410E-16, 0.000000000000000000 ) ) ;
#3609 = AXIS2_PLACEMENT_3D ( 'NONE', #640, #11124, #3316 ) ;
#3610 = AXIS2_PLACEMENT_3D ( 'NONE', #1325, #459, #5912 ) ;
#3611 = PRESENTATION_LAYER_ASSIGNMENT (  '', '', ( #2120 ) ) ;
#3612 = CARTESIAN_POINT ( 'NONE',  ( 285.8209915161129970, 118.5608753807499909, 155.7207935539340156 ) ) ;
#3613 = VECTOR ( 'NONE', #5007, 1000.000000000000000 ) ;
#3614 = DIRECTION ( 'NONE',  ( 0.7071067811865465735, -0.7071067811865485719, 0.000000000000000000 ) ) ;
#3615 = CARTESIAN_POINT ( 'NONE',  ( 194.6605446213450819, 118.1741734273991824, 207.2468021671475071 ) ) ;
#3616 = CIRCLE ( 'NONE', #5099, 5.000000000000004441 ) ;
#3617 = EDGE_CURVE ( 'NONE', #7928, #5716, #2850, .T. ) ;
#3618 = ORIENTED_EDGE ( 'NONE', *, *, #169, .F. ) ;
#3619 = ORIENTED_EDGE ( 'NONE', *, *, #9473, .T. ) ;
#3620 = ORIENTED_EDGE ( 'NONE', *, *, #9474, .T. ) ;
#3621 = DIRECTION ( 'NONE',  ( -1.613071426384554170E-15, -1.000000000000000000, 0.000000000000000000 ) ) ;
#3622 = ORIENTED_EDGE ( 'NONE', *, *, #3833, .T. ) ;
#3623 = DIRECTION ( 'NONE',  ( 0.000000000000000000, 0.000000000000000000, -1.000000000000000000 ) ) ;
#3624 = AXIS2_PLACEMENT_3D ( 'NONE', #10913, #5322, #2697 ) ;
#3625 = ORIENTED_EDGE ( 'NONE', *, *, #9613, .T. ) ;
#3626 = LINE ( 'NONE', #5477, #6204 ) ;
#3627 = CIRCLE ( 'NONE', #95, 3.000000000000002665 ) ;
#3628 = CIRCLE ( 'NONE', #9946, 3.000000000000002665 ) ;
#3629 = DIRECTION ( 'NONE',  ( 0.000000000000000000, 1.000000000000000000, 0.000000000000000000 ) ) ;
#3630 = CARTESIAN_POINT ( 'NONE',  ( -202.3633457421597939, 79.33186677156248834, 208.5830542844219622 ) ) ;
#3631 = VECTOR ( 'NONE', #3893, 1000.000000000000000 ) ;
#3632 = DIRECTION ( 'NONE',  ( 0.000000000000000000, -0.7071067811865460184, 0.7071067811865487940 ) ) ;
#3633 = EDGE_CURVE ( 'NONE', #9358, #2095, #8512, .T. ) ;
#3634 = ORIENTED_EDGE ( 'NONE', *, *, #8160, .T. ) ;
#3635 = VERTEX_POINT ( 'NONE', #7838 ) ;
#3636 = DIRECTION ( 'NONE',  ( 0.000000000000000000, 0.3747382456207981605, 0.9271306527502186645 ) ) ;
#3637 = AXIS2_PLACEMENT_3D ( 'NONE', #4980, #567, #8524 ) ;
#3638 = CIRCLE ( 'NONE', #6784, 30.00000000000000711 ) ;
#3639 = ORIENTED_EDGE ( 'NONE', *, *, #2648, .T. ) ;
#3640 = CIRCLE ( 'NONE', #9580, 12.90500640869139737 ) ;
#3641 = DIRECTION ( 'NONE',  ( 0.9999999999999995559, 2.745767267742054676E-08, 0.000000000000000000 ) ) ;
#3642 = AXIS2_PLACEMENT_3D ( 'NONE', #1055, #6662, #995 ) ;
#3643 = DIRECTION ( 'NONE',  ( 0.000000000000000000, 0.000000000000000000, -1.000000000000000000 ) ) ;
#3644 = DIRECTION ( 'NONE',  ( 1.439941687553569204E-16, 0.7191424945380946454, -0.6948626285457626395 ) ) ;
#3645 = EDGE_CURVE ( 'NONE', #9282, #190, #163, .T. ) ;
#3646 = CARTESIAN_POINT ( 'NONE',  ( -110.0223875045780062, 58.61684799194339490, 203.7207935539339871 ) ) ;
#3647 = VECTOR ( 'NONE', #2177, 1000.000000000000000 ) ;
#3648 = VECTOR ( 'NONE', #1993, 1000.000000000000000 ) ;
#3649 = CARTESIAN_POINT ( 'NONE',  ( -289.3333438133302025, 101.2175333169034275, 205.5186503498682953 ) ) ;
#3650 = VERTEX_POINT ( 'NONE', #2843 ) ;
#3651 = EDGE_CURVE ( 'NONE', #1490, #6803, #7365, .T. ) ;
#3652 = FACE_OUTER_BOUND ( 'NONE', #3982, .T. ) ;
#3653 = DIRECTION ( 'NONE',  ( 1.000000000000000000, -7.105427357601030258E-15, 0.000000000000000000 ) ) ;
#3654 = EDGE_LOOP ( 'NONE', ( #478, #5376, #5531, #3462 ) ) ;
#3655 = CARTESIAN_POINT ( 'NONE',  ( 107.6644190607609914, 90.89100265412585600, 207.2563274598667533 ) ) ;
#3656 = FACE_OUTER_BOUND ( 'NONE', #11083, .T. ) ;
#3657 = ORIENTED_EDGE ( 'NONE', *, *, #4197, .T. ) ;
#3658 = AXIS2_PLACEMENT_3D ( 'NONE', #928, #5624, #1969 ) ;
#3659 = DIRECTION ( 'NONE',  ( 0.000000000000000000, 0.000000000000000000, 1.000000000000000000 ) ) ;
#3660 = ADVANCED_FACE ( 'NONE', ( #5525 ), #7924, .T. ) ;
#3661 = LINE ( 'NONE', #7353, #7012 ) ;
#3662 = ADVANCED_FACE ( 'NONE', ( #10887 ), #2035, .T. ) ;
#3663 = ORIENTED_EDGE ( 'NONE', *, *, #3861, .F. ) ;
#3664 = DIRECTION ( 'NONE',  ( 0.000000000000000000, 0.000000000000000000, -1.000000000000000000 ) ) ;
#3665 = CARTESIAN_POINT ( 'NONE',  ( -30.26300430297849786, 123.8515090942380112, 203.7207935539339871 ) ) ;
#3666 = CARTESIAN_POINT ( 'NONE',  ( 98.64490509033210230, 58.61684799194339490, 208.7207935539339871 ) ) ;
#3667 = CARTESIAN_POINT ( 'NONE',  ( -288.8347794740712402, 60.97453375961514865, 158.7229916714273088 ) ) ;
#3668 = ORIENTED_EDGE ( 'NONE', *, *, #10380, .T. ) ;
#3669 = CARTESIAN_POINT ( 'NONE',  ( -218.8657760620120314, 89.42653656005859375, 158.7207935539340156 ) ) ;
#3670 = DIRECTION ( 'NONE',  ( 1.000000000000000000, 0.000000000000000000, 0.000000000000000000 ) ) ;
#3671 = EDGE_CURVE ( 'NONE', #11404, #11123, #6443, .T. ) ;
#3672 = CARTESIAN_POINT ( 'NONE',  ( -289.5337836825399904, 63.57170344180110533, 183.6354809273190085 ) ) ;
#3673 = CARTESIAN_POINT ( 'NONE',  ( 43.09501647949219461, 75.12078285217289420, 183.7207935539340156 ) ) ;
#3674 = LINE ( 'NONE', #4725, #4164 ) ;
#3675 = B_SPLINE_SURFACE_WITH_KNOTS ( 'NONE', 3, 3, ( 
 ( #3993, #5035, #451, #2191, #5738, #9285 ),
 ( #4870, #8406, #3120, #6656, #1720, #1544 ),
 ( #7048, #7927, #8751, #10620, #5266, #11501 ),
 ( #790, #10391, #3294, #4339, #3349, #8811 ),
 ( #8639, #6183, #1606, #683, #5328, #851 ) ),
 .UNSPECIFIED., .F., .F., .F.,
 ( 4, 1, 4 ),
 ( 4, 1, 1, 4 ),
 ( 0.000000000000000000, 0.5714285714285709528, 1.000000000000000000 ),
 ( -9.547541907460269592E-16, 0.4487989505128279766, 0.8975979010256570634, 1.570796326794899889 ),
 .UNSPECIFIED. ) ;
#3676 = FACE_OUTER_BOUND ( 'NONE', #7427, .T. ) ;
#3677 = VERTEX_POINT ( 'NONE', #5633 ) ;
#3678 = VERTEX_POINT ( 'NONE', #6384 ) ;
#3679 = ORIENTED_EDGE ( 'NONE', *, *, #115, .F. ) ;
#3680 = DIRECTION ( 'NONE',  ( 0.000000000000000000, 0.000000000000000000, -1.000000000000000000 ) ) ;
#3681 = CARTESIAN_POINT ( 'NONE',  ( -289.0803476745238640, 62.41933776394591860, 183.7207935539340156 ) ) ;
#3682 = VECTOR ( 'NONE', #3497, 1000.000000000000000 ) ;
#3683 = ORIENTED_EDGE ( 'NONE', *, *, #5524, .F. ) ;
#3684 = FACE_BOUND ( 'NONE', #10018, .T. ) ;
#3685 = CIRCLE ( 'NONE', #9631, 5.000000000000004441 ) ;
#3686 = EDGE_CURVE ( 'NONE', #11455, #8547, #4044, .T. ) ;
#3687 = CARTESIAN_POINT ( 'NONE',  ( 64.75273139693150881, 22.12078010271750017, 155.7207935539340156 ) ) ;
#3688 = CARTESIAN_POINT ( 'NONE',  ( 287.0513982934705268, 64.34441564664784607, 158.7213635000414911 ) ) ;
#3689 = AXIS2_PLACEMENT_3D ( 'NONE', #6299, #965, #10678 ) ;
#3690 = CARTESIAN_POINT ( 'NONE',  ( 80.65757751464838066, 89.42653656005859375, 183.7207935539340156 ) ) ;
#3691 = EDGE_LOOP ( 'NONE', ( #3894, #7300, #3728, #2716, #8641, #6814 ) ) ;
#3692 = VERTEX_POINT ( 'NONE', #9187 ) ;
#3693 = ORIENTED_EDGE ( 'NONE', *, *, #793, .T. ) ;
#3694 = LINE ( 'NONE', #10786, #9756 ) ;
#3695 = ORIENTED_EDGE ( 'NONE', *, *, #3939, .F. ) ;
#3696 = CARTESIAN_POINT ( 'NONE',  ( -288.5578167232740157, 64.01043675443861503, 160.8793770205760154 ) ) ;
#3697 = DIRECTION ( 'NONE',  ( 0.000000000000000000, -1.000000000000000000, 0.000000000000000000 ) ) ;
#3698 = CARTESIAN_POINT ( 'NONE',  ( -185.8610559998539884, 76.52168743035018394, 133.7207935539339871 ) ) ;
#3699 = DIRECTION ( 'NONE',  ( -1.000000000000000000, 4.440892098500630895E-15, 0.000000000000000000 ) ) ;
#3700 = ADVANCED_FACE ( 'NONE', ( #3019 ), #9012, .F. ) ;
#3701 = CARTESIAN_POINT ( 'NONE',  ( -97.17898941039999272, 113.0032546901280028, 214.4823578626659923 ) ) ;
#3702 = CARTESIAN_POINT ( 'NONE',  ( 143.8209962844850054, 115.8346203221669981, 208.7207935539339871 ) ) ;
#3703 = VERTEX_POINT ( 'NONE', #1226 ) ;
#3704 = DIRECTION ( 'NONE',  ( -1.075393666311713415E-15, 1.000000000000000000, 0.000000000000000000 ) ) ;
#3705 = ORIENTED_EDGE ( 'NONE', *, *, #10363, .T. ) ;
#3706 = CARTESIAN_POINT ( 'NONE',  ( -31.93326525366059343, 123.8515090942380112, 203.7207935539339871 ) ) ;
#3707 = CARTESIAN_POINT ( 'NONE',  ( 288.1572327055459937, 66.75296048351300726, 182.6743051152359953 ) ) ;
#3708 = ORIENTED_EDGE ( 'NONE', *, *, #5917, .F. ) ;
#3709 = CARTESIAN_POINT ( 'NONE',  ( 133.1763124465940109, 6.215927124023430395, 155.7207935539340156 ) ) ;
#3710 = DIRECTION ( 'NONE',  ( -1.000000000000000000, 5.453440489053999218E-15, 0.000000000000000000 ) ) ;
#3711 = ADVANCED_FACE ( 'NONE', ( #9949 ), #1054, .F. ) ;
#3712 = ORIENTED_EDGE ( 'NONE', *, *, #4145, .F. ) ;
#3713 = EDGE_CURVE ( 'NONE', #3305, #8447, #4990, .T. ) ;
#3714 = DIRECTION ( 'NONE',  ( 0.000000000000000000, 0.000000000000000000, -1.000000000000000000 ) ) ;
#3715 = ADVANCED_FACE ( 'NONE', ( #3779 ), #9638, .T. ) ;
#3716 = DIRECTION ( 'NONE',  ( 0.7071067811865471286, 0.4913420766378217008, 0.5085105345272931121 ) ) ;
#3717 = VECTOR ( 'NONE', #2677, 1000.000000000000000 ) ;
#3718 = CARTESIAN_POINT ( 'NONE',  ( 60.32955169677730112, 123.8515090942380112, 203.7207935539339871 ) ) ;
#3719 = CARTESIAN_POINT ( 'NONE',  ( -288.9203528704391033, 61.47207478019043947, 158.7228165610295605 ) ) ;
#3720 = VERTEX_POINT ( 'NONE', #8542 ) ;
#3721 = DIRECTION ( 'NONE',  ( 0.000000000000000000, -1.000000000000000000, 0.000000000000000000 ) ) ;
#3722 = CARTESIAN_POINT ( 'NONE',  ( -101.0028839111329972, 76.52169227600100498, 183.7207935539340156 ) ) ;
#3723 = DIRECTION ( 'NONE',  ( -9.747022401918829411E-18, -1.000000000000000000, 0.000000000000000000 ) ) ;
#3724 = DIRECTION ( 'NONE',  ( 0.000000000000000000, 0.000000000000000000, 1.000000000000000000 ) ) ;
#3725 = EDGE_CURVE ( 'NONE', #3416, #5884, #2375, .T. ) ;
#3726 = DIRECTION ( 'NONE',  ( 0.000000000000000000, 0.7071067811865460184, 0.7071067811865487940 ) ) ;
#3727 = CARTESIAN_POINT ( 'NONE',  ( 267.5316238403299849, 6.215927124023390427, 155.7207935539340156 ) ) ;
#3728 = ORIENTED_EDGE ( 'NONE', *, *, #8760, .F. ) ;
#3729 = ORIENTED_EDGE ( 'NONE', *, *, #2009, .F. ) ;
#3730 = ORIENTED_EDGE ( 'NONE', *, *, #1842, .F. ) ;
#3731 = CARTESIAN_POINT ( 'NONE',  ( 115.5181114292367539, 73.10095878427392790, 208.6731806186211884 ) ) ;
#3732 = AXIS2_PLACEMENT_3D ( 'NONE', #4652, #4994, #7709 ) ;
#3733 = CARTESIAN_POINT ( 'NONE',  ( 27.90500640869130322, 110.9465026855470029, 203.7207935539339871 ) ) ;
#3734 = B_SPLINE_CURVE_WITH_KNOTS ( 'NONE', 3,
 ( #9043, #91, #9099, #5607, #1134 ),
 .UNSPECIFIED., .F., .F.,
 ( 4, 1, 4 ),
 ( 0.000000000000000000, 0.5714285714285747275, 1.000000000000000000 ),
 .UNSPECIFIED. ) ;
#3735 = FACE_OUTER_BOUND ( 'NONE', #10267, .T. ) ;
#3736 = CIRCLE ( 'NONE', #5228, 5.000000000000004441 ) ;
#3737 = PLANE ( 'NONE',  #4199 ) ;
#3738 = DIRECTION ( 'NONE',  ( 1.000000000000000000, -1.188474749415029953E-15, 0.000000000000000000 ) ) ;
#3739 = CARTESIAN_POINT ( 'NONE',  ( 258.8209915161129970, 43.32125139236429590, 186.7207935539340156 ) ) ;
#3740 = CARTESIAN_POINT ( 'NONE',  ( -152.7366433887729897, 76.52169227600100498, 203.7207935539339871 ) ) ;
#3741 = ORIENTED_EDGE ( 'NONE', *, *, #9983, .T. ) ;
#3742 = ORIENTED_EDGE ( 'NONE', *, *, #7738, .T. ) ;
#3743 = ORIENTED_EDGE ( 'NONE', *, *, #6734, .T. ) ;
#3744 = LINE ( 'NONE', #2001, #10128 ) ;
#3745 = CIRCLE ( 'NONE', #10247, 3.000000000003340439 ) ;
#3746 = ADVANCED_FACE ( 'NONE', ( #4183 ), #408, .F. ) ;
#3747 = ORIENTED_EDGE ( 'NONE', *, *, #8720, .F. ) ;
#3748 = DIRECTION ( 'NONE',  ( 1.000000000000000000, 1.690036120998889850E-16, 0.000000000000000000 ) ) ;
#3749 = CARTESIAN_POINT ( 'NONE',  ( -152.7366433896910110, 89.42653656005859375, 158.7207935539340156 ) ) ;
#3750 = LINE ( 'NONE', #9862, #5478 ) ;
#3751 = FACE_OUTER_BOUND ( 'NONE', #10137, .T. ) ;
#3752 = DIRECTION ( 'NONE',  ( -8.208433932565630885E-11, -1.000000000000000000, 0.000000000000000000 ) ) ;
#3753 = CIRCLE ( 'NONE', #9319, 12.90484969578129437 ) ;
#3754 = DIRECTION ( 'NONE',  ( 0.000000000000000000, 0.000000000000000000, -1.000000000000000000 ) ) ;
#3755 = ORIENTED_EDGE ( 'NONE', *, *, #5592, .F. ) ;
#3756 = CARTESIAN_POINT ( 'NONE',  ( -134.7493362426759802, 22.12078094482420099, 155.7207935539340156 ) ) ;
#3757 = EDGE_CURVE ( 'NONE', #2322, #2390, #10409, .T. ) ;
#3758 = ORIENTED_EDGE ( 'NONE', *, *, #11441, .F. ) ;
#3759 = CARTESIAN_POINT ( 'NONE',  ( -83.01557546143297373, 35.90431337586074534, 157.8421136288311857 ) ) ;
#3760 = CIRCLE ( 'NONE', #8200, 12.90484428405759587 ) ;
#3761 = CARTESIAN_POINT ( 'NONE',  ( -289.7373444324678644, 62.77935529065360498, 158.3000852872625046 ) ) ;
#3762 = ORIENTED_EDGE ( 'NONE', *, *, #3298, .T. ) ;
#3763 = CARTESIAN_POINT ( 'NONE',  ( -95.46722260652261127, 116.6228535182895030, 208.6267181024243769 ) ) ;
#3764 = DIRECTION ( 'NONE',  ( -1.000000000000000000, 4.475536128753789939E-15, 0.000000000000000000 ) ) ;
#3765 = VERTEX_POINT ( 'NONE', #4946 ) ;
#3766 = CARTESIAN_POINT ( 'NONE',  ( 98.64489001653309685, 22.12077988203889944, 158.7207935539340156 ) ) ;
#3767 = FACE_OUTER_BOUND ( 'NONE', #8317, .T. ) ;
#3768 = VECTOR ( 'NONE', #7091, 1000.000000000000000 ) ;
#3769 = DIRECTION ( 'NONE',  ( 2.150785777198151406E-15, -1.732051036371922851E-07, -0.9999999999999850120 ) ) ;
#3770 = EDGE_LOOP ( 'NONE', ( #2481, #9929, #7751, #3787, #502 ) ) ;
#3771 = EDGE_CURVE ( 'NONE', #10075, #9068, #7192, .T. ) ;
#3772 = LINE ( 'NONE', #5693, #9040 ) ;
#3774 = ADVANCED_FACE ( 'NONE', ( #2320 ), #4069, .F. ) ;
#3773 = CARTESIAN_POINT ( 'NONE',  ( -288.9082927720642147, 61.40161719497844217, 158.7228276490161818 ) ) ;
#3775 = ORIENTED_EDGE ( 'NONE', *, *, #7600, .F. ) ;
#3776 = DIRECTION ( 'NONE',  ( -6.519917093474220715E-16, 1.000000000000000000, 0.000000000000000000 ) ) ;
#3777 = CARTESIAN_POINT ( 'NONE',  ( -110.0223875045780062, 9.215927124023419736, 155.7207935539340156 ) ) ;
#3778 = AXIS2_PLACEMENT_3D ( 'NONE', #11047, #2196, #4933 ) ;
#3779 = FACE_OUTER_BOUND ( 'NONE', #2953, .T. ) ;
#3780 = EDGE_CURVE ( 'NONE', #9177, #9021, #5922, .T. ) ;
#3781 = CIRCLE ( 'NONE', #1926, 4.999999999999893419 ) ;
#3782 = FACE_OUTER_BOUND ( 'NONE', #2097, .T. ) ;
#3783 = DIRECTION ( 'NONE',  ( -0.7071067811865469066, -0.7071067811865481278, 0.000000000000000000 ) ) ;
#3784 = DIRECTION ( 'NONE',  ( 0.000000000000000000, 0.000000000000000000, 1.000000000000000000 ) ) ;
#3785 = ORIENTED_EDGE ( 'NONE', *, *, #3461, .T. ) ;
#3786 = ADVANCED_FACE ( 'NONE', ( #5869 ), #9419, .F. ) ;
#3787 = ORIENTED_EDGE ( 'NONE', *, *, #3846, .F. ) ;
#3788 = ORIENTED_EDGE ( 'NONE', *, *, #9101, .T. ) ;
#3789 = ADVANCED_FACE ( 'NONE', ( #9471 ), #6841, .F. ) ;
#3790 = CARTESIAN_POINT ( 'NONE',  ( -185.8610559998539884, 76.52168743035018394, 158.7207935539340156 ) ) ;
#3791 = AXIS2_PLACEMENT_3D ( 'NONE', #5977, #5811, #11064 ) ;
#3792 = VERTEX_POINT ( 'NONE', #7717 ) ;
#3793 = ADVANCED_FACE ( 'NONE', ( #9357 ), #1452, .F. ) ;
#3794 = FACE_BOUND ( 'NONE', #6280, .T. ) ;
#3795 = EDGE_CURVE ( 'NONE', #6400, #5018, #4123, .T. ) ;
#3796 = AXIS2_PLACEMENT_3D ( 'NONE', #8822, #11394, #4462 ) ;
#3797 = AXIS2_PLACEMENT_3D ( 'NONE', #7610, #5708, #6564 ) ;
#3798 = LINE ( 'NONE', #7089, #7713 ) ;
#3799 = VECTOR ( 'NONE', #5815, 1000.000000000000000 ) ;
#3800 = CARTESIAN_POINT ( 'NONE',  ( 287.1580138185503870, 64.95714475871673699, 158.7212709459052462 ) ) ;
#3801 = DIRECTION ( 'NONE',  ( 1.000000000000000000, -3.029124098583790169E-17, 0.000000000000000000 ) ) ;
#3802 = CARTESIAN_POINT ( 'NONE',  ( 267.5316238403320312, 76.52169227600100498, 203.7207935539339871 ) ) ;
#3803 = ORIENTED_EDGE ( 'NONE', *, *, #9914, .F. ) ;
#3804 = ORIENTED_EDGE ( 'NONE', *, *, #5496, .F. ) ;
#3805 = VERTEX_POINT ( 'NONE', #11296 ) ;
#3806 = DIRECTION ( 'NONE',  ( -1.000000000000000000, 0.000000000000000000, 0.000000000000000000 ) ) ;
#3807 = CIRCLE ( 'NONE', #9370, 17.90484428405758521 ) ;
#3808 = EDGE_LOOP ( 'NONE', ( #7836, #8032, #9858, #11168 ) ) ;
#3809 = CARTESIAN_POINT ( 'NONE',  ( -196.4366391312143207, 98.65084889982614413, 207.9986777390524537 ) ) ;
#3810 = AXIS2_PLACEMENT_3D ( 'NONE', #4356, #10694, #9770 ) ;
#3811 = DIRECTION ( 'NONE',  ( -0.000000000000000000, 1.000000000000000000, 0.000000000000000000 ) ) ;
#3812 = FACE_OUTER_BOUND ( 'NONE', #5147, .T. ) ;
#3813 = CARTESIAN_POINT ( 'NONE',  ( 20.95800876617440167, 57.21578598022460227, 203.7207935539339871 ) ) ;
#3814 = DIRECTION ( 'NONE',  ( -0.9999999999999994449, 3.520767085380017872E-08, -1.644625622528739448E-14 ) ) ;
#3815 = VECTOR ( 'NONE', #2610, 1000.000000000000000 ) ;
#3816 = EDGE_CURVE ( 'NONE', #6002, #3463, #6723, .T. ) ;
#3817 = AXIS2_PLACEMENT_3D ( 'NONE', #3992, #3174, #10221 ) ;
#3818 = AXIS2_PLACEMENT_3D ( 'NONE', #1546, #914, #10512 ) ;
#3819 = CARTESIAN_POINT ( 'NONE',  ( 267.5316238403320312, 94.42653656005860796, 203.7207935539339871 ) ) ;
#3820 = VERTEX_POINT ( 'NONE', #5750 ) ;
#3821 = VECTOR ( 'NONE', #9921, 1000.000000000000000 ) ;
#3822 = CARTESIAN_POINT ( 'NONE',  ( -75.59253796992871344, 110.9465026855470029, 183.7207935539340156 ) ) ;
#3823 = ORIENTED_EDGE ( 'NONE', *, *, #6199, .F. ) ;
#3824 = CARTESIAN_POINT ( 'NONE',  ( -134.7493367092509970, 89.42653656005859375, 183.7207935539340156 ) ) ;
#3825 = DIRECTION ( 'NONE',  ( -1.000000000000000000, 9.747022401918829411E-18, 0.000000000000000000 ) ) ;
#3826 = VERTEX_POINT ( 'NONE', #7654 ) ;
#3827 = AXIS2_PLACEMENT_3D ( 'NONE', #5746, #7593, #9520 ) ;
#3828 = LINE ( 'NONE', #10866, #2503 ) ;
#3829 = PLANE ( 'NONE',  #912 ) ;
#3830 = VECTOR ( 'NONE', #5498, 1000.000000000000000 ) ;
#3831 = ORIENTED_EDGE ( 'NONE', *, *, #9207, .F. ) ;
#3832 = CARTESIAN_POINT ( 'NONE',  ( -261.1789894103999359, 76.32125139236450195, 158.7207935539340156 ) ) ;
#3833 = EDGE_CURVE ( 'NONE', #2772, #5025, #11502, .T. ) ;
#3834 = AXIS2_PLACEMENT_3D ( 'NONE', #10249, #3267, #5129 ) ;
#3835 = DIRECTION ( 'NONE',  ( 0.000000000000000000, 0.000000000000000000, -1.000000000000000000 ) ) ;
#3836 = DIRECTION ( 'NONE',  ( 0.000000000000000000, 0.7071067811865510144, -0.7071067811865440200 ) ) ;
#3837 = VERTEX_POINT ( 'NONE', #10292 ) ;
#3838 = AXIS2_PLACEMENT_3D ( 'NONE', #8093, #1929, #7261 ) ;
#3839 = DIRECTION ( 'NONE',  ( 0.000000000000000000, 0.000000000000000000, 1.000000000000000000 ) ) ;
#3840 = CARTESIAN_POINT ( 'NONE',  ( -288.7281640323495253, 60.36082274231344513, 158.7232411156214482 ) ) ;
#3841 = ORIENTED_EDGE ( 'NONE', *, *, #4036, .T. ) ;
#3842 = DIRECTION ( 'NONE',  ( 0.000000000000000000, 0.000000000000000000, -1.000000000000000000 ) ) ;
#3843 = CARTESIAN_POINT ( 'NONE',  ( 216.5078353881840201, 8.337247467583068783, 157.8421138974936468 ) ) ;
#3844 = DIRECTION ( 'NONE',  ( 0.000000000000000000, 0.000000000000000000, -1.000000000000000000 ) ) ;
#3845 = EDGE_CURVE ( 'NONE', #9907, #7928, #8422, .T. ) ;
#3846 = EDGE_CURVE ( 'NONE', #9672, #3986, #2384, .T. ) ;
#3847 = CARTESIAN_POINT ( 'NONE',  ( 133.1763124465940109, 58.61684799194339490, 203.7207935539339871 ) ) ;
#3848 = CYLINDRICAL_SURFACE ( 'NONE', #8128, 30.00000000000001066 ) ;
#3849 = ORIENTED_EDGE ( 'NONE', *, *, #3046, .T. ) ;
#3850 = VERTEX_POINT ( 'NONE', #7597 ) ;
#3851 = ORIENTED_EDGE ( 'NONE', *, *, #4230, .T. ) ;
#3852 = LINE ( 'NONE', #10900, #273 ) ;
#3853 = VERTEX_POINT ( 'NONE', #7772 ) ;
#3854 = DIRECTION ( 'NONE',  ( -1.000000000000000000, -4.342824285326370048E-16, 2.991839073662610075E-16 ) ) ;
#3855 = ADVANCED_FACE ( 'NONE', ( #9654 ), #6142, .T. ) ;
#3856 = DIRECTION ( 'NONE',  ( -8.818228063756050507E-11, 1.000000000000000000, 0.000000000000000000 ) ) ;
#3857 = CARTESIAN_POINT ( 'NONE',  ( 286.3730936686566793, 60.37562006194984576, 158.7226201750561074 ) ) ;
#3858 = DIRECTION ( 'NONE',  ( 0.000000000000000000, 0.000000000000000000, 1.000000000000000000 ) ) ;
#3859 = CARTESIAN_POINT ( 'NONE',  ( 192.3209915161129970, 114.5107393763349961, 206.2207935539339871 ) ) ;
#3860 = ORIENTED_EDGE ( 'NONE', *, *, #11012, .T. ) ;
#3861 = EDGE_CURVE ( 'NONE', #8867, #2929, #5365, .T. ) ;
#3862 = ORIENTED_EDGE ( 'NONE', *, *, #8402, .F. ) ;
#3863 = ORIENTED_EDGE ( 'NONE', *, *, #7726, .F. ) ;
#3864 = DIRECTION ( 'NONE',  ( 0.000000000000000000, 0.000000000000000000, 1.000000000000000000 ) ) ;
#3865 = ORIENTED_EDGE ( 'NONE', *, *, #1518, .F. ) ;
#3866 = LINE ( 'NONE', #11087, #594 ) ;
#3867 = AXIS2_PLACEMENT_3D ( 'NONE', #4018, #10242, #7550 ) ;
#3868 = FACE_OUTER_BOUND ( 'NONE', #1746, .T. ) ;
#3869 = CARTESIAN_POINT ( 'NONE',  ( 194.8209915161130255, 100.4908558527999958, 206.2207935539339871 ) ) ;
#3870 = AXIS2_PLACEMENT_3D ( 'NONE', #7090, #1824, #8917 ) ;
#3871 = DIRECTION ( 'NONE',  ( 5.914660793751095536E-15, 1.000000000000000000, 0.000000000000000000 ) ) ;
#3872 = CARTESIAN_POINT ( 'NONE',  ( -121.8444924251933941, 76.52169227600100498, 203.7207935539339871 ) ) ;
#3873 = AXIS2_PLACEMENT_3D ( 'NONE', #6446, #10895, #1168 ) ;
#3874 = CARTESIAN_POINT ( 'NONE',  ( -202.3631439540191650, 72.46987645475019235, 208.6368300198741963 ) ) ;
#3875 = ORIENTED_EDGE ( 'NONE', *, *, #2132, .T. ) ;
#3876 = EDGE_CURVE ( 'NONE', #1400, #6068, #7320, .T. ) ;
#3877 = CARTESIAN_POINT ( 'NONE',  ( -286.9742745861308890, 74.29878892320249406, 208.6571551491634011 ) ) ;
#3878 = ORIENTED_EDGE ( 'NONE', *, *, #591, .F. ) ;
#3879 = DIRECTION ( 'NONE',  ( 0.000000000000000000, 0.000000000000000000, 1.000000000000000000 ) ) ;
#3880 = FACE_OUTER_BOUND ( 'NONE', #10718, .T. ) ;
#3881 = VERTEX_POINT ( 'NONE', #2485 ) ;
#3882 = AXIS2_PLACEMENT_3D ( 'NONE', #6432, #7409, #7232 ) ;
#3883 = CARTESIAN_POINT ( 'NONE',  ( -197.1789894103999927, 125.8608434367320115, 181.7073537568699919 ) ) ;
#3884 = DIRECTION ( 'NONE',  ( -1.000000000000000000, 0.000000000000000000, 0.000000000000000000 ) ) ;
#3885 = CARTESIAN_POINT ( 'NONE',  ( -152.7366433896910110, 89.42653656005859375, 183.7207935539340156 ) ) ;
#3886 = ORIENTED_EDGE ( 'NONE', *, *, #2874, .F. ) ;
#3887 = CARTESIAN_POINT ( 'NONE',  ( -30.26300430297849786, 110.9465026855470029, 208.7207935539339871 ) ) ;
#3888 = LINE ( 'NONE', #1212, #6917 ) ;
#3889 = CYLINDRICAL_SURFACE ( 'NONE', #8056, 3.000000000000003997 ) ;
#3890 = ORIENTED_EDGE ( 'NONE', *, *, #2167, .F. ) ;
#3891 = AXIS2_PLACEMENT_3D ( 'NONE', #876, #7068, #1856 ) ;
#3892 = DIRECTION ( 'NONE',  ( 1.000000000000000000, -1.514562049291900015E-17, -1.514562049291894776E-17 ) ) ;
#3893 = DIRECTION ( 'NONE',  ( -1.000000000000000000, -6.497469208673089999E-16, 2.626221239704050034E-16 ) ) ;
#3894 = ORIENTED_EDGE ( 'NONE', *, *, #381, .F. ) ;
#3895 = CARTESIAN_POINT ( 'NONE',  ( -167.9562080848534720, 76.52168743035018394, 203.7207935539339871 ) ) ;
#3896 = LINE ( 'NONE', #10182, #9367 ) ;
#3897 = EDGE_CURVE ( 'NONE', #3290, #9549, #2020, .T. ) ;
#3898 = CARTESIAN_POINT ( 'NONE',  ( 288.8209915161129970, 160.0000188829669980, 123.7207935403630046 ) ) ;
#3899 = AXIS2_PLACEMENT_3D ( 'NONE', #5543, #10146, #2170 ) ;
#3900 = CARTESIAN_POINT ( 'NONE',  ( -291.1789894103999927, 76.32125139236450195, 203.7207935539339871 ) ) ;
#3901 = CARTESIAN_POINT ( 'NONE',  ( 132.3913249411490085, 58.61684799194329543, 208.7207935539339871 ) ) ;
#3902 = ORIENTED_EDGE ( 'NONE', *, *, #7835, .T. ) ;
#3903 = EDGE_LOOP ( 'NONE', ( #10073, #98, #11272, #926 ) ) ;
#3904 = ORIENTED_EDGE ( 'NONE', *, *, #8661, .T. ) ;
#3905 = ADVANCED_FACE ( 'NONE', ( #5283 ), #10527, .T. ) ;
#3906 = CARTESIAN_POINT ( 'NONE',  ( 115.5182693127553932, 81.02728599900376594, 208.7015657105671664 ) ) ;
#3907 = EDGE_CURVE ( 'NONE', #8884, #6074, #1557, .T. ) ;
#3908 = DIRECTION ( 'NONE',  ( 0.000000000000000000, -1.000000000000000000, 0.000000000000000000 ) ) ;
#3909 = CARTESIAN_POINT ( 'NONE',  ( -286.6705565522797201, 58.40760399337600006, 184.3217930267394422 ) ) ;
#3910 = CARTESIAN_POINT ( 'NONE',  ( 286.6113688439060070, 61.76346438873587630, 158.7218791337110702 ) ) ;
#3911 = DIRECTION ( 'NONE',  ( 0.000000000000000000, 0.000000000000000000, -1.000000000000000000 ) ) ;
#3912 = LINE ( 'NONE', #424, #3953 ) ;
#3913 = ORIENTED_EDGE ( 'NONE', *, *, #305, .T. ) ;
#3914 = ORIENTED_EDGE ( 'NONE', *, *, #5293, .T. ) ;
#3915 = ORIENTED_EDGE ( 'NONE', *, *, #639, .T. ) ;
#3916 = FACE_OUTER_BOUND ( 'NONE', #565, .T. ) ;
#3917 = EDGE_CURVE ( 'NONE', #4680, #9321, #9443, .T. ) ;
#3918 = VERTEX_POINT ( 'NONE', #925 ) ;
#3919 = DIRECTION ( 'NONE',  ( 0.9999999999999982236, 5.974482437999869362E-08, -1.003254186567378186E-15 ) ) ;
#3920 = DIRECTION ( 'NONE',  ( 1.000000000000000000, -2.901163001883460083E-16, 0.000000000000000000 ) ) ;
#3921 = DIRECTION ( 'NONE',  ( 3.520767011262991876E-08, 0.9999999999988892219, 1.490124283223080768E-06 ) ) ;
#3922 = DIRECTION ( 'NONE',  ( 0.000000000000000000, 0.000000000000000000, -1.000000000000000000 ) ) ;
#3923 = CARTESIAN_POINT ( 'NONE',  ( -289.7141012682481573, 97.65103357956519403, 207.2559555430613898 ) ) ;
#3924 = EDGE_CURVE ( 'NONE', #1986, #2283, #4711, .T. ) ;
#3925 = CIRCLE ( 'NONE', #584, 12.90484886281040744 ) ;
#3926 = AXIS2_PLACEMENT_3D ( 'NONE', #6553, #10123, #10181 ) ;
#3927 = DIRECTION ( 'NONE',  ( 0.000000000000000000, 0.000000000000000000, -1.000000000000000000 ) ) ;
#3928 = VERTEX_POINT ( 'NONE', #3598 ) ;
#3929 = ORIENTED_EDGE ( 'NONE', *, *, #6442, .T. ) ;
#3930 = CARTESIAN_POINT ( 'NONE',  ( 133.1763124465940109, 58.61684799194339490, 208.7207935539339871 ) ) ;
#3931 = EDGE_LOOP ( 'NONE', ( #8813, #1245, #5275, #10858, #6229 ) ) ;
#3932 = CARTESIAN_POINT ( 'NONE',  ( -134.7493362426759802, 35.02563476562500000, 138.7207935539339871 ) ) ;
#3933 = CARTESIAN_POINT ( 'NONE',  ( 98.64490509033210230, 63.61684799194339490, 208.7207935539339871 ) ) ;
#3934 = ORIENTED_EDGE ( 'NONE', *, *, #22, .F. ) ;
#3935 = CARTESIAN_POINT ( 'NONE',  ( 194.8209915161130255, 134.9871293177949951, 183.7207935539340156 ) ) ;
#3936 = CARTESIAN_POINT ( 'NONE',  ( 94.82099151611289756, 146.6537969942370125, 183.7207935539340156 ) ) ;
#3937 = AXIS2_PLACEMENT_3D ( 'NONE', #2228, #7566, #5659 ) ;
#3938 = DIRECTION ( 'NONE',  ( 0.000000000000000000, 0.000000000000000000, 1.000000000000000000 ) ) ;
#3939 = EDGE_CURVE ( 'NONE', #4041, #6079, #7886, .T. ) ;
#3940 = ORIENTED_EDGE ( 'NONE', *, *, #2246, .T. ) ;
#3941 = DIRECTION ( 'NONE',  ( -1.000000000000000000, 0.000000000000000000, 0.000000000000000000 ) ) ;
#3942 = EDGE_CURVE ( 'NONE', #8778, #6805, #2571, .T. ) ;
#3943 = ADVANCED_FACE ( 'NONE', ( #3542 ), #8831, .T. ) ;
#3944 = CARTESIAN_POINT ( 'NONE',  ( 93.86446511771708856, 136.9419661265652053, 208.1933030920174303 ) ) ;
#3945 = CIRCLE ( 'NONE', #6716, 12.90485388537119960 ) ;
#3946 = DIRECTION ( 'NONE',  ( 0.000000000000000000, 0.000000000000000000, 1.000000000000000000 ) ) ;
#3947 = EDGE_LOOP ( 'NONE', ( #4387, #5110, #6537, #11254 ) ) ;
#3948 = CARTESIAN_POINT ( 'NONE',  ( 288.8209915161129970, 76.32125139236430300, 183.7207935539340156 ) ) ;
#3949 = CARTESIAN_POINT ( 'NONE',  ( 132.3913249411490085, 76.52169227600100498, 208.7207935539339871 ) ) ;
#3950 = ORIENTED_EDGE ( 'NONE', *, *, #4216, .F. ) ;
#3951 = CARTESIAN_POINT ( 'NONE',  ( -185.8610559998519705, 22.12077808834190051, 155.7207935539340156 ) ) ;
#3952 = CARTESIAN_POINT ( 'NONE',  ( 38.07888031005860086, 22.12078094482420099, 158.7207935539340156 ) ) ;
#3953 = VECTOR ( 'NONE', #9210, 1000.000000000000000 ) ;
#3954 = EDGE_CURVE ( 'NONE', #1181, #798, #2063, .T. ) ;
#3955 = CARTESIAN_POINT ( 'NONE',  ( -286.7580152425834967, 80.47964898483135698, 208.6872331769663163 ) ) ;
#3956 = CARTESIAN_POINT ( 'NONE',  ( 20.95800876617440167, 57.21578598022460227, 203.7207935539339871 ) ) ;
#3957 = ORIENTED_EDGE ( 'NONE', *, *, #3443, .T. ) ;
#3958 = ORIENTED_EDGE ( 'NONE', *, *, #9315, .F. ) ;
#3959 = CARTESIAN_POINT ( 'NONE',  ( 115.5182705555574216, 81.66069067487812561, 208.7147326727477719 ) ) ;
#3960 = CARTESIAN_POINT ( 'NONE',  ( 27.90500640869130322, 110.9465026855470029, 203.7207935539339871 ) ) ;
#3961 = CARTESIAN_POINT ( 'NONE',  ( -285.7244439558544968, 59.07246415508250692, 186.3280944722352785 ) ) ;
#3962 = EDGE_CURVE ( 'NONE', #1545, #1958, #10582, .T. ) ;
#3963 = DIRECTION ( 'NONE',  ( 0.000000000000000000, 0.000000000000000000, -1.000000000000000000 ) ) ;
#3964 = CARTESIAN_POINT ( 'NONE',  ( -30.26300430297849786, 98.04149627685548296, 183.7207935539340156 ) ) ;
#3965 = DIRECTION ( 'NONE',  ( 0.7071067811865475727, 0.000000000000000000, 0.7071067811865475727 ) ) ;
#3966 = ORIENTED_EDGE ( 'NONE', *, *, #1587, .T. ) ;
#3967 = ORIENTED_EDGE ( 'NONE', *, *, #169, .T. ) ;
#3968 = EDGE_LOOP ( 'NONE', ( #7471, #308, #1117, #2636, #3693 ) ) ;
#3969 = DIRECTION ( 'NONE',  ( -1.000000000000000000, 5.897598525349479809E-18, 0.000000000000000000 ) ) ;
#3970 = VECTOR ( 'NONE', #6328, 1000.000000000000000 ) ;
#3971 = ORIENTED_EDGE ( 'NONE', *, *, #624, .T. ) ;
#3972 = LINE ( 'NONE', #3160, #6889 ) ;
#3973 = PLANE ( 'NONE',  #4941 ) ;
#3974 = CARTESIAN_POINT ( 'NONE',  ( -291.1789894103999927, -3.552713678800499667E-14, 123.7207935539339871 ) ) ;
#3975 = VECTOR ( 'NONE', #10645, 1000.000000000000000 ) ;
#3976 = CARTESIAN_POINT ( 'NONE',  ( 144.4104957580560153, 134.9871293177949951, 183.7207935539340156 ) ) ;
#3977 = EDGE_CURVE ( 'NONE', #3509, #3995, #2830, .T. ) ;
#3978 = VECTOR ( 'NONE', #5175, 999.9999999999998863 ) ;
#3979 = AXIS2_PLACEMENT_3D ( 'NONE', #1444, #7589, #5860 ) ;
#3980 = LINE ( 'NONE', #10212, #7890 ) ;
#3981 = VECTOR ( 'NONE', #9257, 1000.000000000000000 ) ;
#3982 = EDGE_LOOP ( 'NONE', ( #4238, #10370, #4963, #1668, #1127, #5470 ) ) ;
#3983 = VERTEX_POINT ( 'NONE', #9993 ) ;
#3984 = FACE_BOUND ( 'NONE', #671, .T. ) ;
#3985 = CIRCLE ( 'NONE', #285, 12.90484428405759587 ) ;
#3986 = VERTEX_POINT ( 'NONE', #6485 ) ;
#3987 = DIRECTION ( 'NONE',  ( 0.000000000000000000, 0.000000000000000000, 1.000000000000000000 ) ) ;
#3988 = CARTESIAN_POINT ( 'NONE',  ( 39.73928928375249825, 94.42653656005860796, 208.7207935539339871 ) ) ;
#3989 = ADVANCED_FACE ( 'NONE', ( #1099 ), #3829, .F. ) ;
#3990 = ORIENTED_EDGE ( 'NONE', *, *, #5462, .T. ) ;
#3991 = CYLINDRICAL_SURFACE ( 'NONE', #968, 2.999999999999991562 ) ;
#3992 = CARTESIAN_POINT ( 'NONE',  ( 60.32955169677730112, 128.8515090942379970, 203.7207935539339871 ) ) ;
#3993 = CARTESIAN_POINT ( 'NONE',  ( -286.1789894103999927, 98.63017898587460763, 208.0186497902789995 ) ) ;
#3994 = VECTOR ( 'NONE', #199, 1000.000000000000000 ) ;
#3995 = VERTEX_POINT ( 'NONE', #5511 ) ;
#3996 = CARTESIAN_POINT ( 'NONE',  ( -269.8896011036019900, 76.52169227600100498, 203.7207935539339871 ) ) ;
#3997 = AXIS2_PLACEMENT_3D ( 'NONE', #4050, #11103, #4104 ) ;
#3998 = AXIS2_PLACEMENT_3D ( 'NONE', #11217, #2415, #8352 ) ;
#3999 = ADVANCED_FACE ( 'NONE', ( #1902 ), #8172, .T. ) ;
#4000 = DIRECTION ( 'NONE',  ( -0.9999999999999995559, -2.745767245451495601E-08, 0.000000000000000000 ) ) ;
#4001 = DIRECTION ( 'NONE',  ( 0.9999999999999995559, 2.745767267742075190E-08, 0.000000000000000000 ) ) ;
#4002 = CARTESIAN_POINT ( 'NONE',  ( 119.4864806570913061, 76.52169192166401501, 158.7207935539340156 ) ) ;
#4003 = ORIENTED_EDGE ( 'NONE', *, *, #1650, .T. ) ;
#4004 = VECTOR ( 'NONE', #4425, 1000.000000000000000 ) ;
#4005 = CARTESIAN_POINT ( 'NONE',  ( -134.7493362426759802, 8.337247467583079441, 157.8421138974936753 ) ) ;
#4006 = CARTESIAN_POINT ( 'NONE',  ( 216.5078370686659923, 94.42653656005860796, 203.7207935539339871 ) ) ;
#4007 = ADVANCED_FACE ( 'NONE', ( #10867 ), #5450, .T. ) ;
#4008 = ORIENTED_EDGE ( 'NONE', *, *, #11092, .F. ) ;
#4009 = EDGE_CURVE ( 'NONE', #3290, #10088, #3661, .T. ) ;
#4010 = VECTOR ( 'NONE', #8981, 1000.000000000000000 ) ;
#4011 = CARTESIAN_POINT ( 'NONE',  ( 150.3786849975589917, 89.42653656005859375, 183.7207935539340156 ) ) ;
#4012 = CARTESIAN_POINT ( 'NONE',  ( -286.1789894103999927, 97.21311776076090894, 208.7207935539340156 ) ) ;
#4013 = CARTESIAN_POINT ( 'NONE',  ( 80.65757730362400935, 6.215925900706809060, 155.7207935539340156 ) ) ;
#4014 = AXIS2_PLACEMENT_3D ( 'NONE', #11406, #3427, #7949 ) ;
#4015 =( BOUNDED_CURVE ( )  B_SPLINE_CURVE ( 3, ( #8578, #621, #3063, #1321 ),
 .UNSPECIFIED., .F., .F. ) 
 B_SPLINE_CURVE_WITH_KNOTS ( ( 4, 4 ),
 ( 1.570796326794897002, 2.356194490192348390 ),
 .UNSPECIFIED. ) 
 CURVE ( )  GEOMETRIC_REPRESENTATION_ITEM ( )  RATIONAL_B_SPLINE_CURVE ( ( 1.000000000000000000, 0.9492530216741906779, 0.9492530216741906779, 1.000000000000000000 ) ) 
 REPRESENTATION_ITEM ( '' )  );
#4016 = ORIENTED_EDGE ( 'NONE', *, *, #8999, .T. ) ;
#4017 = DIRECTION ( 'NONE',  ( -2.150785777198151406E-15, -1.732051036371922851E-07, -0.9999999999999850120 ) ) ;
#4018 = CARTESIAN_POINT ( 'NONE',  ( -146.1789941787719727, 115.8346203221669981, 206.2207935539339871 ) ) ;
#4019 = EDGE_CURVE ( 'NONE', #10427, #3199, #7948, .T. ) ;
#4020 = ORIENTED_EDGE ( 'NONE', *, *, #930, .F. ) ;
#4021 = DIRECTION ( 'NONE',  ( -3.808450979535799445E-16, 0.6948626285457626395, 0.7191424945380946454 ) ) ;
#4022 = CARTESIAN_POINT ( 'NONE',  ( 288.0887584690794370, 122.7232690600045544, 158.7207935539340156 ) ) ;
#4023 = DIRECTION ( 'NONE',  ( 0.000000000000000000, 0.000000000000000000, 1.000000000000000000 ) ) ;
#4024 = EDGE_CURVE ( 'NONE', #942, #2943, #357, .T. ) ;
#4025 = CIRCLE ( 'NONE', #11097, 12.90484428405759587 ) ;
#4026 = CARTESIAN_POINT ( 'NONE',  ( 216.5078370686659923, 89.42653656005859375, 203.7207935539339871 ) ) ;
#4027 = DIRECTION ( 'NONE',  ( -4.224596829767921051E-08, -0.7071067811865469066, 0.7071067811865469066 ) ) ;
#4028 = CARTESIAN_POINT ( 'NONE',  ( 285.8209915161110075, 57.34758543134790187, 158.7207935539340156 ) ) ;
#4029 = VERTEX_POINT ( 'NONE', #1149 ) ;
#4030 = ORIENTED_EDGE ( 'NONE', *, *, #5293, .F. ) ;
#4031 = ORIENTED_EDGE ( 'NONE', *, *, #7594, .F. ) ;
#4032 = DIRECTION ( 'NONE',  ( -1.000000000000000000, 0.000000000000000000, 0.000000000000000000 ) ) ;
#4033 = VERTEX_POINT ( 'NONE', #6313 ) ;
#4034 = CARTESIAN_POINT ( 'NONE',  ( -172.9562072518735647, 22.12077844267901128, 146.7207935539339871 ) ) ;
#4035 = CARTESIAN_POINT ( 'NONE',  ( -289.7145233163327589, 130.1411954946499918, 207.2563274598667533 ) ) ;
#4036 = EDGE_CURVE ( 'NONE', #11274, #4666, #9639, .T. ) ;
#4037 = CARTESIAN_POINT ( 'NONE',  ( -117.8758478882008376, 75.37703211429605687, 208.6195733523382501 ) ) ;
#4038 = CARTESIAN_POINT ( 'NONE',  ( -83.01555633544920454, 89.42653656005859375, 158.7207935539340156 ) ) ;
#4039 = CARTESIAN_POINT ( 'NONE',  ( 80.65758528230271907, 22.12078010271750017, 155.7207935539340156 ) ) ;
#4040 = EDGE_LOOP ( 'NONE', ( #3639, #4727, #2769, #4880 ) ) ;
#4041 = VERTEX_POINT ( 'NONE', #5397 ) ;
#4042 = CARTESIAN_POINT ( 'NONE',  ( -286.9861299235289493, 76.32125139236450195, 208.6552159306729948 ) ) ;
#4043 = ORIENTED_EDGE ( 'NONE', *, *, #9023, .F. ) ;
#4044 =( BOUNDED_CURVE ( )  B_SPLINE_CURVE ( 3, ( #8247, #354, #9888, #8132 ),
 .UNSPECIFIED., .F., .F. ) 
 B_SPLINE_CURVE_WITH_KNOTS ( ( 4, 4 ),
 ( 0.9503030259940181690, 1.570796326794896336 ),
 .UNSPECIFIED. ) 
 CURVE ( )  GEOMETRIC_REPRESENTATION_ITEM ( )  RATIONAL_B_SPLINE_CURVE ( ( 1.000000000000000000, 0.9681721987222383641, 0.9681721987222383641, 1.000000000000000000 ) ) 
 REPRESENTATION_ITEM ( '' )  );
#4045 = LINE ( 'NONE', #10104, #9508 ) ;
#4046 = CARTESIAN_POINT ( 'NONE',  ( 283.3664460615639769, 59.07246415507690074, 186.0475951281639766 ) ) ;
#4047 = EDGE_LOOP ( 'NONE', ( #5267, #5390, #3743, #8874, #859 ) ) ;
#4048 = EDGE_CURVE ( 'NONE', #6904, #8008, #9056, .T. ) ;
#4049 = PLANE ( 'NONE',  #11001 ) ;
#4050 = CARTESIAN_POINT ( 'NONE',  ( -134.7493367092509970, 76.52169227600100498, 203.7207935539339871 ) ) ;
#4051 = EDGE_CURVE ( 'NONE', #6725, #7636, #10378, .T. ) ;
#4052 = DIRECTION ( 'NONE',  ( 0.000000000000000000, 0.000000000000000000, -1.000000000000000000 ) ) ;
#4053 = CIRCLE ( 'NONE', #10936, 12.90500640869139737 ) ;
#4054 = VECTOR ( 'NONE', #5850, 1000.000000000000000 ) ;
#4055 = VERTEX_POINT ( 'NONE', #10053 ) ;
#4056 = LINE ( 'NONE', #4872, #4377 ) ;
#4057 = CIRCLE ( 'NONE', #9248, 12.90485382080079901 ) ;
#4058 = CYLINDRICAL_SURFACE ( 'NONE', #1740, 2.999999999999993339 ) ;
#4059 = DIRECTION ( 'NONE',  ( 0.000000000000000000, 0.000000000000000000, 1.000000000000000000 ) ) ;
#4060 = TOROIDAL_SURFACE ( 'NONE', #901, 17.90484428405759942, 5.000000000000000000 ) ;
#4061 = ORIENTED_EDGE ( 'NONE', *, *, #8900, .T. ) ;
#4062 = CARTESIAN_POINT ( 'NONE',  ( 288.8209915161129970, 120.1226279269199892, 158.7754717032180167 ) ) ;
#4063 = CARTESIAN_POINT ( 'NONE',  ( 60.32955169677730112, 123.8515090942380112, 208.7207935539339871 ) ) ;
#4064 = EDGE_LOOP ( 'NONE', ( #9451, #605, #8723, #4530 ) ) ;
#4065 = DIRECTION ( 'NONE',  ( 0.000000000000000000, 0.000000000000000000, 1.000000000000000000 ) ) ;
#4066 = DIRECTION ( 'NONE',  ( -1.000000000000000000, -2.955192115090245113E-15, -5.975215637102569992E-16 ) ) ;
#4067 = EDGE_CURVE ( 'NONE', #4119, #377, #11130, .T. ) ;
#4068 = B_SPLINE_SURFACE_WITH_KNOTS ( 'NONE', 3, 3, ( 
 ( #5822, #9543, #6683, #713, #6911, #11363, #3383, #5767, #489, #4028 ),
 ( #7557, #4959, #7024, #1813, #4318, #5361, #7078, #1696, #7843, #7196 ),
 ( #1757, #7, #10717, #4436, #9611, #7907, #8905, #824, #11423, #1637 ),
 ( #6160, #888, #2507, #3506, #8955, #5304, #3560, #4486, #2565, #9729 ),
 ( #8852, #1864, #6050, #6971, #4549, #7964, #10543, #9789, #10651, #6107 ) ),
 .UNSPECIFIED., .F., .F., .F.,
 ( 4, 1, 4 ),
 ( 4, 2, 1, 1, 1, 1, 4 ),
 ( 0.000000000000000000, 0.5714285714285709528, 1.000000000000000000 ),
 ( -0.002653695750500669609, 0.000000000000000000, 0.4221616780729929852, 0.8443233561459849712, 1.266485034218979955, 1.688646712291969942, 2.110808390364959930 ),
 .UNSPECIFIED. ) ;
#4069 = SPHERICAL_SURFACE ( 'NONE', #6093, 12.90485404369440126 ) ;
#4070 = ORIENTED_EDGE ( 'NONE', *, *, #9690, .F. ) ;
#4071 = EDGE_CURVE ( 'NONE', #6002, #10720, #1851, .T. ) ;
#4072 = EDGE_LOOP ( 'NONE', ( #10204, #9293, #7844, #8298 ) ) ;
#4073 = CARTESIAN_POINT ( 'NONE',  ( 150.3786849975589917, 76.52169227600100498, 208.7207935539339871 ) ) ;
#4074 = AXIS2_PLACEMENT_3D ( 'NONE', #800, #7820, #10630 ) ;
#4075 = EDGE_LOOP ( 'NONE', ( #7259, #1430, #4999, #4186, #2280, #9057 ) ) ;
#4076 = VERTEX_POINT ( 'NONE', #9113 ) ;
#4077 = CARTESIAN_POINT ( 'NONE',  ( -291.1789894103999927, 160.0000188829669980, 123.7207935403630046 ) ) ;
#4078 = FACE_OUTER_BOUND ( 'NONE', #1429, .T. ) ;
#4079 =( BOUNDED_CURVE ( )  B_SPLINE_CURVE ( 3, ( #631, #4879, #10232, #403 ),
 .UNSPECIFIED., .F., .F. ) 
 B_SPLINE_CURVE_WITH_KNOTS ( ( 4, 4 ),
 ( 4.712388980384689674, 5.497787143782137953 ),
 .UNSPECIFIED. ) 
 CURVE ( )  GEOMETRIC_REPRESENTATION_ITEM ( )  RATIONAL_B_SPLINE_CURVE ( ( 1.000000000000000000, 0.9492530216741911220, 0.9492530216741911220, 1.000000000000000000 ) ) 
 REPRESENTATION_ITEM ( '' )  );
#4080 = EDGE_CURVE ( 'NONE', #771, #10062, #6368, .T. ) ;
#4081 = CARTESIAN_POINT ( 'NONE',  ( 150.3786849975589917, 94.42653656005860796, 203.7207935539339871 ) ) ;
#4082 = CARTESIAN_POINT ( 'NONE',  ( 288.0881667391694805, 100.7083104029771619, 204.9916337156772386 ) ) ;
#4083 = DIRECTION ( 'NONE',  ( 0.000000000000000000, 1.000000000000000000, 0.000000000000000000 ) ) ;
#4084 = ORIENTED_EDGE ( 'NONE', *, *, #11393, .F. ) ;
#4085 = ORIENTED_EDGE ( 'NONE', *, *, #8392, .T. ) ;
#4086 = VERTEX_POINT ( 'NONE', #8297 ) ;
#4087 = ORIENTED_EDGE ( 'NONE', *, *, #8411, .T. ) ;
#4088 = CARTESIAN_POINT ( 'NONE',  ( 286.3209915161129970, 100.6369328146729885, 206.0796484784200118 ) ) ;
#4089 = CYLINDRICAL_SURFACE ( 'NONE', #5490, 5.000000000000021316 ) ;
#4090 = CYLINDRICAL_SURFACE ( 'NONE', #11122, 2.500000000000010658 ) ;
#4091 = AXIS2_PLACEMENT_3D ( 'NONE', #6530, #5781, #6588 ) ;
#4092 = DIRECTION ( 'NONE',  ( 0.000000000000000000, 0.000000000000000000, 1.000000000000000000 ) ) ;
#4093 = CYLINDRICAL_SURFACE ( 'NONE', #1906, 5.000000000000012434 ) ;
#4094 = EDGE_CURVE ( 'NONE', #10453, #5808, #5239, .T. ) ;
#4095 = ORIENTED_EDGE ( 'NONE', *, *, #7280, .T. ) ;
#4096 = ORIENTED_EDGE ( 'NONE', *, *, #6069, .T. ) ;
#4097 = CARTESIAN_POINT ( 'NONE',  ( -283.2794086392170243, 64.63487171726760039, 208.7207935539339871 ) ) ;
#4098 = ORIENTED_EDGE ( 'NONE', *, *, #4669, .F. ) ;
#4099 = CARTESIAN_POINT ( 'NONE',  ( 192.3209915161129970, 115.8346203221669981, 208.7207935539339871 ) ) ;
#4100 = FACE_OUTER_BOUND ( 'NONE', #5967, .T. ) ;
#4101 = VERTEX_POINT ( 'NONE', #7179 ) ;
#4102 = ADVANCED_FACE ( 'NONE', ( #167 ), #4060, .T. ) ;
#4103 = CARTESIAN_POINT ( 'NONE',  ( 267.5316238403320312, 58.61684799194339490, 203.7207935539339871 ) ) ;
#4104 = DIRECTION ( 'NONE',  ( 1.000000000000000000, 0.000000000000000000, 0.000000000000000000 ) ) ;
#4105 = FACE_OUTER_BOUND ( 'NONE', #3520, .T. ) ;
#4106 = ORIENTED_EDGE ( 'NONE', *, *, #9501, .F. ) ;
#4107 = DIRECTION ( 'NONE',  ( 0.000000000000000000, 0.000000000000000000, 1.000000000000000000 ) ) ;
#4108 = TOROIDAL_SURFACE ( 'NONE', #3369, 17.90484428405759942, 5.000000000000000000 ) ;
#4109 = TOROIDAL_SURFACE ( 'NONE', #10070, 15.90485334804940187, 3.000000000000000000 ) ;
#4110 = CARTESIAN_POINT ( 'NONE',  ( -291.1789894103999927, 120.1792166382100078, 183.7207935539340156 ) ) ;
#4111 = CARTESIAN_POINT ( 'NONE',  ( -291.1785103360849689, 75.00242324095368929, 156.0019761893434236 ) ) ;
#4112 = EDGE_CURVE ( 'NONE', #10914, #5320, #10109, .T. ) ;
#4113 = CARTESIAN_POINT ( 'NONE',  ( -152.7366433887729897, 76.52169227600100498, 158.7207935539340156 ) ) ;
#4114 = ORIENTED_EDGE ( 'NONE', *, *, #930, .T. ) ;
#4115 = CARTESIAN_POINT ( 'NONE',  ( 144.4104957580560153, 146.6537969942370125, 183.7207935539340156 ) ) ;
#4116 = ORIENTED_EDGE ( 'NONE', *, *, #2834, .T. ) ;
#4117 = CIRCLE ( 'NONE', #3003, 3.000000000000002665 ) ;
#4118 = CARTESIAN_POINT ( 'NONE',  ( -152.7366447448729900, 6.215927124023419736, 155.7207935539340156 ) ) ;
#4119 = VERTEX_POINT ( 'NONE', #1437 ) ;
#4120 = AXIS2_PLACEMENT_3D ( 'NONE', #2587, #10507, #1659 ) ;
#4121 = CARTESIAN_POINT ( 'NONE',  ( -269.8896011046559806, 63.61684799194339490, 203.7207935539339871 ) ) ;
#4122 = CARTESIAN_POINT ( 'NONE',  ( 166.9408614849921833, 72.72466560499984212, 208.6362152445601623 ) ) ;
#4123 = LINE ( 'NONE', #8595, #7011 ) ;
#4124 = ORIENTED_EDGE ( 'NONE', *, *, #9982, .F. ) ;
#4125 = VECTOR ( 'NONE', #5506, 1000.000000000000000 ) ;
#4126 = EDGE_CURVE ( 'NONE', #11069, #11151, #2752, .T. ) ;
#4127 = CARTESIAN_POINT ( 'NONE',  ( -198.7659039148544764, 76.52168707601310871, 158.7207935539340156 ) ) ;
#4128 = EDGE_LOOP ( 'NONE', ( #8694, #8418, #5261, #1454, #7819 ) ) ;
#4129 = ORIENTED_EDGE ( 'NONE', *, *, #8530, .F. ) ;
#4130 = CARTESIAN_POINT ( 'NONE',  ( -286.1789894103999927, 130.1411954946499918, 203.7207935539339871 ) ) ;
#4131 = AXIS2_PLACEMENT_3D ( 'NONE', #1063, #3343, #8695 ) ;
#4132 = ADVANCED_FACE ( 'NONE', ( #4105 ), #10276, .T. ) ;
#4133 = DIRECTION ( 'NONE',  ( 1.000000000000000000, -8.601340485944210462E-16, 0.000000000000000000 ) ) ;
#4134 = DIRECTION ( 'NONE',  ( 1.000000000000000000, -9.747022401918829411E-18, 0.000000000000000000 ) ) ;
#4135 = PLANE ( 'NONE',  #7341 ) ;
#4136 = EDGE_CURVE ( 'NONE', #8115, #3881, #6541, .T. ) ;
#4137 = CARTESIAN_POINT ( 'NONE',  ( -197.1789894103999927, 118.9074145751319946, 206.2207935539339871 ) ) ;
#4138 = DIRECTION ( 'NONE',  ( 0.000000000000000000, 0.000000000000000000, -1.000000000000000000 ) ) ;
#4139 = ORIENTED_EDGE ( 'NONE', *, *, #7726, .T. ) ;
#4140 = VERTEX_POINT ( 'NONE', #512 ) ;
#4141 = ORIENTED_EDGE ( 'NONE', *, *, #2842, .F. ) ;
#4142 = ORIENTED_EDGE ( 'NONE', *, *, #1697, .T. ) ;
#4143 = CARTESIAN_POINT ( 'NONE',  ( -76.95782116841721177, 90.89100265412577073, 207.2563274598667533 ) ) ;
#4144 = ADVANCED_FACE ( 'NONE', ( #2361 ), #4161, .F. ) ;
#4145 = EDGE_CURVE ( 'NONE', #2159, #4400, #9342, .T. ) ;
#4146 = DIRECTION ( 'NONE',  ( -2.002303713784079765E-16, -1.000000000000000000, 0.000000000000000000 ) ) ;
#4147 = VECTOR ( 'NONE', #572, 1000.000000000000000 ) ;
#4148 = CARTESIAN_POINT ( 'NONE',  ( 132.3913249411490085, 63.61684799194339490, 183.7207935539340156 ) ) ;
#4149 = DIRECTION ( 'NONE',  ( 1.000000000000000000, -4.362752391243199532E-16, 0.000000000000000000 ) ) ;
#4150 = DIRECTION ( 'NONE',  ( 0.000000000000000000, 0.000000000000000000, 1.000000000000000000 ) ) ;
#4151 = VECTOR ( 'NONE', #488, 1000.000000000000000 ) ;
#4152 = ORIENTED_EDGE ( 'NONE', *, *, #1978, .F. ) ;
#4153 = ORIENTED_EDGE ( 'NONE', *, *, #4136, .T. ) ;
#4154 = FACE_BOUND ( 'NONE', #7578, .T. ) ;
#4155 = ORIENTED_EDGE ( 'NONE', *, *, #2133, .F. ) ;
#4156 = CARTESIAN_POINT ( 'NONE',  ( -290.3003097539595956, 40.00000480987760199, 157.8421138974936753 ) ) ;
#4157 = CARTESIAN_POINT ( 'NONE',  ( 288.0942466473389914, 69.44562112382620001, 182.9671094581489967 ) ) ;
#4158 = ORIENTED_EDGE ( 'NONE', *, *, #2628, .T. ) ;
#4159 = CARTESIAN_POINT ( 'NONE',  ( -83.01557321292520442, 6.215926217349330152, 155.7207935539340156 ) ) ;
#4160 = DIRECTION ( 'NONE',  ( 1.000000000000000000, -1.635284895191439853E-16, 0.000000000000000000 ) ) ;
#4161 = CYLINDRICAL_SURFACE ( 'NONE', #8886, 12.90484428405759587 ) ;
#4162 = EDGE_CURVE ( 'NONE', #9940, #891, #10408, .T. ) ;
#4163 = ORIENTED_EDGE ( 'NONE', *, *, #4540, .F. ) ;
#4164 = VECTOR ( 'NONE', #5527, 1000.000000000000000 ) ;
#4165 = CARTESIAN_POINT ( 'NONE',  ( 288.8209915161129970, 78.56087057087201231, 183.7207935539340156 ) ) ;
#4166 = CIRCLE ( 'NONE', #82, 5.000000000000004441 ) ;
#4167 = CIRCLE ( 'NONE', #6748, 12.90485382080079546 ) ;
#4168 = AXIS2_PLACEMENT_3D ( 'NONE', #4130, #3320, #1462 ) ;
#4169 = CARTESIAN_POINT ( 'NONE',  ( -146.1789941787719727, 47.78571748643166472, 207.2563274598667533 ) ) ;
#4170 = CARTESIAN_POINT ( 'NONE',  ( 286.0510123528760573, 58.55072625519427731, 183.7207935539340156 ) ) ;
#4171 = AXIS2_PLACEMENT_3D ( 'NONE', #1520, #3963, #598 ) ;
#4172 = CARTESIAN_POINT ( 'NONE',  ( 43.09501647949219461, 93.02577972412109375, 203.7207935539339871 ) ) ;
#4173 = VERTEX_POINT ( 'NONE', #10171 ) ;
#4174 = CARTESIAN_POINT ( 'NONE',  ( -152.7366433896910110, 58.61684799194339490, 203.7207935539339871 ) ) ;
#4175 = ORIENTED_EDGE ( 'NONE', *, *, #9653, .F. ) ;
#4176 = DIRECTION ( 'NONE',  ( 0.000000000000000000, 0.000000000000000000, -1.000000000000000000 ) ) ;
#4177 = ORIENTED_EDGE ( 'NONE', *, *, #5422, .F. ) ;
#4178 = TOROIDAL_SURFACE ( 'NONE', #10495, 15.90485388537119960, 3.000000000000000000 ) ;
#4179 = CARTESIAN_POINT ( 'NONE',  ( 166.9408778389480119, 83.32442827859479451, 208.7207935539339871 ) ) ;
#4180 = LINE ( 'NONE', #7715, #5466 ) ;
#4181 = AXIS2_PLACEMENT_3D ( 'NONE', #7901, #3498, #224 ) ;
#4182 = UNCERTAINTY_MEASURE_WITH_UNIT (LENGTH_MEASURE( 1.000000000000000082E-05 ), #10551, 'distance_accuracy_value', 'NONE');
#4183 = FACE_OUTER_BOUND ( 'NONE', #3433, .T. ) ;
#4184 = VECTOR ( 'NONE', #3530, 1000.000000000000000 ) ;
#4185 = EDGE_CURVE ( 'NONE', #1958, #2367, #4246, .T. ) ;
#4186 = ORIENTED_EDGE ( 'NONE', *, *, #880, .F. ) ;
#4187 = DIRECTION ( 'NONE',  ( 0.000000000000000000, 0.000000000000000000, -1.000000000000000000 ) ) ;
#4188 = CARTESIAN_POINT ( 'NONE',  ( 183.5030736399640148, 22.12077808833640091, 158.7207935539340156 ) ) ;
#4189 = AXIS2_PLACEMENT_3D ( 'NONE', #9044, #1838, #4633 ) ;
#4190 = ORIENTED_EDGE ( 'NONE', *, *, #9781, .T. ) ;
#4191 = CIRCLE ( 'NONE', #11075, 17.90500640869139559 ) ;
#4192 = CIRCLE ( 'NONE', #5857, 12.90485382080080967 ) ;
#4193 = EDGE_LOOP ( 'NONE', ( #5935, #1541, #8515, #7198 ) ) ;
#4194 = DIRECTION ( 'NONE',  ( 0.000000000000000000, 0.000000000000000000, -1.000000000000000000 ) ) ;
#4195 = CARTESIAN_POINT ( 'NONE',  ( 80.65758528230271907, 22.12078010271750017, 158.7207935539340156 ) ) ;
#4196 = ADVANCED_FACE ( 'NONE', ( #6766 ), #8349, .T. ) ;
#4197 = EDGE_CURVE ( 'NONE', #11101, #2660, #11041, .T. ) ;
#4198 = LINE ( 'NONE', #9538, #5658 ) ;
#4199 = AXIS2_PLACEMENT_3D ( 'NONE', #10905, #10661, #250 ) ;
#4200 = DIRECTION ( 'NONE',  ( 0.000000000000000000, 0.000000000000000000, -1.000000000000000000 ) ) ;
#4201 = EDGE_CURVE ( 'NONE', #10828, #9761, #2011, .T. ) ;
#4202 = DIRECTION ( 'NONE',  ( 1.000000000000000000, -4.873511200959409313E-18, -4.873511200959409313E-18 ) ) ;
#4203 = AXIS2_PLACEMENT_3D ( 'NONE', #4081, #5765, #1413 ) ;
#4204 = DIRECTION ( 'NONE',  ( 1.000000000000000000, 0.000000000000000000, 0.000000000000000000 ) ) ;
#4205 = VERTEX_POINT ( 'NONE', #2245 ) ;
#4206 = ORIENTED_EDGE ( 'NONE', *, *, #3725, .F. ) ;
#4207 = ORIENTED_EDGE ( 'NONE', *, *, #9598, .F. ) ;
#4208 = AXIS2_PLACEMENT_3D ( 'NONE', #2725, #9938, #48 ) ;
#4209 = ORIENTED_EDGE ( 'NONE', *, *, #11420, .F. ) ;
#4210 = CARTESIAN_POINT ( 'NONE',  ( 283.8209915161129970, 98.63017898587500554, 208.0186497902789995 ) ) ;
#4211 = DIRECTION ( 'NONE',  ( -1.000000000000000000, 0.000000000000000000, 0.000000000000000000 ) ) ;
#4212 = EDGE_CURVE ( 'NONE', #6256, #4218, #4015, .T. ) ;
#4213 = ADVANCED_FACE ( 'NONE', ( #6601 ), #3675, .F. ) ;
#4214 = CARTESIAN_POINT ( 'NONE',  ( -195.8226723637361886, 116.9783032755031940, 208.4438521006772191 ) ) ;
#4215 = DIRECTION ( 'NONE',  ( 0.000000000000000000, 0.000000000000000000, -1.000000000000000000 ) ) ;
#4216 = EDGE_CURVE ( 'NONE', #7002, #9584, #737, .T. ) ;
#4217 = FACE_OUTER_BOUND ( 'NONE', #3770, .T. ) ;
#4218 = VERTEX_POINT ( 'NONE', #4404 ) ;
#4219 = ORIENTED_EDGE ( 'NONE', *, *, #9890, .T. ) ;
#4220 = LINE ( 'NONE', #4276, #648 ) ;
#4221 = VERTEX_POINT ( 'NONE', #2589 ) ;
#4222 = DIRECTION ( 'NONE',  ( 1.000000000000000000, 5.921189464667420559E-15, 0.000000000000000000 ) ) ;
#4223 = CARTESIAN_POINT ( 'NONE',  ( -288.5195479893300217, 60.66753250109930207, 158.8162959507239975 ) ) ;
#4224 = ORIENTED_EDGE ( 'NONE', *, *, #3524, .F. ) ;
#4225 = CARTESIAN_POINT ( 'NONE',  ( 200.0054457694700147, 72.62047806678786799, 208.6296689190719462 ) ) ;
#4226 = CARTESIAN_POINT ( 'NONE',  ( -291.1789894103999927, 121.1461743181297521, 183.7207935539340156 ) ) ;
#4227 = CARTESIAN_POINT ( 'NONE',  ( -117.8761103101920042, 82.51149024608710647, 208.7207935539339871 ) ) ;
#4228 = ORIENTED_EDGE ( 'NONE', *, *, #6802, .T. ) ;
#4229 = CARTESIAN_POINT ( 'NONE',  ( -97.17898941040009220, 153.0352742304889944, 141.9855927883679954 ) ) ;
#4230 = EDGE_CURVE ( 'NONE', #2509, #8680, #9560, .T. ) ;
#4231 = DIRECTION ( 'NONE',  ( 8.601340485944210462E-16, 1.000000000000000000, 0.000000000000000000 ) ) ;
#4232 = SPHERICAL_SURFACE ( 'NONE', #10321, 12.90485350637260176 ) ;
#4233 = LINE ( 'NONE', #6080, #8804 ) ;
#4234 = ORIENTED_EDGE ( 'NONE', *, *, #9116, .T. ) ;
#4235 = CYLINDRICAL_SURFACE ( 'NONE', #1690, 12.90485382080079901 ) ;
#4236 = ORIENTED_EDGE ( 'NONE', *, *, #10129, .F. ) ;
#4237 = FACE_OUTER_BOUND ( 'NONE', #7877, .T. ) ;
#4238 = ORIENTED_EDGE ( 'NONE', *, *, #2478, .F. ) ;
#4239 = TOROIDAL_SURFACE ( 'NONE', #10371, 17.90500640869139914, 5.000000000000000000 ) ;
#4240 = CARTESIAN_POINT ( 'NONE',  ( 150.3786849975589917, 35.02563476562500000, 155.7207935539340156 ) ) ;
#4241 = DIRECTION ( 'NONE',  ( -0.7071067811865469066, -0.7071067811865481278, 0.000000000000000000 ) ) ;
#4242 = CARTESIAN_POINT ( 'NONE',  ( 60.32955169677730112, 93.04149627685561086, 203.7207935539339871 ) ) ;
#4243 = AXIS2_PLACEMENT_3D ( 'NONE', #4836, #7423, #11004 ) ;
#4244 = ORIENTED_EDGE ( 'NONE', *, *, #4291, .F. ) ;
#4245 = AXIS2_PLACEMENT_3D ( 'NONE', #9665, #10010, #4782 ) ;
#4246 = CIRCLE ( 'NONE', #2198, 17.90500640869140270 ) ;
#4247 = DIRECTION ( 'NONE',  ( 1.000000000000000000, 3.552713678800500140E-15, 0.000000000000000000 ) ) ;
#4248 = CARTESIAN_POINT ( 'NONE',  ( 283.8209915161129970, 98.63017898587500554, 208.0186497902789995 ) ) ;
#4249 = EDGE_CURVE ( 'NONE', #11455, #4250, #10848, .T. ) ;
#4250 = VERTEX_POINT ( 'NONE', #7809 ) ;
#4251 = CARTESIAN_POINT ( 'NONE',  ( -152.7366447448729900, 22.12078094482420099, 158.7207935539340156 ) ) ;
#4252 = ORIENTED_EDGE ( 'NONE', *, *, #8672, .T. ) ;
#4253 = DIRECTION ( 'NONE',  ( 0.000000000000000000, 0.7071067811865460184, 0.7071067811865487940 ) ) ;
#4254 = CARTESIAN_POINT ( 'NONE',  ( 288.8209915161129970, 76.31311457647559848, 155.7225283289029960 ) ) ;
#4255 = CARTESIAN_POINT ( 'NONE',  ( 199.4079233357452949, 22.12077808833640447, 155.7207935539340156 ) ) ;
#4256 = DIRECTION ( 'NONE',  ( 2.419605351497754917E-15, -1.000000000000000000, 0.000000000000000000 ) ) ;
#4257 = FACE_OUTER_BOUND ( 'NONE', #2128, .T. ) ;
#4258 = LINE ( 'NONE', #10423, #932 ) ;
#4259 = EDGE_CURVE ( 'NONE', #3452, #5813, #4809, .T. ) ;
#4260 = B_SPLINE_CURVE_WITH_KNOTS ( 'NONE', 3,
 ( #8600, #1404, #8492, #11180, #2328 ),
 .UNSPECIFIED., .F., .F.,
 ( 4, 1, 4 ),
 ( 0.000000000000000000, 0.2857142857142846437, 0.5000072620828334147 ),
 .UNSPECIFIED. ) ;
#4261 = EDGE_LOOP ( 'NONE', ( #4916, #5144, #4298, #1602, #4848, #702, #3136 ) ) ;
#4262 = ORIENTED_EDGE ( 'NONE', *, *, #10531, .T. ) ;
#4263 = ORIENTED_EDGE ( 'NONE', *, *, #1915, .F. ) ;
#4264 = AXIS2_PLACEMENT_3D ( 'NONE', #4534, #812, #1908 ) ;
#4265 = VERTEX_POINT ( 'NONE', #11386 ) ;
#4266 = CARTESIAN_POINT ( 'NONE',  ( 283.8209915161129970, 97.16738986521721699, 208.7207935539339871 ) ) ;
#4267 = APPLICATION_PROTOCOL_DEFINITION ( 'draft international standard', 'automotive_design', 1998, #1453 ) ;
#4268 = DIRECTION ( 'NONE',  ( 0.000000000000000000, 0.000000000000000000, -1.000000000000000000 ) ) ;
#4269 = LINE ( 'NONE', #778, #6038 ) ;
#4270 = AXIS2_PLACEMENT_3D ( 'NONE', #5934, #5882, #1468 ) ;
#4271 = CARTESIAN_POINT ( 'NONE',  ( -290.4482188859699932, 69.74005044523980246, 158.7207935535700187 ) ) ;
#4272 = ADVANCED_FACE ( 'NONE', ( #3406 ), #2470, .T. ) ;
#4273 = ORIENTED_EDGE ( 'NONE', *, *, #9224, .T. ) ;
#4274 = EDGE_CURVE ( 'NONE', #6953, #1673, #718, .T. ) ;
#4275 = ORIENTED_EDGE ( 'NONE', *, *, #10478, .T. ) ;
#4276 = CARTESIAN_POINT ( 'NONE',  ( -97.17898941039999272, 68.25081839938640371, 158.7207935539340156 ) ) ;
#4277 = ADVANCED_BREP_SHAPE_REPRESENTATION ( 'Hanger200_split', ( #8651, #4948, #9392 ), #10151 ) ;
#4278 = ORIENTED_EDGE ( 'NONE', *, *, #10776, .F. ) ;
#4279 = LINE ( 'NONE', #2681, #1755 ) ;
#4280 = CARTESIAN_POINT ( 'NONE',  ( -290.4864258864629960, 69.70872780401420243, 158.4910835483449887 ) ) ;
#4281 = VERTEX_POINT ( 'NONE', #10567 ) ;
#4282 = DIRECTION ( 'NONE',  ( 0.9999999999999993339, -3.520767085281777270E-08, -1.346322611574195300E-28 ) ) ;
#4283 = DIRECTION ( 'NONE',  ( 1.075393666311713415E-15, -1.000000000000000000, 0.000000000000000000 ) ) ;
#4284 = ADVANCED_FACE ( 'NONE', ( #6127 ), #911, .F. ) ;
#4285 = CARTESIAN_POINT ( 'NONE',  ( -117.8761129076453784, 79.98090660889205594, 208.6742450874463373 ) ) ;
#4286 = ORIENTED_EDGE ( 'NONE', *, *, #7042, .F. ) ;
#4287 = CYLINDRICAL_SURFACE ( 'NONE', #8070, 2.500000000000011990 ) ;
#4288 = LINE ( 'NONE', #7051, #8601 ) ;
#4289 = CARTESIAN_POINT ( 'NONE',  ( 285.8915953644204251, 57.71688402801508744, 183.7207935539340724 ) ) ;
#4290 = VERTEX_POINT ( 'NONE', #2935 ) ;
#4291 = EDGE_CURVE ( 'NONE', #10340, #5771, #8701, .T. ) ;
#4292 = LINE ( 'NONE', #6478, #1752 ) ;
#4293 = VERTEX_POINT ( 'NONE', #31 ) ;
#4294 = CARTESIAN_POINT ( 'NONE',  ( -169.9562072518735647, 22.12077808834190407, 158.7207935539340156 ) ) ;
#4295 = AXIS2_PLACEMENT_3D ( 'NONE', #1498, #7537, #629 ) ;
#4296 = ORIENTED_EDGE ( 'NONE', *, *, #9950, .F. ) ;
#4297 = DIRECTION ( 'NONE',  ( 0.000000000000000000, 0.000000000000000000, -1.000000000000000000 ) ) ;
#4298 = ORIENTED_EDGE ( 'NONE', *, *, #152, .F. ) ;
#4299 = CARTESIAN_POINT ( 'NONE',  ( 286.6482416500879253, 101.2175338996192693, 205.5186497902791700 ) ) ;
#4300 = DIRECTION ( 'NONE',  ( 1.274272494262450050E-16, -1.000000000000000000, 0.000000000000000000 ) ) ;
#4301 = EDGE_CURVE ( 'NONE', #9896, #4140, #8106, .T. ) ;
#4302 = CARTESIAN_POINT ( 'NONE',  ( 283.3664460615639769, 59.07246415507670179, 186.7207935539340156 ) ) ;
#4303 = EDGE_CURVE ( 'NONE', #190, #8855, #10372, .T. ) ;
#4304 = ORIENTED_EDGE ( 'NONE', *, *, #779, .T. ) ;
#4305 = CARTESIAN_POINT ( 'NONE',  ( 108.2539185343329962, 89.42653656005859375, 183.7207935539340156 ) ) ;
#4306 = VECTOR ( 'NONE', #10926, 1000.000000000000000 ) ;
#4307 = CARTESIAN_POINT ( 'NONE',  ( -75.59253796992871344, 110.9465026855470029, 203.7207935539339871 ) ) ;
#4308 = VECTOR ( 'NONE', #216, 1000.000000000000000 ) ;
#4309 = CARTESIAN_POINT ( 'NONE',  ( 286.6272748223070153, 2.193716693805932927, 158.7207935539339871 ) ) ;
#4310 = DIRECTION ( 'NONE',  ( 0.000000000000000000, 0.000000000000000000, 1.000000000000000000 ) ) ;
#4311 = VERTEX_POINT ( 'NONE', #8926 ) ;
#4312 = PLANE ( 'NONE',  #9188 ) ;
#4313 = CARTESIAN_POINT ( 'NONE',  ( -96.44675636336647528, 117.6023872751333670, 207.9885605069003702 ) ) ;
#4314 = CIRCLE ( 'NONE', #8379, 12.90500640869139737 ) ;
#4315 = EDGE_CURVE ( 'NONE', #2159, #1958, #10194, .T. ) ;
#4316 = DIRECTION ( 'NONE',  ( -8.029132914089134498E-15, 0.7191424945381000855, -0.6948626285457570884 ) ) ;
#4317 = CARTESIAN_POINT ( 'NONE',  ( 92.32099151611291177, 115.8346203221669981, 208.7207935539339871 ) ) ;
#4318 = CARTESIAN_POINT ( 'NONE',  ( 288.7136729284519561, 72.46442308451700853, 156.7171505093130008 ) ) ;
#4319 = VERTEX_POINT ( 'NONE', #8159 ) ;
#4320 = AXIS2_PLACEMENT_3D ( 'NONE', #10801, #10047, #5615 ) ;
#4321 = VERTEX_POINT ( 'NONE', #4579 ) ;
#4322 = ORIENTED_EDGE ( 'NONE', *, *, #8783, .T. ) ;
#4323 = ORIENTED_EDGE ( 'NONE', *, *, #9978, .T. ) ;
#4324 = CYLINDRICAL_SURFACE ( 'NONE', #6698, 5.000000000000012434 ) ;
#4325 = DIRECTION ( 'NONE',  ( 0.000000000000000000, -0.7071067811865460184, 0.7071067811865487940 ) ) ;
#4326 = CARTESIAN_POINT ( 'NONE',  ( -110.0223875045780062, 62.15238189787613265, 207.2563274598667533 ) ) ;
#4327 = ADVANCED_FACE ( 'NONE', ( #7102 ), #10736, .T. ) ;
#4328 = FACE_OUTER_BOUND ( 'NONE', #8597, .T. ) ;
#4329 = AXIS2_PLACEMENT_3D ( 'NONE', #4740, #2977, #2104 ) ;
#4330 = CARTESIAN_POINT ( 'NONE',  ( 288.0051655441635035, 69.36149572026451438, 158.7207935531126850 ) ) ;
#4331 = LINE ( 'NONE', #7853, #10275 ) ;
#4332 = ORIENTED_EDGE ( 'NONE', *, *, #6733, .F. ) ;
#4333 = ORIENTED_EDGE ( 'NONE', *, *, #5741, .T. ) ;
#4334 = ORIENTED_EDGE ( 'NONE', *, *, #11189, .T. ) ;
#4335 = CARTESIAN_POINT ( 'NONE',  ( -291.1789894103999927, 76.32125139236450195, 155.7207935539340156 ) ) ;
#4336 = ORIENTED_EDGE ( 'NONE', *, *, #9287, .F. ) ;
#4337 = CARTESIAN_POINT ( 'NONE',  ( -135.5343008041380131, 38.02563476562500000, 155.7207935539340156 ) ) ;
#4338 = CARTESIAN_POINT ( 'NONE',  ( 98.64490509033210230, 63.61684799194339490, 183.7207935539340156 ) ) ;
#4339 = CARTESIAN_POINT ( 'NONE',  ( -290.3379094954780157, 98.24343351518349721, 206.9225797829460021 ) ) ;
#4340 = EDGE_CURVE ( 'NONE', #6138, #1986, #3734, .T. ) ;
#4341 = ORIENTED_EDGE ( 'NONE', *, *, #2218, .T. ) ;
#4342 = CARTESIAN_POINT ( 'NONE',  ( -197.1789894103999927, 123.7770500765000037, 183.7207935539340156 ) ) ;
#4343 = EDGE_CURVE ( 'NONE', #853, #3223, #1949, .T. ) ;
#4344 = AXIS2_PLACEMENT_3D ( 'NONE', #2417, #2592, #9642 ) ;
#4345 = FACE_OUTER_BOUND ( 'NONE', #10425, .T. ) ;
#4346 = CARTESIAN_POINT ( 'NONE',  ( 287.2347877671211336, 65.39764907390141957, 183.7207935539339871 ) ) ;
#4347 = ORIENTED_EDGE ( 'NONE', *, *, #1399, .T. ) ;
#4348 = ADVANCED_FACE ( 'NONE', ( #264 ), #148, .T. ) ;
#4349 = DIRECTION ( 'NONE',  ( 0.000000000000000000, 0.000000000000000000, 1.000000000000000000 ) ) ;
#4350 = ORIENTED_EDGE ( 'NONE', *, *, #7060, .F. ) ;
#4351 = LINE ( 'NONE', #5161, #8145 ) ;
#4352 = EDGE_LOOP ( 'NONE', ( #10535, #982, #4962, #9216 ) ) ;
#4353 = DIRECTION ( 'NONE',  ( 0.000000000000000000, 0.000000000000000000, -1.000000000000000000 ) ) ;
#4354 = ORIENTED_EDGE ( 'NONE', *, *, #7010, .F. ) ;
#4355 = DIRECTION ( 'NONE',  ( -0.9999999999999994449, 3.520767076855508069E-08, 8.426277583003864904E-17 ) ) ;
#4356 = CARTESIAN_POINT ( 'NONE',  ( 43.09501647949219461, 62.21578598022459516, 183.7207935539340156 ) ) ;
#4357 = AXIS2_PLACEMENT_3D ( 'NONE', #10200, #1578, #4897 ) ;
#4358 = CARTESIAN_POINT ( 'NONE',  ( 80.65757751464829539, 76.52169227600100498, 208.7207935539339871 ) ) ;
#4359 = VECTOR ( 'NONE', #5961, 1000.000000000000000 ) ;
#4360 = ORIENTED_EDGE ( 'NONE', *, *, #4576, .F. ) ;
#4361 = VECTOR ( 'NONE', #9141, 1000.000000000000000 ) ;
#4362 = ADVANCED_FACE ( 'NONE', ( #3751 ), #2705, .T. ) ;
#4363 = VECTOR ( 'NONE', #10710, 1000.000000000000000 ) ;
#4364 = DIRECTION ( 'NONE',  ( -6.409534987526679801E-16, 1.000000000000000000, 0.000000000000000000 ) ) ;
#4365 = EDGE_CURVE ( 'NONE', #7483, #4400, #5356, .T. ) ;
#4366 = LINE ( 'NONE', #10704, #1193 ) ;
#4367 = VECTOR ( 'NONE', #10162, 1000.000000000000000 ) ;
#4368 = CARTESIAN_POINT ( 'NONE',  ( -62.68753156123731429, 110.9465026855470029, 143.7207935539339871 ) ) ;
#4369 = AXIS2_PLACEMENT_3D ( 'NONE', #5570, #6488, #3007 ) ;
#4370 = CARTESIAN_POINT ( 'NONE',  ( 183.5030736399640148, 22.12077808833640091, 146.7207935539339871 ) ) ;
#4371 = ORIENTED_EDGE ( 'NONE', *, *, #6372, .T. ) ;
#4372 = AXIS2_PLACEMENT_3D ( 'NONE', #6431, #9992, #279 ) ;
#4373 = CARTESIAN_POINT ( 'NONE',  ( 145.2961692252066825, 76.52169263033799496, 148.7207935539339871 ) ) ;
#4374 = CARTESIAN_POINT ( 'NONE',  ( -96.26320474255363990, 117.4188356543205316, 208.1721121277132625 ) ) ;
#4375 = AXIS2_PLACEMENT_3D ( 'NONE', #2494, #1625, #1745 ) ;
#4376 = CIRCLE ( 'NONE', #7504, 17.90484886281041454 ) ;
#4377 = VECTOR ( 'NONE', #8409, 1000.000000000000000 ) ;
#4378 = AXIS2_PLACEMENT_3D ( 'NONE', #2846, #3724, #4001 ) ;
#4379 = CARTESIAN_POINT ( 'NONE',  ( -269.8896011046559806, 89.42653656005859375, 158.7207935539340156 ) ) ;
#4380 = EDGE_CURVE ( 'NONE', #6806, #6178, #9624, .T. ) ;
#4381 = CARTESIAN_POINT ( 'NONE',  ( -45.45299509106060043, 75.12078285217289420, 203.7207935539339871 ) ) ;
#4382 = CARTESIAN_POINT ( 'NONE',  ( -286.1789894103999927, 98.63017898587460763, 208.0186497902789995 ) ) ;
#4383 = ORIENTED_EDGE ( 'NONE', *, *, #6149, .F. ) ;
#4384 = VERTEX_POINT ( 'NONE', #5497 ) ;
#4385 = ORIENTED_EDGE ( 'NONE', *, *, #4736, .F. ) ;
#4386 = CIRCLE ( 'NONE', #6585, 5.000000000000004441 ) ;
#4387 = ORIENTED_EDGE ( 'NONE', *, *, #4420, .F. ) ;
#4388 = DIRECTION ( 'NONE',  ( -1.000000000000000000, 2.688482178977771415E-16, 0.000000000000000000 ) ) ;
#4389 = ADVANCED_FACE ( 'NONE', ( #4514 ), #10918, .F. ) ;
#4390 = CIRCLE ( 'NONE', #482, 17.90484428405758521 ) ;
#4391 = CARTESIAN_POINT ( 'NONE',  ( 216.5078370686659923, 90.89100265412587021, 207.2563274598667533 ) ) ;
#4392 = CARTESIAN_POINT ( 'NONE',  ( -288.6789894103999927, 108.1447414584200004, 170.3489578191650082 ) ) ;
#4393 = CARTESIAN_POINT ( 'NONE',  ( 287.7765989965195104, 68.26922224139579498, 158.7214292620430172 ) ) ;
#4394 = VECTOR ( 'NONE', #11352, 1000.000000000000000 ) ;
#4395 = CARTESIAN_POINT ( 'NONE',  ( 201.4079225027914219, 76.52168743035359455, 203.7207935539339871 ) ) ;
#4396 = ORIENTED_EDGE ( 'NONE', *, *, #4009, .F. ) ;
#4397 = ORIENTED_EDGE ( 'NONE', *, *, #2002, .T. ) ;
#4398 = CARTESIAN_POINT ( 'NONE',  ( 0.000000000000000000, 0.000000000000000000, 158.7207935539340156 ) ) ;
#4399 = EDGE_CURVE ( 'NONE', #9395, #2568, #10039, .T. ) ;
#4400 = VERTEX_POINT ( 'NONE', #7218 ) ;
#4401 = CYLINDRICAL_SURFACE ( 'NONE', #5965, 2.999999999999993339 ) ;
#4402 = CARTESIAN_POINT ( 'NONE',  ( 132.3913192749020027, 35.02563476562500000, 155.7207935539340156 ) ) ;
#4403 = CARTESIAN_POINT ( 'NONE',  ( -169.2988486628436533, 82.71304406267807963, 208.7207935539341008 ) ) ;
#4404 = CARTESIAN_POINT ( 'NONE',  ( -290.3003097539596524, 0.8786796564403602794, 157.8421138974936468 ) ) ;
#4405 = ORIENTED_EDGE ( 'NONE', *, *, #327, .F. ) ;
#4406 = DIRECTION ( 'NONE',  ( 2.362347636401559754E-16, -0.3562957817360009605, 0.9343732208904169667 ) ) ;
#4407 = CARTESIAN_POINT ( 'NONE',  ( 38.07888031005860086, 9.215927124023428618, 158.7207935539340156 ) ) ;
#4408 = CARTESIAN_POINT ( 'NONE',  ( 267.5316238403320312, 38.02563476562500000, 158.7207935539340156 ) ) ;
#4409 = ORIENTED_EDGE ( 'NONE', *, *, #7982, .F. ) ;
#4410 = CARTESIAN_POINT ( 'NONE',  ( 267.5316238403320312, 63.61684799194339490, 158.7207935539340156 ) ) ;
#4411 = EDGE_LOOP ( 'NONE', ( #53, #8138, #6833, #4600 ) ) ;
#4412 = EDGE_CURVE ( 'NONE', #8941, #2766, #6419, .T. ) ;
#4413 = CYLINDRICAL_SURFACE ( 'NONE', #5557, 2.999999999999991562 ) ;
#4414 = ORIENTED_EDGE ( 'NONE', *, *, #1381, .T. ) ;
#4415 = CARTESIAN_POINT ( 'NONE',  ( -63.35799196300879998, 75.12078285217289420, 208.7207935539339871 ) ) ;
#4416 = EDGE_LOOP ( 'NONE', ( #558, #7733, #6677, #4746 ) ) ;
#4417 = LINE ( 'NONE', #7827, #8440 ) ;
#4418 = CARTESIAN_POINT ( 'NONE',  ( 284.6287314839043461, 76.52170188199450251, 208.6551184275427033 ) ) ;
#4419 = ORIENTED_EDGE ( 'NONE', *, *, #7175, .F. ) ;
#4420 = EDGE_CURVE ( 'NONE', #9878, #9521, #1826, .T. ) ;
#4421 = DIRECTION ( 'NONE',  ( -1.143534646602941810E-06, 0.9999999999982359666, 1.490124283222693674E-06 ) ) ;
#4422 = LINE ( 'NONE', #3370, #11233 ) ;
#4423 = EDGE_CURVE ( 'NONE', #8431, #9251, #9219, .T. ) ;
#4424 = DIRECTION ( 'NONE',  ( -1.000000000000000000, 2.901163001883460083E-16, 0.000000000000000000 ) ) ;
#4425 = DIRECTION ( 'NONE',  ( -1.000000000000000000, -2.209936055264990155E-16, 0.000000000000000000 ) ) ;
#4426 = ORIENTED_EDGE ( 'NONE', *, *, #9269, .F. ) ;
#4427 = DIRECTION ( 'NONE',  ( 0.000000000000000000, 1.000000000000000000, 0.000000000000000000 ) ) ;
#4428 = CIRCLE ( 'NONE', #1822, 5.000000000000004441 ) ;
#4429 = DIRECTION ( 'NONE',  ( -1.000000000000000000, 0.000000000000000000, 0.000000000000000000 ) ) ;
#4430 = ADVANCED_FACE ( 'NONE', ( #6582 ), #11491, .T. ) ;
#4431 = DIRECTION ( 'NONE',  ( 0.000000000000000000, 0.000000000000000000, -1.000000000000000000 ) ) ;
#4432 = CIRCLE ( 'NONE', #9623, 12.90500640869139737 ) ;
#4433 = AXIS2_PLACEMENT_3D ( 'NONE', #8455, #2178, #3163 ) ;
#4434 = AXIS2_PLACEMENT_3D ( 'NONE', #2089, #122, #1223 ) ;
#4435 = CARTESIAN_POINT ( 'NONE',  ( 288.8209915161132244, 99.70776996686373650, 203.9561317382755021 ) ) ;
#4436 = CARTESIAN_POINT ( 'NONE',  ( 288.8200797549710046, 75.06517292097230154, 156.1492064311949832 ) ) ;
#4437 = VERTEX_POINT ( 'NONE', #3974 ) ;
#4438 = ORIENTED_EDGE ( 'NONE', *, *, #3602, .T. ) ;
#4439 = ORIENTED_EDGE ( 'NONE', *, *, #10698, .T. ) ;
#4440 = AXIS2_PLACEMENT_3D ( 'NONE', #4013, #11119, #10236 ) ;
#4441 = ORIENTED_EDGE ( 'NONE', *, *, #10506, .T. ) ;
#4442 = DIRECTION ( 'NONE',  ( 0.000000000000000000, 0.000000000000000000, -1.000000000000000000 ) ) ;
#4443 = ADVANCED_FACE ( 'NONE', ( #4855 ), #1457, .T. ) ;
#4444 = DIRECTION ( 'NONE',  ( 3.315149599710885252E-16, -1.000000000000000000, 3.315149599710885252E-16 ) ) ;
#4445 = DIRECTION ( 'NONE',  ( 1.000000000000000000, 0.000000000000000000, 0.000000000000000000 ) ) ;
#4446 = DIRECTION ( 'NONE',  ( 1.000000000000000000, 0.000000000000000000, 0.000000000000000000 ) ) ;
#4447 = CIRCLE ( 'NONE', #922, 3.000000000000002665 ) ;
#4448 = DIRECTION ( 'NONE',  ( -1.000000000000000000, 0.000000000000000000, 0.000000000000000000 ) ) ;
#4449 = VERTEX_POINT ( 'NONE', #10261 ) ;
#4450 = ORIENTED_EDGE ( 'NONE', *, *, #6105, .T. ) ;
#4451 = DIRECTION ( 'NONE',  ( 0.000000000000000000, 0.000000000000000000, -1.000000000000000000 ) ) ;
#4452 = ORIENTED_EDGE ( 'NONE', *, *, #1646, .F. ) ;
#4453 = CARTESIAN_POINT ( 'NONE',  ( -285.7244439558550084, 59.07246415508239323, 161.7207935539339871 ) ) ;
#4454 = CARTESIAN_POINT ( 'NONE',  ( -269.8896011046559806, 63.61684799194339490, 150.7207935539340156 ) ) ;
#4455 = DIRECTION ( 'NONE',  ( -1.000000000000000000, 0.000000000000000000, 0.000000000000000000 ) ) ;
#4456 = EDGE_LOOP ( 'NONE', ( #1866, #11255, #1170, #6417, #4209, #4152 ) ) ;
#4457 = CYLINDRICAL_SURFACE ( 'NONE', #11440, 2.500000000000000888 ) ;
#4458 = AXIS2_PLACEMENT_3D ( 'NONE', #3859, #11016, #3965 ) ;
#4459 = ADVANCED_FACE ( 'NONE', ( #1252 ), #4090, .T. ) ;
#4460 = DIRECTION ( 'NONE',  ( 0.000000000000000000, 0.000000000000000000, -1.000000000000000000 ) ) ;
#4461 = VERTEX_POINT ( 'NONE', #5724 ) ;
#4462 = DIRECTION ( 'NONE',  ( 0.9999999999999995559, 2.745767267742075190E-08, 0.000000000000000000 ) ) ;
#4463 = CARTESIAN_POINT ( 'NONE',  ( -92.00923903845168184, 22.12077759886839345, 142.8159399372312066 ) ) ;
#4464 = ORIENTED_EDGE ( 'NONE', *, *, #10343, .T. ) ;
#4465 = CARTESIAN_POINT ( 'NONE',  ( 194.3549708474560020, 117.8685996535100031, 207.6743849957320265 ) ) ;
#4466 = ORIENTED_EDGE ( 'NONE', *, *, #7231, .F. ) ;
#4467 = CARTESIAN_POINT ( 'NONE',  ( 61.00001335144039416, 75.12078285217289420, 208.7207935539339871 ) ) ;
#4468 = DIRECTION ( 'NONE',  ( 0.000000000000000000, 0.000000000000000000, -1.000000000000000000 ) ) ;
#4469 = CARTESIAN_POINT ( 'NONE',  ( 283.3664470494996976, 59.07246555892891848, 186.0475951933468934 ) ) ;
#4470 = ORIENTED_EDGE ( 'NONE', *, *, #5621, .F. ) ;
#4471 = AXIS2_PLACEMENT_3D ( 'NONE', #9984, #10098, #4810 ) ;
#4472 = ADVANCED_FACE ( 'NONE', ( #7446 ), #4909, .F. ) ;
#4473 = CYLINDRICAL_SURFACE ( 'NONE', #8849, 12.90484428405759587 ) ;
#4474 = DIRECTION ( 'NONE',  ( -1.000000000000000000, 0.000000000000000000, 0.000000000000000000 ) ) ;
#4475 = DIRECTION ( 'NONE',  ( 1.000000000000000000, 0.000000000000000000, 0.000000000000000000 ) ) ;
#4476 = DIRECTION ( 'NONE',  ( 0.000000000000000000, 0.000000000000000000, 1.000000000000000000 ) ) ;
#4477 = VERTEX_POINT ( 'NONE', #9272 ) ;
#4478 = DIRECTION ( 'NONE',  ( 1.000000000000000000, -4.475536128753789939E-15, 0.000000000000000000 ) ) ;
#4479 = CARTESIAN_POINT ( 'NONE',  ( -20.80790996551509764, 38.02563476562500000, 155.7207935539340156 ) ) ;
#4480 = EDGE_CURVE ( 'NONE', #9407, #11018, #1274, .T. ) ;
#4481 = AXIS2_PLACEMENT_3D ( 'NONE', #693, #5278, #749 ) ;
#4482 = EDGE_CURVE ( 'NONE', #2897, #10732, #1084, .T. ) ;
#4483 = CIRCLE ( 'NONE', #6509, 12.90485334804940187 ) ;
#4484 = CARTESIAN_POINT ( 'NONE',  ( 288.8209915161129970, 156.4021854306319881, 123.7207935539339871 ) ) ;
#4485 = DIRECTION ( 'NONE',  ( 1.000000000000000000, 2.664535259100430128E-15, 0.000000000000000000 ) ) ;
#4486 = CARTESIAN_POINT ( 'NONE',  ( 285.3831325883049885, 62.20932243633390613, 160.8788078405870010 ) ) ;
#4487 = VERTEX_POINT ( 'NONE', #2288 ) ;
#4488 = EDGE_CURVE ( 'NONE', #5937, #3826, #9435, .T. ) ;
#4489 = EDGE_LOOP ( 'NONE', ( #9382, #1920, #514, #1523, #6411 ) ) ;
#4490 = EDGE_LOOP ( 'NONE', ( #5487, #2042, #8355, #5938 ) ) ;
#4491 = B_SPLINE_CURVE_WITH_KNOTS ( 'NONE', 3,
 ( #8673, #3380, #10540, #10304, #11416, #5878, #7728, #11307, #10419, #2442, #596, #5009, #5062, #2558, #6735, #10474, #6798 ),
 .UNSPECIFIED., .F., .F.,
 ( 4, 2, 2, 1, 1, 1, 2, 2, 2, 4 ),
 ( 0.000000000000000000, 0.2499999999999316658, 0.3749999999998973599, 0.4374999999998834266, 0.4687499999998764322, 0.4843749999998761546, 0.4921874999998762656, 0.4999999999998764322, 0.7499999999999381606, 1.000000000000000000 ),
 .UNSPECIFIED. ) ;
#4492 = DIRECTION ( 'NONE',  ( 0.9999999999999995559, 2.745767267742075190E-08, 0.000000000000000000 ) ) ;
#4493 = VERTEX_POINT ( 'NONE', #498 ) ;
#4494 = CARTESIAN_POINT ( 'NONE',  ( -96.33927465171501581, 137.0587777662749147, 208.0960422185518155 ) ) ;
#4495 = VECTOR ( 'NONE', #6988, 1000.000000000000000 ) ;
#4496 = VECTOR ( 'NONE', #10107, 1000.000000000000000 ) ;
#4497 = ORIENTED_EDGE ( 'NONE', *, *, #8407, .F. ) ;
#4498 = CARTESIAN_POINT ( 'NONE',  ( 43.09501647949219461, 62.21578598022459516, 183.7207935539340156 ) ) ;
#4499 = DIRECTION ( 'NONE',  ( 0.000000000000000000, 1.000000000000000000, 0.000000000000000000 ) ) ;
#4500 = EDGE_CURVE ( 'NONE', #9597, #8316, #7624, .T. ) ;
#4502 = FACE_OUTER_BOUND ( 'NONE', #2212, .T. ) ;
#4501 = CIRCLE ( 'NONE', #1164, 12.90485382080080967 ) ;
#4503 = CARTESIAN_POINT ( 'NONE',  ( 13.36300373077400039, 128.8515090942379970, 203.7207935539339871 ) ) ;
#4504 = ORIENTED_EDGE ( 'NONE', *, *, #10890, .F. ) ;
#4505 = ADVANCED_FACE ( 'NONE', ( #10095 ), #6696, .F. ) ;
#4506 = ORIENTED_EDGE ( 'NONE', *, *, #6901, .T. ) ;
#4507 = CARTESIAN_POINT ( 'NONE',  ( 143.8209962844850054, 96.89302241451051145, 206.2207935539339871 ) ) ;
#4508 = EDGE_CURVE ( 'NONE', #10979, #9672, #5286, .T. ) ;
#4509 = EDGE_LOOP ( 'NONE', ( #5843, #5457, #825, #3590 ) ) ;
#4510 = CARTESIAN_POINT ( 'NONE',  ( 60.32955169677730112, 93.04149627685561086, 208.7207935539339871 ) ) ;
#4511 = B_SPLINE_SURFACE_WITH_KNOTS ( 'NONE', 3, 3, ( 
 ( #6928, #8807, #9633, #10563, #6005, #8635, #5949, #1657, #10504, #5204, #9569, #2586 ),
 ( #5084, #678, #4223, #846, #7750, #11328, #6123, #3344, #8696, #3523, #2527, #4335 ),
 ( #9692, #1715, #6871, #5262, #785, #11498, #7044, #10617, #2640, #10441, #6179, #1601 ),
 ( #1779, #5324, #2466, #908, #5149, #732, #4280, #7804, #8868, #11381, #7981, #6067 ),
 ( #4453, #8746, #9974, #3696, #6469, #4574, #4685, #1078, #7336, #1945, #10733, #2813 ) ),
 .UNSPECIFIED., .F., .F., .F.,
 ( 4, 1, 4 ),
 ( 4, 1, 1, 1, 1, 1, 1, 2, 4 ),
 ( 0.000000000000000000, 0.5714285714285709528, 1.000000000000000000 ),
 ( 3.257309163864710259E-15, 0.4221616780728669749, 0.6332425171092990190, 0.8443233561457309522, 1.055404195182159999, 1.266485034218600036, 1.688646712291459906, 2.110808390364319997, 2.113462086114830107 ),
 .UNSPECIFIED. ) ;
#4512 = CARTESIAN_POINT ( 'NONE',  ( 98.64490509033210230, 76.52169227600100498, 158.7207935539340156 ) ) ;
#4513 = FACE_OUTER_BOUND ( 'NONE', #5784, .T. ) ;
#4514 = FACE_OUTER_BOUND ( 'NONE', #3244, .T. ) ;
#4515 = TOROIDAL_SURFACE ( 'NONE', #9899, 25.00000000000000000, 5.000000000000000000 ) ;
#4516 = DIRECTION ( 'NONE',  ( 8.166800569142643757E-11, -1.000000000000000000, 0.000000000000000000 ) ) ;
#4517 = AXIS2_PLACEMENT_3D ( 'NONE', #9529, #2726, #10587 ) ;
#4518 = CARTESIAN_POINT ( 'NONE',  ( -291.1789894103999927, -1.776356839400250149E-14, 183.7207935539340156 ) ) ;
#4519 = ORIENTED_EDGE ( 'NONE', *, *, #9156, .T. ) ;
#4520 = EDGE_CURVE ( 'NONE', #8680, #431, #1914, .T. ) ;
#4521 = CARTESIAN_POINT ( 'NONE',  ( 194.0581480874770079, 98.63017898587490606, 208.0186497902789995 ) ) ;
#4522 = CARTESIAN_POINT ( 'NONE',  ( 267.5316238403320312, 58.61684799194339490, 203.7207935539339871 ) ) ;
#4523 = VERTEX_POINT ( 'NONE', #4148 ) ;
#4524 = DIRECTION ( 'NONE',  ( 0.000000000000000000, 0.7071067811865460184, 0.7071067811865487940 ) ) ;
#4525 = CARTESIAN_POINT ( 'NONE',  ( 38.07888031005860086, 22.12078094482420099, 155.7207935539340156 ) ) ;
#4526 = ORIENTED_EDGE ( 'NONE', *, *, #7305, .T. ) ;
#4527 = CARTESIAN_POINT ( 'NONE',  ( -30.26300430297849786, 110.9465026855470029, 208.7207935539339871 ) ) ;
#4528 = CARTESIAN_POINT ( 'NONE',  ( -197.1789894103999927, 123.7770500765000037, 158.7207935539340156 ) ) ;
#4529 = CARTESIAN_POINT ( 'NONE',  ( 286.9928942712747357, 160.0000188689219556, 123.7207935539339871 ) ) ;
#4530 = ORIENTED_EDGE ( 'NONE', *, *, #3795, .T. ) ;
#4531 = AXIS2_PLACEMENT_3D ( 'NONE', #6881, #11390, #10451 ) ;
#4532 = DIRECTION ( 'NONE',  ( -1.000000000000000000, -1.274272494262450050E-16, 0.000000000000000000 ) ) ;
#4533 = FACE_OUTER_BOUND ( 'NONE', #1074, .T. ) ;
#4534 = CARTESIAN_POINT ( 'NONE',  ( 183.5030736399810110, 76.52168743035359455, 183.7207935539340156 ) ) ;
#4535 = AXIS2_PLACEMENT_3D ( 'NONE', #8786, #823, #2736 ) ;
#4536 = CARTESIAN_POINT ( 'NONE',  ( -146.1789941787719727, 51.32125139236440248, 208.7207935539339871 ) ) ;
#4537 = VERTEX_POINT ( 'NONE', #6114 ) ;
#4538 = CARTESIAN_POINT ( 'NONE',  ( -17.35799789428709872, 110.9465026855470029, 203.7207935539339871 ) ) ;
#4539 = CARTESIAN_POINT ( 'NONE',  ( -152.7366447448729900, 35.02563476562500000, 158.7207935539340156 ) ) ;
#4540 = EDGE_CURVE ( 'NONE', #5043, #8579, #5139, .T. ) ;
#4541 = CARTESIAN_POINT ( 'NONE',  ( -285.7244439558550084, 59.07246415508239323, 186.7207935539340156 ) ) ;
#4542 = AXIS2_PLACEMENT_3D ( 'NONE', #8072, #8724, #4427 ) ;
#4543 = CIRCLE ( 'NONE', #8965, 5.000000000000004441 ) ;
#4544 = AXIS2_PLACEMENT_3D ( 'NONE', #8649, #4349, #5217 ) ;
#4545 = VECTOR ( 'NONE', #6058, 1000.000000000000000 ) ;
#4546 = CARTESIAN_POINT ( 'NONE',  ( 288.8209915161129970, 6.675439079365129582E-14, 156.5270768601280906 ) ) ;
#4547 = CIRCLE ( 'NONE', #5842, 29.99999999999999645 ) ;
#4548 = DIRECTION ( 'NONE',  ( -1.000000000000000000, 1.159225409079261975E-17, -1.159225409079259972E-17 ) ) ;
#4549 = CARTESIAN_POINT ( 'NONE',  ( 288.6801093232600124, 72.75326327301019091, 157.3945654793559754 ) ) ;
#4550 = AXIS2_PLACEMENT_3D ( 'NONE', #7264, #5540, #7326 ) ;
#4551 = ORIENTED_EDGE ( 'NONE', *, *, #8383, .T. ) ;
#4552 = VERTEX_POINT ( 'NONE', #666 ) ;
#4553 = ORIENTED_EDGE ( 'NONE', *, *, #2729, .T. ) ;
#4554 = CARTESIAN_POINT ( 'NONE',  ( 115.5181150157409746, 76.52169227600100498, 208.6132091689502204 ) ) ;
#4555 = ADVANCED_FACE ( 'NONE', ( #3457 ), #9553, .F. ) ;
#4556 = CARTESIAN_POINT ( 'NONE',  ( -289.4064410258197313, 64.33174873795894655, 183.7207935539339871 ) ) ;
#4557 = AXIS2_PLACEMENT_3D ( 'NONE', #3756, #4694, #10859 ) ;
#4558 = DIRECTION ( 'NONE',  ( 0.000000000000000000, 0.000000000000000000, -1.000000000000000000 ) ) ;
#4559 = CIRCLE ( 'NONE', #8075, 17.90484428405761363 ) ;
#4560 = AXIS2_PLACEMENT_3D ( 'NONE', #2080, #10871, #9058 ) ;
#4561 = DIRECTION ( 'NONE',  ( 2.357670551379990086E-15, -1.000000000000000000, 0.000000000000000000 ) ) ;
#4562 = EDGE_CURVE ( 'NONE', #9860, #4929, #4734, .T. ) ;
#4563 = CARTESIAN_POINT ( 'NONE',  ( -202.3632220779362285, 78.70997232641902031, 208.5594918693019508 ) ) ;
#4564 = VECTOR ( 'NONE', #6548, 1000.000000000000000 ) ;
#4565 = CARTESIAN_POINT ( 'NONE',  ( 80.65757751464849434, 94.42653656005860796, 203.7207935539339871 ) ) ;
#4566 = ORIENTED_EDGE ( 'NONE', *, *, #4722, .T. ) ;
#4567 = ORIENTED_EDGE ( 'NONE', *, *, #1688, .F. ) ;
#4568 = DIRECTION ( 'NONE',  ( 1.000000000000000000, 0.000000000000000000, 0.000000000000000000 ) ) ;
#4569 = VECTOR ( 'NONE', #1422, 1000.000000000000000 ) ;
#4570 = VECTOR ( 'NONE', #5315, 1000.000000000000000 ) ;
#4571 = EDGE_CURVE ( 'NONE', #10464, #3837, #9595, .T. ) ;
#4572 = ORIENTED_EDGE ( 'NONE', *, *, #6065, .T. ) ;
#4573 = CIRCLE ( 'NONE', #1405, 15.90485382080079901 ) ;
#4574 = CARTESIAN_POINT ( 'NONE',  ( -289.8585258626559948, 67.45596301292809471, 159.6696933349839753 ) ) ;
#4575 = VECTOR ( 'NONE', #5581, 1000.000000000000000 ) ;
#4576 = EDGE_CURVE ( 'NONE', #10075, #5025, #5021, .T. ) ;
#4577 = CARTESIAN_POINT ( 'NONE',  ( 38.07888031005860086, 22.12078094482420099, 155.7207935539340156 ) ) ;
#4578 = FACE_OUTER_BOUND ( 'NONE', #3209, .T. ) ;
#4579 = CARTESIAN_POINT ( 'NONE',  ( -101.0029028262909634, 22.12077759886842898, 142.8159403642165728 ) ) ;
#4580 = CARTESIAN_POINT ( 'NONE',  ( 93.69550014402793181, 117.2091289500820039, 208.3251006671646621 ) ) ;
#4581 = ADVANCED_FACE ( 'NONE', ( #1705 ), #3334, .T. ) ;
#4582 = CIRCLE ( 'NONE', #10901, 12.90485388537120315 ) ;
#4583 = CYLINDRICAL_SURFACE ( 'NONE', #3080, 2.999999999999994227 ) ;
#4584 = ORIENTED_EDGE ( 'NONE', *, *, #5341, .F. ) ;
#4585 = FACE_OUTER_BOUND ( 'NONE', #6092, .T. ) ;
#4586 = CARTESIAN_POINT ( 'NONE',  ( -218.8657760620120314, 76.52169227600100498, 208.7207935539339871 ) ) ;
#4587 = ORIENTED_EDGE ( 'NONE', *, *, #3907, .T. ) ;
#4588 = CARTESIAN_POINT ( 'NONE',  ( -134.7493367092509970, 89.42653656005859375, 148.7207935539339871 ) ) ;
#4589 = FACE_OUTER_BOUND ( 'NONE', #5906, .T. ) ;
#4590 = ORIENTED_EDGE ( 'NONE', *, *, #7656, .F. ) ;
#4591 = DIRECTION ( 'NONE',  ( -1.000000000000000000, 3.073900420430730319E-15, 0.000000000000000000 ) ) ;
#4592 = CARTESIAN_POINT ( 'NONE',  ( -152.7366447448729900, 22.12078094482420099, 155.7207935539340156 ) ) ;
#4593 = CARTESIAN_POINT ( 'NONE',  ( 38.07888031005860086, 9.215927124023428618, 158.7207935539340156 ) ) ;
#4594 = EDGE_LOOP ( 'NONE', ( #9923, #3470, #3622, #4360, #10167 ) ) ;
#4595 = EDGE_CURVE ( 'NONE', #1470, #948, #7850, .T. ) ;
#4596 = LINE ( 'NONE', #1103, #7157 ) ;
#4597 = DIRECTION ( 'NONE',  ( 0.000000000000000000, 0.7071067811865486830, 0.7071067811865463515 ) ) ;
#4598 = CARTESIAN_POINT ( 'NONE',  ( -134.7493362426759802, 9.215927124023419736, 158.7207935539340156 ) ) ;
#4599 = PRESENTATION_STYLE_ASSIGNMENT (( #1050 ) ) ;
#4600 = ORIENTED_EDGE ( 'NONE', *, *, #385, .T. ) ;
#4601 = CARTESIAN_POINT ( 'NONE',  ( 98.64490509033210230, 58.61684799194339490, 203.7207935539339871 ) ) ;
#4602 = DIRECTION ( 'NONE',  ( 0.000000000000000000, 0.000000000000000000, -1.000000000000000000 ) ) ;
#4603 = CARTESIAN_POINT ( 'NONE',  ( -290.4293726068740398, 69.65623351394899032, 183.4946953055470260 ) ) ;
#4604 = EDGE_CURVE ( 'NONE', #11127, #5018, #548, .T. ) ;
#4605 = DIRECTION ( 'NONE',  ( -1.000000000000000000, 7.105427357601030258E-15, 0.000000000000000000 ) ) ;
#4606 = DIRECTION ( 'NONE',  ( 0.000000000000000000, 0.7071067811865486830, 0.7071067811865463515 ) ) ;
#4607 = CARTESIAN_POINT ( 'NONE',  ( 196.4079225027913935, 76.52168743035359455, 203.7207935539339871 ) ) ;
#4608 = ORIENTED_EDGE ( 'NONE', *, *, #8213, .F. ) ;
#4609 = ORIENTED_EDGE ( 'NONE', *, *, #1071, .F. ) ;
#4610 = EDGE_LOOP ( 'NONE', ( #4043, #11316, #7934, #7980 ) ) ;
#4611 = DIRECTION ( 'NONE',  ( 0.000000000000000000, 0.000000000000000000, -1.000000000000000000 ) ) ;
#4612 = CARTESIAN_POINT ( 'NONE',  ( -289.2526700708017984, 63.43091308783606053, 183.7207935539340156 ) ) ;
#4613 = AXIS2_PLACEMENT_3D ( 'NONE', #4195, #7663, #11184 ) ;
#4614 = AXIS2_PLACEMENT_3D ( 'NONE', #11026, #330, #1361 ) ;
#4615 = DIRECTION ( 'NONE',  ( 0.000000000000000000, 0.000000000000000000, -1.000000000000000000 ) ) ;
#4616 = AXIS2_PLACEMENT_3D ( 'NONE', #3956, #2793, #6329 ) ;
#4617 = CARTESIAN_POINT ( 'NONE',  ( -58.35799196300879288, 75.12078285217289420, 203.7207935539339871 ) ) ;
#4618 = EDGE_CURVE ( 'NONE', #6330, #6346, #2898, .T. ) ;
#4619 = LINE ( 'NONE', #252, #9557 ) ;
#4620 = AXIS2_PLACEMENT_3D ( 'NONE', #7900, #11530, #4429 ) ;
#4621 = AXIS2_PLACEMENT_3D ( 'NONE', #9827, #9171, #8057 ) ;
#4622 = CARTESIAN_POINT ( 'NONE',  ( -83.01555633544920454, 63.61684799194339490, 158.7207935539340156 ) ) ;
#4623 = CARTESIAN_POINT ( 'NONE',  ( 283.3664460615639769, 59.07246415507670179, 186.7207935539340156 ) ) ;
#4624 = ORIENTED_EDGE ( 'NONE', *, *, #10799, .T. ) ;
#4625 = EDGE_LOOP ( 'NONE', ( #10458, #5416, #6347, #10876 ) ) ;
#4626 = VERTEX_POINT ( 'NONE', #1530 ) ;
#4627 = CARTESIAN_POINT ( 'NONE',  ( 27.90500640869139914, 98.04149627685548296, 188.7207935539340156 ) ) ;
#4628 = ORIENTED_EDGE ( 'NONE', *, *, #3089, .T. ) ;
#4629 = CARTESIAN_POINT ( 'NONE',  ( -45.45299509225767309, 89.49024581818837021, 207.2563274598667533 ) ) ;
#4630 = CARTESIAN_POINT ( 'NONE',  ( 216.5078370698039976, 76.52169227600100498, 158.7207935539340156 ) ) ;
#4631 = DIRECTION ( 'NONE',  ( 1.000000000000000000, 1.236900276880090019E-15, -5.394565625201630099E-16 ) ) ;
#4632 = DIRECTION ( 'NONE',  ( 0.000000000000000000, 0.000000000000000000, -1.000000000000000000 ) ) ;
#4633 = DIRECTION ( 'NONE',  ( 0.9999999999999995559, 2.745767258921879090E-08, 0.000000000000000000 ) ) ;
#4634 = ADVANCED_FACE ( 'NONE', ( #2455 ), #1647, .T. ) ;
#4635 = DIRECTION ( 'NONE',  ( 0.000000000000000000, 0.000000000000000000, 1.000000000000000000 ) ) ;
#4636 = VERTEX_POINT ( 'NONE', #4391 ) ;
#4637 = DIRECTION ( 'NONE',  ( -0.9999999999999832356, 1.834062766409069402E-07, 0.000000000000000000 ) ) ;
#4638 = EDGE_LOOP ( 'NONE', ( #3253, #11098, #5294, #4608, #9288 ) ) ;
#4639 = DIRECTION ( 'NONE',  ( -0.9999999999999995559, -2.745767241464908234E-08, 0.000000000000000000 ) ) ;
#4640 = CARTESIAN_POINT ( 'NONE',  ( 80.65757751464849434, 58.61684799194339490, 203.7207935539339871 ) ) ;
#4641 = ADVANCED_FACE ( 'NONE', ( #10552 ), #8430, .T. ) ;
#4642 = ORIENTED_EDGE ( 'NONE', *, *, #7741, .F. ) ;
#4643 = CARTESIAN_POINT ( 'NONE',  ( 287.9423118596726567, 118.5608753807499909, 157.8421138974936468 ) ) ;
#4644 = DIRECTION ( 'NONE',  ( -1.000000000000000000, 4.362752391243203476E-16, 0.000000000000000000 ) ) ;
#4645 = CARTESIAN_POINT ( 'NONE',  ( -45.45299509213570133, 62.21578598022459516, 158.7207935539340156 ) ) ;
#4646 = EDGE_LOOP ( 'NONE', ( #8586, #804, #6203, #2742 ) ) ;
#4647 = DIRECTION ( 'NONE',  ( 0.000000000000000000, 0.000000000000000000, 1.000000000000000000 ) ) ;
#4648 = EDGE_CURVE ( 'NONE', #197, #9395, #2630, .T. ) ;
#4649 = CARTESIAN_POINT ( 'NONE',  ( -146.1789941787719727, 115.8346203221669981, 208.7207935539339871 ) ) ;
#4650 = DIRECTION ( 'NONE',  ( -1.000000000000000000, -1.226857528067280007E-08, 3.872322435549659356E-17 ) ) ;
#4651 = VERTEX_POINT ( 'NONE', #2518 ) ;
#4652 = CARTESIAN_POINT ( 'NONE',  ( 216.5078353881840201, 38.02563476562500000, 155.7207935539340156 ) ) ;
#4653 = CARTESIAN_POINT ( 'NONE',  ( -289.3936490690054484, 64.24728860314039025, 158.7221868541769254 ) ) ;
#4654 = EDGE_CURVE ( 'NONE', #2464, #10843, #11371, .T. ) ;
#4655 = ORIENTED_EDGE ( 'NONE', *, *, #1003, .F. ) ;
#4656 = EDGE_CURVE ( 'NONE', #8332, #5719, #777, .T. ) ;
#4657 = CARTESIAN_POINT ( 'NONE',  ( -116.8444924251933941, 76.52169227600100498, 203.7207935539339871 ) ) ;
#4658 = CARTESIAN_POINT ( 'NONE',  ( -185.8610559998539884, 76.52168743035018394, 183.7207935539340156 ) ) ;
#4659 = CARTESIAN_POINT ( 'NONE',  ( 283.8209915161129970, 76.32125139236430300, 203.7207935539339871 ) ) ;
#4660 = TOROIDAL_SURFACE ( 'NONE', #11160, 15.90485388537119960, 3.000000000000000000 ) ;
#4661 = FACE_OUTER_BOUND ( 'NONE', #9119, .T. ) ;
#4662 = CARTESIAN_POINT ( 'NONE',  ( -289.1789920717250197, 160.0000186157149926, 123.7207935539339871 ) ) ;
#4663 = DIRECTION ( 'NONE',  ( 0.000000000000000000, 0.000000000000000000, -1.000000000000000000 ) ) ;
#4664 = ORIENTED_EDGE ( 'NONE', *, *, #1650, .F. ) ;
#4665 = ORIENTED_EDGE ( 'NONE', *, *, #903, .F. ) ;
#4666 = VERTEX_POINT ( 'NONE', #5370 ) ;
#4667 = DIRECTION ( 'NONE',  ( 3.186777658167159699E-16, -0.5814365767194009660, 0.8135917325371639919 ) ) ;
#4668 = TOROIDAL_SURFACE ( 'NONE', #11173, 25.00000000000000000, 5.000000000000000000 ) ;
#4669 = EDGE_CURVE ( 'NONE', #11149, #5964, #9365, .T. ) ;
#4670 = CIRCLE ( 'NONE', #10429, 12.90485382080079546 ) ;
#4671 = ORIENTED_EDGE ( 'NONE', *, *, #5908, .F. ) ;
#4672 = FACE_BOUND ( 'NONE', #5747, .T. ) ;
#4673 = CIRCLE ( 'NONE', #3372, 12.90484428405760120 ) ;
#4674 = CARTESIAN_POINT ( 'NONE',  ( -152.7366447448729900, 22.12078094482420099, 158.7207935539340156 ) ) ;
#4675 = CARTESIAN_POINT ( 'NONE',  ( 287.5413639545787419, 67.06601631971767574, 158.7208406616251182 ) ) ;
#4676 = FACE_OUTER_BOUND ( 'NONE', #3424, .T. ) ;
#4677 = CARTESIAN_POINT ( 'NONE',  ( -218.8657760620120314, 76.52169227600100498, 158.7207935539340156 ) ) ;
#4678 = VERTEX_POINT ( 'NONE', #9084 ) ;
#4679 = VECTOR ( 'NONE', #3748, 1000.000000000000000 ) ;
#4680 = VERTEX_POINT ( 'NONE', #949 ) ;
#4681 = ORIENTED_EDGE ( 'NONE', *, *, #7175, .T. ) ;
#4682 = DIRECTION ( 'NONE',  ( -4.395058892480750583E-16, 0.5814365767194009660, -0.8135917325371639919 ) ) ;
#4683 = AXIS2_PLACEMENT_3D ( 'NONE', #10444, #10389, #5033 ) ;
#4684 = VERTEX_POINT ( 'NONE', #2801 ) ;
#4685 = CARTESIAN_POINT ( 'NONE',  ( -290.5041280036969624, 69.79439445626501026, 158.7148209136289836 ) ) ;
#4686 = LINE ( 'NONE', #8216, #3313 ) ;
#4687 = CARTESIAN_POINT ( 'NONE',  ( 288.8209915161129970, 76.31385428700559714, 155.7242631038740228 ) ) ;
#4688 = ADVANCED_FACE ( 'NONE', ( #7260 ), #10836, .T. ) ;
#4689 = DIRECTION ( 'NONE',  ( -1.000000000000000000, 8.208367319184150791E-11, 0.000000000000000000 ) ) ;
#4690 = CARTESIAN_POINT ( 'NONE',  ( -121.8444924251933941, 76.52169263033799496, 133.7207935539339871 ) ) ;
#4691 = VECTOR ( 'NONE', #1485, 1000.000000000000000 ) ;
#4692 = DIRECTION ( 'NONE',  ( 1.000000000000000000, -1.075393666311713415E-15, 0.000000000000000000 ) ) ;
#4693 = ORIENTED_EDGE ( 'NONE', *, *, #3924, .T. ) ;
#4694 = DIRECTION ( 'NONE',  ( 0.000000000000000000, 0.000000000000000000, -1.000000000000000000 ) ) ;
#4695 = EDGE_LOOP ( 'NONE', ( #5617, #7149, #9656, #8997 ) ) ;
#4696 = DIRECTION ( 'NONE',  ( -6.019171884267502299E-07, 0.9999999999998188116, 0.000000000000000000 ) ) ;
#4697 = CIRCLE ( 'NONE', #11203, 3.000000000000039080 ) ;
#4698 = DIRECTION ( 'NONE',  ( 1.000000000000000000, -2.688482178977771415E-16, 0.000000000000000000 ) ) ;
#4699 = EDGE_LOOP ( 'NONE', ( #1643, #8527, #2611, #3273, #8711 ) ) ;
#4700 = CARTESIAN_POINT ( 'NONE',  ( -286.1789894103999927, 98.63017898587460763, 208.0186497902789995 ) ) ;
#4701 = DIRECTION ( 'NONE',  ( 1.000000000000000000, -1.514562049291900015E-17, -1.514562049291894776E-17 ) ) ;
#4702 = EDGE_CURVE ( 'NONE', #3986, #6503, #1121, .T. ) ;
#4703 = EDGE_CURVE ( 'NONE', #4461, #9714, #14, .T. ) ;
#4704 = DIRECTION ( 'NONE',  ( 1.000000000000000000, -8.601340485944210462E-16, 0.000000000000000000 ) ) ;
#4705 = ORIENTED_EDGE ( 'NONE', *, *, #1930, .F. ) ;
#4706 = CARTESIAN_POINT ( 'NONE',  ( -20.80790996551509764, 38.02563476562500000, 155.7207935539340156 ) ) ;
#4707 = ADVANCED_FACE ( 'NONE', ( #8144, #1821, #136, #1066, #1873, #4672, #9964, #3684, #3794, #1992, #3735 ), #1766, .T. ) ;
#4708 = DIRECTION ( 'NONE',  ( 7.558965274043620048E-16, -1.000000000000000000, 0.000000000000000000 ) ) ;
#4709 = FACE_OUTER_BOUND ( 'NONE', #7909, .T. ) ;
#4710 = ORIENTED_EDGE ( 'NONE', *, *, #10625, .F. ) ;
#4711 = B_SPLINE_CURVE_WITH_KNOTS ( 'NONE', 3,
 ( #4302, #4469, #2659, #46, #11518 ),
 .UNSPECIFIED., .F., .F.,
 ( 4, 1, 4 ),
 ( 0.000000000000000000, 0.4285714285714290472, 1.000000000000000000 ),
 .UNSPECIFIED. ) ;
#4712 = DIRECTION ( 'NONE',  ( 0.000000000000000000, -0.7071067811865475727, 0.7071067811865475727 ) ) ;
#4713 = CARTESIAN_POINT ( 'NONE',  ( -289.4053833470608765, 64.31524434200639462, 158.7221482386719060 ) ) ;
#4714 = VERTEX_POINT ( 'NONE', #9027 ) ;
#4715 = CARTESIAN_POINT ( 'NONE',  ( 43.09501647949219461, 75.12078285217289420, 158.7207935539340156 ) ) ;
#4716 = LINE ( 'NONE', #3079, #10480 ) ;
#4717 = ADVANCED_FACE ( 'NONE', ( #7204 ), #191, .F. ) ;
#4718 = VECTOR ( 'NONE', #5271, 1000.000000000000000 ) ;
#4719 = EDGE_CURVE ( 'NONE', #7268, #7990, #2493, .T. ) ;
#4720 = EDGE_CURVE ( 'NONE', #6757, #8169, #5537, .T. ) ;
#4721 = DIRECTION ( 'NONE',  ( 0.000000000000000000, 0.7071067811865486830, 0.7071067811865463515 ) ) ;
#4722 = EDGE_CURVE ( 'NONE', #4076, #1180, #248, .T. ) ;
#4723 = CIRCLE ( 'NONE', #4535, 12.90484428405761008 ) ;
#4724 = DIRECTION ( 'NONE',  ( -1.613071426384554170E-15, -1.000000000000000000, 0.000000000000000000 ) ) ;
#4725 = CARTESIAN_POINT ( 'NONE',  ( 194.8209915161130255, 114.5107393763349961, 206.2207935539339871 ) ) ;
#4726 = DIRECTION ( 'NONE',  ( -1.000000000000000000, 0.000000000000000000, 0.000000000000000000 ) ) ;
#4727 = ORIENTED_EDGE ( 'NONE', *, *, #6899, .T. ) ;
#4728 = ORIENTED_EDGE ( 'NONE', *, *, #6020, .F. ) ;
#4729 = ORIENTED_EDGE ( 'NONE', *, *, #356, .T. ) ;
#4730 = DIRECTION ( 'NONE',  ( 0.000000000000000000, 0.000000000000000000, -1.000000000000000000 ) ) ;
#4731 = VERTEX_POINT ( 'NONE', #8025 ) ;
#4732 = CYLINDRICAL_SURFACE ( 'NONE', #3797, 2.500000000000010658 ) ;
#4733 = AXIS2_PLACEMENT_3D ( 'NONE', #11454, #8761, #3477 ) ;
#4734 = CIRCLE ( 'NONE', #11237, 12.90484428405759587 ) ;
#4735 = DIRECTION ( 'NONE',  ( 1.000000000000000000, 0.000000000000000000, 0.000000000000000000 ) ) ;
#4736 = EDGE_CURVE ( 'NONE', #10843, #8021, #8079, .T. ) ;
#4737 = VECTOR ( 'NONE', #9253, 1000.000000000000000 ) ;
#4738 = CARTESIAN_POINT ( 'NONE',  ( 287.0530212368739740, 64.35379966559739273, 158.7213611040937451 ) ) ;
#4739 = DIRECTION ( 'NONE',  ( 0.000000000000000000, 0.000000000000000000, 1.000000000000000000 ) ) ;
#4740 = CARTESIAN_POINT ( 'NONE',  ( -83.01555633544920454, 76.52169227600100498, 153.7207935539340156 ) ) ;
#4741 = ORIENTED_EDGE ( 'NONE', *, *, #450, .T. ) ;
#4742 = ORIENTED_EDGE ( 'NONE', *, *, #8029, .F. ) ;
#4743 = ORIENTED_EDGE ( 'NONE', *, *, #8974, .T. ) ;
#4744 = CARTESIAN_POINT ( 'NONE',  ( 150.3786849975589917, 38.02563476562500000, 155.7207935539340156 ) ) ;
#4745 = AXIS2_PLACEMENT_3D ( 'NONE', #10560, #2582, #4568 ) ;
#4746 = ORIENTED_EDGE ( 'NONE', *, *, #11215, .F. ) ;
#4747 = CIRCLE ( 'NONE', #4181, 12.90484428405769712 ) ;
#4748 = DIRECTION ( 'NONE',  ( 1.000000000000000000, 0.000000000000000000, 0.000000000000000000 ) ) ;
#4749 = AXIS2_PLACEMENT_3D ( 'NONE', #10581, #4468, #2722 ) ;
#4750 = CIRCLE ( 'NONE', #9195, 12.90500640869139737 ) ;
#4751 = DIRECTION ( 'NONE',  ( -1.000000000000000000, 0.000000000000000000, 0.000000000000000000 ) ) ;
#4752 = FACE_OUTER_BOUND ( 'NONE', #6477, .T. ) ;
#4753 = DIRECTION ( 'NONE',  ( 0.000000000000000000, 0.000000000000000000, -1.000000000000000000 ) ) ;
#4754 = DIRECTION ( 'NONE',  ( -0.000000000000000000, -1.000000000000000000, -0.000000000000000000 ) ) ;
#4755 = VECTOR ( 'NONE', #2983, 1000.000000000000000 ) ;
#4756 = AXIS2_PLACEMENT_3D ( 'NONE', #9100, #10739, #5438 ) ;
#4757 = CARTESIAN_POINT ( 'NONE',  ( -195.6158350244519113, 97.82986802856224529, 208.5386201858095490 ) ) ;
#4758 = ADVANCED_FACE ( 'NONE', ( #10724 ), #10671, .F. ) ;
#4759 = EDGE_LOOP ( 'NONE', ( #6195, #10410, #9567, #6212 ) ) ;
#4760 = CARTESIAN_POINT ( 'NONE',  ( 116.4864654541011930, 22.12078094482420099, 158.7207935539340156 ) ) ;
#4761 = EDGE_LOOP ( 'NONE', ( #5926, #2926, #762, #3705, #5363, #2915 ) ) ;
#4762 = DIRECTION ( 'NONE',  ( 0.000000000000000000, -1.000000000000000000, 0.000000000000000000 ) ) ;
#4763 = CARTESIAN_POINT ( 'NONE',  ( 98.64490509033210230, 89.42653656005859375, 158.7207935539340156 ) ) ;
#4764 = EDGE_LOOP ( 'NONE', ( #11208, #2265, #9650, #183, #5754, #5350, #10426 ) ) ;
#4765 = LINE ( 'NONE', #7524, #4496 ) ;
#4766 = DIRECTION ( 'NONE',  ( 1.000000000000000000, -3.212987840779254716E-17, -3.212987840779254716E-17 ) ) ;
#4767 = DIRECTION ( 'NONE',  ( 1.000000000000000000, -2.318449469649669936E-17, 0.000000000000000000 ) ) ;
#4768 = VECTOR ( 'NONE', #1192, 1000.000000000000000 ) ;
#4769 = EDGE_LOOP ( 'NONE', ( #10136, #4263, #6858, #1012, #1065, #9502 ) ) ;
#4770 = FACE_OUTER_BOUND ( 'NONE', #3931, .T. ) ;
#4771 = VECTOR ( 'NONE', #7022, 1000.000000000000000 ) ;
#4772 = CARTESIAN_POINT ( 'NONE',  ( 183.5030736399640148, 22.12077808833640091, 155.7207935539340156 ) ) ;
#4773 = EDGE_CURVE ( 'NONE', #7180, #11139, #3626, .T. ) ;
#4774 = CARTESIAN_POINT ( 'NONE',  ( -146.1789941787719727, 45.44257173592406218, 184.5994732103743843 ) ) ;
#4775 = ORIENTED_EDGE ( 'NONE', *, *, #7891, .F. ) ;
#4776 = VECTOR ( 'NONE', #4843, 1000.000000000000000 ) ;
#4777 = CARTESIAN_POINT ( 'NONE',  ( 111.5497493743897053, 76.52169227600100498, 203.7207935539339871 ) ) ;
#4778 = SURFACE_STYLE_FILL_AREA ( #3014 ) ;
#4779 = ORIENTED_EDGE ( 'NONE', *, *, #1334, .F. ) ;
#4780 = DIRECTION ( 'NONE',  ( -1.613071426384554170E-15, -1.000000000000000000, 0.000000000000000000 ) ) ;
#4781 = CYLINDRICAL_SURFACE ( 'NONE', #10872, 12.90484791500049511 ) ;
#4782 = DIRECTION ( 'NONE',  ( 8.330697243152932491E-11, -1.000000000000000000, 0.000000000000000000 ) ) ;
#4783 = EDGE_CURVE ( 'NONE', #9531, #7687, #8998, .T. ) ;
#4784 = FACE_OUTER_BOUND ( 'NONE', #3006, .T. ) ;
#4785 = DIRECTION ( 'NONE',  ( -1.000000000000000000, 0.000000000000000000, 0.000000000000000000 ) ) ;
#4786 = ORIENTED_EDGE ( 'NONE', *, *, #9933, .T. ) ;
#4787 = ORIENTED_EDGE ( 'NONE', *, *, #881, .F. ) ;
#4788 = ORIENTED_EDGE ( 'NONE', *, *, #11387, .T. ) ;
#4789 = FACE_OUTER_BOUND ( 'NONE', #3449, .T. ) ;
#4790 = ADVANCED_FACE ( 'NONE', ( #2099 ), #3029, .F. ) ;
#4791 = CARTESIAN_POINT ( 'NONE',  ( -291.1789894103999927, 76.32125139236450195, 155.7207935539340156 ) ) ;
#4792 = LINE ( 'NONE', #8269, #6236 ) ;
#4793 = B_SPLINE_CURVE_WITH_KNOTS ( 'NONE', 3,
 ( #4248, #3490, #6900, #875 ),
 .UNSPECIFIED., .F., .F.,
 ( 4, 4 ),
 ( 0.000000000000000000, 0.4999934395552226851 ),
 .UNSPECIFIED. ) ;
#4794 = CARTESIAN_POINT ( 'NONE',  ( 286.6493111930774376, 61.98680882118311075, 158.7218843253575074 ) ) ;
#4795 = LINE ( 'NONE', #2649, #2665 ) ;
#4796 = CARTESIAN_POINT ( 'NONE',  ( 38.07888031005860086, 35.02563476562500000, 158.7207935539340156 ) ) ;
#4797 = VERTEX_POINT ( 'NONE', #4022 ) ;
#4798 = ORIENTED_EDGE ( 'NONE', *, *, #2025, .F. ) ;
#4799 = VERTEX_POINT ( 'NONE', #541 ) ;
#4800 = DIRECTION ( 'NONE',  ( -1.000000000000000000, 1.226857445524279948E-08, 6.280255024119359983E-16 ) ) ;
#4801 = VERTEX_POINT ( 'NONE', #7553 ) ;
#4802 = DIRECTION ( 'NONE',  ( 0.000000000000000000, 0.000000000000000000, -1.000000000000000000 ) ) ;
#4803 = ADVANCED_FACE ( 'NONE', ( #3094 ), #4732, .T. ) ;
#4804 = CARTESIAN_POINT ( 'NONE',  ( -101.0028839111329972, 76.52169227600100498, 208.7207935539339871 ) ) ;
#4805 = CARTESIAN_POINT ( 'NONE',  ( -101.0029027735899945, 6.215926533998620052, 155.7207935539340156 ) ) ;
#4806 = DIRECTION ( 'NONE',  ( -3.204767493763339901E-16, 1.000000000000000000, 3.204767493763339901E-16 ) ) ;
#4807 = DIRECTION ( 'NONE',  ( 0.000000000000000000, 0.3562957817360009605, -0.9343732208904169667 ) ) ;
#4808 = CIRCLE ( 'NONE', #4613, 15.90485388537120492 ) ;
#4809 = CIRCLE ( 'NONE', #2560, 12.90484428405758166 ) ;
#4810 = DIRECTION ( 'NONE',  ( 0.000000000000000000, 1.000000000000000000, 0.000000000000000000 ) ) ;
#4811 = ORIENTED_EDGE ( 'NONE', *, *, #2419, .T. ) ;
#4812 = CARTESIAN_POINT ( 'NONE',  ( -101.0028879108200073, 22.12077988203879997, 155.7207935539340156 ) ) ;
#4813 = ORIENTED_EDGE ( 'NONE', *, *, #6173, .T. ) ;
#4814 = FACE_OUTER_BOUND ( 'NONE', #8636, .T. ) ;
#4815 = DIRECTION ( 'NONE',  ( 1.000000000000000000, 0.000000000000000000, 0.000000000000000000 ) ) ;
#4816 = ORIENTED_EDGE ( 'NONE', *, *, #9919, .F. ) ;
#4817 = CARTESIAN_POINT ( 'NONE',  ( 150.3786849975589917, 22.12078094482420099, 138.7207935539339871 ) ) ;
#4818 = CARTESIAN_POINT ( 'NONE',  ( -96.44675636336647528, 117.6023872751333670, 207.9885605069003702 ) ) ;
#4819 = CARTESIAN_POINT ( 'NONE',  ( 183.5030736399640148, 22.12077808833640091, 158.7207935539340156 ) ) ;
#4820 = EDGE_CURVE ( 'NONE', #10312, #11018, #10957, .T. ) ;
#4821 = ORIENTED_EDGE ( 'NONE', *, *, #962, .F. ) ;
#4822 = DIRECTION ( 'NONE',  ( 0.000000000000000000, 0.000000000000000000, -1.000000000000000000 ) ) ;
#4823 = CARTESIAN_POINT ( 'NONE',  ( 98.64490820428390805, 6.215926533999919457, 158.7207935539340156 ) ) ;
#4824 = CARTESIAN_POINT ( 'NONE',  ( -152.7366447448729900, 9.215927124023419736, 138.7207935539339871 ) ) ;
#4825 = ORIENTED_EDGE ( 'NONE', *, *, #5635, .F. ) ;
#4826 = CIRCLE ( 'NONE', #6289, 12.90484886281040744 ) ;
#4827 = DIRECTION ( 'NONE',  ( 0.000000000000000000, 0.000000000000000000, -1.000000000000000000 ) ) ;
#4828 =( NAMED_UNIT ( * ) PLANE_ANGLE_UNIT ( ) SI_UNIT ( $, .RADIAN. ) );
#4829 = EDGE_LOOP ( 'NONE', ( #271, #5259, #8933, #10135 ) ) ;
#4830 = CARTESIAN_POINT ( 'NONE',  ( 133.1763124465940109, 9.215927124023419736, 155.7207935539340156 ) ) ;
#4831 = DIRECTION ( 'NONE',  ( -0.9999999999999998890, 1.226856706247115296E-08, 0.000000000000000000 ) ) ;
#4832 = CARTESIAN_POINT ( 'NONE',  ( 80.65757751464829539, 76.52169227600100498, 158.7207935539340156 ) ) ;
#4833 = EDGE_CURVE ( 'NONE', #2452, #4861, #9369, .T. ) ;
#4834 = AXIS2_PLACEMENT_3D ( 'NONE', #4677, #8272, #7436 ) ;
#4835 = CYLINDRICAL_SURFACE ( 'NONE', #9548, 12.90484969578129437 ) ;
#4836 = CARTESIAN_POINT ( 'NONE',  ( 98.64490526956279837, 38.02563291343319918, 155.7207935539340156 ) ) ;
#4837 = ORIENTED_EDGE ( 'NONE', *, *, #5111, .F. ) ;
#4838 = EDGE_LOOP ( 'NONE', ( #10149, #2247, #5562, #6622 ) ) ;
#4839 = ORIENTED_EDGE ( 'NONE', *, *, #10080, .F. ) ;
#4840 = DIRECTION ( 'NONE',  ( 0.000000000000000000, 0.5673201116935693289, 0.8234973532853619993 ) ) ;
#4841 = EDGE_CURVE ( 'NONE', #9318, #1015, #9186, .T. ) ;
#4842 = CARTESIAN_POINT ( 'NONE',  ( 67.75273323059069241, 76.52169227600100498, 203.7207935539339871 ) ) ;
#4843 = DIRECTION ( 'NONE',  ( 1.000000000000000000, -6.425975681558509432E-17, 0.000000000000000000 ) ) ;
#4844 = CARTESIAN_POINT ( 'NONE',  ( 287.5363399777105542, 67.03951267418018745, 158.7208409692663054 ) ) ;
#4845 = ADVANCED_FACE ( 'NONE', ( #8264 ), #11010, .F. ) ;
#4846 = DIRECTION ( 'NONE',  ( 0.000000000000000000, 0.000000000000000000, -1.000000000000000000 ) ) ;
#4847 = CARTESIAN_POINT ( 'NONE',  ( 267.5316238403320312, 63.61684799194339490, 208.7207935539339871 ) ) ;
#4848 = ORIENTED_EDGE ( 'NONE', *, *, #3845, .F. ) ;
#4849 = ORIENTED_EDGE ( 'NONE', *, *, #3977, .F. ) ;
#4850 = ORIENTED_EDGE ( 'NONE', *, *, #1941, .F. ) ;
#4851 = CYLINDRICAL_SURFACE ( 'NONE', #10139, 12.90485382080079901 ) ;
#4852 = EDGE_LOOP ( 'NONE', ( #6573, #9710, #4098, #4974 ) ) ;
#4853 = CARTESIAN_POINT ( 'NONE',  ( -291.1789894103999927, 76.32125139236450195, 183.7207935539340156 ) ) ;
#4854 = LINE ( 'NONE', #4035, #8656 ) ;
#4855 = FACE_OUTER_BOUND ( 'NONE', #615, .T. ) ;
#4856 = CARTESIAN_POINT ( 'NONE',  ( 200.0054929572613389, 80.08345268198424094, 208.6151129286610342 ) ) ;
#4857 = EDGE_CURVE ( 'NONE', #11297, #8021, #6456, .T. ) ;
#4858 = EDGE_CURVE ( 'NONE', #6437, #8558, #3234, .T. ) ;
#4859 = CIRCLE ( 'NONE', #1331, 3.000000000000002665 ) ;
#4860 = CARTESIAN_POINT ( 'NONE',  ( 170.5982247771706000, 76.52168707601647668, 158.7207935539340156 ) ) ;
#4861 = VERTEX_POINT ( 'NONE', #11073 ) ;
#4862 = ORIENTED_EDGE ( 'NONE', *, *, #2790, .T. ) ;
#4863 = FACE_BOUND ( 'NONE', #3903, .T. ) ;
#4864 = ORIENTED_EDGE ( 'NONE', *, *, #3021, .T. ) ;
#4865 = FACE_OUTER_BOUND ( 'NONE', #2107, .T. ) ;
#4866 = CARTESIAN_POINT ( 'NONE',  ( -83.01555633544920454, 63.61684799194339490, 158.7207935539340156 ) ) ;
#4867 = ORIENTED_EDGE ( 'NONE', *, *, #9693, .T. ) ;
#4868 = DIRECTION ( 'NONE',  ( 0.000000000000000000, 0.000000000000000000, -1.000000000000000000 ) ) ;
#4869 = CARTESIAN_POINT ( 'NONE',  ( -290.4467563633665463, 122.7232690600038012, 183.7207935539340156 ) ) ;
#4870 = CARTESIAN_POINT ( 'NONE',  ( -286.1789894103999927, 98.36709992864629726, 208.2728467075930325 ) ) ;
#4871 = VERTEX_POINT ( 'NONE', #4842 ) ;
#4872 = CARTESIAN_POINT ( 'NONE',  ( -67.37466835462549852, 63.61684799194339490, 158.7207935539340156 ) ) ;
#4873 = EDGE_CURVE ( 'NONE', #1434, #9615, #4167, .T. ) ;
#4874 = LINE ( 'NONE', #9175, #4147 ) ;
#4875 = TOROIDAL_SURFACE ( 'NONE', #9138, 15.90485382080079901, 3.000000000000000000 ) ;
#4876 = CARTESIAN_POINT ( 'NONE',  ( 132.3913192749020027, 35.02563476562500000, 138.7207935539339871 ) ) ;
#4877 = ORIENTED_EDGE ( 'NONE', *, *, #381, .T. ) ;
#4878 = FACE_OUTER_BOUND ( 'NONE', #5199, .T. ) ;
#4879 = CARTESIAN_POINT ( 'NONE',  ( -197.1789894104000211, 99.79547549474958146, 206.8926963090957258 ) ) ;
#4880 = ORIENTED_EDGE ( 'NONE', *, *, #300, .F. ) ;
#4881 = FACE_OUTER_BOUND ( 'NONE', #6837, .T. ) ;
#4882 = CYLINDRICAL_SURFACE ( 'NONE', #5295, 5.000000000000012434 ) ;
#4883 = DIRECTION ( 'NONE',  ( 8.603041249769795435E-15, 1.000000000000000000, 0.000000000000000000 ) ) ;
#4884 = AXIS2_PLACEMENT_3D ( 'NONE', #953, #10557, #5257 ) ;
#4885 = EDGE_LOOP ( 'NONE', ( #10911, #7463, #3041, #9239, #9648 ) ) ;
#4886 = DIRECTION ( 'NONE',  ( 1.000000000000000000, 0.000000000000000000, 0.000000000000000000 ) ) ;
#4887 = AXIS2_PLACEMENT_3D ( 'NONE', #9118, #8124, #10812 ) ;
#4888 = CARTESIAN_POINT ( 'NONE',  ( 98.64490509033210230, 94.42653656005860796, 203.7207935539339871 ) ) ;
#4889 = ADVANCED_FACE ( 'NONE', ( #4078 ), #5832, .T. ) ;
#4890 = ORIENTED_EDGE ( 'NONE', *, *, #5451, .F. ) ;
#4891 = ORIENTED_EDGE ( 'NONE', *, *, #6173, .F. ) ;
#4892 = CARTESIAN_POINT ( 'NONE',  ( 115.5181686782969024, 73.57890988406187205, 208.6600095038787686 ) ) ;
#4893 = DIRECTION ( 'NONE',  ( 1.000000000000000000, -2.688482178977771415E-16, 0.000000000000000000 ) ) ;
#4894 = PRODUCT_DEFINITION_SHAPE ( 'NONE', 'NONE',  #10880 ) ;
#4895 = CARTESIAN_POINT ( 'NONE',  ( -244.3776893615730046, 22.12078094482420099, 143.7207935539339871 ) ) ;
#4896 = CARTESIAN_POINT ( 'NONE',  ( 170.5982239441827346, 22.12077773399926173, 146.7207935539339871 ) ) ;
#4897 = DIRECTION ( 'NONE',  ( 1.000000000000000000, -1.835214905568972190E-16, 0.000000000000000000 ) ) ;
#4898 = EDGE_CURVE ( 'NONE', #71, #1943, #9311, .T. ) ;
#4899 = DIRECTION ( 'NONE',  ( 0.000000000000000000, 0.000000000000000000, -1.000000000000000000 ) ) ;
#4900 = EDGE_CURVE ( 'NONE', #9673, #5218, #85, .T. ) ;
#4901 = ORIENTED_EDGE ( 'NONE', *, *, #9418, .T. ) ;
#4902 = VERTEX_POINT ( 'NONE', #2273 ) ;
#4903 = VERTEX_POINT ( 'NONE', #7377 ) ;
#4904 = DIRECTION ( 'NONE',  ( 0.000000000000000000, 0.000000000000000000, -1.000000000000000000 ) ) ;
#4905 = VECTOR ( 'NONE', #8325, 1000.000000000000000 ) ;
#4906 = VERTEX_POINT ( 'NONE', #4955 ) ;
#4907 = DIRECTION ( 'NONE',  ( -1.000000000000000000, 0.000000000000000000, 0.000000000000000000 ) ) ;
#4908 = LINE ( 'NONE', #11144, #3084 ) ;
#4909 = PLANE ( 'NONE',  #11315 ) ;
#4910 = CIRCLE ( 'NONE', #2123, 12.90485404368839895 ) ;
#4911 = CARTESIAN_POINT ( 'NONE',  ( 200.0057240531678531, 80.57345272200184638, 208.6368329807995678 ) ) ;
#4912 = CIRCLE ( 'NONE', #820, 5.000000000000004441 ) ;
#4913 = DIRECTION ( 'NONE',  ( -1.000000000000000000, 2.589670037770049879E-17, 0.000000000000000000 ) ) ;
#4914 = EDGE_CURVE ( 'NONE', #942, #197, #10125, .T. ) ;
#4915 = AXIS2_PLACEMENT_3D ( 'NONE', #3832, #7412, #9724 ) ;
#4916 = ORIENTED_EDGE ( 'NONE', *, *, #3089, .F. ) ;
#4917 = ORIENTED_EDGE ( 'NONE', *, *, #2934, .T. ) ;
#4918 = CARTESIAN_POINT ( 'NONE',  ( -198.7659047478303762, 22.12077773400478975, 158.7207935539340156 ) ) ;
#4919 = AXIS2_PLACEMENT_3D ( 'NONE', #9948, #10998, #10009 ) ;
#4920 = ORIENTED_EDGE ( 'NONE', *, *, #7398, .F. ) ;
#4921 = CARTESIAN_POINT ( 'NONE',  ( 143.8209962844850054, 135.3984925249610001, 208.7207935539339871 ) ) ;
#4922 = CARTESIAN_POINT ( 'NONE',  ( -172.9562080848534720, 76.52168778468727339, 183.7207935539340156 ) ) ;
#4923 = ORIENTED_EDGE ( 'NONE', *, *, #11231, .T. ) ;
#4924 = CARTESIAN_POINT ( 'NONE',  ( -62.68753155976759928, 93.04149627685561086, 203.7207935539339871 ) ) ;
#4925 = DIRECTION ( 'NONE',  ( 0.000000000000000000, 0.000000000000000000, 1.000000000000000000 ) ) ;
#4926 = EDGE_CURVE ( 'NONE', #1656, #1761, #3528, .T. ) ;
#4927 = CARTESIAN_POINT ( 'NONE',  ( -196.6329766421612533, 117.7886075539282587, 207.7863162251971403 ) ) ;
#4928 = AXIS2_PLACEMENT_3D ( 'NONE', #9910, #24, #1940 ) ;
#4929 = VERTEX_POINT ( 'NONE', #366 ) ;
#4930 = DIRECTION ( 'NONE',  ( -1.000000000000000000, 0.000000000000000000, 0.000000000000000000 ) ) ;
#4931 = VECTOR ( 'NONE', #5495, 1000.000000000000000 ) ;
#4932 = VECTOR ( 'NONE', #9698, 1000.000000000000000 ) ;
#4933 = DIRECTION ( 'NONE',  ( 0.9999999999999995559, 2.745767267742075190E-08, 0.000000000000000000 ) ) ;
#4934 = LINE ( 'NONE', #9347, #9387 ) ;
#4935 = PLANE ( 'NONE',  #5284 ) ;
#4936 = VERTEX_POINT ( 'NONE', #11359 ) ;
#4937 = AXIS2_PLACEMENT_3D ( 'NONE', #1355, #8448, #2282 ) ;
#4938 = LINE ( 'NONE', #4062, #10238 ) ;
#4939 = CARTESIAN_POINT ( 'NONE',  ( -269.8896026611329830, 35.02563476562500000, 158.7207935539340156 ) ) ;
#4940 = ORIENTED_EDGE ( 'NONE', *, *, #7814, .F. ) ;
#4941 = AXIS2_PLACEMENT_3D ( 'NONE', #2231, #7506, #11088 ) ;
#4942 = AXIS2_PLACEMENT_3D ( 'NONE', #7681, #610, #4149 ) ;
#4943 = DIRECTION ( 'NONE',  ( -1.224646799147353207E-16, 1.000000000000000000, 0.000000000000000000 ) ) ;
#4944 = CARTESIAN_POINT ( 'NONE',  ( 166.9408758486519844, 69.71895142776051557, 208.7207935539339871 ) ) ;
#4945 = EDGE_CURVE ( 'NONE', #2143, #6439, #4491, .T. ) ;
#4946 = CARTESIAN_POINT ( 'NONE',  ( 163.2835292816166088, 76.52169227600100498, 203.7207935539339871 ) ) ;
#4947 = ORIENTED_EDGE ( 'NONE', *, *, #2129, .T. ) ;
#4948 = MANIFOLD_SOLID_BREP ( 'Bottom Half', #2164 ) ;
#4949 = AXIS2_PLACEMENT_3D ( 'NONE', #4895, #11132, #6566 ) ;
#4950 = ORIENTED_EDGE ( 'NONE', *, *, #6264, .T. ) ;
#4951 = FACE_OUTER_BOUND ( 'NONE', #1652, .T. ) ;
#4952 = DIRECTION ( 'NONE',  ( -1.000000000000000000, 0.000000000000000000, 0.000000000000000000 ) ) ;
#4953 = ORIENTED_EDGE ( 'NONE', *, *, #7472, .T. ) ;
#4954 = DIRECTION ( 'NONE',  ( -1.000000000000000000, 8.176424475957199265E-17, -8.176424475957199265E-17 ) ) ;
#4955 = CARTESIAN_POINT ( 'NONE',  ( -152.7366433896910110, 63.61684799194339490, 148.7207935539339871 ) ) ;
#4956 = EDGE_CURVE ( 'NONE', #6517, #1943, #4198, .T. ) ;
#4957 = DIRECTION ( 'NONE',  ( 0.000000000000000000, 1.000000000000000000, 0.000000000000000000 ) ) ;
#4958 = FACE_OUTER_BOUND ( 'NONE', #1883, .T. ) ;
#4959 = CARTESIAN_POINT ( 'NONE',  ( 288.8209903374590226, 76.31325560090999716, 155.7228584628809926 ) ) ;
#4960 = VERTEX_POINT ( 'NONE', #9666 ) ;
#4961 = ORIENTED_EDGE ( 'NONE', *, *, #587, .F. ) ;
#4962 = ORIENTED_EDGE ( 'NONE', *, *, #10197, .F. ) ;
#4963 = ORIENTED_EDGE ( 'NONE', *, *, #2718, .T. ) ;
#4964 = LINE ( 'NONE', #11023, #1889 ) ;
#4965 = DIRECTION ( 'NONE',  ( -0.9999999999999995559, -2.745767258921879090E-08, 0.000000000000000000 ) ) ;
#4966 = CARTESIAN_POINT ( 'NONE',  ( -42.09727764129630145, 58.61684799194339490, 208.7207935539339871 ) ) ;
#4967 = EDGE_CURVE ( 'NONE', #8115, #11297, #70, .T. ) ;
#4968 = ADVANCED_FACE ( 'NONE', ( #1631 ), #3202, .T. ) ;
#4969 = FACE_OUTER_BOUND ( 'NONE', #532, .T. ) ;
#4970 = FACE_OUTER_BOUND ( 'NONE', #9505, .T. ) ;
#4971 = ORIENTED_EDGE ( 'NONE', *, *, #7752, .F. ) ;
#4972 = EDGE_LOOP ( 'NONE', ( #5670, #4519, #3478, #10621 ) ) ;
#4973 = DIRECTION ( 'NONE',  ( 2.357670551379990086E-15, -1.000000000000000000, 0.000000000000000000 ) ) ;
#4974 = ORIENTED_EDGE ( 'NONE', *, *, #5206, .F. ) ;
#4975 = CIRCLE ( 'NONE', #7933, 12.90485318971760265 ) ;
#4976 = DIRECTION ( 'NONE',  ( 0.000000000000000000, 0.000000000000000000, -1.000000000000000000 ) ) ;
#4977 = CARTESIAN_POINT ( 'NONE',  ( -135.5343000258999950, 94.42653656005860796, 208.7207935539339871 ) ) ;
#4978 = ORIENTED_EDGE ( 'NONE', *, *, #8098, .F. ) ;
#4979 = CARTESIAN_POINT ( 'NONE',  ( 150.3786849975589917, 35.90431442206535451, 157.8421138974936468 ) ) ;
#4980 = CARTESIAN_POINT ( 'NONE',  ( 150.3786849975589917, 22.12078094482420099, 158.7207935539340156 ) ) ;
#4981 = DIRECTION ( 'NONE',  ( 6.409534987526679801E-16, -1.000000000000000000, 0.000000000000000000 ) ) ;
#4982 = VECTOR ( 'NONE', #9979, 1000.000000000000000 ) ;
#4983 = EDGE_CURVE ( 'NONE', #9632, #10828, #2501, .T. ) ;
#4984 = EDGE_LOOP ( 'NONE', ( #9106, #4464, #1714, #6946, #3144 ) ) ;
#4985 = DIRECTION ( 'NONE',  ( 0.000000000000000000, 0.000000000000000000, -1.000000000000000000 ) ) ;
#4986 = AXIS2_PLACEMENT_3D ( 'NONE', #990, #9885, #10709 ) ;
#4987 = CARTESIAN_POINT ( 'NONE',  ( -152.7366433896910110, 89.42653656005859375, 203.7207935539339871 ) ) ;
#4988 = CARTESIAN_POINT ( 'NONE',  ( 285.8209915161120307, 57.34758543134790187, 183.7207935539340156 ) ) ;
#4989 = EDGE_CURVE ( 'NONE', #7965, #1487, #9371, .T. ) ;
#4990 = CIRCLE ( 'NONE', #3128, 5.000000000000004441 ) ;
#4991 = VECTOR ( 'NONE', #9876, 1000.000000000000000 ) ;
#4992 = CYLINDRICAL_SURFACE ( 'NONE', #8412, 3.000000000000008882 ) ;
#4993 = VERTEX_POINT ( 'NONE', #647 ) ;
#4994 = DIRECTION ( 'NONE',  ( 1.000000000000000000, 0.000000000000000000, 0.000000000000000000 ) ) ;
#4995 = LINE ( 'NONE', #6667, #10806 ) ;
#4996 = EDGE_LOOP ( 'NONE', ( #1499, #601, #4385, #1107 ) ) ;
#4997 = CARTESIAN_POINT ( 'NONE',  ( 60.32955169677730112, 98.04149627685548296, 188.7207935539340156 ) ) ;
#4998 = DIRECTION ( 'NONE',  ( 0.9999999999999995559, 2.745767247960928976E-08, 0.000000000000000000 ) ) ;
#4999 = ORIENTED_EDGE ( 'NONE', *, *, #4841, .T. ) ;
#5000 = EDGE_CURVE ( 'NONE', #5993, #8855, #9935, .T. ) ;
#5001 = EDGE_CURVE ( 'NONE', #2421, #11069, #2685, .T. ) ;
#5002 = DIRECTION ( 'NONE',  ( 0.000000000000000000, -1.000000000000000000, 0.000000000000000000 ) ) ;
#5003 = EDGE_CURVE ( 'NONE', #8579, #1470, #8438, .T. ) ;
#5004 = CIRCLE ( 'NONE', #8529, 3.000000000000002665 ) ;
#5005 = VERTEX_POINT ( 'NONE', #10987 ) ;
#5006 = ORIENTED_EDGE ( 'NONE', *, *, #4185, .F. ) ;
#5007 = DIRECTION ( 'NONE',  ( 0.000000000000000000, 0.000000000000000000, -1.000000000000000000 ) ) ;
#5008 = DIRECTION ( 'NONE',  ( 0.000000000000000000, 0.000000000000000000, -1.000000000000000000 ) ) ;
#5009 = CARTESIAN_POINT ( 'NONE',  ( -169.2988406631316991, 73.33921262044532341, 208.6115099208773813 ) ) ;
#5010 = CIRCLE ( 'NONE', #188, 12.90485334804940720 ) ;
#5011 = DIRECTION ( 'NONE',  ( 0.000000000000000000, 0.000000000000000000, -1.000000000000000000 ) ) ;
#5012 = CARTESIAN_POINT ( 'NONE',  ( 287.4879382534698493, 97.71957006727700445, 207.1235104591876848 ) ) ;
#5013 = CARTESIAN_POINT ( 'NONE',  ( 115.5181150157410173, 70.53184789993851211, 208.7207935539339871 ) ) ;
#5014 = ORIENTED_EDGE ( 'NONE', *, *, #7424, .T. ) ;
#5015 = EDGE_LOOP ( 'NONE', ( #5247, #7316, #7919 ) ) ;
#5016 = ORIENTED_EDGE ( 'NONE', *, *, #7105, .T. ) ;
#5017 = ADVANCED_FACE ( 'NONE', ( #9235 ), #2899, .T. ) ;
#5018 = VERTEX_POINT ( 'NONE', #6434 ) ;
#5019 = CARTESIAN_POINT ( 'NONE',  ( 280.0341949517094235, 55.10804795676789780, 183.7207935539340156 ) ) ;
#5020 = LINE ( 'NONE', #8560, #6602 ) ;
#5021 = LINE ( 'NONE', #8685, #2307 ) ;
#5022 = AXIS2_PLACEMENT_3D ( 'NONE', #8689, #556, #5141 ) ;
#5023 = PLANE ( 'NONE',  #1590 ) ;
#5024 = CARTESIAN_POINT ( 'NONE',  ( -286.1789894103999927, 98.63017898587460763, 208.0186497902789995 ) ) ;
#5025 = VERTEX_POINT ( 'NONE', #11475 ) ;
#5026 = ORIENTED_EDGE ( 'NONE', *, *, #2287, .F. ) ;
#5027 = DIRECTION ( 'NONE',  ( -1.000000000000000000, 4.362752391243199532E-16, 0.000000000000000000 ) ) ;
#5028 = EDGE_CURVE ( 'NONE', #8169, #3995, #883, .T. ) ;
#5029 = VERTEX_POINT ( 'NONE', #2954 ) ;
#5030 = CARTESIAN_POINT ( 'NONE',  ( 283.8209915161129970, 98.63017898587500554, 208.0186497902789995 ) ) ;
#5031 = CARTESIAN_POINT ( 'NONE',  ( 288.0902209916540073, 69.74005044511349638, 183.7207935532600231 ) ) ;
#5032 = ORIENTED_EDGE ( 'NONE', *, *, #8120, .T. ) ;
#5033 = DIRECTION ( 'NONE',  ( 1.000000000000000000, 0.000000000000000000, 0.000000000000000000 ) ) ;
#5034 = DIRECTION ( 'NONE',  ( 1.000000000000000000, -2.688482178977768457E-16, 0.000000000000000000 ) ) ;
#5035 = CARTESIAN_POINT ( 'NONE',  ( -286.5529885358270121, 98.63017898587460763, 208.0186497902789995 ) ) ;
#5036 = EDGE_LOOP ( 'NONE', ( #4609, #8394, #3619, #4953 ) ) ;
#5037 = FACE_OUTER_BOUND ( 'NONE', #5825, .T. ) ;
#5038 = AXIS2_PLACEMENT_3D ( 'NONE', #5222, #7226, #3825 ) ;
#5039 = TOROIDAL_SURFACE ( 'NONE', #8940, 17.90499687194819600, 5.000000000000000000 ) ;
#5040 = CARTESIAN_POINT ( 'NONE',  ( -40.43682098388670454, 38.02563476562500000, 155.7207935539340156 ) ) ;
#5041 = CARTESIAN_POINT ( 'NONE',  ( 60.32955169677730112, 110.9465026855470029, 208.7207935539339871 ) ) ;
#5042 = DIRECTION ( 'NONE',  ( 1.000000000000000000, 3.552713678800500140E-15, 0.000000000000000000 ) ) ;
#5043 = VERTEX_POINT ( 'NONE', #1270 ) ;
#5044 = EDGE_CURVE ( 'NONE', #1015, #9318, #4747, .T. ) ;
#5045 = FACE_OUTER_BOUND ( 'NONE', #4759, .T. ) ;
#5046 = ORIENTED_EDGE ( 'NONE', *, *, #3352, .T. ) ;
#5048 = ADVANCED_FACE ( 'NONE', ( #4770 ), #10682, .T. ) ;
#5047 = DIRECTION ( 'NONE',  ( 0.000000000000000000, 0.000000000000000000, 1.000000000000000000 ) ) ;
#5049 = ORIENTED_EDGE ( 'NONE', *, *, #5056, .F. ) ;
#5050 = DIRECTION ( 'NONE',  ( 0.000000000000000000, 0.000000000000000000, 1.000000000000000000 ) ) ;
#5051 = FACE_OUTER_BOUND ( 'NONE', #9037, .T. ) ;
#5052 = CARTESIAN_POINT ( 'NONE',  ( 132.3913249411490085, 76.52169227600100498, 158.7207935539340156 ) ) ;
#5053 = ORIENTED_EDGE ( 'NONE', *, *, #7452, .T. ) ;
#5054 = AXIS2_PLACEMENT_3D ( 'NONE', #2741, #9568, #8960 ) ;
#5055 = CARTESIAN_POINT ( 'NONE',  ( -286.9073904376416522, 78.87713432928069324, 208.6675353384556502 ) ) ;
#5056 = EDGE_CURVE ( 'NONE', #7649, #8805, #7020, .T. ) ;
#5057 = FACE_OUTER_BOUND ( 'NONE', #783, .T. ) ;
#5058 = ORIENTED_EDGE ( 'NONE', *, *, #3297, .F. ) ;
#5059 = LINE ( 'NONE', #6796, #1383 ) ;
#5060 = DIRECTION ( 'NONE',  ( -7.467046272242410526E-08, 0.9999999999999973355, 0.000000000000000000 ) ) ;
#5061 = ADVANCED_FACE ( 'NONE', ( #9174 ), #5838, .T. ) ;
#5062 = CARTESIAN_POINT ( 'NONE',  ( -169.2988622266274206, 72.72472680772902720, 208.6362148914801082 ) ) ;
#5063 = AXIS2_PLACEMENT_3D ( 'NONE', #8253, #306, #6500 ) ;
#5064 = DIRECTION ( 'NONE',  ( 1.000000000000000000, -3.159943663115390253E-16, 0.000000000000000000 ) ) ;
#5065 = CARTESIAN_POINT ( 'NONE',  ( 286.3209915161129970, 101.2175338996189851, 205.5186497902789995 ) ) ;
#5066 = CARTESIAN_POINT ( 'NONE',  ( -101.0028839111329972, 89.42653656005859375, 158.7207935539340156 ) ) ;
#5067 = ORIENTED_EDGE ( 'NONE', *, *, #10465, .T. ) ;
#5068 = EDGE_CURVE ( 'NONE', #7209, #10269, #7871, .T. ) ;
#5069 = ORIENTED_EDGE ( 'NONE', *, *, #2454, .T. ) ;
#5070 = ORIENTED_EDGE ( 'NONE', *, *, #2327, .F. ) ;
#5071 = ORIENTED_EDGE ( 'NONE', *, *, #2037, .T. ) ;
#5072 = CARTESIAN_POINT ( 'NONE',  ( 150.3786849975589917, 76.52169227600100498, 158.7207935539340156 ) ) ;
#5073 = AXIS2_PLACEMENT_3D ( 'NONE', #2473, #9582, #5156 ) ;
#5074 = ADVANCED_FACE ( 'NONE', ( #2832 ), #1153, .T. ) ;
#5075 = CARTESIAN_POINT ( 'NONE',  ( 94.08875846907928064, 137.1662594779273832, 207.9885605069003702 ) ) ;
#5076 = CARTESIAN_POINT ( 'NONE',  ( 267.5316238403299849, 6.215927124023390427, 158.7207935539340156 ) ) ;
#5077 = FACE_OUTER_BOUND ( 'NONE', #2394, .T. ) ;
#5078 = CIRCLE ( 'NONE', #10291, 12.90484886281040744 ) ;
#5079 = VERTEX_POINT ( 'NONE', #6371 ) ;
#5080 = ORIENTED_EDGE ( 'NONE', *, *, #1412, .F. ) ;
#5081 = DIRECTION ( 'NONE',  ( 0.000000000000000000, 0.000000000000000000, -1.000000000000000000 ) ) ;
#5082 = ORIENTED_EDGE ( 'NONE', *, *, #11037, .T. ) ;
#5083 = DIRECTION ( 'NONE',  ( 0.000000000000000000, 0.000000000000000000, -1.000000000000000000 ) ) ;
#5084 = CARTESIAN_POINT ( 'NONE',  ( -287.4445911277430241, 57.86366793866829994, 158.7207935539340156 ) ) ;
#5085 = ORIENTED_EDGE ( 'NONE', *, *, #4019, .T. ) ;
#5086 = AXIS2_PLACEMENT_3D ( 'NONE', #3551, #5351, #7190 ) ;
#5087 = FACE_OUTER_BOUND ( 'NONE', #6295, .T. ) ;
#5088 = DIRECTION ( 'NONE',  ( 0.9999999999999997780, 2.745767261373882970E-08, 0.000000000000000000 ) ) ;
#5089 = DIRECTION ( 'NONE',  ( 0.000000000000000000, 0.000000000000000000, -1.000000000000000000 ) ) ;
#5090 = EDGE_LOOP ( 'NONE', ( #491, #8445, #1759, #2757 ) ) ;
#5091 = AXIS2_PLACEMENT_3D ( 'NONE', #1742, #5233, #10532 ) ;
#5092 = DIRECTION ( 'NONE',  ( 0.7071067811865471286, 0.4913420766378217008, 0.5085105345272931121 ) ) ;
#5093 = AXIS2_PLACEMENT_3D ( 'NONE', #1791, #5159, #5333 ) ;
#5094 = ADVANCED_FACE ( 'NONE', ( #3555 ), #6543, .T. ) ;
#5095 = MECHANICAL_DESIGN_GEOMETRIC_PRESENTATION_REPRESENTATION (  '', ( #2120 ), #11247 ) ;
#5096 = CIRCLE ( 'NONE', #5086, 3.000000000000002665 ) ;
#5097 = FACE_OUTER_BOUND ( 'NONE', #8629, .T. ) ;
#5098 = CYLINDRICAL_SURFACE ( 'NONE', #1592, 5.000000000000012434 ) ;
#5099 = AXIS2_PLACEMENT_3D ( 'NONE', #11014, #3033, #6343 ) ;
#5100 = CARTESIAN_POINT ( 'NONE',  ( -83.01555633544920454, 76.52169227600100498, 203.7207935539339871 ) ) ;
#5101 = VERTEX_POINT ( 'NONE', #2137 ) ;
#5102 = VERTEX_POINT ( 'NONE', #7959 ) ;
#5103 = CARTESIAN_POINT ( 'NONE',  ( -261.1789894103999359, 76.32125139236450195, 183.7207935539340156 ) ) ;
#5104 = EDGE_LOOP ( 'NONE', ( #8543, #8766, #5639, #4506, #772 ) ) ;
#5105 = VECTOR ( 'NONE', #9397, 1000.000000000000000 ) ;
#5106 = DIRECTION ( 'NONE',  ( 0.000000000000000000, 0.000000000000000000, 1.000000000000000000 ) ) ;
#5107 = CARTESIAN_POINT ( 'NONE',  ( -291.1789894103999927, 148.7737507061510200, 131.0916751867129904 ) ) ;
#5108 = DIRECTION ( 'NONE',  ( 0.000000000000000000, 1.000000000000000000, 0.000000000000000000 ) ) ;
#5109 = CIRCLE ( 'NONE', #8833, 3.000000000000007994 ) ;
#5110 = ORIENTED_EDGE ( 'NONE', *, *, #7112, .T. ) ;
#5111 = EDGE_CURVE ( 'NONE', #349, #7674, #1394, .T. ) ;
#5112 = EDGE_CURVE ( 'NONE', #7518, #2918, #5291, .T. ) ;
#5113 = AXIS2_PLACEMENT_3D ( 'NONE', #8240, #10119, #7360 ) ;
#5114 = CIRCLE ( 'NONE', #1584, 5.000000000000004441 ) ;
#5115 = LINE ( 'NONE', #8664, #3085 ) ;
#5116 = AXIS2_PLACEMENT_3D ( 'NONE', #10805, #8231, #4644 ) ;
#5117 = CARTESIAN_POINT ( 'NONE',  ( 288.8209915161129970, 120.1792166382100078, 183.7207935539340156 ) ) ;
#5118 = AXIS2_PLACEMENT_3D ( 'NONE', #9680, #8625, #3458 ) ;
#5119 = ORIENTED_EDGE ( 'NONE', *, *, #4722, .F. ) ;
#5120 = AXIS2_PLACEMENT_3D ( 'NONE', #4518, #858, #2711 ) ;
#5121 = TOROIDAL_SURFACE ( 'NONE', #6591, 17.90484428405759942, 5.000000000000000000 ) ;
#5122 = DIRECTION ( 'NONE',  ( 0.000000000000000000, -0.7191424945380946454, 0.6948626285457626395 ) ) ;
#5123 = ORIENTED_EDGE ( 'NONE', *, *, #11264, .T. ) ;
#5124 = CARTESIAN_POINT ( 'NONE',  ( 80.65757751464829539, 76.52169227600100498, 183.7207935539340156 ) ) ;
#5125 = CARTESIAN_POINT ( 'NONE',  ( 132.3913249411490085, 76.52169227600100498, 203.7207935539339871 ) ) ;
#5126 = DIRECTION ( 'NONE',  ( 0.000000000000000000, 0.000000000000000000, -1.000000000000000000 ) ) ;
#5127 = VECTOR ( 'NONE', #8838, 1000.000000000000000 ) ;
#5128 = ADVANCED_FACE ( 'NONE', ( #7075 ), #10932, .T. ) ;
#5129 = DIRECTION ( 'NONE',  ( 0.000000000000000000, -1.000000000000000000, 0.000000000000000000 ) ) ;
#5130 = CYLINDRICAL_SURFACE ( 'NONE', #453, 5.000000000000012434 ) ;
#5131 = DIRECTION ( 'NONE',  ( 0.000000000000000000, 0.000000000000000000, 1.000000000000000000 ) ) ;
#5132 = ORIENTED_EDGE ( 'NONE', *, *, #4249, .F. ) ;
#5133 = EDGE_CURVE ( 'NONE', #9703, #7987, #11065, .T. ) ;
#5134 = EDGE_LOOP ( 'NONE', ( #4742, #6835, #6021, #827 ) ) ;
#5135 = ORIENTED_EDGE ( 'NONE', *, *, #5001, .T. ) ;
#5136 = ORIENTED_EDGE ( 'NONE', *, *, #8522, .T. ) ;
#5137 = CARTESIAN_POINT ( 'NONE',  ( 287.0689897669680022, 101.2175338996189851, 205.5186497902789995 ) ) ;
#5138 = DIRECTION ( 'NONE',  ( 0.000000000000000000, 0.000000000000000000, -1.000000000000000000 ) ) ;
#5139 = LINE ( 'NONE', #8622, #6015 ) ;
#5140 = DIRECTION ( 'NONE',  ( 1.000000000000000000, 0.000000000000000000, 0.000000000000000000 ) ) ;
#5141 = DIRECTION ( 'NONE',  ( -1.000000000000000000, 0.000000000000000000, 0.000000000000000000 ) ) ;
#5142 = EDGE_LOOP ( 'NONE', ( #8184, #8289, #4333, #6551, #8257 ) ) ;
#5143 = EDGE_CURVE ( 'NONE', #5612, #4265, #296, .T. ) ;
#5144 = ORIENTED_EDGE ( 'NONE', *, *, #5927, .T. ) ;
#5145 = FACE_OUTER_BOUND ( 'NONE', #5237, .T. ) ;
#5146 = ADVANCED_FACE ( 'NONE', ( #5037 ), #2689, .T. ) ;
#5147 = EDGE_LOOP ( 'NONE', ( #5839, #10278, #9804, #10924 ) ) ;
#5148 = DIRECTION ( 'NONE',  ( 0.000000000000000000, 0.000000000000000000, 1.000000000000000000 ) ) ;
#5149 = CARTESIAN_POINT ( 'NONE',  ( -289.2248478788080206, 65.61491599615808923, 159.9382031029880125 ) ) ;
#5150 = EDGE_LOOP ( 'NONE', ( #10817, #3295, #8791, #10049, #4551 ) ) ;
#5151 = DIRECTION ( 'NONE',  ( 0.000000000000000000, -0.7071067811865475727, 0.7071067811865475727 ) ) ;
#5152 = CARTESIAN_POINT ( 'NONE',  ( 200.0054576442690006, 76.52168743035379350, 208.5200739500569682 ) ) ;
#5153 = DIRECTION ( 'NONE',  ( 0.000000000000000000, -0.7071067811865475727, 0.7071067811865475727 ) ) ;
#5154 = VERTEX_POINT ( 'NONE', #10279 ) ;
#5155 = LINE ( 'NONE', #686, #4932 ) ;
#5156 = DIRECTION ( 'NONE',  ( 0.000000000000000000, -0.7071067811865460184, 0.7071067811865487940 ) ) ;
#5157 = DIRECTION ( 'NONE',  ( 0.000000000000000000, -1.000000000000000000, 0.000000000000000000 ) ) ;
#5158 = ORIENTED_EDGE ( 'NONE', *, *, #10837, .F. ) ;
#5159 = DIRECTION ( 'NONE',  ( 1.000000000000000000, 0.000000000000000000, 0.000000000000000000 ) ) ;
#5160 = ORIENTED_EDGE ( 'NONE', *, *, #5559, .F. ) ;
#5161 = CARTESIAN_POINT ( 'NONE',  ( 49.32245254516600852, 63.61684799194339490, 183.7207935539340156 ) ) ;
#5162 = ORIENTED_EDGE ( 'NONE', *, *, #6536, .F. ) ;
#5163 = DIRECTION ( 'NONE',  ( -1.000000000000000000, -4.711197327583760070E-16, 1.904225489767884931E-16 ) ) ;
#5164 = EDGE_LOOP ( 'NONE', ( #8143, #8233, #1938, #6468, #8678 ) ) ;
#5165 = TOROIDAL_SURFACE ( 'NONE', #5535, 17.90484428405759942, 5.000000000000000000 ) ;
#5166 = DIRECTION ( 'NONE',  ( -1.000000000000000000, 0.000000000000000000, 0.000000000000000000 ) ) ;
#5167 = DIRECTION ( 'NONE',  ( 1.000000000000000000, -2.318450818158519635E-17, 0.000000000000000000 ) ) ;
#5168 = EDGE_CURVE ( 'NONE', #2625, #4960, #1403, .T. ) ;
#5169 = CARTESIAN_POINT ( 'NONE',  ( 284.3959406765383164, 80.51458417685437041, 208.6877037952271792 ) ) ;
#5170 = AXIS2_PLACEMENT_3D ( 'NONE', #4657, #10943, #8186 ) ;
#5171 = ORIENTED_EDGE ( 'NONE', *, *, #6117, .F. ) ;
#5172 = AXIS2_PLACEMENT_3D ( 'NONE', #3898, #236, #1980 ) ;
#5173 = AXIS2_PLACEMENT_3D ( 'NONE', #8699, #8873, #6991 ) ;
#5174 = DIRECTION ( 'NONE',  ( 0.9999999999999995559, 2.745767247960928976E-08, 0.000000000000000000 ) ) ;
#5175 = DIRECTION ( 'NONE',  ( 0.9999999999999994449, 3.520767215778358483E-08, -1.644625622528739448E-14 ) ) ;
#5176 = ORIENTED_EDGE ( 'NONE', *, *, #8468, .T. ) ;
#5177 = CARTESIAN_POINT ( 'NONE',  ( 43.09501647949219461, 75.12078285217289420, 203.7207935539339871 ) ) ;
#5178 = ORIENTED_EDGE ( 'NONE', *, *, #9608, .F. ) ;
#5179 = CARTESIAN_POINT ( 'NONE',  ( -291.1789894103999927, 76.32125139236450195, 183.7207935539340156 ) ) ;
#5180 = EDGE_CURVE ( 'NONE', #4101, #7699, #6771, .T. ) ;
#5181 = LINE ( 'NONE', #10473, #2751 ) ;
#5182 = CARTESIAN_POINT ( 'NONE',  ( 267.5316238403320312, 38.02563476562500000, 155.7207935539340156 ) ) ;
#5183 = DIRECTION ( 'NONE',  ( 1.000000000000000000, -4.250985102559089721E-17, 0.000000000000000000 ) ) ;
#5184 = CARTESIAN_POINT ( 'NONE',  ( 216.5078370698039976, 76.52169227600100498, 203.7207935539339871 ) ) ;
#5185 = CARTESIAN_POINT ( 'NONE',  ( -40.43682098388670454, 9.215927124023428618, 155.7207935539340156 ) ) ;
#5186 = ORIENTED_EDGE ( 'NONE', *, *, #741, .F. ) ;
#5187 = ORIENTED_EDGE ( 'NONE', *, *, #10248, .F. ) ;
#5188 = ORIENTED_EDGE ( 'NONE', *, *, #7082, .T. ) ;
#5189 = ADVANCED_FACE ( 'NONE', ( #7464 ), #3444, .T. ) ;
#5190 = ORIENTED_EDGE ( 'NONE', *, *, #6692, .T. ) ;
#5191 = CARTESIAN_POINT ( 'NONE',  ( -40.43682098388680402, 22.12078094482420099, 155.7207935539340156 ) ) ;
#5192 = EDGE_CURVE ( 'NONE', #8343, #3290, #1323, .T. ) ;
#5193 = DIRECTION ( 'NONE',  ( 1.000000000000000000, -3.313307049615620357E-15, 2.394066291848865380E-16 ) ) ;
#5194 = DIRECTION ( 'NONE',  ( -1.000000000000000000, 0.000000000000000000, 0.000000000000000000 ) ) ;
#5195 = EDGE_CURVE ( 'NONE', #2660, #8547, #2305, .T. ) ;
#5196 = DIRECTION ( 'NONE',  ( -1.226857527254137808E-08, 0.9999999999999998890, -2.150785706034684925E-15 ) ) ;
#5197 = VECTOR ( 'NONE', #320, 1000.000000000000000 ) ;
#5198 = CARTESIAN_POINT ( 'NONE',  ( -45.45299509213570133, 88.02577972412109375, 158.7207935539340156 ) ) ;
#5199 = EDGE_LOOP ( 'NONE', ( #1322, #2193, #5928, #8112, #1301 ) ) ;
#5200 =( BOUNDED_CURVE ( )  B_SPLINE_CURVE ( 3, ( #7358, #985, #5572, #1854 ),
 .UNSPECIFIED., .F., .F. ) 
 B_SPLINE_CURVE_WITH_KNOTS ( ( 4, 4 ),
 ( 4.712388980384689674, 5.332882281185564288 ),
 .UNSPECIFIED. ) 
 CURVE ( )  GEOMETRIC_REPRESENTATION_ITEM ( )  RATIONAL_B_SPLINE_CURVE ( ( 1.000000000000000000, 0.9681721987222388082, 0.9681721987222388082, 1.000000000000000000 ) ) 
 REPRESENTATION_ITEM ( '' )  );
#5201 = ORIENTED_EDGE ( 'NONE', *, *, #5524, .T. ) ;
#5202 = FACE_OUTER_BOUND ( 'NONE', #8697, .T. ) ;
#5203 = VERTEX_POINT ( 'NONE', #6828 ) ;
#5204 = CARTESIAN_POINT ( 'NONE',  ( -291.1789878874490114, 76.30497765962000756, 155.7242630918030102 ) ) ;
#5205 = EDGE_LOOP ( 'NONE', ( #8462, #8569, #10545, #9628 ) ) ;
#5206 = EDGE_CURVE ( 'NONE', #7002, #11149, #1439, .T. ) ;
#5207 = CARTESIAN_POINT ( 'NONE',  ( 192.3209915161129970, 115.8346203221669981, 208.7207935539339871 ) ) ;
#5208 = LINE ( 'NONE', #9572, #9945 ) ;
#5209 = CARTESIAN_POINT ( 'NONE',  ( 65.60616016387930927, 38.02563476562500000, 155.7207935539340156 ) ) ;
#5210 = EDGE_LOOP ( 'NONE', ( #1699, #5521, #8086, #9806 ) ) ;
#5211 = DIRECTION ( 'NONE',  ( -0.7071067811865484609, -0.7071067811865465735, 0.000000000000000000 ) ) ;
#5212 = EDGE_CURVE ( 'NONE', #4041, #9177, #5740, .T. ) ;
#5213 = EDGE_CURVE ( 'NONE', #6904, #9878, #8453, .T. ) ;
#5214 = DIRECTION ( 'NONE',  ( -2.318450818158519635E-17, -1.000000000000000000, 0.000000000000000000 ) ) ;
#5215 = CARTESIAN_POINT ( 'NONE',  ( 288.0902209916829975, 69.74005044523980246, 183.7207935535700187 ) ) ;
#5216 = ORIENTED_EDGE ( 'NONE', *, *, #5554, .T. ) ;
#5217 = DIRECTION ( 'NONE',  ( 0.9999999999999995559, 2.745767247960928976E-08, 0.000000000000000000 ) ) ;
#5218 = VERTEX_POINT ( 'NONE', #9458 ) ;
#5219 = LINE ( 'NONE', #4463, #10023 ) ;
#5220 = VECTOR ( 'NONE', #521, 1000.000000000000000 ) ;
#5221 = ORIENTED_EDGE ( 'NONE', *, *, #8310, .F. ) ;
#5222 = CARTESIAN_POINT ( 'NONE',  ( -218.8657760620120314, 63.61684799194339490, 158.7207935539340156 ) ) ;
#5223 = ORIENTED_EDGE ( 'NONE', *, *, #3345, .T. ) ;
#5224 = CARTESIAN_POINT ( 'NONE',  ( 166.9408835405612592, 79.79733623710298218, 208.6152636949954058 ) ) ;
#5225 = PLANE ( 'NONE',  #2321 ) ;
#5226 = CIRCLE ( 'NONE', #9875, 5.000000000000004441 ) ;
#5227 = CARTESIAN_POINT ( 'NONE',  ( 284.2562477842076873, 81.69841086137739694, 208.7037115594787622 ) ) ;
#5228 = AXIS2_PLACEMENT_3D ( 'NONE', #1849, #10753, #7351 ) ;
#5229 = ORIENTED_EDGE ( 'NONE', *, *, #4945, .F. ) ;
#5230 = EDGE_CURVE ( 'NONE', #377, #5810, #570, .T. ) ;
#5231 = DIRECTION ( 'NONE',  ( 4.249959705869380127E-15, -3.464102061753039993E-07, -0.9999999999999400480 ) ) ;
#5232 = CIRCLE ( 'NONE', #5957, 5.000000000000004441 ) ;
#5233 = DIRECTION ( 'NONE',  ( 1.000000000000000000, -8.176424475957199265E-17, -8.176424475957199265E-17 ) ) ;
#5234 = CIRCLE ( 'NONE', #8191, 12.90500640869140092 ) ;
#5235 = FACE_OUTER_BOUND ( 'NONE', #6111, .T. ) ;
#5236 = LINE ( 'NONE', #1685, #5851 ) ;
#5237 = EDGE_LOOP ( 'NONE', ( #11494, #10330, #2831 ) ) ;
#5238 = DIRECTION ( 'NONE',  ( 0.000000000000000000, 0.7071067811865486830, 0.7071067811865463515 ) ) ;
#5239 =( BOUNDED_CURVE ( )  B_SPLINE_CURVE ( 3, ( #1965, #980, #4529, #109 ),
 .UNSPECIFIED., .F., .F. ) 
 B_SPLINE_CURVE_WITH_KNOTS ( ( 4, 4 ),
 ( 5.497787143782073116, 6.283185307179585344 ),
 .UNSPECIFIED. ) 
 CURVE ( )  GEOMETRIC_REPRESENTATION_ITEM ( )  RATIONAL_B_SPLINE_CURVE ( ( 1.000000000000000000, 0.9492530216741827953, 0.9492530216741827953, 1.000000000000000000 ) ) 
 REPRESENTATION_ITEM ( '' )  );
#5240 = CARTESIAN_POINT ( 'NONE',  ( -45.45299509106060043, 75.12078285217289420, 203.7207935539339871 ) ) ;
#5241 = AXIS2_PLACEMENT_3D ( 'NONE', #7273, #1833, #3641 ) ;
#5242 = CARTESIAN_POINT ( 'NONE',  ( 92.83147396650106487, 135.9089749753491674, 208.7207935539339587 ) ) ;
#5243 = EDGE_CURVE ( 'NONE', #10499, #6492, #5300, .T. ) ;
#5244 = DIRECTION ( 'NONE',  ( 1.000000000000000000, -3.372392848055450117E-16, 0.000000000000000000 ) ) ;
#5245 = DIRECTION ( 'NONE',  ( 0.000000000000000000, 0.000000000000000000, -1.000000000000000000 ) ) ;
#5246 = DIRECTION ( 'NONE',  ( -1.000000000000000000, 4.440892098500630895E-15, 0.000000000000000000 ) ) ;
#5247 = ORIENTED_EDGE ( 'NONE', *, *, #8201, .T. ) ;
#5248 = AXIS2_PLACEMENT_3D ( 'NONE', #8934, #275, #8113 ) ;
#5249 = ORIENTED_EDGE ( 'NONE', *, *, #8985, .F. ) ;
#5250 = ORIENTED_EDGE ( 'NONE', *, *, #7494, .T. ) ;
#5251 = ORIENTED_EDGE ( 'NONE', *, *, #151, .T. ) ;
#5252 = DIRECTION ( 'NONE',  ( 0.000000000000000000, 0.000000000000000000, 1.000000000000000000 ) ) ;
#5253 = CARTESIAN_POINT ( 'NONE',  ( -146.1789941787719727, 96.89302241451029829, 206.2207935539339871 ) ) ;
#5254 = CYLINDRICAL_SURFACE ( 'NONE', #2514, 2.500000000000012434 ) ;
#5255 = EDGE_CURVE ( 'NONE', #9549, #7058, #4056, .T. ) ;
#5256 = DIRECTION ( 'NONE',  ( -1.000000000000000000, 0.000000000000000000, 0.000000000000000000 ) ) ;
#5257 = DIRECTION ( 'NONE',  ( -0.9999999999999995559, -2.745767251132242168E-08, 0.000000000000000000 ) ) ;
#5258 = ORIENTED_EDGE ( 'NONE', *, *, #2156, .F. ) ;
#5259 = ORIENTED_EDGE ( 'NONE', *, *, #3261, .F. ) ;
#5260 = CARTESIAN_POINT ( 'NONE',  ( -290.0911711285129400, 68.15211644497220789, 184.4010608957179898 ) ) ;
#5261 = ORIENTED_EDGE ( 'NONE', *, *, #3861, .T. ) ;
#5262 = CARTESIAN_POINT ( 'NONE',  ( -288.6326541314929841, 63.56392586135950751, 159.3807319786699850 ) ) ;
#5263 = EDGE_CURVE ( 'NONE', #5730, #6895, #1776, .T. ) ;
#5264 = DIRECTION ( 'NONE',  ( 3.520767011262991876E-08, 0.9999999999988892219, 1.490124283223080768E-06 ) ) ;
#5265 = DIRECTION ( 'NONE',  ( 0.000000000000000000, -1.000000000000000000, 0.000000000000000000 ) ) ;
#5266 = CARTESIAN_POINT ( 'NONE',  ( -290.5178195819560187, 100.0664052565480091, 205.9473684931819832 ) ) ;
#5267 = ORIENTED_EDGE ( 'NONE', *, *, #225, .T. ) ;
#5268 = FACE_OUTER_BOUND ( 'NONE', #10393, .T. ) ;
#5269 = EDGE_CURVE ( 'NONE', #801, #7438, #4750, .T. ) ;
#5270 = CIRCLE ( 'NONE', #8800, 12.90499687194819600 ) ;
#5271 = DIRECTION ( 'NONE',  ( 0.000000000000000000, 0.000000000000000000, -1.000000000000000000 ) ) ;
#5272 = CARTESIAN_POINT ( 'NONE',  ( 39.73928928375249825, 89.42653656005859375, 203.7207935539339871 ) ) ;
#5273 = ORIENTED_EDGE ( 'NONE', *, *, #3617, .T. ) ;
#5274 = CARTESIAN_POINT ( 'NONE',  ( -134.7493367092509970, 76.52169227600100498, 203.7207935539339871 ) ) ;
#5275 = ORIENTED_EDGE ( 'NONE', *, *, #22, .T. ) ;
#5276 = CARTESIAN_POINT ( 'NONE',  ( 98.64490509033210230, 76.52169227600100498, 183.7207935539340156 ) ) ;
#5277 = ORIENTED_EDGE ( 'NONE', *, *, #2413, .F. ) ;
#5278 = DIRECTION ( 'NONE',  ( 0.000000000000000000, 0.000000000000000000, -1.000000000000000000 ) ) ;
#5279 = ADVANCED_FACE ( 'NONE', ( #454 ), #9566, .T. ) ;
#5280 = ORIENTED_EDGE ( 'NONE', *, *, #3924, .F. ) ;
#5281 = DIRECTION ( 'NONE',  ( 1.000000000000000000, 1.098116863085339802E-16, 0.000000000000000000 ) ) ;
#5282 = LINE ( 'NONE', #1618, #8817 ) ;
#5283 = FACE_OUTER_BOUND ( 'NONE', #5015, .T. ) ;
#5284 = AXIS2_PLACEMENT_3D ( 'NONE', #2142, #3183, #519 ) ;
#5285 = ORIENTED_EDGE ( 'NONE', *, *, #3087, .T. ) ;
#5286 = CIRCLE ( 'NONE', #6938, 3.000000000003339551 ) ;
#5287 = LINE ( 'NONE', #10586, #5127 ) ;
#5288 = CARTESIAN_POINT ( 'NONE',  ( -290.4467563633669442, 158.9462378524261510, 123.7207935539340014 ) ) ;
#5289 = VECTOR ( 'NONE', #5946, 1000.000000000000000 ) ;
#5290 = LINE ( 'NONE', #10642, #1848 ) ;
#5291 = CIRCLE ( 'NONE', #6755, 17.90499687194819955 ) ;
#5292 = CARTESIAN_POINT ( 'NONE',  ( 80.65757751464838066, 89.42653656005859375, 158.7207935539340156 ) ) ;
#5293 = EDGE_CURVE ( 'NONE', #5043, #1967, #3628, .T. ) ;
#5294 = ORIENTED_EDGE ( 'NONE', *, *, #9059, .F. ) ;
#5295 = AXIS2_PLACEMENT_3D ( 'NONE', #7541, #11116, #3138 ) ;
#5296 = DIRECTION ( 'NONE',  ( 0.000000000000000000, 1.000000000000000000, 0.000000000000000000 ) ) ;
#5297 = CARTESIAN_POINT ( 'NONE',  ( -116.9077412588694074, 22.12077988203879997, 158.7207935539340156 ) ) ;
#5298 = CARTESIAN_POINT ( 'NONE',  ( 92.32099151611291177, 119.8311360573549962, 206.2207935539339871 ) ) ;
#5299 = VECTOR ( 'NONE', #2783, 1000.000000000000000 ) ;
#5300 = CIRCLE ( 'NONE', #9385, 3.000000000000002665 ) ;
#5301 = AXIS2_PLACEMENT_3D ( 'NONE', #7816, #8532, #5910 ) ;
#5302 = FACE_OUTER_BOUND ( 'NONE', #4128, .T. ) ;
#5303 = DIRECTION ( 'NONE',  ( 1.000000000000000000, 0.000000000000000000, 0.000000000000000000 ) ) ;
#5304 = CARTESIAN_POINT ( 'NONE',  ( 288.0180072920500152, 69.10952694810069374, 158.7352111032969901 ) ) ;
#5305 = ORIENTED_EDGE ( 'NONE', *, *, #1008, .T. ) ;
#5306 = EDGE_LOOP ( 'NONE', ( #6685, #11365, #7499, #10191 ) ) ;
#5307 = ORIENTED_EDGE ( 'NONE', *, *, #7932, .F. ) ;
#5308 = AXIS2_PLACEMENT_3D ( 'NONE', #7470, #8590, #3075 ) ;
#5309 = ORIENTED_EDGE ( 'NONE', *, *, #7544, .F. ) ;
#5310 = CARTESIAN_POINT ( 'NONE',  ( -290.1421105941927863, 68.37866459698145150, 183.7207935539340156 ) ) ;
#5311 = CIRCLE ( 'NONE', #117, 12.90484428405769712 ) ;
#5312 = CIRCLE ( 'NONE', #9953, 4.999999999999997335 ) ;
#5313 = EDGE_CURVE ( 'NONE', #7350, #4033, #5795, .T. ) ;
#5314 = CARTESIAN_POINT ( 'NONE',  ( -95.67690874284113534, 136.3964118574010911, 208.5691438979191048 ) ) ;
#5315 = DIRECTION ( 'NONE',  ( -1.000000000000000000, 2.318450818158519635E-17, 0.000000000000000000 ) ) ;
#5316 = CIRCLE ( 'NONE', #9220, 15.90485382080081322 ) ;
#5317 = CARTESIAN_POINT ( 'NONE',  ( 287.7293645617085076, 68.03449097535899170, 158.7213155231327733 ) ) ;
#5318 = VECTOR ( 'NONE', #2833, 1000.000000000000000 ) ;
#5319 = FACE_OUTER_BOUND ( 'NONE', #2183, .T. ) ;
#5320 = VERTEX_POINT ( 'NONE', #7700 ) ;
#5321 = ORIENTED_EDGE ( 'NONE', *, *, #10324, .T. ) ;
#5322 = DIRECTION ( 'NONE',  ( -0.000000000000000000, -1.000000000000000000, -0.000000000000000000 ) ) ;
#5323 = ORIENTED_EDGE ( 'NONE', *, *, #5230, .F. ) ;
#5324 = CARTESIAN_POINT ( 'NONE',  ( -286.4306904898019752, 60.07603707751559341, 161.0941925621830251 ) ) ;
#5325 = DIRECTION ( 'NONE',  ( 0.000000000000000000, 0.000000000000000000, -1.000000000000000000 ) ) ;
#5326 = CARTESIAN_POINT ( 'NONE',  ( -169.2988154457775636, 79.98342800584623546, 208.6228451451331694 ) ) ;
#5327 = EDGE_CURVE ( 'NONE', #11151, #11069, #475, .T. ) ;
#5328 = CARTESIAN_POINT ( 'NONE',  ( -291.1789894103999927, 98.89977624330829542, 204.8427909302159833 ) ) ;
#5329 = EDGE_LOOP ( 'NONE', ( #5119, #4655, #10826, #816, #7908 ) ) ;
#5330 = DIRECTION ( 'NONE',  ( 0.9999999999999998890, 1.226856837129686445E-08, 0.000000000000000000 ) ) ;
#5331 = FACE_OUTER_BOUND ( 'NONE', #6066, .T. ) ;
#5332 = ORIENTED_EDGE ( 'NONE', *, *, #6797, .T. ) ;
#5333 = DIRECTION ( 'NONE',  ( 0.000000000000000000, 1.000000000000000000, 0.000000000000000000 ) ) ;
#5334 = CARTESIAN_POINT ( 'NONE',  ( 98.64490509033210230, 76.52169227600100498, 203.7207935539339871 ) ) ;
#5335 = ORIENTED_EDGE ( 'NONE', *, *, #1370, .T. ) ;
#5336 = CARTESIAN_POINT ( 'NONE',  ( 62.75273323059069241, 76.52169227600100498, 208.7207935539339871 ) ) ;
#5337 = ORIENTED_EDGE ( 'NONE', *, *, #2072, .F. ) ;
#5338 = LINE ( 'NONE', #695, #405 ) ;
#5339 = DIRECTION ( 'NONE',  ( 0.000000000000000000, 0.000000000000000000, 1.000000000000000000 ) ) ;
#5340 = ADVANCED_FACE ( 'NONE', ( #5268 ), #5856, .T. ) ;
#5341 = EDGE_CURVE ( 'NONE', #3995, #8262, #9759, .T. ) ;
#5342 = DIRECTION ( 'NONE',  ( 0.7071067811865475727, 0.000000000000000000, 0.7071067811865475727 ) ) ;
#5343 = EDGE_LOOP ( 'NONE', ( #2173, #7581, #7415, #6394, #8494, #9079, #9797, #1711, #9114, #7087, #1246, #7558 ) ) ;
#5344 =( BOUNDED_CURVE ( )  B_SPLINE_CURVE ( 3, ( #171, #6316, #2836, #1046 ),
 .UNSPECIFIED., .F., .F. ) 
 B_SPLINE_CURVE_WITH_KNOTS ( ( 4, 4 ),
 ( 5.187540493381653128, 5.497787143782137065 ),
 .UNSPECIFIED. ) 
 CURVE ( )  GEOMETRIC_REPRESENTATION_ITEM ( )  RATIONAL_B_SPLINE_CURVE ( ( 1.000000000000000000, 0.9919949895361626080, 0.9919949895361626080, 1.000000000000000000 ) ) 
 REPRESENTATION_ITEM ( '' )  );
#5345 = EDGE_CURVE ( 'NONE', #8906, #11455, #5155, .T. ) ;
#5346 = FACE_OUTER_BOUND ( 'NONE', #387, .T. ) ;
#5347 = DIRECTION ( 'NONE',  ( 0.000000000000000000, 1.000000000000000000, 0.000000000000000000 ) ) ;
#5348 = CARTESIAN_POINT ( 'NONE',  ( 193.2578371301650293, 97.82986802856252950, 208.5386201858095490 ) ) ;
#5349 = DIRECTION ( 'NONE',  ( -1.000000000000000000, 9.747022401918829411E-18, 0.000000000000000000 ) ) ;
#5350 = ORIENTED_EDGE ( 'NONE', *, *, #2745, .F. ) ;
#5351 = DIRECTION ( 'NONE',  ( -0.000000000000000000, -1.000000000000000000, -0.000000000000000000 ) ) ;
#5352 = VECTOR ( 'NONE', #8861, 1000.000000000000000 ) ;
#5353 = EDGE_CURVE ( 'NONE', #3476, #569, #10502, .T. ) ;
#5354 = CARTESIAN_POINT ( 'NONE',  ( 194.0786412369272398, 98.65084889982706784, 207.9986777390524821 ) ) ;
#5355 = VECTOR ( 'NONE', #1947, 1000.000000000000000 ) ;
#5356 = CIRCLE ( 'NONE', #347, 5.000000000000004441 ) ;
#5357 = EDGE_CURVE ( 'NONE', #1943, #1554, #7888, .T. ) ;
#5358 = EDGE_CURVE ( 'NONE', #9021, #6079, #1722, .T. ) ;
#5359 = CARTESIAN_POINT ( 'NONE',  ( 89.65124114416467194, 22.12077759886848938, 142.8159399372312066 ) ) ;
#5360 = CARTESIAN_POINT ( 'NONE',  ( 288.7559235697760300, 99.93507313715903706, 204.1913773281047781 ) ) ;
#5361 = CARTESIAN_POINT ( 'NONE',  ( 288.2311582531179965, 68.63177746244289779, 157.6308006676650280 ) ) ;
#5362 = ORIENTED_EDGE ( 'NONE', *, *, #2272, .T. ) ;
#5363 = ORIENTED_EDGE ( 'NONE', *, *, #487, .F. ) ;
#5364 = VERTEX_POINT ( 'NONE', #4342 ) ;
#5365 = CIRCLE ( 'NONE', #540, 17.90484428405759942 ) ;
#5366 = CARTESIAN_POINT ( 'NONE',  ( 267.5316238403320312, 89.42653656005859375, 158.7207935539340156 ) ) ;
#5367 = ORIENTED_EDGE ( 'NONE', *, *, #6245, .F. ) ;
#5368 = LINE ( 'NONE', #68, #3566 ) ;
#5369 = EDGE_LOOP ( 'NONE', ( #9333, #255, #464, #9366, #2982 ) ) ;
#5370 = CARTESIAN_POINT ( 'NONE',  ( 258.8209915161129970, 45.44257173592398402, 184.5994732103744127 ) ) ;
#5371 = FACE_OUTER_BOUND ( 'NONE', #5306, .T. ) ;
#5372 = CARTESIAN_POINT ( 'NONE',  ( -202.3634178449164551, 77.06871983466469089, 208.5200677984612128 ) ) ;
#5373 = AXIS2_PLACEMENT_3D ( 'NONE', #4368, #9832, #9883 ) ;
#5374 = DIRECTION ( 'NONE',  ( -1.000000000000000000, 1.065814103640150121E-14, 0.000000000000000000 ) ) ;
#5375 = ORIENTED_EDGE ( 'NONE', *, *, #8410, .F. ) ;
#5376 = ORIENTED_EDGE ( 'NONE', *, *, #725, .F. ) ;
#5377 = DIRECTION ( 'NONE',  ( 0.000000000000000000, 0.000000000000000000, -1.000000000000000000 ) ) ;
#5378 = ORIENTED_EDGE ( 'NONE', *, *, #6154, .F. ) ;
#5379 = FACE_OUTER_BOUND ( 'NONE', #23, .T. ) ;
#5380 = CARTESIAN_POINT ( 'NONE',  ( -290.4467563633669442, 158.9462378524261510, 123.7207935539340014 ) ) ;
#5381 = DIRECTION ( 'NONE',  ( -8.326672684687951457E-15, -1.000000000000000000, 0.000000000000000000 ) ) ;
#5382 = DIRECTION ( 'NONE',  ( -1.000000000000000000, 0.000000000000000000, 0.000000000000000000 ) ) ;
#5383 = PLANE ( 'NONE',  #10327 ) ;
#5384 = AXIS2_PLACEMENT_3D ( 'NONE', #9485, #4204, #11191 ) ;
#5385 = DIRECTION ( 'NONE',  ( -1.000000000000000000, -2.955192115090245113E-15, -5.975215637102569992E-16 ) ) ;
#5386 = ADVANCED_FACE ( 'NONE', ( #7050 ), #4457, .T. ) ;
#5387 = ORIENTED_EDGE ( 'NONE', *, *, #11264, .F. ) ;
#5388 = FACE_OUTER_BOUND ( 'NONE', #2341, .T. ) ;
#5389 = DIRECTION ( 'NONE',  ( 0.000000000000000000, 0.000000000000000000, -1.000000000000000000 ) ) ;
#5390 = ORIENTED_EDGE ( 'NONE', *, *, #74, .T. ) ;
#5391 = CARTESIAN_POINT ( 'NONE',  ( 150.3786849975589917, 6.215927124023390427, 158.7207935539340156 ) ) ;
#5392 = DIRECTION ( 'NONE',  ( -1.861290285010989883E-15, 1.000000000000000000, 0.000000000000000000 ) ) ;
#5393 = ORIENTED_EDGE ( 'NONE', *, *, #3441, .T. ) ;
#5394 = ADVANCED_FACE ( 'NONE', ( #7104 ), #4287, .T. ) ;
#5395 = DIRECTION ( 'NONE',  ( 0.000000000000000000, 0.000000000000000000, -1.000000000000000000 ) ) ;
#5396 = CARTESIAN_POINT ( 'NONE',  ( -290.7196780977375283, 98.22497351979143332, 206.1468306658009908 ) ) ;
#5397 = CARTESIAN_POINT ( 'NONE',  ( -101.0028839111329972, 63.61684799194339490, 158.7207935539340156 ) ) ;
#5398 = VERTEX_POINT ( 'NONE', #6993 ) ;
#5399 = EDGE_CURVE ( 'NONE', #2161, #3482, #7505, .T. ) ;
#5400 = CARTESIAN_POINT ( 'NONE',  ( -145.5894947051999964, 134.9871293177949951, 183.7207935539340156 ) ) ;
#5401 = EDGE_CURVE ( 'NONE', #3463, #8959, #8814, .T. ) ;
#5402 = LINE ( 'NONE', #2664, #1290 ) ;
#5403 = DIRECTION ( 'NONE',  ( -1.000000000000000000, 3.159943663115390253E-16, 0.000000000000000000 ) ) ;
#5404 = ORIENTED_EDGE ( 'NONE', *, *, #3180, .T. ) ;
#5405 = DIRECTION ( 'NONE',  ( -1.000000000000000000, 0.000000000000000000, 0.000000000000000000 ) ) ;
#5406 = CARTESIAN_POINT ( 'NONE',  ( -62.68753156017800876, 98.04149627685548296, 158.7207935539340156 ) ) ;
#5407 = ADVANCED_FACE ( 'NONE', ( #792 ), #7759, .F. ) ;
#5408 = FACE_OUTER_BOUND ( 'NONE', #8691, .T. ) ;
#5409 = TOROIDAL_SURFACE ( 'NONE', #1693, 15.90485382080079901, 3.000000000000000000 ) ;
#5410 = EDGE_CURVE ( 'NONE', #3399, #9767, #3069, .T. ) ;
#5411 = CARTESIAN_POINT ( 'NONE',  ( -83.01555633544920454, 89.42653656005859375, 183.7207935539340156 ) ) ;
#5412 = EDGE_CURVE ( 'NONE', #7224, #9282, #7133, .T. ) ;
#5413 = FACE_OUTER_BOUND ( 'NONE', #8196, .T. ) ;
#5414 = CARTESIAN_POINT ( 'NONE',  ( -197.1789894103999927, 62.93042171836590626, 183.7207935539340156 ) ) ;
#5415 = ORIENTED_EDGE ( 'NONE', *, *, #7885, .F. ) ;
#5416 = ORIENTED_EDGE ( 'NONE', *, *, #1081, .T. ) ;
#5417 = VERTEX_POINT ( 'NONE', #3408 ) ;
#5418 = DIRECTION ( 'NONE',  ( 0.000000000000000000, 0.000000000000000000, -1.000000000000000000 ) ) ;
#5419 = ORIENTED_EDGE ( 'NONE', *, *, #10530, .F. ) ;
#5420 = CARTESIAN_POINT ( 'NONE',  ( -288.9107394941405573, 61.42345659141656711, 183.7207935539340156 ) ) ;
#5421 = AXIS2_PLACEMENT_3D ( 'NONE', #6578, #4802, #9383 ) ;
#5422 = EDGE_CURVE ( 'NONE', #7222, #7977, #6952, .T. ) ;
#5423 = CARTESIAN_POINT ( 'NONE',  ( 0.000000000000000000, 0.000000000000000000, 183.7207935539340156 ) ) ;
#5424 = DIRECTION ( 'NONE',  ( 0.000000000000000000, 0.000000000000000000, 1.000000000000000000 ) ) ;
#5426 = FACE_OUTER_BOUND ( 'NONE', #2079, .T. ) ;
#5425 = CIRCLE ( 'NONE', #4320, 3.000000000000002665 ) ;
#5427 = DIRECTION ( 'NONE',  ( 1.000000000000000000, 2.357670551379990086E-15, 0.000000000000000000 ) ) ;
#5428 = ORIENTED_EDGE ( 'NONE', *, *, #8120, .F. ) ;
#5429 = VERTEX_POINT ( 'NONE', #1608 ) ;
#5430 = CARTESIAN_POINT ( 'NONE',  ( 143.8209962844850054, -1.665334536937729762E-14, 155.7207935539340156 ) ) ;
#5431 = ORIENTED_EDGE ( 'NONE', *, *, #5068, .T. ) ;
#5432 = FACE_OUTER_BOUND ( 'NONE', #360, .T. ) ;
#5433 = EDGE_CURVE ( 'NONE', #9634, #9767, #5109, .T. ) ;
#5434 = DIRECTION ( 'NONE',  ( 1.000000000000000000, -3.313307049615620357E-15, 2.394066291848865380E-16 ) ) ;
#5435 = CARTESIAN_POINT ( 'NONE',  ( 267.5316238403320312, 62.15238189787612555, 207.2563274598667533 ) ) ;
#5436 = DIRECTION ( 'NONE',  ( 0.000000000000000000, 1.000000000000000000, 0.000000000000000000 ) ) ;
#5437 = AXIS2_PLACEMENT_3D ( 'NONE', #2220, #7385, #1243 ) ;
#5438 = DIRECTION ( 'NONE',  ( 0.000000000000000000, 0.000000000000000000, 1.000000000000000000 ) ) ;
#5439 = AXIS2_PLACEMENT_3D ( 'NONE', #348, #10938, #10875 ) ;
#5440 = CARTESIAN_POINT ( 'NONE',  ( -291.1789894103999927, 121.1461743181297521, 158.7207935539340156 ) ) ;
#5441 = ORIENTED_EDGE ( 'NONE', *, *, #7399, .T. ) ;
#5442 = DIRECTION ( 'NONE',  ( 1.000000000000000000, 0.000000000000000000, 0.000000000000000000 ) ) ;
#5443 = DIRECTION ( 'NONE',  ( 0.000000000000000000, 0.000000000000000000, 1.000000000000000000 ) ) ;
#5444 = ORIENTED_EDGE ( 'NONE', *, *, #10110, .T. ) ;
#5445 = DIRECTION ( 'NONE',  ( 1.000000000000000000, -4.475536128753789939E-15, 0.000000000000000000 ) ) ;
#5446 = FACE_OUTER_BOUND ( 'NONE', #1214, .T. ) ;
#5447 = ORIENTED_EDGE ( 'NONE', *, *, #4380, .T. ) ;
#5448 = DIRECTION ( 'NONE',  ( 0.000000000000000000, -1.000000000000000000, 0.000000000000000000 ) ) ;
#5449 = DIRECTION ( 'NONE',  ( 0.000000000000000000, -0.7071067811865460184, 0.7071067811865487940 ) ) ;
#5450 = CYLINDRICAL_SURFACE ( 'NONE', #7383, 2.999999999999989786 ) ;
#5451 = EDGE_CURVE ( 'NONE', #2403, #9731, #1575, .T. ) ;
#5452 = ORIENTED_EDGE ( 'NONE', *, *, #7534, .T. ) ;
#5453 = CARTESIAN_POINT ( 'NONE',  ( -172.9562072518735647, 22.12077844267901128, 155.7207935539340156 ) ) ;
#5454 = DIRECTION ( 'NONE',  ( -1.000000000000000000, -1.104968027632495817E-16, 1.104968027632493845E-16 ) ) ;
#5455 = CYLINDRICAL_SURFACE ( 'NONE', #9573, 2.999999999999988898 ) ;
#5456 = AXIS2_PLACEMENT_3D ( 'NONE', #127, #7312, #3783 ) ;
#5457 = ORIENTED_EDGE ( 'NONE', *, *, #4488, .F. ) ;
#5458 = FACE_OUTER_BOUND ( 'NONE', #2809, .T. ) ;
#5459 = LINE ( 'NONE', #1053, #7484 ) ;
#5460 = DIRECTION ( 'NONE',  ( -1.000000000000000000, 9.747022401918829411E-18, 0.000000000000000000 ) ) ;
#5461 = VECTOR ( 'NONE', #353, 1000.000000000000000 ) ;
#5462 = EDGE_CURVE ( 'NONE', #2700, #2105, #2882, .T. ) ;
#5463 = VECTOR ( 'NONE', #8719, 1000.000000000000000 ) ;
#5464 = AXIS2_PLACEMENT_3D ( 'NONE', #10229, #7707, #8585 ) ;
#5465 = CARTESIAN_POINT ( 'NONE',  ( 242.0197296142629853, 22.12078094482420099, 143.7207935539339871 ) ) ;
#5466 = VECTOR ( 'NONE', #1556, 1000.000000000000000 ) ;
#5467 = DIRECTION ( 'NONE',  ( -1.000000000000000000, -5.490584315426699629E-17, 5.490584315426699629E-17 ) ) ;
#5468 = CARTESIAN_POINT ( 'NONE',  ( -101.0028879108200073, 22.12077988203879997, 158.7207935539340156 ) ) ;
#5469 = EDGE_LOOP ( 'NONE', ( #1256, #7745 ) ) ;
#5470 = ORIENTED_EDGE ( 'NONE', *, *, #9045, .T. ) ;
#5471 = ORIENTED_EDGE ( 'NONE', *, *, #6489, .F. ) ;
#5472 = DIRECTION ( 'NONE',  ( -0.000000000000000000, -1.000000000000000000, -0.000000000000000000 ) ) ;
#5473 = CARTESIAN_POINT ( 'NONE',  ( -289.7952171699341193, 66.57801526103084200, 183.7207935539340724 ) ) ;
#5474 = CIRCLE ( 'NONE', #8449, 12.90499687194819600 ) ;
#5475 = EDGE_CURVE ( 'NONE', #11138, #6369, #8753, .T. ) ;
#5476 = ORIENTED_EDGE ( 'NONE', *, *, #7606, .T. ) ;
#5477 = CARTESIAN_POINT ( 'NONE',  ( 94.82099151611289756, 113.0032546901280028, 189.4823578626660208 ) ) ;
#5478 = VECTOR ( 'NONE', #9042, 1000.000000000000000 ) ;
#5479 = VECTOR ( 'NONE', #2194, 1000.000000000000000 ) ;
#5480 = CARTESIAN_POINT ( 'NONE',  ( 48.73295307159440171, 58.61684799194339490, 203.7207935539339871 ) ) ;
#5481 = DIRECTION ( 'NONE',  ( 1.000000000000000000, 1.550171293047343908E-15, 0.000000000000000000 ) ) ;
#5482 = EDGE_CURVE ( 'NONE', #2095, #9358, #1411, .T. ) ;
#5483 = LINE ( 'NONE', #2051, #439 ) ;
#5484 = CIRCLE ( 'NONE', #7511, 17.90484428405759942 ) ;
#5485 = DIRECTION ( 'NONE',  ( 0.000000000000000000, -0.7071067811865475727, 0.7071067811865475727 ) ) ;
#5486 = ORIENTED_EDGE ( 'NONE', *, *, #9811, .F. ) ;
#5487 = ORIENTED_EDGE ( 'NONE', *, *, #9143, .T. ) ;
#5488 = ORIENTED_EDGE ( 'NONE', *, *, #1855, .T. ) ;
#5489 = FACE_OUTER_BOUND ( 'NONE', #7966, .T. ) ;
#5490 = AXIS2_PLACEMENT_3D ( 'NONE', #7621, #9439, #1475 ) ;
#5491 = VECTOR ( 'NONE', #5609, 1000.000000000000000 ) ;
#5492 = ORIENTED_EDGE ( 'NONE', *, *, #11409, .F. ) ;
#5493 = DIRECTION ( 'NONE',  ( 8.166800569142643757E-11, -1.000000000000000000, 0.000000000000000000 ) ) ;
#5494 = DIRECTION ( 'NONE',  ( 0.000000000000000000, 0.000000000000000000, 1.000000000000000000 ) ) ;
#5495 = DIRECTION ( 'NONE',  ( -1.000000000000000000, 9.747022401918829411E-18, 0.000000000000000000 ) ) ;
#5496 = EDGE_CURVE ( 'NONE', #9545, #9819, #2148, .T. ) ;
#5497 = CARTESIAN_POINT ( 'NONE',  ( 80.65757751464838066, 89.42653656005859375, 153.7207935539340156 ) ) ;
#5498 = DIRECTION ( 'NONE',  ( 0.000000000000000000, 0.000000000000000000, -1.000000000000000000 ) ) ;
#5499 = AXIS2_PLACEMENT_3D ( 'NONE', #7892, #7013, #2607 ) ;
#5500 = EDGE_CURVE ( 'NONE', #3853, #2510, #1950, .T. ) ;
#5501 = EDGE_CURVE ( 'NONE', #7674, #3111, #6420, .T. ) ;
#5502 = CARTESIAN_POINT ( 'NONE',  ( -134.7493367092509970, 76.52169227600100498, 133.7207935539339871 ) ) ;
#5503 = ORIENTED_EDGE ( 'NONE', *, *, #6410, .T. ) ;
#5504 = CARTESIAN_POINT ( 'NONE',  ( -83.01555633544920454, 90.89100265412587021, 207.2563274598667533 ) ) ;
#5505 = ORIENTED_EDGE ( 'NONE', *, *, #9627, .T. ) ;
#5506 = DIRECTION ( 'NONE',  ( 0.000000000000000000, 0.000000000000000000, -1.000000000000000000 ) ) ;
#5507 = DIRECTION ( 'NONE',  ( 0.000000000000000000, 0.000000000000000000, -1.000000000000000000 ) ) ;
#5508 = ORIENTED_EDGE ( 'NONE', *, *, #8258, .F. ) ;
#5509 = CARTESIAN_POINT ( 'NONE',  ( 66.19566215527819963, 89.42653656005880691, 158.7207935539340156 ) ) ;
#5510 = DIRECTION ( 'NONE',  ( 0.000000000000000000, 0.4574731813344888320, 0.8892234186972931553 ) ) ;
#5511 = CARTESIAN_POINT ( 'NONE',  ( -45.45299509213570133, 62.21578598022459516, 133.7207935539339871 ) ) ;
#5512 = ORIENTED_EDGE ( 'NONE', *, *, #4399, .F. ) ;
#5513 = DIRECTION ( 'NONE',  ( -0.7071067811865382469, 0.000000000000000000, 0.7071067811865567876 ) ) ;
#5514 = AXIS2_PLACEMENT_3D ( 'NONE', #9066, #11050, #10059 ) ;
#5515 = FACE_OUTER_BOUND ( 'NONE', #8275, .T. ) ;
#5516 = FACE_OUTER_BOUND ( 'NONE', #3654, .T. ) ;
#5517 = VERTEX_POINT ( 'NONE', #2990 ) ;
#5518 = EDGE_CURVE ( 'NONE', #4799, #8680, #2333, .T. ) ;
#5519 = LINE ( 'NONE', #3948, #6584 ) ;
#5520 = CARTESIAN_POINT ( 'NONE',  ( -289.6069291897040330, 65.48155513239977665, 158.7215128303392078 ) ) ;
#5521 = ORIENTED_EDGE ( 'NONE', *, *, #1216, .T. ) ;
#5522 = CARTESIAN_POINT ( 'NONE',  ( -146.1789941787719727, 116.9783032755032224, 208.4438521006772191 ) ) ;
#5523 = LINE ( 'NONE', #6614, #6930 ) ;
#5524 = EDGE_CURVE ( 'NONE', #11471, #5585, #9778, .T. ) ;
#5525 = FACE_OUTER_BOUND ( 'NONE', #6108, .T. ) ;
#5526 = CARTESIAN_POINT ( 'NONE',  ( 287.9423118596726567, 0.8786796564403585030, 157.8421138974936468 ) ) ;
#5527 = DIRECTION ( 'NONE',  ( -7.558965274043620048E-16, 1.000000000000000000, 0.000000000000000000 ) ) ;
#5528 = DIRECTION ( 'NONE',  ( 1.000000000000000000, 0.000000000000000000, 0.000000000000000000 ) ) ;
#5529 = EDGE_CURVE ( 'NONE', #6433, #5730, #2062, .T. ) ;
#5530 = ORIENTED_EDGE ( 'NONE', *, *, #4380, .F. ) ;
#5531 = ORIENTED_EDGE ( 'NONE', *, *, #10003, .F. ) ;
#5532 = ORIENTED_EDGE ( 'NONE', *, *, #9329, .F. ) ;
#5533 = LINE ( 'NONE', #7256, #4737 ) ;
#5534 = CARTESIAN_POINT ( 'NONE',  ( -269.8896026611329830, 6.215927124023419736, 158.7207935539340156 ) ) ;
#5535 = AXIS2_PLACEMENT_3D ( 'NONE', #1780, #8157, #202 ) ;
#5536 = AXIS2_PLACEMENT_3D ( 'NONE', #4819, #1376, #10339 ) ;
#5537 = LINE ( 'NONE', #4498, #8246 ) ;
#5538 = CIRCLE ( 'NONE', #4243, 3.000000000000007994 ) ;
#5539 = CARTESIAN_POINT ( 'NONE',  ( 287.5950322765500573, 63.74147249388794023, 158.1665461559166204 ) ) ;
#5540 = DIRECTION ( 'NONE',  ( 0.000000000000000000, 0.000000000000000000, -1.000000000000000000 ) ) ;
#5541 = VECTOR ( 'NONE', #2788, 1000.000000000000000 ) ;
#5542 = DIRECTION ( 'NONE',  ( 1.000000000000000000, 7.558965274043620048E-16, 0.000000000000000000 ) ) ;
#5543 = CARTESIAN_POINT ( 'NONE',  ( 132.3913192749020027, 22.12078094482420099, 158.7207935539340156 ) ) ;
#5544 = EDGE_CURVE ( 'NONE', #3918, #2159, #11260, .T. ) ;
#5545 = EDGE_LOOP ( 'NONE', ( #6397, #10369, #5387, #4286, #8788 ) ) ;
#5546 = ADVANCED_FACE ( 'NONE', ( #7278 ), #5383, .T. ) ;
#5547 = EDGE_LOOP ( 'NONE', ( #1366, #321, #8279, #3166, #9646, #2524 ) ) ;
#5548 = ORIENTED_EDGE ( 'NONE', *, *, #5707, .F. ) ;
#5549 = DIRECTION ( 'NONE',  ( 0.000000000000000000, 0.000000000000000000, 1.000000000000000000 ) ) ;
#5550 = ORIENTED_EDGE ( 'NONE', *, *, #5621, .T. ) ;
#5551 = DIRECTION ( 'NONE',  ( -1.000000000000000000, 0.000000000000000000, 0.000000000000000000 ) ) ;
#5552 = CARTESIAN_POINT ( 'NONE',  ( 194.0887584690793801, 114.5107393763349961, 207.9885605069003702 ) ) ;
#5553 = LINE ( 'NONE', #329, #2881 ) ;
#5554 = EDGE_CURVE ( 'NONE', #1416, #4801, #1788, .T. ) ;
#5555 = DIRECTION ( 'NONE',  ( -8.208433932565630885E-11, -1.000000000000000000, 0.000000000000000000 ) ) ;
#5556 = DIRECTION ( 'NONE',  ( -1.000000000000000000, 0.000000000000000000, 0.000000000000000000 ) ) ;
#5557 = AXIS2_PLACEMENT_3D ( 'NONE', #9818, #9763, #6082 ) ;
#5558 = CARTESIAN_POINT ( 'NONE',  ( -218.8657760620120314, 89.42653656005859375, 183.7207935539340156 ) ) ;
#5559 = EDGE_CURVE ( 'NONE', #3305, #5517, #1023, .T. ) ;
#5560 = VERTEX_POINT ( 'NONE', #331 ) ;
#5561 = CARTESIAN_POINT ( 'NONE',  ( 144.4104957580560153, 146.6537969942370125, 158.7207935539340156 ) ) ;
#5562 = ORIENTED_EDGE ( 'NONE', *, *, #6581, .F. ) ;
#5563 = CARTESIAN_POINT ( 'NONE',  ( -134.7493362426759802, 22.12078094482420099, 155.7207935539340156 ) ) ;
#5564 = VERTEX_POINT ( 'NONE', #10974 ) ;
#5565 = CARTESIAN_POINT ( 'NONE',  ( -218.8657760620120314, 76.52169227600100498, 150.7207935539340156 ) ) ;
#5566 = CARTESIAN_POINT ( 'NONE',  ( -134.7493367092509970, 89.42653656005859375, 203.7207935539339871 ) ) ;
#5567 = EDGE_CURVE ( 'NONE', #4487, #9049, #4390, .T. ) ;
#5568 = DIRECTION ( 'NONE',  ( -1.000000000000000000, 0.000000000000000000, 0.000000000000000000 ) ) ;
#5569 = ORIENTED_EDGE ( 'NONE', *, *, #7042, .T. ) ;
#5570 = CARTESIAN_POINT ( 'NONE',  ( -152.7366433887729897, 76.52169227600100498, 203.7207935539339871 ) ) ;
#5571 = CYLINDRICAL_SURFACE ( 'NONE', #6791, 12.90484428405759587 ) ;
#5572 = CARTESIAN_POINT ( 'NONE',  ( -97.01854251563214859, 118.1741734273991824, 207.2468021671475356 ) ) ;
#5573 = ORIENTED_EDGE ( 'NONE', *, *, #10822, .F. ) ;
#5574 = CYLINDRICAL_SURFACE ( 'NONE', #5113, 12.90500640869139737 ) ;
#5575 = DIRECTION ( 'NONE',  ( -4.688749442782618508E-16, 0.7191424945380946454, -0.6948626285457626395 ) ) ;
#5576 = ORIENTED_EDGE ( 'NONE', *, *, #1433, .F. ) ;
#5577 = CARTESIAN_POINT ( 'NONE',  ( 216.5078370698039976, 76.52169227600100498, 203.7207935539339871 ) ) ;
#5578 = EDGE_CURVE ( 'NONE', #8790, #2340, #855, .T. ) ;
#5579 = CARTESIAN_POINT ( 'NONE',  ( -290.0641448506059987, 68.05320874732420577, 184.1176861047080138 ) ) ;
#5580 = CIRCLE ( 'NONE', #4471, 2.999999999999999112 ) ;
#5581 = DIRECTION ( 'NONE',  ( 0.000000000000000000, 0.000000000000000000, -1.000000000000000000 ) ) ;
#5582 = PLANE ( 'NONE',  #5063 ) ;
#5583 = CARTESIAN_POINT ( 'NONE',  ( 150.3786849975589917, 76.52169227600100498, 203.7207935539339871 ) ) ;
#5584 = ORIENTED_EDGE ( 'NONE', *, *, #9059, .T. ) ;
#5585 = VERTEX_POINT ( 'NONE', #9918 ) ;
#5586 = EDGE_LOOP ( 'NONE', ( #8223, #4681, #3155, #5251 ) ) ;
#5587 = FACE_OUTER_BOUND ( 'NONE', #9526, .T. ) ;
#5588 = AXIS2_PLACEMENT_3D ( 'NONE', #6705, #11276, #5734 ) ;
#5589 = ORIENTED_EDGE ( 'NONE', *, *, #5410, .T. ) ;
#5590 = DIRECTION ( 'NONE',  ( 0.9999999999999995559, 2.745767267742054676E-08, 0.000000000000000000 ) ) ;
#5591 = AXIS2_PLACEMENT_3D ( 'NONE', #8592, #1502, #5696 ) ;
#5592 = EDGE_CURVE ( 'NONE', #4250, #9135, #589, .T. ) ;
#5593 = CYLINDRICAL_SURFACE ( 'NONE', #9406, 5.000000000000012434 ) ;
#5594 = CARTESIAN_POINT ( 'NONE',  ( 286.7846512146948612, 62.78523909405858916, 158.7218874256500385 ) ) ;
#5595 = FACE_OUTER_BOUND ( 'NONE', #2055, .T. ) ;
#5596 = CARTESIAN_POINT ( 'NONE',  ( 98.64490509032830801, 35.02563291343319918, 155.7207935539340156 ) ) ;
#5597 = ORIENTED_EDGE ( 'NONE', *, *, #1804, .T. ) ;
#5598 = CIRCLE ( 'NONE', #5241, 12.90484428405769712 ) ;
#5599 = VERTEX_POINT ( 'NONE', #4690 ) ;
#5600 = EDGE_LOOP ( 'NONE', ( #8018, #1794, #5367, #1680 ) ) ;
#5601 = DIRECTION ( 'NONE',  ( 0.000000000000000000, -1.000000000000000000, 0.000000000000000000 ) ) ;
#5602 = CIRCLE ( 'NONE', #2078, 12.90485382080080967 ) ;
#5603 = ORIENTED_EDGE ( 'NONE', *, *, #11104, .T. ) ;
#5604 = CARTESIAN_POINT ( 'NONE',  ( 60.32955169677730112, 93.04149627685561086, 203.7207935539339871 ) ) ;
#5605 = LINE ( 'NONE', #9154, #7742 ) ;
#5606 = CARTESIAN_POINT ( 'NONE',  ( 288.8201017744300430, 75.12226873618268996, 156.2831703100139862 ) ) ;
#5607 = CARTESIAN_POINT ( 'NONE',  ( 284.3593478675729784, 60.48538819502430641, 186.7207935539340156 ) ) ;
#5608 = EDGE_CURVE ( 'NONE', #2392, #11224, #10795, .T. ) ;
#5609 = DIRECTION ( 'NONE',  ( -3.259958546737109864E-16, 1.000000000000000000, 3.259958546737109864E-16 ) ) ;
#5610 = AXIS2_PLACEMENT_3D ( 'NONE', #2743, #8857, #6284 ) ;
#5611 = PLANE ( 'NONE',  #2885 ) ;
#5612 = VERTEX_POINT ( 'NONE', #7219 ) ;
#5613 = FACE_OUTER_BOUND ( 'NONE', #4047, .T. ) ;
#5614 = ORIENTED_EDGE ( 'NONE', *, *, #5206, .T. ) ;
#5615 = DIRECTION ( 'NONE',  ( 0.000000000000000000, 0.000000000000000000, 1.000000000000000000 ) ) ;
#5616 = CIRCLE ( 'NONE', #9144, 17.90484428405759942 ) ;
#5617 = ORIENTED_EDGE ( 'NONE', *, *, #10695, .F. ) ;
#5618 = LINE ( 'NONE', #10754, #6402 ) ;
#5619 = CIRCLE ( 'NONE', #1351, 12.90485382080080967 ) ;
#5620 = CARTESIAN_POINT ( 'NONE',  ( 44.11727905273430395, 110.9465026855470029, 188.7207935539340156 ) ) ;
#5621 = EDGE_CURVE ( 'NONE', #3199, #11195, #6356, .T. ) ;
#5622 = ORIENTED_EDGE ( 'NONE', *, *, #8287, .T. ) ;
#5623 = CARTESIAN_POINT ( 'NONE',  ( -45.45299509213570133, 62.21578598022459516, 133.7207935539339871 ) ) ;
#5624 = DIRECTION ( 'NONE',  ( 1.000000000000000000, 0.000000000000000000, 0.000000000000000000 ) ) ;
#5625 = EDGE_CURVE ( 'NONE', #8963, #7649, #7342, .T. ) ;
#5626 = FACE_OUTER_BOUND ( 'NONE', #9732, .T. ) ;
#5627 = EDGE_LOOP ( 'NONE', ( #6804, #62, #1497, #9267, #8024, #7691 ) ) ;
#5628 = CARTESIAN_POINT ( 'NONE',  ( 29.57527637481700111, 96.57703018278823492, 207.2563274598667533 ) ) ;
#5629 = VERTEX_POINT ( 'NONE', #3872 ) ;
#5630 = DIRECTION ( 'NONE',  ( 1.000000000000000000, 0.000000000000000000, 0.000000000000000000 ) ) ;
#5631 = LINE ( 'NONE', #7420, #7862 ) ;
#5632 = AXIS2_PLACEMENT_3D ( 'NONE', #5796, #398, #6545 ) ;
#5633 = CARTESIAN_POINT ( 'NONE',  ( 163.2835388183598013, 22.12078094482419743, 155.7207935539340156 ) ) ;
#5634 = AXIS2_PLACEMENT_3D ( 'NONE', #1349, #2335, #10309 ) ;
#5635 = EDGE_CURVE ( 'NONE', #11274, #2625, #6697, .T. ) ;
#5636 = CARTESIAN_POINT ( 'NONE',  ( 183.5030736399810110, 76.52168743035359455, 133.7207935539339871 ) ) ;
#5637 = DIRECTION ( 'NONE',  ( 0.000000000000000000, 0.000000000000000000, -1.000000000000000000 ) ) ;
#5638 = VERTEX_POINT ( 'NONE', #7570 ) ;
#5639 = ORIENTED_EDGE ( 'NONE', *, *, #10837, .T. ) ;
#5640 = ORIENTED_EDGE ( 'NONE', *, *, #639, .F. ) ;
#5641 = CARTESIAN_POINT ( 'NONE',  ( 115.5181253125262373, 80.15858871346944170, 208.6791323678324090 ) ) ;
#5642 = AXIS2_PLACEMENT_3D ( 'NONE', #7777, #11467, #8666 ) ;
#5643 = DIRECTION ( 'NONE',  ( 0.000000000000000000, 0.000000000000000000, -1.000000000000000000 ) ) ;
#5644 = AXIS2_PLACEMENT_3D ( 'NONE', #1346, #6680, #8435 ) ;
#5645 = CARTESIAN_POINT ( 'NONE',  ( -286.9428337313078714, 58.21626709546176670, 184.0994343888712592 ) ) ;
#5646 = CIRCLE ( 'NONE', #6562, 12.90485318971759732 ) ;
#5647 = AXIS2_PLACEMENT_3D ( 'NONE', #6514, #6405, #5481 ) ;
#5648 = DIRECTION ( 'NONE',  ( -1.000000000000000000, -8.450180604994459110E-17, 8.450180604994449250E-17 ) ) ;
#5649 = DIRECTION ( 'NONE',  ( -1.000000000000000000, -6.371362471312250252E-17, 6.371362471312250252E-17 ) ) ;
#5650 = FACE_OUTER_BOUND ( 'NONE', #3073, .T. ) ;
#5651 = ORIENTED_EDGE ( 'NONE', *, *, #587, .T. ) ;
#5652 = EDGE_LOOP ( 'NONE', ( #7710, #4275, #9110, #3729 ) ) ;
#5653 = ORIENTED_EDGE ( 'NONE', *, *, #3319, .F. ) ;
#5654 = CARTESIAN_POINT ( 'NONE',  ( -51.09094142913819780, 94.42653656005860796, 203.7207935539339871 ) ) ;
#5655 = AXIS2_PLACEMENT_3D ( 'NONE', #6986, #11325, #1536 ) ;
#5656 = EDGE_CURVE ( 'NONE', #7947, #1899, #6220, .T. ) ;
#5657 = ORIENTED_EDGE ( 'NONE', *, *, #4702, .T. ) ;
#5658 = VECTOR ( 'NONE', #4134, 1000.000000000000000 ) ;
#5659 = DIRECTION ( 'NONE',  ( -1.000000000000000000, 0.000000000000000000, 0.000000000000000000 ) ) ;
#5660 = AXIS2_PLACEMENT_3D ( 'NONE', #7289, #4701, #6367 ) ;
#5661 = VECTOR ( 'NONE', #4406, 1000.000000000000000 ) ;
#5662 = FACE_OUTER_BOUND ( 'NONE', #9252, .T. ) ;
#5663 = DIRECTION ( 'NONE',  ( 0.000000000000000000, 0.000000000000000000, 1.000000000000000000 ) ) ;
#5664 = EDGE_CURVE ( 'NONE', #2660, #2997, #9273, .T. ) ;
#5665 = DIRECTION ( 'NONE',  ( 1.000000000000000000, 1.817666293956048780E-15, 0.000000000000000000 ) ) ;
#5666 = DIRECTION ( 'NONE',  ( 1.000000000000000000, 0.000000000000000000, 0.000000000000000000 ) ) ;
#5667 = VECTOR ( 'NONE', #5737, 1000.000000000000000 ) ;
#5668 = CIRCLE ( 'NONE', #8460, 15.90485388537120492 ) ;
#5669 = DIRECTION ( 'NONE',  ( 0.000000000000000000, -1.000000000000000000, 0.000000000000000000 ) ) ;
#5670 = ORIENTED_EDGE ( 'NONE', *, *, #7489, .F. ) ;
#5671 = AXIS2_PLACEMENT_3D ( 'NONE', #5502, #2593, #10742 ) ;
#5672 = VECTOR ( 'NONE', #5244, 1000.000000000000000 ) ;
#5673 = FACE_BOUND ( 'NONE', #1469, .T. ) ;
#5674 = EDGE_CURVE ( 'NONE', #2451, #10528, #9014, .T. ) ;
#5675 = VERTEX_POINT ( 'NONE', #2179 ) ;
#5676 =( BOUNDED_CURVE ( )  B_SPLINE_CURVE ( 3, ( #1158, #2029, #9120, #7416 ),
 .UNSPECIFIED., .F., .F. ) 
 B_SPLINE_CURVE_WITH_KNOTS ( ( 4, 4 ),
 ( 0.7853981633974657095, 1.570796326794897002 ),
 .UNSPECIFIED. ) 
 CURVE ( )  GEOMETRIC_REPRESENTATION_ITEM ( )  RATIONAL_B_SPLINE_CURVE ( ( 1.000000000000000000, 0.9492530216741933424, 0.9492530216741933424, 1.000000000000000000 ) ) 
 REPRESENTATION_ITEM ( '' )  );
#5677 = LINE ( 'NONE', #4921, #418 ) ;
#5678 = CARTESIAN_POINT ( 'NONE',  ( 98.64490509033210230, 89.42653656005859375, 183.7207935539340156 ) ) ;
#5679 = EDGE_LOOP ( 'NONE', ( #9161, #5573, #769, #3747 ) ) ;
#5680 = DIRECTION ( 'NONE',  ( 0.000000000000000000, 0.000000000000000000, -1.000000000000000000 ) ) ;
#5681 = CARTESIAN_POINT ( 'NONE',  ( -42.09727764129630145, 58.61684799194339490, 203.7207935539339871 ) ) ;
#5682 = DIRECTION ( 'NONE',  ( 2.002303713784079765E-16, 1.000000000000000000, 0.000000000000000000 ) ) ;
#5683 = AXIS2_PLACEMENT_3D ( 'NONE', #3456, #6168, #4325 ) ;
#5684 = VECTOR ( 'NONE', #6287, 1000.000000000000000 ) ;
#5685 = ORIENTED_EDGE ( 'NONE', *, *, #8213, .T. ) ;
#5686 = DIRECTION ( 'NONE',  ( 0.000000000000000000, -1.000000000000000000, 0.000000000000000000 ) ) ;
#5687 = AXIS2_PLACEMENT_3D ( 'NONE', #8552, #3324, #9483 ) ;
#5688 = CARTESIAN_POINT ( 'NONE',  ( 216.5078370686659923, 63.61684799194339490, 183.7207935539340156 ) ) ;
#5689 = LINE ( 'NONE', #4824, #10856 ) ;
#5690 = VERTEX_POINT ( 'NONE', #7447 ) ;
#5691 = AXIS2_PLACEMENT_3D ( 'NONE', #10935, #9001, #6373 ) ;
#5692 = EDGE_CURVE ( 'NONE', #2622, #771, #1966, .T. ) ;
#5693 = CARTESIAN_POINT ( 'NONE',  ( 80.65757751464838066, 63.61684799194339490, 183.7207935539340156 ) ) ;
#5694 = CARTESIAN_POINT ( 'NONE',  ( -290.4482188859699932, 69.74005044523980246, 158.7207935535700187 ) ) ;
#5695 = ORIENTED_EDGE ( 'NONE', *, *, #4945, .T. ) ;
#5696 = DIRECTION ( 'NONE',  ( -1.000000000000000000, 0.000000000000000000, 0.000000000000000000 ) ) ;
#5697 = CARTESIAN_POINT ( 'NONE',  ( -101.0029030371121053, 35.90431283853584432, 157.8421141661561080 ) ) ;
#5698 = CARTESIAN_POINT ( 'NONE',  ( -288.9949040368250053, 64.02521167726931139, 184.4476298067160087 ) ) ;
#5699 = EDGE_CURVE ( 'NONE', #3544, #7922, #3238, .T. ) ;
#5700 = DIRECTION ( 'NONE',  ( -0.9999999999999997780, -2.745767261373882970E-08, 0.000000000000000000 ) ) ;
#5701 = CARTESIAN_POINT ( 'NONE',  ( 80.65757751464829539, 76.52169227600100498, 203.7207935539339871 ) ) ;
#5702 = VERTEX_POINT ( 'NONE', #11027 ) ;
#5703 = VERTEX_POINT ( 'NONE', #4038 ) ;
#5704 = ORIENTED_EDGE ( 'NONE', *, *, #5625, .F. ) ;
#5705 = ADVANCED_FACE ( 'NONE', ( #10323 ), #3047, .F. ) ;
#5706 = FACE_OUTER_BOUND ( 'NONE', #4761, .T. ) ;
#5707 = EDGE_CURVE ( 'NONE', #3928, #11181, #9895, .T. ) ;
#5708 = DIRECTION ( 'NONE',  ( 2.740434456452409705E-16, -1.000000000000000000, 2.740434456452409705E-16 ) ) ;
#5709 = EDGE_CURVE ( 'NONE', #7224, #11511, #3164, .T. ) ;
#5710 = CYLINDRICAL_SURFACE ( 'NONE', #1228, 12.90500640869139737 ) ;
#5711 = CARTESIAN_POINT ( 'NONE',  ( 150.3786849975589917, 63.61684799194339490, 203.7207935539339871 ) ) ;
#5712 = DIRECTION ( 'NONE',  ( 0.5310885545960906118, -0.8473163206129310510, 0.000000000000000000 ) ) ;
#5713 = CARTESIAN_POINT ( 'NONE',  ( -95.82267236373634489, 116.9783032755032508, 208.4438521006772191 ) ) ;
#5714 = VERTEX_POINT ( 'NONE', #1424 ) ;
#5715 = ORIENTED_EDGE ( 'NONE', *, *, #8604, .T. ) ;
#5716 = VERTEX_POINT ( 'NONE', #6526 ) ;
#5717 = CARTESIAN_POINT ( 'NONE',  ( 288.8209915161129970, -1.776356839400250149E-14, 123.7207935539339871 ) ) ;
#5718 = AXIS2_PLACEMENT_3D ( 'NONE', #1514, #5981, #10093 ) ;
#5719 = VERTEX_POINT ( 'NONE', #9390 ) ;
#5720 = TOROIDAL_SURFACE ( 'NONE', #3501, 15.90484969578129970, 3.000000000000000000 ) ;
#5721 = DIRECTION ( 'NONE',  ( 1.000000000000000000, -9.747022401918829411E-18, 0.000000000000000000 ) ) ;
#5722 = ADVANCED_FACE ( 'NONE', ( #4969 ), #5023, .F. ) ;
#5723 = EDGE_CURVE ( 'NONE', #5585, #10579, #7139, .T. ) ;
#5724 = CARTESIAN_POINT ( 'NONE',  ( 216.5078353881840201, 9.215927124023419736, 155.7207935539340156 ) ) ;
#5725 = CARTESIAN_POINT ( 'NONE',  ( -146.1789941787719727, 46.32125139236439537, 186.7207935539340156 ) ) ;
#5726 = AXIS2_PLACEMENT_3D ( 'NONE', #10765, #124, #4721 ) ;
#5727 = VECTOR ( 'NONE', #4981, 1000.000000000000000 ) ;
#5728 = DIRECTION ( 'NONE',  ( 0.000000000000000000, 0.000000000000000000, 1.000000000000000000 ) ) ;
#5729 = ORIENTED_EDGE ( 'NONE', *, *, #11013, .F. ) ;
#5730 = VERTEX_POINT ( 'NONE', #8563 ) ;
#5731 = DIRECTION ( 'NONE',  ( 0.000000000000000000, 0.000000000000000000, -1.000000000000000000 ) ) ;
#5732 = ORIENTED_EDGE ( 'NONE', *, *, #441, .F. ) ;
#5733 = LINE ( 'NONE', #7692, #9708 ) ;
#5734 = DIRECTION ( 'NONE',  ( 0.000000000000000000, 0.000000000000000000, 1.000000000000000000 ) ) ;
#5735 = ORIENTED_EDGE ( 'NONE', *, *, #3390, .T. ) ;
#5736 = DIRECTION ( 'NONE',  ( -0.9999999999999995559, -2.745767247960928976E-08, 0.000000000000000000 ) ) ;
#5737 = DIRECTION ( 'NONE',  ( 0.9999999999999982236, -5.974482224770970270E-08, 1.749485260308541517E-16 ) ) ;
#5738 = CARTESIAN_POINT ( 'NONE',  ( -288.6789894103999927, 100.6369328146729885, 206.0796484784200118 ) ) ;
#5739 = EDGE_LOOP ( 'NONE', ( #7390, #3823 ) ) ;
#5740 = LINE ( 'NONE', #515, #1953 ) ;
#5741 = EDGE_CURVE ( 'NONE', #7821, #1470, #9204, .T. ) ;
#5742 = LINE ( 'NONE', #1384, #10099 ) ;
#5743 = DIRECTION ( 'NONE',  ( -1.000000000000000000, -4.452580259935949960E-17, 0.000000000000000000 ) ) ;
#5744 = ORIENTED_EDGE ( 'NONE', *, *, #7716, .F. ) ;
#5745 = CARTESIAN_POINT ( 'NONE',  ( -117.8761103101920042, 70.53189430591488929, 208.7207935539339871 ) ) ;
#5746 = CARTESIAN_POINT ( 'NONE',  ( -83.01555633544920454, 58.61684799194339490, 203.7207935539339871 ) ) ;
#5747 = EDGE_LOOP ( 'NONE', ( #4862, #9265, #4142, #1428, #3875 ) ) ;
#5748 = LINE ( 'NONE', #11057, #9877 ) ;
#5749 = LINE ( 'NONE', #5107, #6213 ) ;
#5750 = CARTESIAN_POINT ( 'NONE',  ( 60.32955169677730112, 98.04149627685548296, 203.7207935539339871 ) ) ;
#5751 = EDGE_CURVE ( 'NONE', #6042, #3399, #5668, .T. ) ;
#5752 = EDGE_CURVE ( 'NONE', #4552, #428, #8278, .T. ) ;
#5753 = AXIS2_PLACEMENT_3D ( 'NONE', #3740, #9262, #1298 ) ;
#5754 = ORIENTED_EDGE ( 'NONE', *, *, #6944, .F. ) ;
#5755 = DIRECTION ( 'NONE',  ( 0.000000000000000000, -1.000000000000000000, 0.000000000000000000 ) ) ;
#5756 = DIRECTION ( 'NONE',  ( 1.000000000000000000, 0.000000000000000000, 0.000000000000000000 ) ) ;
#5757 = ORIENTED_EDGE ( 'NONE', *, *, #818, .T. ) ;
#5758 = EDGE_CURVE ( 'NONE', #6523, #11274, #3638, .T. ) ;
#5759 = ORIENTED_EDGE ( 'NONE', *, *, #6627, .T. ) ;
#5760 = CARTESIAN_POINT ( 'NONE',  ( 115.5180851747556545, 78.80485920309196501, 208.6417849758628904 ) ) ;
#5761 = DIRECTION ( 'NONE',  ( -1.000000000000000000, 0.000000000000000000, 0.000000000000000000 ) ) ;
#5762 = ADVANCED_FACE ( 'NONE', ( #2456 ), #5997, .F. ) ;
#5763 = DIRECTION ( 'NONE',  ( 0.000000000000000000, 0.000000000000000000, -1.000000000000000000 ) ) ;
#5764 = EDGE_CURVE ( 'NONE', #913, #6081, #111, .T. ) ;
#5765 = DIRECTION ( 'NONE',  ( -1.000000000000000000, 7.105427357601030258E-15, 0.000000000000000000 ) ) ;
#5766 = DIRECTION ( 'NONE',  ( 1.000000000000000000, -1.635284895191439853E-16, 0.000000000000000000 ) ) ;
#5767 = CARTESIAN_POINT ( 'NONE',  ( 286.9586831980510055, 60.90248989012660275, 158.5608305757910159 ) ) ;
#5768 = AXIS2_PLACEMENT_3D ( 'NONE', #4174, #9294, #5963 ) ;
#5769 = ORIENTED_EDGE ( 'NONE', *, *, #1098, .F. ) ;
#5770 = EDGE_CURVE ( 'NONE', #3850, #2450, #10747, .T. ) ;
#5771 = VERTEX_POINT ( 'NONE', #9558 ) ;
#5772 = ORIENTED_EDGE ( 'NONE', *, *, #1726, .F. ) ;
#5773 = DIRECTION ( 'NONE',  ( 0.000000000000000000, -0.7071067811865460184, 0.7071067811865487940 ) ) ;
#5774 = ORIENTED_EDGE ( 'NONE', *, *, #7382, .F. ) ;
#5775 = CARTESIAN_POINT ( 'NONE',  ( -42.09727764129630145, 63.61684799194339490, 203.7207935539339871 ) ) ;
#5776 = CARTESIAN_POINT ( 'NONE',  ( 94.35497084745580310, 117.8685996535100031, 207.6743849957320265 ) ) ;
#5777 = CARTESIAN_POINT ( 'NONE',  ( -117.8761140082033592, 73.13298991280748851, 208.6722981548796270 ) ) ;
#5778 = DIRECTION ( 'NONE',  ( -1.000000000000000000, 3.159943663115390253E-16, 0.000000000000000000 ) ) ;
#5779 = AXIS2_PLACEMENT_3D ( 'NONE', #865, #3361, #9765 ) ;
#5780 = VECTOR ( 'NONE', #2892, 1000.000000000000000 ) ;
#5781 = DIRECTION ( 'NONE',  ( -1.000000000000000000, -1.226857528067280007E-08, 3.872322435549659356E-17 ) ) ;
#5782 = EDGE_LOOP ( 'NONE', ( #8679, #112, #1790, #8242 ) ) ;
#5783 = EDGE_CURVE ( 'NONE', #3509, #6757, #10377, .T. ) ;
#5784 = EDGE_LOOP ( 'NONE', ( #2222, #2459, #7655, #1231 ) ) ;
#5785 = DIRECTION ( 'NONE',  ( 0.000000000000000000, 0.000000000000000000, 1.000000000000000000 ) ) ;
#5786 = ORIENTED_EDGE ( 'NONE', *, *, #4274, .T. ) ;
#5787 = CYLINDRICAL_SURFACE ( 'NONE', #8577, 5.000000000000012434 ) ;
#5788 = CARTESIAN_POINT ( 'NONE',  ( 287.6141573150829913, 67.62280511159039520, 184.6278166765380035 ) ) ;
#5789 = ORIENTED_EDGE ( 'NONE', *, *, #10163, .F. ) ;
#5790 = CARTESIAN_POINT ( 'NONE',  ( -152.7366447448729900, 35.02563476562500000, 158.7207935539340156 ) ) ;
#5791 = CARTESIAN_POINT ( 'NONE',  ( -45.45299509106060043, 75.12078285217289420, 208.7207935539339871 ) ) ;
#5792 = AXIS2_PLACEMENT_3D ( 'NONE', #10155, #2985, #2176 ) ;
#5793 = DIRECTION ( 'NONE',  ( -0.7071067811865470176, 0.4913420766378104876, 0.5085105345273041033 ) ) ;
#5794 = EDGE_LOOP ( 'NONE', ( #9338, #343, #10329, #9360 ) ) ;
#5795 = LINE ( 'NONE', #4165, #11249 ) ;
#5796 = CARTESIAN_POINT ( 'NONE',  ( 132.3913249411490085, 58.61684799194329543, 203.7207935539339871 ) ) ;
#5797 = CARTESIAN_POINT ( 'NONE',  ( 94.82099151611289756, 153.0352742304899891, 141.9855927883679954 ) ) ;
#5798 = AXIS2_PLACEMENT_3D ( 'NONE', #9927, #7285, #9107 ) ;
#5799 = CARTESIAN_POINT ( 'NONE',  ( -83.01557540893639953, 35.02563398808279516, 155.7207935539340156 ) ) ;
#5800 = ORIENTED_EDGE ( 'NONE', *, *, #7591, .T. ) ;
#5801 = DIRECTION ( 'NONE',  ( 1.000000000000000000, 0.000000000000000000, 0.000000000000000000 ) ) ;
#5802 = CARTESIAN_POINT ( 'NONE',  ( -97.17898941040009220, 138.0740829037360129, 206.2207935539339871 ) ) ;
#5803 = ORIENTED_EDGE ( 'NONE', *, *, #675, .F. ) ;
#5804 = CARTESIAN_POINT ( 'NONE',  ( 43.09501647949219461, 75.12078285217289420, 203.7207935539339871 ) ) ;
#5805 = DIRECTION ( 'NONE',  ( 0.000000000000000000, 0.000000000000000000, -1.000000000000000000 ) ) ;
#5806 = EDGE_CURVE ( 'NONE', #8820, #4626, #5312, .T. ) ;
#5807 = CARTESIAN_POINT ( 'NONE',  ( -185.8610559998539884, 76.52168743035018394, 183.7207935539340156 ) ) ;
#5808 = VERTEX_POINT ( 'NONE', #834 ) ;
#5809 = ADVANCED_FACE ( 'NONE', ( #4328 ), #8797, .F. ) ;
#5810 = VERTEX_POINT ( 'NONE', #5076 ) ;
#5811 = DIRECTION ( 'NONE',  ( 9.747022401918829411E-18, 1.000000000000000000, 0.000000000000000000 ) ) ;
#5812 = ORIENTED_EDGE ( 'NONE', *, *, #10030, .F. ) ;
#5813 = VERTEX_POINT ( 'NONE', #3335 ) ;
#5814 = EDGE_CURVE ( 'NONE', #4319, #9321, #2519, .T. ) ;
#5815 = DIRECTION ( 'NONE',  ( 1.000000000000000000, -2.901163001883460083E-16, 0.000000000000000000 ) ) ;
#5816 = EDGE_CURVE ( 'NONE', #5901, #4437, #4269, .T. ) ;
#5817 = DIRECTION ( 'NONE',  ( 2.150785743182216738E-15, 1.000000000000000000, 0.000000000000000000 ) ) ;
#5818 = B_SPLINE_SURFACE_WITH_KNOTS ( 'NONE', 3, 3, ( 
 ( #10970, #4088, #7619, #11197, #660, #4210 ),
 ( #5137, #11317, #8616, #3512, #8682, #773 ),
 ( #721, #11428, #9550, #7912, #1702, #7675 ),
 ( #11258, #3277, #11483, #10604, #3453, #4266 ),
 ( #1586, #9676, #6055, #829, #6916, #7737 ) ),
 .UNSPECIFIED., .F., .F., .F.,
 ( 4, 1, 4 ),
 ( 4, 1, 1, 4 ),
 ( 0.000000000000000000, 0.5714285714285709528, 1.000000000000000000 ),
 ( -1.570796326794899889, -0.8975979010256580626, -0.4487989505128289758, 4.440892098500630106E-16 ),
 .UNSPECIFIED. ) ;
#5819 = AXIS2_PLACEMENT_3D ( 'NONE', #5909, #9512, #794 ) ;
#5820 = DIRECTION ( 'NONE',  ( 0.000000000000000000, 0.000000000000000000, -1.000000000000000000 ) ) ;
#5821 = DIRECTION ( 'NONE',  ( 0.000000000000000000, 0.3562957817360009605, -0.9343732208904169667 ) ) ;
#5822 = CARTESIAN_POINT ( 'NONE',  ( 288.8209915161129970, 76.32125139236430300, 155.7207935539340156 ) ) ;
#5823 = ORIENTED_EDGE ( 'NONE', *, *, #3574, .F. ) ;
#5824 = ORIENTED_EDGE ( 'NONE', *, *, #10163, .T. ) ;
#5825 = EDGE_LOOP ( 'NONE', ( #2000, #11137, #10519, #2654, #9867, #3851 ) ) ;
#5826 = DIRECTION ( 'NONE',  ( 0.000000000000000000, 0.000000000000000000, 1.000000000000000000 ) ) ;
#5827 = ADVANCED_FACE ( 'NONE', ( #7851 ), #2895, .T. ) ;
#5828 = VERTEX_POINT ( 'NONE', #11488 ) ;
#5829 = DIRECTION ( 'NONE',  ( 2.419605351497754917E-15, -1.000000000000000000, 0.000000000000000000 ) ) ;
#5830 = CIRCLE ( 'NONE', #3796, 12.90484428405760120 ) ;
#5831 = DIRECTION ( 'NONE',  ( 0.9999999999999997780, 2.745767261373882970E-08, 0.000000000000000000 ) ) ;
#5832 = TOROIDAL_SURFACE ( 'NONE', #7860, 17.90500640869139914, 5.000000000000000000 ) ;
#5833 = DIRECTION ( 'NONE',  ( 8.603041249769795435E-15, 1.000000000000000000, 0.000000000000000000 ) ) ;
#5834 = DIRECTION ( 'NONE',  ( 1.000000000000000000, -3.632510143678719152E-17, 0.000000000000000000 ) ) ;
#5835 = EDGE_CURVE ( 'NONE', #8008, #2897, #11433, .T. ) ;
#5836 = VECTOR ( 'NONE', #1030, 1000.000000000000000 ) ;
#5837 = DIRECTION ( 'NONE',  ( 0.000000000000000000, 0.000000000000000000, -1.000000000000000000 ) ) ;
#5838 = TOROIDAL_SURFACE ( 'NONE', #4369, 17.90484428405759942, 5.000000000000000000 ) ;
#5839 = ORIENTED_EDGE ( 'NONE', *, *, #2576, .T. ) ;
#5840 = ORIENTED_EDGE ( 'NONE', *, *, #3461, .F. ) ;
#5841 = CARTESIAN_POINT ( 'NONE',  ( 150.3786849975589917, 63.61684799194339490, 158.7207935539340156 ) ) ;
#5842 = AXIS2_PLACEMENT_3D ( 'NONE', #580, #8659, #4241 ) ;
#5843 = ORIENTED_EDGE ( 'NONE', *, *, #2896, .F. ) ;
#5844 = CARTESIAN_POINT ( 'NONE',  ( -134.7493367092509970, 63.61684799194339490, 158.7207935539340156 ) ) ;
#5845 = DIRECTION ( 'NONE',  ( 0.000000000000000000, 0.000000000000000000, 1.000000000000000000 ) ) ;
#5846 = VERTEX_POINT ( 'NONE', #7034 ) ;
#5847 = EDGE_CURVE ( 'NONE', #4290, #3110, #11074, .T. ) ;
#5848 = DIRECTION ( 'NONE',  ( -1.000000000000000000, 1.514560233585315114E-17, -1.514560233585310184E-17 ) ) ;
#5849 = LINE ( 'NONE', #7460, #5667 ) ;
#5850 = DIRECTION ( 'NONE',  ( 6.409534987526679801E-16, -1.000000000000000000, 0.000000000000000000 ) ) ;
#5851 = VECTOR ( 'NONE', #8007, 1000.000000000000000 ) ;
#5852 = ORIENTED_EDGE ( 'NONE', *, *, #7797, .F. ) ;
#5853 = DIRECTION ( 'NONE',  ( 1.000000000000000000, 2.036638432068759852E-16, 0.000000000000000000 ) ) ;
#5854 = ADVANCED_FACE ( 'NONE', ( #1706 ), #5254, .T. ) ;
#5855 = EDGE_CURVE ( 'NONE', #9349, #9251, #7513, .T. ) ;
#5856 = TOROIDAL_SURFACE ( 'NONE', #8267, 15.90485334804940187, 3.000000000000000000 ) ;
#5857 = AXIS2_PLACEMENT_3D ( 'NONE', #9891, #1165, #8251 ) ;
#5858 = CARTESIAN_POINT ( 'NONE',  ( 288.8209915161129970, 99.48037732825500257, 203.7207935539339871 ) ) ;
#5859 = CARTESIAN_POINT ( 'NONE',  ( 287.4181191676561298, 66.40791641151852787, 183.7207935539340156 ) ) ;
#5860 = DIRECTION ( 'NONE',  ( 8.208269194420983972E-11, 1.000000000000000000, 0.000000000000000000 ) ) ;
#5861 = ORIENTED_EDGE ( 'NONE', *, *, #7295, .T. ) ;
#5862 = AXIS2_PLACEMENT_3D ( 'NONE', #4006, #11167, #6611 ) ;
#5863 = DIRECTION ( 'NONE',  ( 0.000000000000000000, 0.000000000000000000, 1.000000000000000000 ) ) ;
#5864 = FACE_OUTER_BOUND ( 'NONE', #10424, .T. ) ;
#5865 = ORIENTED_EDGE ( 'NONE', *, *, #9169, .T. ) ;
#5866 = AXIS2_PLACEMENT_3D ( 'NONE', #2879, #9864, #4516 ) ;
#5867 = CARTESIAN_POINT ( 'NONE',  ( 267.5316238403320312, 9.215927124023419736, 143.7207935539339871 ) ) ;
#5868 = CARTESIAN_POINT ( 'NONE',  ( 132.3913249411490085, 76.52169227600100498, 158.7207935539340156 ) ) ;
#5869 = FACE_OUTER_BOUND ( 'NONE', #2471, .T. ) ;
#5870 = EDGE_LOOP ( 'NONE', ( #3841, #4228, #5190, #5280, #10950, #8164 ) ) ;
#5871 = VECTOR ( 'NONE', #950, 999.9999999999998863 ) ;
#5872 = EDGE_CURVE ( 'NONE', #2146, #2353, #1797, .T. ) ;
#5873 = CARTESIAN_POINT ( 'NONE',  ( -286.7819802427639502, 80.26828797401742577, 208.6843964803550762 ) ) ;
#5874 = CARTESIAN_POINT ( 'NONE',  ( -218.8657760620120314, 63.61684799194339490, 203.7207935539339871 ) ) ;
#5875 = ORIENTED_EDGE ( 'NONE', *, *, #4482, .F. ) ;
#5876 = CARTESIAN_POINT ( 'NONE',  ( 258.8209915161129970, 46.32125139236429590, 183.7207935539340156 ) ) ;
#5877 = CARTESIAN_POINT ( 'NONE',  ( -67.11072929121863240, 22.12078129034019724, 158.7207935539340156 ) ) ;
#5878 = CARTESIAN_POINT ( 'NONE',  ( -169.2987432409275925, 73.99492098650327421, 208.5864008721402740 ) ) ;
#5879 = ADVANCED_FACE ( 'NONE', ( #6404 ), #1875, .F. ) ;
#5880 = PLANE ( 'NONE',  #5687 ) ;
#5881 = CARTESIAN_POINT ( 'NONE',  ( 65.60616016387930927, 35.02563476562500000, 155.7207935539340156 ) ) ;
#5882 = DIRECTION ( 'NONE',  ( -1.000000000000000000, 7.105427357600990815E-15, 0.000000000000000000 ) ) ;
#5883 = EDGE_LOOP ( 'NONE', ( #7176, #10455, #11196, #1506 ) ) ;
#5884 = VERTEX_POINT ( 'NONE', #2047 ) ;
#5885 = EDGE_LOOP ( 'NONE', ( #7442, #2356 ) ) ;
#5886 = ORIENTED_EDGE ( 'NONE', *, *, #4112, .F. ) ;
#5887 = DIRECTION ( 'NONE',  ( -5.480868912904819410E-16, 1.000000000000000000, 0.000000000000000000 ) ) ;
#5888 = CARTESIAN_POINT ( 'NONE',  ( 284.6283381883918651, 76.35466139825652476, 208.6551822080776333 ) ) ;
#5889 = CARTESIAN_POINT ( 'NONE',  ( -117.8761131941476208, 73.07234571324333672, 208.6739727692444148 ) ) ;
#5890 = CARTESIAN_POINT ( 'NONE',  ( -218.8657760620120314, 94.42653656005860796, 203.7207935539339871 ) ) ;
#5891 = ADVANCED_FACE ( 'NONE', ( #9903 ), #5593, .T. ) ;
#5892 = EDGE_CURVE ( 'NONE', #6847, #11271, #10152, .T. ) ;
#5893 = DIRECTION ( 'NONE',  ( 0.000000000000000000, 0.000000000000000000, -1.000000000000000000 ) ) ;
#5894 = ORIENTED_EDGE ( 'NONE', *, *, #7531, .T. ) ;
#5895 = ORIENTED_EDGE ( 'NONE', *, *, #9983, .F. ) ;
#5896 = CARTESIAN_POINT ( 'NONE',  ( 78.23455810546869316, 110.9465026855470029, 203.7207935539339871 ) ) ;
#5897 = ORIENTED_EDGE ( 'NONE', *, *, #3437, .F. ) ;
#5898 = TOROIDAL_SURFACE ( 'NONE', #8314, 17.90500640869139914, 5.000000000000000000 ) ;
#5899 = LINE ( 'NONE', #8519, #3572 ) ;
#5900 = CARTESIAN_POINT ( 'NONE',  ( 284.3198138010719731, 60.42719512011709782, 186.1104973700890071 ) ) ;
#5901 = VERTEX_POINT ( 'NONE', #1176 ) ;
#5902 = CARTESIAN_POINT ( 'NONE',  ( 192.7207220559749317, 116.2343508620288901, 208.7207935539339871 ) ) ;
#5903 = CARTESIAN_POINT ( 'NONE',  ( 267.5316238403410125, 22.12078094482420099, 155.7207935539340156 ) ) ;
#5904 = DIRECTION ( 'NONE',  ( -1.000000000000000000, 0.000000000000000000, 0.000000000000000000 ) ) ;
#5905 = CIRCLE ( 'NONE', #8885, 15.90484874797840575 ) ;
#5906 = EDGE_LOOP ( 'NONE', ( #10809, #7111, #2902, #3904 ) ) ;
#5907 = DIRECTION ( 'NONE',  ( 1.000000000000000000, -3.029120467170619751E-17, 0.000000000000000000 ) ) ;
#5908 = EDGE_CURVE ( 'NONE', #2857, #10899, #1972, .T. ) ;
#5909 = CARTESIAN_POINT ( 'NONE',  ( -218.8657760620120314, 76.52169227600100498, 203.7207935539339871 ) ) ;
#5910 = DIRECTION ( 'NONE',  ( -1.000000000000000000, 0.000000000000000000, 0.000000000000000000 ) ) ;
#5911 = AXIS2_PLACEMENT_3D ( 'NONE', #9771, #1737, #3366 ) ;
#5912 = DIRECTION ( 'NONE',  ( 0.9999999999999995559, 2.745767267742054676E-08, 0.000000000000000000 ) ) ;
#5913 = ORIENTED_EDGE ( 'NONE', *, *, #16, .F. ) ;
#5914 = CARTESIAN_POINT ( 'NONE',  ( 258.8209915161129970, 76.32125139236430300, 203.7207935539339871 ) ) ;
#5915 = ORIENTED_EDGE ( 'NONE', *, *, #8750, .F. ) ;
#5916 = DIRECTION ( 'NONE',  ( -9.251858538542973800E-15, 1.000000000000000000, 0.000000000000000000 ) ) ;
#5917 = EDGE_CURVE ( 'NONE', #7911, #3219, #7151, .T. ) ;
#5918 = EDGE_LOOP ( 'NONE', ( #11114, #6246, #6144, #8910 ) ) ;
#5919 = LINE ( 'NONE', #4011, #7063 ) ;
#5920 = CARTESIAN_POINT ( 'NONE',  ( 166.9409809176169119, 73.99486843276989134, 208.5863998215801871 ) ) ;
#5921 = PRODUCT_DEFINITION_CONTEXT ( 'detailed design', #1453, 'design' ) ;
#5922 = LINE ( 'NONE', #2261, #1094 ) ;
#5923 = ORIENTED_EDGE ( 'NONE', *, *, #6035, .T. ) ;
#5924 = AXIS2_PLACEMENT_3D ( 'NONE', #1684, #9659, #7015 ) ;
#5925 = CARTESIAN_POINT ( 'NONE',  ( -286.8378740960638424, 79.71958071058814710, 208.6772863543383210 ) ) ;
#5926 = ORIENTED_EDGE ( 'NONE', *, *, #4857, .F. ) ;
#5927 = EDGE_CURVE ( 'NONE', #6507, #11303, #8966, .T. ) ;
#5928 = ORIENTED_EDGE ( 'NONE', *, *, #2430, .T. ) ;
#5929 = CARTESIAN_POINT ( 'NONE',  ( -40.43682098388670454, 35.02563476562500000, 158.7207935539340156 ) ) ;
#5930 = LINE ( 'NONE', #10418, #2744 ) ;
#5931 = DIRECTION ( 'NONE',  ( 0.000000000000000000, 0.000000000000000000, 1.000000000000000000 ) ) ;
#5932 = DIRECTION ( 'NONE',  ( 0.000000000000000000, -1.000000000000000000, 0.000000000000000000 ) ) ;
#5933 = CYLINDRICAL_SURFACE ( 'NONE', #2304, 2.999999999999991562 ) ;
#5934 = CARTESIAN_POINT ( 'NONE',  ( 258.8209915161129970, 51.32125139236429590, 203.7207935539339871 ) ) ;
#5935 = ORIENTED_EDGE ( 'NONE', *, *, #697, .F. ) ;
#5936 = ORIENTED_EDGE ( 'NONE', *, *, #7010, .T. ) ;
#5937 = VERTEX_POINT ( 'NONE', #2920 ) ;
#5938 = ORIENTED_EDGE ( 'NONE', *, *, #10153, .F. ) ;
#5939 = CARTESIAN_POINT ( 'NONE',  ( 133.1763124465940109, 58.61684799194339490, 203.7207935539339871 ) ) ;
#5940 = ADVANCED_FACE ( 'NONE', ( #5371 ), #3737, .F. ) ;
#5941 = DIRECTION ( 'NONE',  ( 0.000000000000000000, 0.3747382456207933310, 0.9271306527502205519 ) ) ;
#5942 = DIRECTION ( 'NONE',  ( -1.110223024625157172E-14, -1.000000000000000000, 0.000000000000000000 ) ) ;
#5943 = CARTESIAN_POINT ( 'NONE',  ( -286.1789894103999927, 97.82984857679468860, 208.5385722673235023 ) ) ;
#5944 = ORIENTED_EDGE ( 'NONE', *, *, #5353, .T. ) ;
#5945 = ORIENTED_EDGE ( 'NONE', *, *, #5263, .F. ) ;
#5946 = DIRECTION ( 'NONE',  ( -1.000000000000000000, -1.098116863085339802E-16, 0.000000000000000000 ) ) ;
#5947 = ORIENTED_EDGE ( 'NONE', *, *, #2909, .F. ) ;
#5948 = DIRECTION ( 'NONE',  ( -1.000000000000000000, -6.409534987526679801E-16, 0.000000000000000000 ) ) ;
#5949 = CARTESIAN_POINT ( 'NONE',  ( -290.8078156367120641, 69.14170876265490051, 157.2178072337819970 ) ) ;
#5950 = ORIENTED_EDGE ( 'NONE', *, *, #8617, .F. ) ;
#5951 = CYLINDRICAL_SURFACE ( 'NONE', #6453, 2.999999999999988898 ) ;
#5952 = CARTESIAN_POINT ( 'NONE',  ( 288.8209915161129970, 76.32125139236430300, 158.7207935539340156 ) ) ;
#5953 = EDGE_CURVE ( 'NONE', #10523, #10751, #1419, .T. ) ;
#5954 = CARTESIAN_POINT ( 'NONE',  ( -117.8761103101920185, 76.52169227600100498, 208.6132126426211926 ) ) ;
#5955 = ORIENTED_EDGE ( 'NONE', *, *, #6117, .T. ) ;
#5956 = DIRECTION ( 'NONE',  ( 0.000000000000000000, 0.000000000000000000, -1.000000000000000000 ) ) ;
#5957 = AXIS2_PLACEMENT_3D ( 'NONE', #976, #5392, #7349 ) ;
#5958 = CIRCLE ( 'NONE', #958, 5.000000000000004441 ) ;
#5959 = B_SPLINE_CURVE_WITH_KNOTS ( 'NONE', 3,
 ( #5215, #2311, #7763, #10452, #9643, #5859, #4346, #8706, #6776, #743, #626, #4170, #4289, #4988 ),
 .UNSPECIFIED., .F., .F.,
 ( 4, 1, 1, 1, 1, 1, 1, 1, 1, 1, 1, 4 ),
 ( 0.000000000000000000, 0.05826197997098519349, 0.1223226754265917121, 0.1921886697170216152, 0.2678650311381580162, 0.3493557438698092765, 0.4366639961080717169, 0.4993665098717512962, 0.6621584015580238569, 0.7978654716742914488, 0.9104770720221405655, 1.000000000000000000 ),
 .UNSPECIFIED. ) ;
#5960 = DIRECTION ( 'NONE',  ( 0.000000000000000000, 0.000000000000000000, 1.000000000000000000 ) ) ;
#5961 = DIRECTION ( 'NONE',  ( 2.740434456452409705E-16, -1.000000000000000000, 2.740434456452409705E-16 ) ) ;
#5962 = ORIENTED_EDGE ( 'NONE', *, *, #3021, .F. ) ;
#5963 = DIRECTION ( 'NONE',  ( 0.000000000000000000, 1.000000000000000000, 0.000000000000000000 ) ) ;
#5964 = VERTEX_POINT ( 'NONE', #7154 ) ;
#5965 = AXIS2_PLACEMENT_3D ( 'NONE', #7861, #9504, #2408 ) ;
#5966 = PLANE ( 'NONE',  #852 ) ;
#5967 = EDGE_LOOP ( 'NONE', ( #10743, #7539, #4341, #7758 ) ) ;
#5968 = AXIS2_PLACEMENT_3D ( 'NONE', #3883, #1374, #448 ) ;
#5969 = FACE_OUTER_BOUND ( 'NONE', #10655, .T. ) ;
#5970 = CARTESIAN_POINT ( 'NONE',  ( -286.1789894103999927, 96.89302241451019881, 208.7207935539339871 ) ) ;
#5971 = EDGE_CURVE ( 'NONE', #2293, #5417, #2802, .T. ) ;
#5972 = CARTESIAN_POINT ( 'NONE',  ( 284.4081407102204366, 80.40907947039916337, 208.6862818473534276 ) ) ;
#5973 = ORIENTED_EDGE ( 'NONE', *, *, #2803, .F. ) ;
#5974 = AXIS2_PLACEMENT_3D ( 'NONE', #10925, #2888, #4524 ) ;
#5975 = EDGE_CURVE ( 'NONE', #10611, #11139, #3798, .T. ) ;
#5976 = DIRECTION ( 'NONE',  ( 6.264543392728554823E-07, -0.9999999999997436495, 3.464102065147723581E-07 ) ) ;
#5977 = CARTESIAN_POINT ( 'NONE',  ( -269.8896011046559806, 89.42653656005859375, 158.7207935539340156 ) ) ;
#5978 = ORIENTED_EDGE ( 'NONE', *, *, #4595, .T. ) ;
#5979 = ORIENTED_EDGE ( 'NONE', *, *, #5985, .T. ) ;
#5980 = DIRECTION ( 'NONE',  ( 1.000000000000000000, 0.000000000000000000, 0.000000000000000000 ) ) ;
#5981 = DIRECTION ( 'NONE',  ( 0.000000000000000000, 0.000000000000000000, 1.000000000000000000 ) ) ;
#5982 = CIRCLE ( 'NONE', #4884, 17.90484886281041454 ) ;
#5983 = FILL_AREA_STYLE_COLOUR ( '', #10490 ) ;
#5984 = EDGE_CURVE ( 'NONE', #8316, #7649, #6603, .T. ) ;
#5985 = EDGE_CURVE ( 'NONE', #2605, #1160, #2690, .T. ) ;
#5986 = CIRCLE ( 'NONE', #2462, 29.99999999999999645 ) ;
#5987 = CARTESIAN_POINT ( 'NONE',  ( -218.8657760620120314, 6.215927124023390427, 155.7207935539340156 ) ) ;
#5988 = CARTESIAN_POINT ( 'NONE',  ( 39.73928811949450335, 38.02563643273879990, 155.7207935539340156 ) ) ;
#5989 = LINE ( 'NONE', #11136, #7410 ) ;
#5990 = ORIENTED_EDGE ( 'NONE', *, *, #9123, .F. ) ;
#5991 = EDGE_LOOP ( 'NONE', ( #10546, #2448, #8490, #620 ) ) ;
#5992 = ORIENTED_EDGE ( 'NONE', *, *, #9841, .F. ) ;
#5993 = VERTEX_POINT ( 'NONE', #4617 ) ;
#5994 = DIRECTION ( 'NONE',  ( -2.775557561562884646E-15, 0.7071067811865460184, 0.7071067811865487940 ) ) ;
#5995 = CIRCLE ( 'NONE', #994, 17.90484791500050221 ) ;
#5996 = DIRECTION ( 'NONE',  ( 0.000000000000000000, 0.000000000000000000, -1.000000000000000000 ) ) ;
#5997 = CYLINDRICAL_SURFACE ( 'NONE', #5118, 12.90484428405760120 ) ;
#5998 = CARTESIAN_POINT ( 'NONE',  ( -195.6158350244519113, 97.82986802856224529, 208.5386201858095490 ) ) ;
#5999 = ADVANCED_FACE ( 'NONE', ( #1823 ), #8027, .F. ) ;
#6000 = AXIS2_PLACEMENT_3D ( 'NONE', #5184, #7023, #8954 ) ;
#6001 = ORIENTED_EDGE ( 'NONE', *, *, #2064, .F. ) ;
#6002 = VERTEX_POINT ( 'NONE', #1067 ) ;
#6003 = ORIENTED_EDGE ( 'NONE', *, *, #4983, .T. ) ;
#6004 = PLANE ( 'NONE',  #6163 ) ;
#6005 = CARTESIAN_POINT ( 'NONE',  ( -290.1260698033089511, 64.66285783980841018, 158.0190536290729710 ) ) ;
#6006 = ORIENTED_EDGE ( 'NONE', *, *, #793, .F. ) ;
#6007 = CIRCLE ( 'NONE', #11421, 12.90485382080080967 ) ;
#6008 = CYLINDRICAL_SURFACE ( 'NONE', #7067, 5.000000000000021316 ) ;
#6009 = FACE_OUTER_BOUND ( 'NONE', #155, .T. ) ;
#6010 = DIRECTION ( 'NONE',  ( 1.000000000000000000, -3.894295420493990102E-17, -3.894295420493974695E-17 ) ) ;
#6011 = EDGE_LOOP ( 'NONE', ( #9332, #10219, #11095, #7040, #7440 ) ) ;
#6012 = AXIS2_PLACEMENT_3D ( 'NONE', #1284, #3088, #5755 ) ;
#6013 = DIRECTION ( 'NONE',  ( -1.000000000000000000, -8.330758305419290752E-11, 0.000000000000000000 ) ) ;
#6014 = AXIS2_PLACEMENT_3D ( 'NONE', #8110, #1197, #3704 ) ;
#6015 = VECTOR ( 'NONE', #7914, 1000.000000000000000 ) ;
#6016 = CIRCLE ( 'NONE', #9758, 12.90484791500049511 ) ;
#6017 = CARTESIAN_POINT ( 'NONE',  ( 43.09501647949220882, 89.49024581818837021, 207.2563274598667533 ) ) ;
#6018 = CARTESIAN_POINT ( 'NONE',  ( -291.1789894103999927, 76.31311457647569796, 155.7225283289029960 ) ) ;
#6019 = AXIS2_PLACEMENT_3D ( 'NONE', #10906, #10025, #2387 ) ;
#6020 = EDGE_CURVE ( 'NONE', #231, #5398, #7380, .T. ) ;
#6021 = ORIENTED_EDGE ( 'NONE', *, *, #1184, .T. ) ;
#6022 = DIRECTION ( 'NONE',  ( 0.000000000000000000, 0.000000000000000000, 1.000000000000000000 ) ) ;
#6023 = ORIENTED_EDGE ( 'NONE', *, *, #10497, .F. ) ;
#6024 = FACE_OUTER_BOUND ( 'NONE', #10829, .T. ) ;
#6025 = ORIENTED_EDGE ( 'NONE', *, *, #10043, .T. ) ;
#6026 = DIRECTION ( 'NONE',  ( 0.000000000000000000, 0.000000000000000000, -1.000000000000000000 ) ) ;
#6027 = ORIENTED_EDGE ( 'NONE', *, *, #1904, .F. ) ;
#6028 = DIRECTION ( 'NONE',  ( 1.439941687553569204E-16, 0.7191424945380946454, -0.6948626285457626395 ) ) ;
#6029 = DIRECTION ( 'NONE',  ( 1.000000000000000000, 0.000000000000000000, 0.000000000000000000 ) ) ;
#6030 = CARTESIAN_POINT ( 'NONE',  ( -97.17898941040009220, 136.5016367987730064, 156.6015757153489858 ) ) ;
#6031 = AXIS2_PLACEMENT_3D ( 'NONE', #8580, #5956, #10225 ) ;
#6032 = ORIENTED_EDGE ( 'NONE', *, *, #6737, .T. ) ;
#6033 = AXIS2_PLACEMENT_3D ( 'NONE', #4370, #4476, #877 ) ;
#6034 = CARTESIAN_POINT ( 'NONE',  ( -269.8896026611329830, 35.02563476562500000, 155.7207935539340156 ) ) ;
#6035 = EDGE_CURVE ( 'NONE', #6953, #11424, #11282, .T. ) ;
#6036 = VECTOR ( 'NONE', #5721, 1000.000000000000000 ) ;
#6037 = DIRECTION ( 'NONE',  ( 0.7071067811865469066, -0.7071067811865481278, 0.000000000000000000 ) ) ;
#6038 = VECTOR ( 'NONE', #6980, 1000.000000000000000 ) ;
#6039 = CIRCLE ( 'NONE', #8836, 12.90485318971759732 ) ;
#6040 = CIRCLE ( 'NONE', #10143, 5.000000000000004441 ) ;
#6041 = FACE_OUTER_BOUND ( 'NONE', #3057, .T. ) ;
#6042 = VERTEX_POINT ( 'NONE', #3032 ) ;
#6043 = FACE_OUTER_BOUND ( 'NONE', #10404, .T. ) ;
#6044 = ADVANCED_FACE ( 'NONE', ( #10142 ), #5710, .F. ) ;
#6045 = DIRECTION ( 'NONE',  ( 0.000000000000000000, 0.000000000000000000, 1.000000000000000000 ) ) ;
#6046 = DIRECTION ( 'NONE',  ( -1.224646799147353207E-16, 1.000000000000000000, 0.000000000000000000 ) ) ;
#6047 = CIRCLE ( 'NONE', #314, 12.90485382080079901 ) ;
#6048 = LINE ( 'NONE', #9609, #665 ) ;
#6049 = CARTESIAN_POINT ( 'NONE',  ( -45.45299509106060043, 75.12078285217289420, 158.7207935539340156 ) ) ;
#6050 = CARTESIAN_POINT ( 'NONE',  ( 288.8209888298729879, 76.30645730203960397, 155.7277325782989976 ) ) ;
#6051 = ORIENTED_EDGE ( 'NONE', *, *, #5751, .T. ) ;
#6052 = EDGE_LOOP ( 'NONE', ( #5947, #2053, #1461, #8395, #4244 ) ) ;
#6053 = ORIENTED_EDGE ( 'NONE', *, *, #9978, .F. ) ;
#6054 = ORIENTED_EDGE ( 'NONE', *, *, #1111, .F. ) ;
#6055 = CARTESIAN_POINT ( 'NONE',  ( 288.1648207271579736, 97.93575424414589747, 206.7057398322810116 ) ) ;
#6056 = EDGE_CURVE ( 'NONE', #6922, #1075, #472, .T. ) ;
#6057 = EDGE_CURVE ( 'NONE', #3110, #2143, #669, .T. ) ;
#6058 = DIRECTION ( 'NONE',  ( -6.630299199421770504E-16, 1.000000000000000000, 0.000000000000000000 ) ) ;
#6059 = CIRCLE ( 'NONE', #7543, 3.000000000000002665 ) ;
#6060 = CARTESIAN_POINT ( 'NONE',  ( -62.68753156123731429, 110.9465026855470029, 203.7207935539339871 ) ) ;
#6061 = LINE ( 'NONE', #10496, #10085 ) ;
#6062 = ORIENTED_EDGE ( 'NONE', *, *, #7716, .T. ) ;
#6063 = ORIENTED_EDGE ( 'NONE', *, *, #1665, .T. ) ;
#6064 = CARTESIAN_POINT ( 'NONE',  ( -269.8896011036019900, 76.52169227600100498, 203.7207935539339871 ) ) ;
#6065 = EDGE_CURVE ( 'NONE', #935, #4678, #6510, .T. ) ;
#6066 = EDGE_LOOP ( 'NONE', ( #3539, #2971, #7097, #2253 ) ) ;
#6067 = CARTESIAN_POINT ( 'NONE',  ( -291.1789894103999927, 76.32125139236450195, 155.7207935539340156 ) ) ;
#6068 = VERTEX_POINT ( 'NONE', #10081 ) ;
#6069 = EDGE_CURVE ( 'NONE', #8963, #9597, #2157, .T. ) ;
#6070 = PRODUCT ( 'Hanger200_split', 'Hanger200_split', '', ( #9678 ) ) ;
#6071 = DIRECTION ( 'NONE',  ( 1.000000000000000000, -4.014124903777145434E-15, -4.614112249766440116E-16 ) ) ;
#6072 = LINE ( 'NONE', #9636, #2698 ) ;
#6073 = CARTESIAN_POINT ( 'NONE',  ( 65.60616299700279797, 89.42653656005880691, 203.7207935539339871 ) ) ;
#6074 = VERTEX_POINT ( 'NONE', #7554 ) ;
#6075 = CARTESIAN_POINT ( 'NONE',  ( 143.8209962844850054, 115.8346203221669981, 206.2207935539339871 ) ) ;
#6076 = ADVANCED_FACE ( 'NONE', ( #6626 ), #10198, .T. ) ;
#6077 = CARTESIAN_POINT ( 'NONE',  ( -152.7366433896910110, 89.42653656005859375, 158.7207935539340156 ) ) ;
#6078 = CARTESIAN_POINT ( 'NONE',  ( -290.3499163065815196, 65.98765142425619956, 157.7925662598596261 ) ) ;
#6079 = VERTEX_POINT ( 'NONE', #11011 ) ;
#6080 = CARTESIAN_POINT ( 'NONE',  ( 18.44994068145760124, 9.215927124023428618, 155.7207935539340156 ) ) ;
#6081 = VERTEX_POINT ( 'NONE', #2216 ) ;
#6082 = DIRECTION ( 'NONE',  ( 0.000000000000000000, 0.7071067811865481278, 0.7071067811865469066 ) ) ;
#6083 = ORIENTED_EDGE ( 'NONE', *, *, #725, .T. ) ;
#6084 = CARTESIAN_POINT ( 'NONE',  ( 60.32955169677730112, 125.3159751883052877, 207.2563274598667249 ) ) ;
#6085 = ORIENTED_EDGE ( 'NONE', *, *, #4571, .F. ) ;
#6086 = VECTOR ( 'NONE', #10790, 1000.000000000000000 ) ;
#6087 = CARTESIAN_POINT ( 'NONE',  ( 287.8573619946864142, 100.8695219762997226, 205.1584776463421633 ) ) ;
#6088 = CARTESIAN_POINT ( 'NONE',  ( -288.6789894103999927, 108.1447414584200004, 195.3489578191650082 ) ) ;
#6089 = DIRECTION ( 'NONE',  ( 1.000000000000000000, 0.000000000000000000, 0.000000000000000000 ) ) ;
#6090 = CIRCLE ( 'NONE', #9069, 5.000000000000004441 ) ;
#6091 = EDGE_CURVE ( 'NONE', #2175, #8358, #4792, .T. ) ;
#6092 = EDGE_LOOP ( 'NONE', ( #10002, #750, #10485, #3104, #5249 ) ) ;
#6093 = AXIS2_PLACEMENT_3D ( 'NONE', #6616, #8487, #2428 ) ;
#6094 = VECTOR ( 'NONE', #4767, 1000.000000000000000 ) ;
#6095 = DIRECTION ( 'NONE',  ( 0.000000000000000000, 0.000000000000000000, -1.000000000000000000 ) ) ;
#6096 = LINE ( 'NONE', #811, #3048 ) ;
#6097 = CARTESIAN_POINT ( 'NONE',  ( -218.8657760620120314, 9.215927124023419736, 155.7207935539340156 ) ) ;
#6098 = CARTESIAN_POINT ( 'NONE',  ( 27.90500640869139914, 96.57703018278822071, 207.2563274598667533 ) ) ;
#6099 = ORIENTED_EDGE ( 'NONE', *, *, #6372, .F. ) ;
#6100 = CARTESIAN_POINT ( 'NONE',  ( 285.8209915161129970, 3.000000000000000000, 158.7207935539340156 ) ) ;
#6101 = CARTESIAN_POINT ( 'NONE',  ( 288.7435063100439834, 72.39646446107499855, 156.5576795166449813 ) ) ;
#6102 = ADVANCED_FACE ( 'NONE', ( #8322 ), #1347, .T. ) ;
#6103 = CIRCLE ( 'NONE', #1108, 12.90484428405759587 ) ;
#6104 = DIRECTION ( 'NONE',  ( 0.000000000000000000, 0.000000000000000000, -1.000000000000000000 ) ) ;
#6105 = EDGE_CURVE ( 'NONE', #4929, #7732, #3150, .T. ) ;
#6106 = CARTESIAN_POINT ( 'NONE',  ( 93.10922471223541663, 116.6228535182894888, 208.6267181024243769 ) ) ;
#6107 = CARTESIAN_POINT ( 'NONE',  ( 283.3664460615639769, 59.07246415507670179, 161.7207935539339871 ) ) ;
#6108 = EDGE_LOOP ( 'NONE', ( #907, #8898, #9970 ) ) ;
#6109 = VERTEX_POINT ( 'NONE', #810 ) ;
#6110 = ORIENTED_EDGE ( 'NONE', *, *, #6863, .T. ) ;
#6111 = EDGE_LOOP ( 'NONE', ( #9172, #10029, #5840, #257 ) ) ;
#6112 = FACE_OUTER_BOUND ( 'NONE', #1820, .T. ) ;
#6113 = EDGE_CURVE ( 'NONE', #8474, #9940, #5287, .T. ) ;
#6114 = CARTESIAN_POINT ( 'NONE',  ( -83.01555633544920454, 89.42653656005859375, 153.7207935539340156 ) ) ;
#6115 = DIRECTION ( 'NONE',  ( -1.000000000000000000, 0.000000000000000000, 0.000000000000000000 ) ) ;
#6116 = CARTESIAN_POINT ( 'NONE',  ( -269.8896011050640027, 94.42653656005860796, 208.7207935539339871 ) ) ;
#6117 = EDGE_CURVE ( 'NONE', #8574, #6594, #1594, .T. ) ;
#6118 = DIRECTION ( 'NONE',  ( -1.000000000000000000, -4.711197327583760070E-16, 1.904225489767884685E-16 ) ) ;
#6119 = ORIENTED_EDGE ( 'NONE', *, *, #1561, .T. ) ;
#6120 = ORIENTED_EDGE ( 'NONE', *, *, #7600, .T. ) ;
#6121 = DIRECTION ( 'NONE',  ( 1.000000000000000000, -2.688482178977768457E-16, 0.000000000000000000 ) ) ;
#6122 = EDGE_LOOP ( 'NONE', ( #4961, #6934, #720, #2960, #8717 ) ) ;
#6123 = CARTESIAN_POINT ( 'NONE',  ( -290.6706631020219902, 69.27076143255091267, 157.4808733147399664 ) ) ;
#6124 = VECTOR ( 'NONE', #268, 1000.000000000000000 ) ;
#6125 = CARTESIAN_POINT ( 'NONE',  ( 27.90500640869130322, 110.9465026855470029, 203.7207935539339871 ) ) ;
#6126 = FACE_OUTER_BOUND ( 'NONE', #6360, .T. ) ;
#6127 = FACE_OUTER_BOUND ( 'NONE', #3091, .T. ) ;
#6128 = ORIENTED_EDGE ( 'NONE', *, *, #6737, .F. ) ;
#6129 = ADVANCED_FACE ( 'NONE', ( #5346 ), #8090, .T. ) ;
#6130 = CARTESIAN_POINT ( 'NONE',  ( 98.64490493200405297, 22.12077759886852490, 142.8159403642165728 ) ) ;
#6131 = VERTEX_POINT ( 'NONE', #3546 ) ;
#6132 = DIRECTION ( 'NONE',  ( 0.000000000000000000, 0.000000000000000000, -1.000000000000000000 ) ) ;
#6133 = ORIENTED_EDGE ( 'NONE', *, *, #6182, .F. ) ;
#6134 = FACE_OUTER_BOUND ( 'NONE', #2740, .T. ) ;
#6135 = VECTOR ( 'NONE', #11223, 1000.000000000000000 ) ;
#6136 = EDGE_LOOP ( 'NONE', ( #8380, #43, #2495, #4141, #8556 ) ) ;
#6137 = PLANE ( 'NONE',  #10993 ) ;
#6138 = VERTEX_POINT ( 'NONE', #758 ) ;
#6139 = CARTESIAN_POINT ( 'NONE',  ( 133.7658119201660156, 63.61684799194339490, 183.7207935539340156 ) ) ;
#6140 = CARTESIAN_POINT ( 'NONE',  ( -289.9716493688938499, 123.4070113925962318, 158.7207935539340156 ) ) ;
#6141 = AXIS2_PLACEMENT_3D ( 'NONE', #11210, #1372, #564 ) ;
#6142 = CYLINDRICAL_SURFACE ( 'NONE', #2949, 2.500000000000010658 ) ;
#6143 = CIRCLE ( 'NONE', #9126, 17.90500640869139914 ) ;
#6144 = ORIENTED_EDGE ( 'NONE', *, *, #8310, .T. ) ;
#6145 = FACE_OUTER_BOUND ( 'NONE', #10748, .T. ) ;
#6146 = AXIS2_PLACEMENT_3D ( 'NONE', #10218, #4815, #5845 ) ;
#6147 = DIRECTION ( 'NONE',  ( 6.630299199421770504E-16, -1.000000000000000000, 0.000000000000000000 ) ) ;
#6148 = CIRCLE ( 'NONE', #1704, 4.999999999999997335 ) ;
#6149 = EDGE_CURVE ( 'NONE', #10523, #2866, #3487, .T. ) ;
#6150 = CARTESIAN_POINT ( 'NONE',  ( -45.45299509255220727, 93.02577972412109375, 208.7207935539339871 ) ) ;
#6151 = DIRECTION ( 'NONE',  ( 1.000000000000000000, 0.000000000000000000, 0.000000000000000000 ) ) ;
#6152 = VERTEX_POINT ( 'NONE', #10639 ) ;
#6153 = LINE ( 'NONE', #3494, #3975 ) ;
#6154 = EDGE_CURVE ( 'NONE', #8127, #11149, #5115, .T. ) ;
#6155 = LINE ( 'NONE', #7958, #3682 ) ;
#6156 = CIRCLE ( 'NONE', #7448, 4.999999999999997335 ) ;
#6157 = CARTESIAN_POINT ( 'NONE',  ( -218.8657760620120314, 76.52169227600100498, 158.7207935539340156 ) ) ;
#6158 = CARTESIAN_POINT ( 'NONE',  ( 288.0887584690793801, 158.9462378524262363, 123.7207935539339871 ) ) ;
#6159 = PLANE ( 'NONE',  #9539 ) ;
#6160 = CARTESIAN_POINT ( 'NONE',  ( 288.8209915161129970, 76.32125139236430300, 155.7207935539340156 ) ) ;
#6161 = ADVANCED_FACE ( 'NONE', ( #8893 ), #11298, .F. ) ;
#6162 = ORIENTED_EDGE ( 'NONE', *, *, #6105, .F. ) ;
#6163 = AXIS2_PLACEMENT_3D ( 'NONE', #186, #5948, #10386 ) ;
#6164 = ORIENTED_EDGE ( 'NONE', *, *, #1956, .T. ) ;
#6165 = ORIENTED_EDGE ( 'NONE', *, *, #576, .T. ) ;
#6166 = VERTEX_POINT ( 'NONE', #700 ) ;
#6167 = CARTESIAN_POINT ( 'NONE',  ( 74.59984302520790322, 58.61684799194320306, 203.7207935539339871 ) ) ;
#6168 = DIRECTION ( 'NONE',  ( 1.000000000000000000, -3.212987840779254716E-17, -3.212987840779254716E-17 ) ) ;
#6169 = CARTESIAN_POINT ( 'NONE',  ( -134.7493367092509970, 76.52169227600100498, 183.7207935539340156 ) ) ;
#6170 = DIRECTION ( 'NONE',  ( -8.029132914089132921E-15, 0.7191424945381000855, -0.6948626285457570884 ) ) ;
#6171 = CARTESIAN_POINT ( 'NONE',  ( -45.45299509106060043, 75.12078285217289420, 183.7207935539340156 ) ) ;
#6172 = DIRECTION ( 'NONE',  ( 1.000000000000000000, -8.176424475957199265E-17, -8.176424475957199265E-17 ) ) ;
#6173 = EDGE_CURVE ( 'NONE', #3223, #2635, #6047, .T. ) ;
#6174 = ORIENTED_EDGE ( 'NONE', *, *, #10889, .T. ) ;
#6175 = ORIENTED_EDGE ( 'NONE', *, *, #5345, .F. ) ;
#6176 = DIRECTION ( 'NONE',  ( -1.000000000000000000, -7.558965274043620048E-16, 0.000000000000000000 ) ) ;
#6177 = AXIS2_PLACEMENT_3D ( 'NONE', #6315, #9879, #1905 ) ;
#6178 = VERTEX_POINT ( 'NONE', #10412 ) ;
#6179 = CARTESIAN_POINT ( 'NONE',  ( -291.1789894103999927, 76.31350204389620728, 155.7234370205540017 ) ) ;
#6180 = DIRECTION ( 'NONE',  ( 0.000000000000000000, 0.000000000000000000, -1.000000000000000000 ) ) ;
#6181 = DIRECTION ( 'NONE',  ( -1.000000000000000000, 1.482415794407639913E-15, 2.939410449926109953E-16 ) ) ;
#6182 = EDGE_CURVE ( 'NONE', #4714, #6503, #9592, .T. ) ;
#6183 = CARTESIAN_POINT ( 'NONE',  ( -286.9269876612549979, 96.89302241451019881, 208.7207935539339871 ) ) ;
#6184 = ORIENTED_EDGE ( 'NONE', *, *, #16, .T. ) ;
#6185 = CARTESIAN_POINT ( 'NONE',  ( -83.01558317658980002, 22.12078010271740069, 158.7207935539340156 ) ) ;
#6186 = VECTOR ( 'NONE', #8194, 1000.000000000000000 ) ;
#6187 = CARTESIAN_POINT ( 'NONE',  ( -289.9813211514232876, 101.0263999806692397, 205.3208385680380843 ) ) ;
#6188 = VERTEX_POINT ( 'NONE', #6034 ) ;
#6189 = EDGE_CURVE ( 'NONE', #9697, #3199, #4582, .T. ) ;
#6190 = EDGE_CURVE ( 'NONE', #4205, #7371, #6511, .T. ) ;
#6191 = DIRECTION ( 'NONE',  ( 3.722580570021990811E-15, 1.000000000000000000, 0.000000000000000000 ) ) ;
#6192 = DIRECTION ( 'NONE',  ( 1.000000000000000000, 0.000000000000000000, 0.000000000000000000 ) ) ;
#6193 = ORIENTED_EDGE ( 'NONE', *, *, #7609, .T. ) ;
#6194 = DIRECTION ( 'NONE',  ( 0.000000000000000000, 0.000000000000000000, 1.000000000000000000 ) ) ;
#6195 = ORIENTED_EDGE ( 'NONE', *, *, #1021, .F. ) ;
#6196 = CARTESIAN_POINT ( 'NONE',  ( 166.9408777816925351, 82.71308092081537211, 208.7207935539339587 ) ) ;
#6197 = DIRECTION ( 'NONE',  ( 1.000000000000000000, -4.362752391243199532E-16, 0.000000000000000000 ) ) ;
#6198 = TOROIDAL_SURFACE ( 'NONE', #78, 15.90485382080079901, 3.000000000000000000 ) ;
#6199 = EDGE_CURVE ( 'NONE', #2639, #11404, #11085, .T. ) ;
#6200 = CARTESIAN_POINT ( 'NONE',  ( -152.7366433887729897, 76.52169227600100498, 158.7207935539340156 ) ) ;
#6201 = EDGE_CURVE ( 'NONE', #6437, #2772, #2551, .T. ) ;
#6202 = TOROIDAL_SURFACE ( 'NONE', #5464, 17.90484428405759942, 5.000000000000000000 ) ;
#6203 = ORIENTED_EDGE ( 'NONE', *, *, #235, .F. ) ;
#6204 = VECTOR ( 'NONE', #7973, 1000.000000000000000 ) ;
#6205 = AXIS2_PLACEMENT_3D ( 'NONE', #5124, #11128, #2498 ) ;
#6206 = AXIS2_PLACEMENT_3D ( 'NONE', #3151, #7611, #4957 ) ;
#6207 = CARTESIAN_POINT ( 'NONE',  ( -269.8896026611329830, 35.02563476562500000, 158.7207935539340156 ) ) ;
#6208 = AXIS2_PLACEMENT_3D ( 'NONE', #4812, #8342, #1314 ) ;
#6209 = CARTESIAN_POINT ( 'NONE',  ( 194.5638654635520197, 99.15302781463725523, 207.5134535124277306 ) ) ;
#6210 = AXIS2_PLACEMENT_3D ( 'NONE', #3322, #6849, #5126 ) ;
#6211 = CARTESIAN_POINT ( 'NONE',  ( -244.3776885828069965, 76.52169227600100498, 150.7207935539340156 ) ) ;
#6212 = ORIENTED_EDGE ( 'NONE', *, *, #11198, .T. ) ;
#6213 = VECTOR ( 'NONE', #1333, 1000.000000000000000 ) ;
#6214 = AXIS2_PLACEMENT_3D ( 'NONE', #11284, #3296, #10394 ) ;
#6215 = CARTESIAN_POINT ( 'NONE',  ( -261.1789894103999359, 76.32125139236450195, 183.7207935539340156 ) ) ;
#6216 = CARTESIAN_POINT ( 'NONE',  ( 288.8209915161129970, 76.32125139236430300, 155.7207935539340156 ) ) ;
#6217 = CIRCLE ( 'NONE', #4375, 12.90484428405759587 ) ;
#6218 = EDGE_CURVE ( 'NONE', #2622, #5828, #7527, .T. ) ;
#6219 = CIRCLE ( 'NONE', #3637, 15.90485382080078480 ) ;
#6220 = CIRCLE ( 'NONE', #2699, 5.000000000000004441 ) ;
#6221 = TOROIDAL_SURFACE ( 'NONE', #5301, 15.90485388537119960, 3.000000000000000000 ) ;
#6222 = CARTESIAN_POINT ( 'NONE',  ( 216.5078370686659923, 62.15238189787612555, 207.2563274598667533 ) ) ;
#6223 = DIRECTION ( 'NONE',  ( -1.075393666311713415E-15, 1.000000000000000000, 0.000000000000000000 ) ) ;
#6224 = CARTESIAN_POINT ( 'NONE',  ( -196.4161459817640036, 98.63017898587470711, 208.0186497902789995 ) ) ;
#6225 = ORIENTED_EDGE ( 'NONE', *, *, #11268, .F. ) ;
#6226 = ORIENTED_EDGE ( 'NONE', *, *, #6773, .F. ) ;
#6227 = ORIENTED_EDGE ( 'NONE', *, *, #5168, .T. ) ;
#6228 = DIRECTION ( 'NONE',  ( 1.000000000000000000, -8.601340485944210462E-16, 0.000000000000000000 ) ) ;
#6229 = ORIENTED_EDGE ( 'NONE', *, *, #850, .F. ) ;
#6230 = CARTESIAN_POINT ( 'NONE',  ( -289.4016997274445657, 64.30417307597234355, 183.7207935539340156 ) ) ;
#6231 = ORIENTED_EDGE ( 'NONE', *, *, #1978, .T. ) ;
#6232 = DIRECTION ( 'NONE',  ( 0.000000000000000000, 0.000000000000000000, -1.000000000000000000 ) ) ;
#6233 = EDGE_CURVE ( 'NONE', #4523, #7268, #6955, .T. ) ;
#6234 = CARTESIAN_POINT ( 'NONE',  ( -261.1789894103999359, 43.32125139236450195, 186.7207935539340156 ) ) ;
#6235 = CARTESIAN_POINT ( 'NONE',  ( -152.7366447448729900, 6.215927124023419736, 158.7207935539340156 ) ) ;
#6236 = VECTOR ( 'NONE', #5763, 1000.000000000000000 ) ;
#6237 = CARTESIAN_POINT ( 'NONE',  ( -261.1789894103999359, 76.32125139236450195, 203.7207935539339871 ) ) ;
#6238 = EDGE_LOOP ( 'NONE', ( #8762, #9276 ) ) ;
#6239 = ORIENTED_EDGE ( 'NONE', *, *, #5985, .F. ) ;
#6240 = LINE ( 'NONE', #9805, #94 ) ;
#6241 = ORIENTED_EDGE ( 'NONE', *, *, #7337, .F. ) ;
#6242 = LINE ( 'NONE', #9807, #4679 ) ;
#6243 = LINE ( 'NONE', #10361, #9822 ) ;
#6244 = DIRECTION ( 'NONE',  ( -1.000000000000000000, 1.686196424027724812E-16, -1.686196424027724812E-16 ) ) ;
#6245 = EDGE_CURVE ( 'NONE', #8547, #6703, #1681, .T. ) ;
#6246 = ORIENTED_EDGE ( 'NONE', *, *, #413, .T. ) ;
#6247 = CARTESIAN_POINT ( 'NONE',  ( 286.3209915161129970, 148.7737469485219890, 131.0916788174770033 ) ) ;
#6248 = EDGE_CURVE ( 'NONE', #2579, #9250, #7902, .T. ) ;
#6249 = CARTESIAN_POINT ( 'NONE',  ( -62.68753156017800876, 98.04149627685548296, 183.7207935539340156 ) ) ;
#6250 = ORIENTED_EDGE ( 'NONE', *, *, #2939, .T. ) ;
#6251 = ADVANCED_FACE ( 'NONE', ( #6145 ), #4473, .F. ) ;
#6252 = DIRECTION ( 'NONE',  ( -1.613071426384554170E-15, -1.000000000000000000, 0.000000000000000000 ) ) ;
#6253 = CARTESIAN_POINT ( 'NONE',  ( -97.01492246262618835, 137.7344255771860162, 207.1115330082739661 ) ) ;
#6254 = ORIENTED_EDGE ( 'NONE', *, *, #3336, .F. ) ;
#6255 = DIRECTION ( 'NONE',  ( 1.000000000000000000, -9.747022401918829411E-18, 0.000000000000000000 ) ) ;
#6256 = VERTEX_POINT ( 'NONE', #9060 ) ;
#6257 = LINE ( 'NONE', #2721, #4308 ) ;
#6258 = CARTESIAN_POINT ( 'NONE',  ( -134.7493367092509970, 63.61684799194339490, 158.7207935539340156 ) ) ;
#6259 = DIRECTION ( 'NONE',  ( 1.000000000000000000, 0.000000000000000000, 0.000000000000000000 ) ) ;
#6260 = ADVANCED_FACE ( 'NONE', ( #2026 ), #5571, .F. ) ;
#6261 = ORIENTED_EDGE ( 'NONE', *, *, #7761, .F. ) ;
#6262 = EDGE_CURVE ( 'NONE', #2625, #11509, #983, .T. ) ;
#6263 = CARTESIAN_POINT ( 'NONE',  ( -62.68753156123731429, 110.9465026855470029, 183.7207935539340156 ) ) ;
#6264 = EDGE_CURVE ( 'NONE', #2236, #3853, #2900, .T. ) ;
#6265 = AXIS2_PLACEMENT_3D ( 'NONE', #4512, #5494, #2005 ) ;
#6266 = PLANE ( 'NONE',  #6935 ) ;
#6267 = DIRECTION ( 'NONE',  ( 0.000000000000000000, 0.000000000000000000, -1.000000000000000000 ) ) ;
#6268 = PLANE ( 'NONE',  #6033 ) ;
#6269 = ORIENTED_EDGE ( 'NONE', *, *, #9981, .T. ) ;
#6270 = DIRECTION ( 'NONE',  ( -1.000000000000000000, -5.242698834279470015E-16, 2.697178306448664943E-16 ) ) ;
#6271 = DIRECTION ( 'NONE',  ( 0.000000000000000000, 0.000000000000000000, 1.000000000000000000 ) ) ;
#6272 = DIRECTION ( 'NONE',  ( 0.000000000000000000, 0.000000000000000000, -1.000000000000000000 ) ) ;
#6273 = EDGE_CURVE ( 'NONE', #7987, #5102, #8663, .T. ) ;
#6274 = AXIS2_PLACEMENT_3D ( 'NONE', #1463, #379, #8550 ) ;
#6275 = CARTESIAN_POINT ( 'NONE',  ( -291.1789894104000496, -1.112785950878200411E-15, 156.5270768601280338 ) ) ;
#6276 = EDGE_CURVE ( 'NONE', #2997, #6507, #4596, .T. ) ;
#6277 = DIRECTION ( 'NONE',  ( -2.489558328007871275E-08, 0.7071067811865477948, 0.7071067811865469066 ) ) ;
#6278 = CARTESIAN_POINT ( 'NONE',  ( -197.1789894103999927, 134.9871293177949951, 183.7207935539340156 ) ) ;
#6279 = ORIENTED_EDGE ( 'NONE', *, *, #11028, .F. ) ;
#6280 = EDGE_LOOP ( 'NONE', ( #7694, #2043, #11293, #11458 ) ) ;
#6281 = ORIENTED_EDGE ( 'NONE', *, *, #4508, .T. ) ;
#6282 = DIRECTION ( 'NONE',  ( 0.7071067811865469066, -0.7071067811865481278, 0.000000000000000000 ) ) ;
#6283 = ORIENTED_EDGE ( 'NONE', *, *, #3602, .F. ) ;
#6284 = DIRECTION ( 'NONE',  ( 0.000000000000000000, -0.7071067811865460184, 0.7071067811865487940 ) ) ;
#6285 = ORIENTED_EDGE ( 'NONE', *, *, #10477, .F. ) ;
#6286 = DIRECTION ( 'NONE',  ( 0.000000000000000000, 0.000000000000000000, -1.000000000000000000 ) ) ;
#6287 = DIRECTION ( 'NONE',  ( 2.362347636401559754E-16, -0.3562957817360009605, 0.9343732208904169667 ) ) ;
#6288 = CARTESIAN_POINT ( 'NONE',  ( -83.01557525061218712, 22.12077994439439976, 155.7207935539340156 ) ) ;
#6289 = AXIS2_PLACEMENT_3D ( 'NONE', #8066, #8842, #11469 ) ;
#6290 = DIRECTION ( 'NONE',  ( 0.000000000000000000, 0.000000000000000000, -1.000000000000000000 ) ) ;
#6291 = ORIENTED_EDGE ( 'NONE', *, *, #2834, .F. ) ;
#6292 = ORIENTED_EDGE ( 'NONE', *, *, #176, .T. ) ;
#6293 = PLANE ( 'NONE',  #1398 ) ;
#6294 = ADVANCED_FACE ( 'NONE', ( #5515 ), #6435, .T. ) ;
#6295 = EDGE_LOOP ( 'NONE', ( #6730, #9431, #6604, #8197 ) ) ;
#6296 = DIRECTION ( 'NONE',  ( 0.000000000000000000, 1.000000000000000000, 0.000000000000000000 ) ) ;
#6297 = CARTESIAN_POINT ( 'NONE',  ( -291.1789894103999927, 156.4021854306319881, 123.7207935539339871 ) ) ;
#6298 = CARTESIAN_POINT ( 'NONE',  ( -288.6789894103999927, 109.8818980297850061, 197.1468140555100206 ) ) ;
#6299 = CARTESIAN_POINT ( 'NONE',  ( 150.3786849975589917, 76.52169227600100498, 148.7207935539339871 ) ) ;
#6300 = CARTESIAN_POINT ( 'NONE',  ( 93.90520684826643105, 117.4188356543205032, 208.1721121277132625 ) ) ;
#6301 = AXIS2_PLACEMENT_3D ( 'NONE', #8082, #3447, #128 ) ;
#6302 = DIRECTION ( 'NONE',  ( 1.000000000000000000, -4.362752391243203476E-16, 0.000000000000000000 ) ) ;
#6303 = ORIENTED_EDGE ( 'NONE', *, *, #4989, .F. ) ;
#6304 = CARTESIAN_POINT ( 'NONE',  ( 43.09501647949219461, 75.12078285217289420, 158.7207935539340156 ) ) ;
#6305 = EDGE_CURVE ( 'NONE', #3837, #2464, #8122, .T. ) ;
#6306 = DIRECTION ( 'NONE',  ( 0.000000000000000000, 0.000000000000000000, -1.000000000000000000 ) ) ;
#6307 = ORIENTED_EDGE ( 'NONE', *, *, #4340, .F. ) ;
#6308 = CYLINDRICAL_SURFACE ( 'NONE', #5974, 5.000000000000012434 ) ;
#6309 = CARTESIAN_POINT ( 'NONE',  ( 183.5030736399810110, 76.52168743035359455, 158.7207935539340156 ) ) ;
#6310 = ORIENTED_EDGE ( 'NONE', *, *, #638, .T. ) ;
#6311 = FACE_OUTER_BOUND ( 'NONE', #7502, .T. ) ;
#6312 = DIRECTION ( 'NONE',  ( 1.000000000000000000, 1.274272494262450050E-16, 0.000000000000000000 ) ) ;
#6313 = CARTESIAN_POINT ( 'NONE',  ( 288.8209915161129970, 76.32125139236430300, 183.7207935539340156 ) ) ;
#6314 = ORIENTED_EDGE ( 'NONE', *, *, #7824, .F. ) ;
#6315 = CARTESIAN_POINT ( 'NONE',  ( -288.1789894103999927, 40.00000480987760199, 155.7207935539340156 ) ) ;
#6316 = CARTESIAN_POINT ( 'NONE',  ( 193.6955001440280739, 117.2091289500820608, 208.3251006671646621 ) ) ;
#6317 = ADVANCED_FACE ( 'NONE', ( #3767 ), #684, .T. ) ;
#6318 = DIRECTION ( 'NONE',  ( 2.901163001883460083E-16, 1.000000000000000000, 0.000000000000000000 ) ) ;
#6320 = ADVANCED_FACE ( 'NONE', ( #8002 ), #9222, .T. ) ;
#6319 = CARTESIAN_POINT ( 'NONE',  ( 38.07888031005860086, 22.12078094482420099, 135.7207935539339871 ) ) ;
#6321 = ORIENTED_EDGE ( 'NONE', *, *, #5770, .F. ) ;
#6322 = CARTESIAN_POINT ( 'NONE',  ( -269.8896011046559806, 89.42653656005859375, 150.7207935539340156 ) ) ;
#6323 = CYLINDRICAL_SURFACE ( 'NONE', #7123, 2.999999999999994227 ) ;
#6324 = EDGE_CURVE ( 'NONE', #2724, #4906, #10874, .T. ) ;
#6325 = CIRCLE ( 'NONE', #6141, 5.000000000000004441 ) ;
#6326 = VECTOR ( 'NONE', #868, 1000.000000000000000 ) ;
#6327 = CARTESIAN_POINT ( 'NONE',  ( 288.8209915161129970, -1.776356839400250149E-14, 155.7207935539340156 ) ) ;
#6328 = DIRECTION ( 'NONE',  ( 1.000000000000000000, 4.395960322595069756E-10, 0.000000000000000000 ) ) ;
#6329 = DIRECTION ( 'NONE',  ( 0.000000000000000000, 0.7071067811865460184, 0.7071067811865487940 ) ) ;
#6330 = VERTEX_POINT ( 'NONE', #287 ) ;
#6331 = EDGE_CURVE ( 'NONE', #6703, #11101, #2955, .T. ) ;
#6332 = ORIENTED_EDGE ( 'NONE', *, *, #10605, .T. ) ;
#6333 = ORIENTED_EDGE ( 'NONE', *, *, #2624, .T. ) ;
#6334 = DIRECTION ( 'NONE',  ( 0.000000000000000000, 0.000000000000000000, 1.000000000000000000 ) ) ;
#6335 = DIRECTION ( 'NONE',  ( 5.974482020221200890E-08, -0.9999999999999982236, 0.000000000000000000 ) ) ;
#6336 = CIRCLE ( 'NONE', #5421, 12.90500640869140447 ) ;
#6337 = ORIENTED_EDGE ( 'NONE', *, *, #1571, .T. ) ;
#6338 = ADVANCED_FACE ( 'NONE', ( #7235 ), #2081, .T. ) ;
#6339 = DIRECTION ( 'NONE',  ( -1.000000000000000000, 1.188474749415029953E-15, 0.000000000000000000 ) ) ;
#6340 = ADVANCED_FACE ( 'NONE', ( #6490 ), #3600, .F. ) ;
#6341 = DIRECTION ( 'NONE',  ( -8.818228063756050507E-11, 1.000000000000000000, 0.000000000000000000 ) ) ;
#6343 = DIRECTION ( 'NONE',  ( 0.000000000000000000, 0.000000000000000000, -1.000000000000000000 ) ) ;
#6342 = CIRCLE ( 'NONE', #10077, 12.90500640869139737 ) ;
#6344 = CARTESIAN_POINT ( 'NONE',  ( 144.4104957580560153, 123.7770500765000037, 158.7207935539340156 ) ) ;
#6345 = CARTESIAN_POINT ( 'NONE',  ( -51.09095215924970290, 6.215924776715099576, 158.7207935539340156 ) ) ;
#6346 = VERTEX_POINT ( 'NONE', #7181 ) ;
#6347 = ORIENTED_EDGE ( 'NONE', *, *, #8407, .T. ) ;
#6348 = ORIENTED_EDGE ( 'NONE', *, *, #1915, .T. ) ;
#6349 = FACE_OUTER_BOUND ( 'NONE', #5134, .T. ) ;
#6350 = ORIENTED_EDGE ( 'NONE', *, *, #1831, .F. ) ;
#6351 = CARTESIAN_POINT ( 'NONE',  ( -218.8657760620120314, 76.52169227600100498, 183.7207935539340156 ) ) ;
#6352 = CARTESIAN_POINT ( 'NONE',  ( 43.09501647949219461, 88.02577972412109375, 183.7207935539340156 ) ) ;
#6353 = LINE ( 'NONE', #9916, #9952 ) ;
#6354 = DIRECTION ( 'NONE',  ( 0.000000000000000000, 0.000000000000000000, -1.000000000000000000 ) ) ;
#6355 = AXIS2_PLACEMENT_3D ( 'NONE', #3098, #1179, #10962 ) ;
#6356 = LINE ( 'NONE', #265, #11269 ) ;
#6357 = ADVANCED_FACE ( 'NONE', ( #10757 ), #2779, .T. ) ;
#6358 = AXIS2_PLACEMENT_3D ( 'NONE', #1907, #5454, #4597 ) ;
#6359 = CARTESIAN_POINT ( 'NONE',  ( 283.8209915161129970, 97.82984857965034564, 208.5385722743628492 ) ) ;
#6360 = EDGE_LOOP ( 'NONE', ( #3758, #3356, #6701, #8001 ) ) ;
#6361 = CARTESIAN_POINT ( 'NONE',  ( -146.1789941787719727, 115.8346203221669981, 206.2207935539339871 ) ) ;
#6362 = ORIENTED_EDGE ( 'NONE', *, *, #10677, .T. ) ;
#6363 = DIRECTION ( 'NONE',  ( 0.000000000000000000, 0.000000000000000000, -1.000000000000000000 ) ) ;
#6364 = CARTESIAN_POINT ( 'NONE',  ( -195.8226723637361886, 116.9783032755031940, 208.4438521006772191 ) ) ;
#6365 = VERTEX_POINT ( 'NONE', #5453 ) ;
#6366 = DIRECTION ( 'NONE',  ( -1.000000000000000000, 1.514560233585315114E-17, -1.514560233585310184E-17 ) ) ;
#6367 = DIRECTION ( 'NONE',  ( 0.000000000000000000, -0.7071067811865475727, 0.7071067811865475727 ) ) ;
#6368 = LINE ( 'NONE', #9932, #6094 ) ;
#6369 = VERTEX_POINT ( 'NONE', #5688 ) ;
#6370 = AXIS2_PLACEMENT_3D ( 'NONE', #1609, #9459, #7930 ) ;
#6371 = CARTESIAN_POINT ( 'NONE',  ( -288.6789894103999927, 123.7770500765000037, 183.7207935539340156 ) ) ;
#6372 = EDGE_CURVE ( 'NONE', #9640, #8343, #10115, .T. ) ;
#6373 = DIRECTION ( 'NONE',  ( 0.000000000000000000, 0.7071067811865460184, 0.7071067811865487940 ) ) ;
#6374 = PLANE ( 'NONE',  #6908 ) ;
#6375 = ORIENTED_EDGE ( 'NONE', *, *, #5806, .T. ) ;
#6376 = DIRECTION ( 'NONE',  ( 0.000000000000000000, -1.000000000000000000, 0.000000000000000000 ) ) ;
#6377 = AXIS2_PLACEMENT_3D ( 'NONE', #1125, #7327, #5766 ) ;
#6378 = CARTESIAN_POINT ( 'NONE',  ( -289.4014788644012697, 64.29263950941414407, 158.7221608846672041 ) ) ;
#6379 = ORIENTED_EDGE ( 'NONE', *, *, #8065, .F. ) ;
#6380 = AXIS2_PLACEMENT_3D ( 'NONE', #5100, #7054, #7876 ) ;
#6381 = FACE_OUTER_BOUND ( 'NONE', #1731, .T. ) ;
#6382 = FACE_OUTER_BOUND ( 'NONE', #6409, .T. ) ;
#6383 = AXIS2_PLACEMENT_3D ( 'NONE', #5423, #10779, #8915 ) ;
#6384 = CARTESIAN_POINT ( 'NONE',  ( 78.23455810546869316, 110.9465026855470029, 208.7207935539339871 ) ) ;
#6385 = AXIS2_PLACEMENT_3D ( 'NONE', #5929, #7725, #9368 ) ;
#6386 = EDGE_CURVE ( 'NONE', #6188, #2350, #3888, .T. ) ;
#6387 = EDGE_CURVE ( 'NONE', #791, #7268, #6661, .T. ) ;
#6388 = AXIS2_PLACEMENT_3D ( 'NONE', #10346, #2366, #9462 ) ;
#6389 = AXIS2_PLACEMENT_3D ( 'NONE', #5298, #1, #10594 ) ;
#6390 = LINE ( 'NONE', #2791, #8646 ) ;
#6391 = CIRCLE ( 'NONE', #1767, 5.000000000000004441 ) ;
#6392 = CARTESIAN_POINT ( 'NONE',  ( 60.32955169677730112, 128.8515090942379970, 203.7207935539339871 ) ) ;
#6393 = CARTESIAN_POINT ( 'NONE',  ( 258.8209915161129970, 76.32125139236430300, 183.7207935539340156 ) ) ;
#6394 = ORIENTED_EDGE ( 'NONE', *, *, #7127, .T. ) ;
#6395 = EDGE_CURVE ( 'NONE', #7079, #9673, #4874, .T. ) ;
#6396 = EDGE_LOOP ( 'NONE', ( #7631, #6867, #1313, #3990, #11335, #9197 ) ) ;
#6397 = ORIENTED_EDGE ( 'NONE', *, *, #5357, .F. ) ;
#6398 = CARTESIAN_POINT ( 'NONE',  ( 115.5181833844531809, 80.50064883809990590, 208.6883513319249062 ) ) ;
#6399 = DIRECTION ( 'NONE',  ( 0.000000000000000000, 0.000000000000000000, -1.000000000000000000 ) ) ;
#6400 = VERTEX_POINT ( 'NONE', #4110 ) ;
#6401 = DIRECTION ( 'NONE',  ( 0.9999999999999994449, 3.520767198827568230E-08, 0.000000000000000000 ) ) ;
#6402 = VECTOR ( 'NONE', #1901, 1000.000000000000000 ) ;
#6403 = AXIS2_PLACEMENT_3D ( 'NONE', #9577, #10450, #5211 ) ;
#6404 = FACE_OUTER_BOUND ( 'NONE', #3036, .T. ) ;
#6405 = DIRECTION ( 'NONE',  ( 0.000000000000000000, 0.000000000000000000, 1.000000000000000000 ) ) ;
#6406 = PLANE ( 'NONE',  #6377 ) ;
#6407 = AXIS2_PLACEMENT_3D ( 'NONE', #10005, #7239, #10879 ) ;
#6408 = CYLINDRICAL_SURFACE ( 'NONE', #9286, 12.90485382080079901 ) ;
#6409 = EDGE_LOOP ( 'NONE', ( #5945, #10121, #3367, #826, #7211 ) ) ;
#6410 = EDGE_CURVE ( 'NONE', #2421, #8139, #10648, .T. ) ;
#6411 = ORIENTED_EDGE ( 'NONE', *, *, #1344, .T. ) ;
#6412 = ORIENTED_EDGE ( 'NONE', *, *, #8850, .T. ) ;
#6413 = DIRECTION ( 'NONE',  ( 0.000000000000000000, -1.000000000000000000, 0.000000000000000000 ) ) ;
#6414 = AXIS2_PLACEMENT_3D ( 'NONE', #2285, #9386, #4965 ) ;
#6415 = EDGE_CURVE ( 'NONE', #1815, #8016, #10989, .T. ) ;
#6416 = AXIS2_PLACEMENT_3D ( 'NONE', #1309, #1362, #1254 ) ;
#6417 = ORIENTED_EDGE ( 'NONE', *, *, #5816, .F. ) ;
#6418 = PLANE ( 'NONE',  #3068 ) ;
#6419 = LINE ( 'NONE', #10793, #4982 ) ;
#6420 = LINE ( 'NONE', #8161, #8644 ) ;
#6421 = VECTOR ( 'NONE', #6095, 1000.000000000000000 ) ;
#6422 = DIRECTION ( 'NONE',  ( 1.000000000000000000, 6.519917093474220715E-16, 0.000000000000000000 ) ) ;
#6423 = ORIENTED_EDGE ( 'NONE', *, *, #672, .T. ) ;
#6424 = EDGE_CURVE ( 'NONE', #5564, #1311, #5742, .T. ) ;
#6425 = DIRECTION ( 'NONE',  ( 0.000000000000000000, 0.000000000000000000, -1.000000000000000000 ) ) ;
#6426 = VERTEX_POINT ( 'NONE', #5858 ) ;
#6427 = CARTESIAN_POINT ( 'NONE',  ( 216.5078353881840201, 9.215927124023419736, 143.7207935539339871 ) ) ;
#6428 = CARTESIAN_POINT ( 'NONE',  ( 29.57527637481700111, 98.04149627685548296, 203.7207935539339871 ) ) ;
#6429 = ORIENTED_EDGE ( 'NONE', *, *, #9826, .F. ) ;
#6430 = CARTESIAN_POINT ( 'NONE',  ( 132.3913192749020027, 9.215927124023428618, 155.7207935539340156 ) ) ;
#6431 = CARTESIAN_POINT ( 'NONE',  ( 43.09501647949219461, 57.21578598022470175, 203.7207935539339871 ) ) ;
#6432 = CARTESIAN_POINT ( 'NONE',  ( 258.8209915161129970, 43.32125139236429590, 186.7207935539340156 ) ) ;
#6433 = VERTEX_POINT ( 'NONE', #4987 ) ;
#6434 = CARTESIAN_POINT ( 'NONE',  ( -291.1789894103999927, 99.48037732825460466, 203.7207935539339871 ) ) ;
#6435 = CYLINDRICAL_SURFACE ( 'NONE', #5691, 5.000000000000012434 ) ;
#6436 = CYLINDRICAL_SURFACE ( 'NONE', #1562, 2.500000000000011990 ) ;
#6437 = VERTEX_POINT ( 'NONE', #1272 ) ;
#6438 = LINE ( 'NONE', #6610, #1057 ) ;
#6439 = VERTEX_POINT ( 'NONE', #8531 ) ;
#6440 = CARTESIAN_POINT ( 'NONE',  ( -117.8761103101920042, 82.51149024608710647, 208.7207935539339871 ) ) ;
#6441 = DIRECTION ( 'NONE',  ( 0.000000000000000000, 0.000000000000000000, 1.000000000000000000 ) ) ;
#6442 = EDGE_CURVE ( 'NONE', #2353, #6740, #58, .T. ) ;
#6443 = LINE ( 'NONE', #10999, #5541 ) ;
#6444 = FACE_OUTER_BOUND ( 'NONE', #8745, .T. ) ;
#6445 = CARTESIAN_POINT ( 'NONE',  ( -1.178998947143480081, 80.00000961975510450, 123.7207935539339871 ) ) ;
#6446 = CARTESIAN_POINT ( 'NONE',  ( 60.32955169677730112, 110.9465026855470029, 203.7207935539339871 ) ) ;
#6447 = VERTEX_POINT ( 'NONE', #9291 ) ;
#6448 = AXIS2_PLACEMENT_3D ( 'NONE', #6981, #7852, #10608 ) ;
#6449 = ORIENTED_EDGE ( 'NONE', *, *, #1334, .T. ) ;
#6450 = ORIENTED_EDGE ( 'NONE', *, *, #6673, .F. ) ;
#6451 = CARTESIAN_POINT ( 'NONE',  ( 150.3786849975589917, 94.42653656005860796, 208.7207935539339871 ) ) ;
#6452 = ADVANCED_FACE ( 'NONE', ( #11161 ), #7281, .T. ) ;
#6453 = AXIS2_PLACEMENT_3D ( 'NONE', #4337, #3347, #5151 ) ;
#6454 = AXIS2_PLACEMENT_3D ( 'NONE', #3215, #10157, #5665 ) ;
#6455 = ORIENTED_EDGE ( 'NONE', *, *, #8880, .F. ) ;
#6456 = LINE ( 'NONE', #1291, #10298 ) ;
#6457 = CARTESIAN_POINT ( 'NONE',  ( -51.09095208456295722, 8.337245120274735299, 157.8421138974936468 ) ) ;
#6458 = EDGE_CURVE ( 'NONE', #8016, #5675, #1324, .T. ) ;
#6459 = DIRECTION ( 'NONE',  ( 0.000000000000000000, 0.000000000000000000, -1.000000000000000000 ) ) ;
#6460 = VECTOR ( 'NONE', #3764, 1000.000000000000000 ) ;
#6461 = LINE ( 'NONE', #2976, #11043 ) ;
#6462 = DIRECTION ( 'NONE',  ( 1.000000000000000000, -3.226180998935143991E-15, 0.000000000000000000 ) ) ;
#6463 = ORIENTED_EDGE ( 'NONE', *, *, #6273, .F. ) ;
#6464 = ORIENTED_EDGE ( 'NONE', *, *, #6802, .F. ) ;
#6465 = ORIENTED_EDGE ( 'NONE', *, *, #3939, .T. ) ;
#6466 = CARTESIAN_POINT ( 'NONE',  ( -145.5894947051999964, 123.7770500765000037, 183.7207935539340156 ) ) ;
#6467 = EDGE_CURVE ( 'NONE', #2866, #5429, #1175, .T. ) ;
#6468 = ORIENTED_EDGE ( 'NONE', *, *, #4989, .T. ) ;
#6469 = CARTESIAN_POINT ( 'NONE',  ( -289.2645901247819893, 65.72271179913170158, 160.3173137042129781 ) ) ;
#6470 = CARTESIAN_POINT ( 'NONE',  ( 288.8209915161129970, 120.1792166382100078, 158.7207935539340156 ) ) ;
#6471 = LINE ( 'NONE', #6298, #1574 ) ;
#6472 = DIRECTION ( 'NONE',  ( 0.000000000000000000, 0.7071067811865460184, 0.7071067811865487940 ) ) ;
#6473 = DIRECTION ( 'NONE',  ( 0.000000000000000000, 0.000000000000000000, -1.000000000000000000 ) ) ;
#6474 = EDGE_CURVE ( 'NONE', #7197, #9703, #6607, .T. ) ;
#6475 = CIRCLE ( 'NONE', #1474, 12.90484428405759587 ) ;
#6476 = CARTESIAN_POINT ( 'NONE',  ( -134.7493362426759802, 22.12078094482420099, 158.7207935539340156 ) ) ;
#6477 = EDGE_LOOP ( 'NONE', ( #1232, #5223, #244, #9432 ) ) ;
#6478 = CARTESIAN_POINT ( 'NONE',  ( 150.3786849975589917, 63.61684799194339490, 158.7207935539340156 ) ) ;
#6479 = EDGE_LOOP ( 'NONE', ( #5162, #3176, #6743, #4947 ) ) ;
#6480 = CARTESIAN_POINT ( 'NONE',  ( -134.7493367092509970, 90.89100265412585600, 207.2563274598667249 ) ) ;
#6481 = CARTESIAN_POINT ( 'NONE',  ( 27.90500640869137072, 125.3159751883049751, 207.2563274598670375 ) ) ;
#6482 = EDGE_LOOP ( 'NONE', ( #7108, #9972, #2871, #2188 ) ) ;
#6483 = CARTESIAN_POINT ( 'NONE',  ( -30.26300430297849786, 123.8515090942380112, 143.7207935539339871 ) ) ;
#6484 = CARTESIAN_POINT ( 'NONE',  ( -291.1789894103999927, 76.32125139236450195, 158.7207935539340156 ) ) ;
#6485 = CARTESIAN_POINT ( 'NONE',  ( 80.65757730362400935, 6.215925900706809060, 158.7207935539340156 ) ) ;
#6486 = VECTOR ( 'NONE', #9430, 1000.000000000000000 ) ;
#6487 = ORIENTED_EDGE ( 'NONE', *, *, #6410, .F. ) ;
#6488 = DIRECTION ( 'NONE',  ( 0.000000000000000000, 0.000000000000000000, -1.000000000000000000 ) ) ;
#6489 = EDGE_CURVE ( 'NONE', #7002, #3327, #6729, .T. ) ;
#6490 = FACE_OUTER_BOUND ( 'NONE', #10547, .T. ) ;
#6491 = DIRECTION ( 'NONE',  ( 0.000000000000000000, -0.7071067811865486830, 0.7071067811865463515 ) ) ;
#6492 = VERTEX_POINT ( 'NONE', #9346 ) ;
#6493 = DIRECTION ( 'NONE',  ( -0.9999999999999995559, -2.453707363292904466E-08, 4.301571643946534541E-15 ) ) ;
#6494 = CARTESIAN_POINT ( 'NONE',  ( -290.1388066385308662, 68.31463351734576861, 158.7267298601749133 ) ) ;
#6495 = ORIENTED_EDGE ( 'NONE', *, *, #2088, .F. ) ;
#6496 = DIRECTION ( 'NONE',  ( 0.000000000000000000, 0.000000000000000000, 1.000000000000000000 ) ) ;
#6497 = CARTESIAN_POINT ( 'NONE',  ( -290.4482188859409462, 69.74005044511349638, 183.7207935532600231 ) ) ;
#6498 = CIRCLE ( 'NONE', #3545, 4.999999999999997335 ) ;
#6499 = EDGE_CURVE ( 'NONE', #11297, #6330, #9660, .T. ) ;
#6500 = DIRECTION ( 'NONE',  ( -5.480868912904819410E-16, 1.000000000000000000, 0.000000000000000000 ) ) ;
#6501 = DIRECTION ( 'NONE',  ( -1.110223024625155594E-14, -1.000000000000000000, 0.000000000000000000 ) ) ;
#6502 = ORIENTED_EDGE ( 'NONE', *, *, #11002, .T. ) ;
#6503 = VERTEX_POINT ( 'NONE', #4823 ) ;
#6504 = ORIENTED_EDGE ( 'NONE', *, *, #2272, .F. ) ;
#6505 = CARTESIAN_POINT ( 'NONE',  ( -291.1789894103999927, 160.0000189074170294, 148.7207935680310129 ) ) ;
#6506 = CIRCLE ( 'NONE', #2807, 2.999999999999999112 ) ;
#6507 = VERTEX_POINT ( 'NONE', #11108 ) ;
#6508 = CARTESIAN_POINT ( 'NONE',  ( -218.8657760620120314, 89.42653656005859375, 150.7207935539340156 ) ) ;
#6509 = AXIS2_PLACEMENT_3D ( 'NONE', #9416, #11115, #1450 ) ;
#6510 = LINE ( 'NONE', #7491, #4776 ) ;
#6511 =( BOUNDED_CURVE ( )  B_SPLINE_CURVE ( 3, ( #2487, #1741, #7831, #1622 ),
 .UNSPECIFIED., .F., .F. ) 
 B_SPLINE_CURVE_WITH_KNOTS ( ( 4, 4 ),
 ( 2.220446216486143847E-16, 0.7853981633976855337 ),
 .UNSPECIFIED. ) 
 CURVE ( )  GEOMETRIC_REPRESENTATION_ITEM ( )  RATIONAL_B_SPLINE_CURVE ( ( 1.000000000000000000, 0.9492530216741609239, 0.9492530216741609239, 1.000000000000000000 ) ) 
 REPRESENTATION_ITEM ( '' )  );
#6512 = ADVANCED_FACE ( 'NONE', ( #3126 ), #8476, .F. ) ;
#6513 = ADVANCED_FACE ( 'NONE', ( #516 ), #4058, .T. ) ;
#6514 = CARTESIAN_POINT ( 'NONE',  ( -83.01555633544920454, 76.52169227600100498, 208.7207935539339871 ) ) ;
#6515 = DIRECTION ( 'NONE',  ( 1.000000000000000000, 5.921189464667490768E-15, 0.000000000000000000 ) ) ;
#6516 = LINE ( 'NONE', #4847, #11396 ) ;
#6517 = VERTEX_POINT ( 'NONE', #8582 ) ;
#6518 = CIRCLE ( 'NONE', #10821, 3.000000000000007994 ) ;
#6519 = ORIENTED_EDGE ( 'NONE', *, *, #2197, .F. ) ;
#6520 = ORIENTED_EDGE ( 'NONE', *, *, #2140, .T. ) ;
#6521 = DIRECTION ( 'NONE',  ( -0.7071067811865475727, 0.000000000000000000, 0.7071067811865475727 ) ) ;
#6522 = AXIS2_PLACEMENT_3D ( 'NONE', #9231, #5680, #2242 ) ;
#6523 = VERTEX_POINT ( 'NONE', #10571 ) ;
#6524 = CYLINDRICAL_SURFACE ( 'NONE', #410, 5.000000000000012434 ) ;
#6525 = DIRECTION ( 'NONE',  ( -8.167399816904201767E-11, 1.000000000000000000, 0.000000000000000000 ) ) ;
#6526 = CARTESIAN_POINT ( 'NONE',  ( 194.0887584690793801, 98.66131964795599174, 207.9885605069003702 ) ) ;
#6527 = VECTOR ( 'NONE', #3288, 999.9999999999998863 ) ;
#6528 = ADVANCED_FACE ( 'NONE', ( #6829 ), #3354, .T. ) ;
#6529 = ADVANCED_FACE ( 'NONE', ( #5097 ), #1547, .T. ) ;
#6530 = CARTESIAN_POINT ( 'NONE',  ( -92.00923903845171026, 22.12077983405490045, 155.7207935539340156 ) ) ;
#6531 = EDGE_LOOP ( 'NONE', ( #10172, #5158, #5016, #3141 ) ) ;
#6532 = FACE_BOUND ( 'NONE', #2569, .T. ) ;
#6533 = EDGE_LOOP ( 'NONE', ( #8294, #2585, #5695, #4334, #9985, #5732 ) ) ;
#6534 = DIRECTION ( 'NONE',  ( 0.000000000000000000, 0.000000000000000000, 1.000000000000000000 ) ) ;
#6535 = DIRECTION ( 'NONE',  ( -1.000000000000000000, 1.635284895191439853E-16, 0.000000000000000000 ) ) ;
#6536 = EDGE_CURVE ( 'NONE', #2579, #8820, #625, .T. ) ;
#6537 = ORIENTED_EDGE ( 'NONE', *, *, #2550, .T. ) ;
#6538 = LINE ( 'NONE', #8470, #1517 ) ;
#6539 = CYLINDRICAL_SURFACE ( 'NONE', #1026, 5.000000000000012434 ) ;
#6540 = AXIS2_PLACEMENT_3D ( 'NONE', #4565, #5374, #8862 ) ;
#6541 = LINE ( 'NONE', #2302, #4054 ) ;
#6542 = ORIENTED_EDGE ( 'NONE', *, *, #8201, .F. ) ;
#6543 = CYLINDRICAL_SURFACE ( 'NONE', #11431, 2.999999999999994227 ) ;
#6544 = VECTOR ( 'NONE', #2039, 1000.000000000000000 ) ;
#6545 = DIRECTION ( 'NONE',  ( 0.000000000000000000, 0.000000000000000000, 1.000000000000000000 ) ) ;
#6546 = CARTESIAN_POINT ( 'NONE',  ( 216.5078370686659923, 89.42653656005859375, 150.7207935539340156 ) ) ;
#6547 = ORIENTED_EDGE ( 'NONE', *, *, #11350, .T. ) ;
#6548 = DIRECTION ( 'NONE',  ( -1.000000000000000000, 8.176424475957199265E-17, -8.176424475957199265E-17 ) ) ;
#6549 = CARTESIAN_POINT ( 'NONE',  ( -289.3460874373628258, 63.97122961081606718, 158.7223560790663441 ) ) ;
#6550 = EDGE_CURVE ( 'NONE', #6256, #8591, #8705, .T. ) ;
#6551 = ORIENTED_EDGE ( 'NONE', *, *, #5003, .F. ) ;
#6552 = EDGE_CURVE ( 'NONE', #8733, #2175, #8034, .T. ) ;
#6553 = CARTESIAN_POINT ( 'NONE',  ( 216.5078353881840201, 35.02563476562500000, 158.7207935539340156 ) ) ;
#6554 = DIRECTION ( 'NONE',  ( -1.000000000000000000, 4.250985102559089721E-17, 0.000000000000000000 ) ) ;
#6555 = AXIS2_PLACEMENT_3D ( 'NONE', #11219, #10344, #3236 ) ;
#6556 = CARTESIAN_POINT ( 'NONE',  ( -287.0483130305329951, 60.95636287501149297, 186.7207935539340156 ) ) ;
#6557 = CARTESIAN_POINT ( 'NONE',  ( 18.44994068145760124, 6.215927124023430395, 155.7207935539340156 ) ) ;
#6558 = CARTESIAN_POINT ( 'NONE',  ( -80.59253796992871344, 110.9465026855470029, 208.7207935539339871 ) ) ;
#6559 = EDGE_LOOP ( 'NONE', ( #9897, #79, #8662, #973 ) ) ;
#6560 = ORIENTED_EDGE ( 'NONE', *, *, #5255, .T. ) ;
#6561 = VERTEX_POINT ( 'NONE', #6130 ) ;
#6562 = AXIS2_PLACEMENT_3D ( 'NONE', #7018, #11414, #10537 ) ;
#6563 = CARTESIAN_POINT ( 'NONE',  ( 115.5181126155986249, 79.98755757976861958, 208.6744263841336533 ) ) ;
#6564 = DIRECTION ( 'NONE',  ( -0.7071067811865475727, 0.000000000000000000, 0.7071067811865475727 ) ) ;
#6565 = AXIS2_PLACEMENT_3D ( 'NONE', #6169, #10903, #8964 ) ;
#6566 = DIRECTION ( 'NONE',  ( 1.000000000000000000, 0.000000000000000000, 0.000000000000000000 ) ) ;
#6567 = AXIS2_PLACEMENT_3D ( 'NONE', #2658, #9652, #10461 ) ;
#6568 = AXIS2_PLACEMENT_3D ( 'NONE', #9145, #10144, #1995 ) ;
#6569 = CARTESIAN_POINT ( 'NONE',  ( 286.6811376081872709, 62.17452588410454695, 158.7218932746225732 ) ) ;
#6570 = DIRECTION ( 'NONE',  ( 0.000000000000000000, 1.000000000000000000, 0.000000000000000000 ) ) ;
#6571 = CARTESIAN_POINT ( 'NONE',  ( -218.8657760620120314, 63.61684799194339490, 183.7207935539340156 ) ) ;
#6572 = ORIENTED_EDGE ( 'NONE', *, *, #3086, .F. ) ;
#6573 = ORIENTED_EDGE ( 'NONE', *, *, #2416, .F. ) ;
#6574 = ORIENTED_EDGE ( 'NONE', *, *, #1577, .F. ) ;
#6575 = DIRECTION ( 'NONE',  ( 0.000000000000000000, -1.000000000000000000, 0.000000000000000000 ) ) ;
#6576 = AXIS2_PLACEMENT_3D ( 'NONE', #9859, #1775, #9035 ) ;
#6577 = ORIENTED_EDGE ( 'NONE', *, *, #6550, .F. ) ;
#6578 = CARTESIAN_POINT ( 'NONE',  ( 60.32955169677730112, 110.9465026855470029, 203.7207935539339871 ) ) ;
#6579 = AXIS2_PLACEMENT_3D ( 'NONE', #3177, #6658, #11044 ) ;
#6580 = DIRECTION ( 'NONE',  ( 0.000000000000000000, 0.000000000000000000, -1.000000000000000000 ) ) ;
#6581 = EDGE_CURVE ( 'NONE', #4205, #6002, #11507, .T. ) ;
#6582 = FACE_OUTER_BOUND ( 'NONE', #3968, .T. ) ;
#6583 = CARTESIAN_POINT ( 'NONE',  ( 200.0054568765763463, 82.84853082095426657, 208.7207935539340156 ) ) ;
#6584 = VECTOR ( 'NONE', #3839, 1000.000000000000000 ) ;
#6585 = AXIS2_PLACEMENT_3D ( 'NONE', #3157, #9214, #10089 ) ;
#6586 = AXIS2_PLACEMENT_3D ( 'NONE', #10051, #9874, #5510 ) ;
#6587 = AXIS2_PLACEMENT_3D ( 'NONE', #3281, #7975, #6919 ) ;
#6588 = DIRECTION ( 'NONE',  ( 2.150785777198151406E-15, -1.732051036371922851E-07, -0.9999999999999850120 ) ) ;
#6589 = ORIENTED_EDGE ( 'NONE', *, *, #2613, .F. ) ;
#6590 = AXIS2_PLACEMENT_3D ( 'NONE', #1385, #4059, #7588 ) ;
#6591 = AXIS2_PLACEMENT_3D ( 'NONE', #9787, #2674, #2505 ) ;
#6592 = ORIENTED_EDGE ( 'NONE', *, *, #5544, .T. ) ;
#6593 = FACE_BOUND ( 'NONE', #1675, .T. ) ;
#6594 = VERTEX_POINT ( 'NONE', #6017 ) ;
#6595 = CARTESIAN_POINT ( 'NONE',  ( -269.8896011047752381, 90.89100265412587021, 207.2563274598667533 ) ) ;
#6596 = CARTESIAN_POINT ( 'NONE',  ( 287.6247756257270112, 67.24652276646051519, 183.6194554448910026 ) ) ;
#6597 = ORIENTED_EDGE ( 'NONE', *, *, #6218, .F. ) ;
#6598 = CARTESIAN_POINT ( 'NONE',  ( 144.4104957580560153, 123.7770500765000037, 183.7207935539340156 ) ) ;
#6599 = LINE ( 'NONE', #9403, #1221 ) ;
#6600 = ADVANCED_FACE ( 'NONE', ( #6995 ), #742, .F. ) ;
#6601 = FACE_OUTER_BOUND ( 'NONE', #8214, .T. ) ;
#6602 = VECTOR ( 'NONE', #607, 1000.000000000000000 ) ;
#6603 = CIRCLE ( 'NONE', #8473, 12.90484428405759587 ) ;
#6604 = ORIENTED_EDGE ( 'NONE', *, *, #3392, .T. ) ;
#6605 = CARTESIAN_POINT ( 'NONE',  ( 133.1763124465940109, 6.215927124023430395, 158.7207935539340156 ) ) ;
#6606 = EDGE_CURVE ( 'NONE', #10074, #7789, #4288, .T. ) ;
#6607 = LINE ( 'NONE', #10174, #9726 ) ;
#6608 = CARTESIAN_POINT ( 'NONE',  ( -42.09728601378149193, 38.02563643273870042, 155.7207935539340156 ) ) ;
#6609 = ORIENTED_EDGE ( 'NONE', *, *, #11305, .T. ) ;
#6610 = CARTESIAN_POINT ( 'NONE',  ( -83.01555633544920454, 89.42653656005859375, 158.7207935539340156 ) ) ;
#6611 = DIRECTION ( 'NONE',  ( 0.000000000000000000, 0.000000000000000000, 1.000000000000000000 ) ) ;
#6612 = EDGE_LOOP ( 'NONE', ( #4825, #8732, #4665, #2121 ) ) ;
#6613 = CARTESIAN_POINT ( 'NONE',  ( -50.50144195556649862, 89.42653656005859375, 158.7207935539340156 ) ) ;
#6614 = CARTESIAN_POINT ( 'NONE',  ( -40.43682098388670454, 35.02563476562500000, 158.7207935539340156 ) ) ;
#6615 = ADVANCED_FACE ( 'NONE', ( #7815 ), #1494, .F. ) ;
#6616 = CARTESIAN_POINT ( 'NONE',  ( 80.65758528230271907, 22.12078010271750017, 155.7207935539340156 ) ) ;
#6617 = EDGE_CURVE ( 'NONE', #7990, #5964, #1723, .T. ) ;
#6618 = ORIENTED_EDGE ( 'NONE', *, *, #6673, .T. ) ;
#6619 = DIRECTION ( 'NONE',  ( 0.000000000000000000, 0.000000000000000000, -1.000000000000000000 ) ) ;
#6620 = CARTESIAN_POINT ( 'NONE',  ( 132.3913249411490085, 76.52169227600100498, 203.7207935539339871 ) ) ;
#6621 = ORIENTED_EDGE ( 'NONE', *, *, #7805, .F. ) ;
#6622 = ORIENTED_EDGE ( 'NONE', *, *, #2820, .F. ) ;
#6623 = CARTESIAN_POINT ( 'NONE',  ( 115.5181139195194788, 80.02044994839134517, 208.6753335528945001 ) ) ;
#6624 = B_SPLINE_CURVE_WITH_KNOTS ( 'NONE', 3,
 ( #780, #4330, #9683, #4393, #5317, #3517, #2633, #1770, #899, #1296, #4675, #9088, #4844, #7381, #9208, #1241, #368, #3800, #1177, #8375, #10960, #8270, #7433, #4738, #3688, #2975, #2863, #5594, #318, #6569, #4794, #3910, #1932, #2102, #7207, #2921, #3857, #10839, #8324, #10781 ),
 .UNSPECIFIED., .F., .F.,
 ( 4, 2, 2, 1, 1, 1, 1, 2, 2, 2, 2, 1, 1, 1, 1, 2, 2, 2, 2, 1, 1, 2, 2, 2, 4 ),
 ( 0.000000000000000000, 0.1249999999996528610, 0.1874999999994826361, 0.2187499999993958444, 0.2343749999993494926, 0.2421874999993259558, 0.2460937499993157973, 0.2480468749993119115, 0.2499999999993080535, 0.3749999999991627253, 0.4374999999990914490, 0.4687499999990545341, 0.4843749999990361044, 0.4921874999990280553, 0.4960937499990228372, 0.4980468749990231148, 0.4999999999990233368, 0.6249999999992508215, 0.6874999999993646194, 0.7187499999994231281, 0.7343749999994535482, 0.7421874999994687583, 0.7499999999994838573, 0.8749999999997419842, 1.000000000000000000 ),
 .UNSPECIFIED. ) ;
#6625 = CARTESIAN_POINT ( 'NONE',  ( 267.5316238403320312, 76.52169227600100498, 158.7207935539340156 ) ) ;
#6626 = FACE_OUTER_BOUND ( 'NONE', #5679, .T. ) ;
#6627 = EDGE_CURVE ( 'NONE', #9250, #4487, #2100, .T. ) ;
#6628 = DIRECTION ( 'NONE',  ( 0.000000000000000000, 1.000000000000000000, 0.000000000000000000 ) ) ;
#6629 = CARTESIAN_POINT ( 'NONE',  ( 80.65757751464838066, 63.61684799194339490, 158.7207935539340156 ) ) ;
#6630 = DIRECTION ( 'NONE',  ( -6.968545807910381742E-13, -1.000000000000000000, 0.000000000000000000 ) ) ;
#6631 = EDGE_LOOP ( 'NONE', ( #3053, #10176, #10952, #6720, #588 ) ) ;
#6632 = ORIENTED_EDGE ( 'NONE', *, *, #9011, .T. ) ;
#6633 = ORIENTED_EDGE ( 'NONE', *, *, #5984, .F. ) ;
#6634 = CARTESIAN_POINT ( 'NONE',  ( -147.6541809933085574, 76.52169192166401501, 133.7207935539339871 ) ) ;
#6635 = VECTOR ( 'NONE', #4133, 1000.000000000000000 ) ;
#6636 = EDGE_CURVE ( 'NONE', #5218, #771, #3409, .T. ) ;
#6637 = ORIENTED_EDGE ( 'NONE', *, *, #1937, .T. ) ;
#6638 = DIRECTION ( 'NONE',  ( 0.000000000000000000, 0.000000000000000000, -1.000000000000000000 ) ) ;
#6639 = AXIS2_PLACEMENT_3D ( 'NONE', #1052, #6496, #5630 ) ;
#6640 = CARTESIAN_POINT ( 'NONE',  ( 284.6285589422420799, 76.40477501313809228, 208.6551462266021986 ) ) ;
#6641 = CARTESIAN_POINT ( 'NONE',  ( 27.90500640869130322, 110.9465026855470029, 208.7207935539339871 ) ) ;
#6642 = CARTESIAN_POINT ( 'NONE',  ( 200.0054610233665073, 79.83700550354835457, 208.6043600118485983 ) ) ;
#6643 = VECTOR ( 'NONE', #7477, 1000.000000000000000 ) ;
#6644 = AXIS2_PLACEMENT_3D ( 'NONE', #7276, #2816, #4455 ) ;
#6645 = CARTESIAN_POINT ( 'NONE',  ( -202.3634140215821731, 73.18604229399150540, 208.6052358376022937 ) ) ;
#6646 = ADVANCED_FACE ( 'NONE', ( #7762 ), #11337, .T. ) ;
#6647 = EDGE_LOOP ( 'NONE', ( #9065, #655, #2003, #5014, #5250, #1305 ) ) ;
#6648 = EDGE_LOOP ( 'NONE', ( #6162, #4787, #628, #10186 ) ) ;
#6649 = CARTESIAN_POINT ( 'NONE',  ( -147.6541809933085858, 76.52169192166401501, 158.7207935539340156 ) ) ;
#6650 = ORIENTED_EDGE ( 'NONE', *, *, #2002, .F. ) ;
#6651 = CARTESIAN_POINT ( 'NONE',  ( -101.0028839111329972, 94.42653656005860796, 203.7207935539339871 ) ) ;
#6652 = CARTESIAN_POINT ( 'NONE',  ( 93.46467446944912183, 116.9783032755031940, 208.4438521006772191 ) ) ;
#6653 = EDGE_LOOP ( 'NONE', ( #8483, #3507, #10359, #6912 ) ) ;
#6654 = FACE_OUTER_BOUND ( 'NONE', #2257, .T. ) ;
#6655 = CARTESIAN_POINT ( 'NONE',  ( 216.5078353881840201, 22.12078094482420099, 158.7207935539340156 ) ) ;
#6656 = CARTESIAN_POINT ( 'NONE',  ( -288.8519068646129995, 99.49022751709109968, 207.1854877912860218 ) ) ;
#6657 = ORIENTED_EDGE ( 'NONE', *, *, #3336, .T. ) ;
#6658 = DIRECTION ( 'NONE',  ( 0.000000000000000000, 0.000000000000000000, 1.000000000000000000 ) ) ;
#6659 = TOROIDAL_SURFACE ( 'NONE', #4074, 15.90485382080079901, 3.000000000000000000 ) ;
#6660 = ADVANCED_FACE ( 'NONE', ( #4345 ), #7873, .T. ) ;
#6661 = LINE ( 'NONE', #2310, #7659 ) ;
#6662 = DIRECTION ( 'NONE',  ( 0.000000000000000000, 0.000000000000000000, 1.000000000000000000 ) ) ;
#6663 = EDGE_CURVE ( 'NONE', #6188, #10180, #8222, .T. ) ;
#6664 = DIRECTION ( 'NONE',  ( 1.000000000000000000, -1.226859234463580202E-08, 0.000000000000000000 ) ) ;
#6665 = ORIENTED_EDGE ( 'NONE', *, *, #4898, .T. ) ;
#6666 = PLANE ( 'NONE',  #2244 ) ;
#6667 = CARTESIAN_POINT ( 'NONE',  ( 65.60616016387930927, 35.90431442206536161, 157.8421138974936468 ) ) ;
#6668 = EDGE_LOOP ( 'NONE', ( #198, #8327, #10982, #7255, #4262 ) ) ;
#6669 = CARTESIAN_POINT ( 'NONE',  ( 258.8209915161129970, 76.32125139236430300, 158.7207935539340156 ) ) ;
#6670 = CARTESIAN_POINT ( 'NONE',  ( -83.01558317658980002, 22.12078010271740069, 155.7207935539340156 ) ) ;
#6671 = DIRECTION ( 'NONE',  ( -1.075393666311713415E-15, -1.000000000000000000, 0.000000000000000000 ) ) ;
#6672 = AXIS2_PLACEMENT_3D ( 'NONE', #7731, #8677, #4899 ) ;
#6673 = EDGE_CURVE ( 'NONE', #4906, #10088, #11030, .T. ) ;
#6674 = ORIENTED_EDGE ( 'NONE', *, *, #9901, .T. ) ;
#6675 = CARTESIAN_POINT ( 'NONE',  ( -286.9867190623451734, 76.52169255418573357, 208.6551201160943947 ) ) ;
#6676 = CYLINDRICAL_SURFACE ( 'NONE', #10933, 2.500000000000000000 ) ;
#6677 = ORIENTED_EDGE ( 'NONE', *, *, #2576, .F. ) ;
#6678 = PLANE ( 'NONE',  #8433 ) ;
#6679 = ADVANCED_FACE ( 'NONE', ( #3034 ), #9261, .T. ) ;
#6680 = DIRECTION ( 'NONE',  ( 1.000000000000000000, 0.000000000000000000, 0.000000000000000000 ) ) ;
#6681 = CARTESIAN_POINT ( 'NONE',  ( 267.5316238403320312, 35.02563476562500000, 155.7207935539340156 ) ) ;
#6682 = CARTESIAN_POINT ( 'NONE',  ( 38.07888031005860086, 9.215927124023428618, 155.7207935539340156 ) ) ;
#6683 = CARTESIAN_POINT ( 'NONE',  ( 288.8209900386809750, 76.30497789300710565, 155.7242630661160092 ) ) ;
#6684 = VECTOR ( 'NONE', #10285, 1000.000000000000000 ) ;
#6685 = ORIENTED_EDGE ( 'NONE', *, *, #7950, .T. ) ;
#6686 = ORIENTED_EDGE ( 'NONE', *, *, #4820, .T. ) ;
#6687 = ORIENTED_EDGE ( 'NONE', *, *, #6069, .F. ) ;
#6688 = DIRECTION ( 'NONE',  ( 1.000000000000000000, -1.450581500941730042E-16, -1.450581500941730042E-16 ) ) ;
#6689 = ORIENTED_EDGE ( 'NONE', *, *, #1561, .F. ) ;
#6690 = CARTESIAN_POINT ( 'NONE',  ( 192.3209915161129970, 96.89302241451051145, 208.7207935539339871 ) ) ;
#6691 = TOROIDAL_SURFACE ( 'NONE', #2432, 15.90485382080079901, 3.000000000000000000 ) ;
#6692 = EDGE_CURVE ( 'NONE', #9078, #2283, #1365, .T. ) ;
#6693 = EDGE_CURVE ( 'NONE', #1311, #7708, #1996, .T. ) ;
#6694 = DIRECTION ( 'NONE',  ( -1.000000000000000000, -1.018317597297119951E-16, 1.018317597297119951E-16 ) ) ;
#6695 = VECTOR ( 'NONE', #10634, 1000.000000000000000 ) ;
#6696 = CYLINDRICAL_SURFACE ( 'NONE', #11059, 12.90500640869139737 ) ;
#6697 = LINE ( 'NONE', #5725, #10699 ) ;
#6698 = AXIS2_PLACEMENT_3D ( 'NONE', #5939, #6807, #6976 ) ;
#6699 = CIRCLE ( 'NONE', #11186, 12.90484791500049511 ) ;
#6700 = EDGE_LOOP ( 'NONE', ( #6560, #5992, #1035, #3123 ) ) ;
#6701 = ORIENTED_EDGE ( 'NONE', *, *, #1370, .F. ) ;
#6702 = DIRECTION ( 'NONE',  ( 0.000000000000000000, 0.000000000000000000, 1.000000000000000000 ) ) ;
#6703 = VERTEX_POINT ( 'NONE', #1242 ) ;
#6704 = LINE ( 'NONE', #9280, #1897 ) ;
#6705 = CARTESIAN_POINT ( 'NONE',  ( -152.7366433896910110, 94.42653656005860796, 203.7207935539339871 ) ) ;
#6706 = EDGE_LOOP ( 'NONE', ( #1550, #8274, #5082, #8669 ) ) ;
#6707 = DIRECTION ( 'NONE',  ( 0.000000000000000000, 0.000000000000000000, -1.000000000000000000 ) ) ;
#6708 = CARTESIAN_POINT ( 'NONE',  ( 199.4079233357452949, 22.12077808833640091, 158.7207935539340156 ) ) ;
#6709 = VECTOR ( 'NONE', #8506, 1000.000000000000000 ) ;
#6710 = DIRECTION ( 'NONE',  ( 1.000000000000000000, -4.014124903777145434E-15, -4.614112249766440116E-16 ) ) ;
#6711 = EDGE_CURVE ( 'NONE', #11497, #2477, #5995, .T. ) ;
#6712 = ORIENTED_EDGE ( 'NONE', *, *, #9427, .T. ) ;
#6713 = DIRECTION ( 'NONE',  ( -1.000000000000000000, 8.601340485944210462E-16, 0.000000000000000000 ) ) ;
#6714 = DIRECTION ( 'NONE',  ( 0.000000000000000000, 0.000000000000000000, 1.000000000000000000 ) ) ;
#6715 = DIRECTION ( 'NONE',  ( 1.000000000000000000, -2.589670037770049879E-17, 0.000000000000000000 ) ) ;
#6716 = AXIS2_PLACEMENT_3D ( 'NONE', #8292, #3879, #4696 ) ;
#6717 = CARTESIAN_POINT ( 'NONE',  ( 258.8209915161129970, 46.32125139236429590, 203.7207935539339871 ) ) ;
#6718 = ORIENTED_EDGE ( 'NONE', *, *, #8771, .F. ) ;
#6719 = DIRECTION ( 'NONE',  ( -4.688749442782618508E-16, 0.7191424945380946454, -0.6948626285457626395 ) ) ;
#6720 = ORIENTED_EDGE ( 'NONE', *, *, #4669, .T. ) ;
#6721 = CARTESIAN_POINT ( 'NONE',  ( -261.1789894103999359, 47.78571748643170025, 207.2563274598666681 ) ) ;
#6722 = DIRECTION ( 'NONE',  ( -1.000000000000000000, 2.125492551279555030E-17, -2.125492551279544861E-17 ) ) ;
#6723 = LINE ( 'NONE', #11060, #10011 ) ;
#6724 = EDGE_CURVE ( 'NONE', #10558, #4221, #7475, .T. ) ;
#6725 = VERTEX_POINT ( 'NONE', #370 ) ;
#6726 = VECTOR ( 'NONE', #1427, 1000.000000000000000 ) ;
#6727 = CYLINDRICAL_SURFACE ( 'NONE', #9741, 12.90485361670298836 ) ;
#6728 = PLANE ( 'NONE',  #10955 ) ;
#6729 = CIRCLE ( 'NONE', #8784, 5.000000000000004441 ) ;
#6730 = ORIENTED_EDGE ( 'NONE', *, *, #1027, .T. ) ;
#6731 = DIRECTION ( 'NONE',  ( 1.000000000000000000, 5.480868912904819410E-16, 0.000000000000000000 ) ) ;
#6732 = CARTESIAN_POINT ( 'NONE',  ( -134.7493362426759802, 89.42653656005859375, 148.7207935539339871 ) ) ;
#6733 = EDGE_CURVE ( 'NONE', #231, #10437, #5483, .T. ) ;
#6734 = EDGE_CURVE ( 'NONE', #3561, #9320, #10846, .T. ) ;
#6735 = CARTESIAN_POINT ( 'NONE',  ( -169.2982054513443870, 70.93316233518802960, 208.7048542412919119 ) ) ;
#6736 = DIRECTION ( 'NONE',  ( 0.000000000000000000, 0.000000000000000000, -1.000000000000000000 ) ) ;
#6737 = EDGE_CURVE ( 'NONE', #7990, #3792, #8043, .T. ) ;
#6738 = CARTESIAN_POINT ( 'NONE',  ( 132.3913243105560014, 63.61684799194339490, 148.7207935539339871 ) ) ;
#6739 = EDGE_LOOP ( 'NONE', ( #9644, #452, #11283, #3564 ) ) ;
#6740 = VERTEX_POINT ( 'NONE', #9089 ) ;
#6741 = VERTEX_POINT ( 'NONE', #3964 ) ;
#6742 = AXIS2_PLACEMENT_3D ( 'NONE', #9302, #1339, #4886 ) ;
#6743 = ORIENTED_EDGE ( 'NONE', *, *, #903, .T. ) ;
#6744 = DIRECTION ( 'NONE',  ( -1.000000000000000000, -2.036638432068759852E-16, 0.000000000000000000 ) ) ;
#6745 = CIRCLE ( 'NONE', #8996, 17.90484428405761363 ) ;
#6746 = CARTESIAN_POINT ( 'NONE',  ( 284.6281423443959966, 76.32125139236430300, 208.6552142433770030 ) ) ;
#6747 = ADVANCED_FACE ( 'NONE', ( #5595 ), #253, .F. ) ;
#6748 = AXIS2_PLACEMENT_3D ( 'NONE', #2215, #9202, #4893 ) ;
#6749 = DIRECTION ( 'NONE',  ( 0.000000000000000000, 0.000000000000000000, 1.000000000000000000 ) ) ;
#6750 = AXIS2_PLACEMENT_3D ( 'NONE', #6215, #6271, #8899 ) ;
#6751 = CARTESIAN_POINT ( 'NONE',  ( -286.9269876612549979, 96.89302241451019881, 208.7207935539339871 ) ) ;
#6752 = ADVANCED_FACE ( 'NONE', ( #4676 ), #2103, .T. ) ;
#6753 = VECTOR ( 'NONE', #616, 1000.000000000000000 ) ;
#6754 = CARTESIAN_POINT ( 'NONE',  ( -218.8657760620120314, 35.90431442206535451, 157.8421138974936468 ) ) ;
#6755 = AXIS2_PLACEMENT_3D ( 'NONE', #9936, #7356, #10055 ) ;
#6756 = VERTEX_POINT ( 'NONE', #194 ) ;
#6757 = VERTEX_POINT ( 'NONE', #10961 ) ;
#6758 = FACE_BOUND ( 'NONE', #4416, .T. ) ;
#6759 = VECTOR ( 'NONE', #6722, 1000.000000000000000 ) ;
#6760 = ORIENTED_EDGE ( 'NONE', *, *, #6823, .T. ) ;
#6761 = DIRECTION ( 'NONE',  ( -1.000000000000000000, 1.482415794407639913E-15, 2.939410449926109953E-16 ) ) ;
#6762 = LINE ( 'NONE', #4977, #7258 ) ;
#6763 = EDGE_LOOP ( 'NONE', ( #6778, #6674, #562, #2686 ) ) ;
#6764 = DIRECTION ( 'NONE',  ( -1.000000000000000000, 2.688482178977768457E-16, 0.000000000000000000 ) ) ;
#6765 = CARTESIAN_POINT ( 'NONE',  ( 183.5030736399810110, 76.52168743035359455, 208.7207935539339871 ) ) ;
#6766 = FACE_OUTER_BOUND ( 'NONE', #5329, .T. ) ;
#6767 = AXIS2_PLACEMENT_3D ( 'NONE', #10707, #8843, #2728 ) ;
#6768 = VERTEX_POINT ( 'NONE', #7495 ) ;
#6769 = DIRECTION ( 'NONE',  ( 0.000000000000000000, 0.000000000000000000, -1.000000000000000000 ) ) ;
#6770 = CIRCLE ( 'NONE', #7322, 5.000000000000434319 ) ;
#6771 = CIRCLE ( 'NONE', #6579, 12.90484428405769712 ) ;
#6772 = AXIS2_PLACEMENT_3D ( 'NONE', #9583, #9460, #1495 ) ;
#6773 = EDGE_CURVE ( 'NONE', #1967, #853, #4795, .T. ) ;
#6774 = B_SPLINE_CURVE_WITH_KNOTS ( 'NONE', 3,
 ( #6746, #5888, #6640, #1360, #6808, #11261, #10375 ),
 .UNSPECIFIED., .F., .F.,
 ( 4, 1, 2, 4 ),
 ( 0.000000000000000000, 0.01127682674198919079, 0.01691524011298144170, 0.02255365348397369435 ),
 .UNSPECIFIED. ) ;
#6775 = DIRECTION ( 'NONE',  ( -1.000000000000000000, 0.000000000000000000, 0.000000000000000000 ) ) ;
#6776 = CARTESIAN_POINT ( 'NONE',  ( 286.8462248281498432, 63.14491295560505080, 183.7207935539340156 ) ) ;
#6777 = LINE ( 'NONE', #2199, #465 ) ;
#6778 = ORIENTED_EDGE ( 'NONE', *, *, #1048, .F. ) ;
#6779 = CIRCLE ( 'NONE', #5308, 12.90484428405759587 ) ;
#6780 = LINE ( 'NONE', #10348, #6684 ) ;
#6781 = ORIENTED_EDGE ( 'NONE', *, *, #11393, .T. ) ;
#6782 = CARTESIAN_POINT ( 'NONE',  ( -287.7944453876596071, 76.52169227600100498, 203.7207935539339871 ) ) ;
#6783 = ORIENTED_EDGE ( 'NONE', *, *, #8315, .F. ) ;
#6784 = AXIS2_PLACEMENT_3D ( 'NONE', #7915, #4215, #1769 ) ;
#6785 = CARTESIAN_POINT ( 'NONE',  ( -30.26300430297849786, 93.04149627685561086, 203.7207935539339871 ) ) ;
#6786 = CARTESIAN_POINT ( 'NONE',  ( 166.9409405195661691, 73.79343283686198163, 208.5937374189101945 ) ) ;
#6787 = CARTESIAN_POINT ( 'NONE',  ( 98.64490509033210230, 76.52169227600100498, 158.7207935539340156 ) ) ;
#6788 = ORIENTED_EDGE ( 'NONE', *, *, #7885, .T. ) ;
#6789 =( BOUNDED_CURVE ( )  B_SPLINE_CURVE ( 3, ( #328, #9217, #10303, #6470 ),
 .UNSPECIFIED., .F., .F. ) 
 B_SPLINE_CURVE_WITH_KNOTS ( ( 4, 4 ),
 ( 0.7853981633974657095, 1.570796326794897002 ),
 .UNSPECIFIED. ) 
 CURVE ( )  GEOMETRIC_REPRESENTATION_ITEM ( )  RATIONAL_B_SPLINE_CURVE ( ( 1.000000000000000000, 0.9492530216741933424, 0.9492530216741933424, 1.000000000000000000 ) ) 
 REPRESENTATION_ITEM ( '' )  );
#6790 = VECTOR ( 'NONE', #10479, 1000.000000000000000 ) ;
#6791 = AXIS2_PLACEMENT_3D ( 'NONE', #8176, #10703, #9117 ) ;
#6792 = CARTESIAN_POINT ( 'NONE',  ( -152.7366433896910110, 58.61684799194339490, 208.7207935539339871 ) ) ;
#6793 = EDGE_CURVE ( 'NONE', #4437, #10898, #8207, .T. ) ;
#6794 = CARTESIAN_POINT ( 'NONE',  ( 94.82099151611289756, 137.9576753804759335, 206.5260682106094521 ) ) ;
#6795 = ORIENTED_EDGE ( 'NONE', *, *, #2349, .F. ) ;
#6796 = CARTESIAN_POINT ( 'NONE',  ( 216.5078370686659923, 63.61684799194339490, 150.7207935539340156 ) ) ;
#6797 = EDGE_CURVE ( 'NONE', #801, #1487, #6461, .T. ) ;
#6798 = CARTESIAN_POINT ( 'NONE',  ( -169.2988467365250074, 69.71898185264200265, 208.7207935539339871 ) ) ;
#6799 = LINE ( 'NONE', #11188, #10676 ) ;
#6800 = DIRECTION ( 'NONE',  ( 0.000000000000000000, -0.7071067811865460184, 0.7071067811865487940 ) ) ;
#6801 = DIRECTION ( 'NONE',  ( -0.9999999999999982236, 5.974482182587138663E-08, 0.000000000000000000 ) ) ;
#6802 = EDGE_CURVE ( 'NONE', #4666, #9078, #10659, .T. ) ;
#6803 = VERTEX_POINT ( 'NONE', #10145 ) ;
#6804 = ORIENTED_EDGE ( 'NONE', *, *, #9554, .T. ) ;
#6805 = VERTEX_POINT ( 'NONE', #2864 ) ;
#6806 = VERTEX_POINT ( 'NONE', #2169 ) ;
#6807 = DIRECTION ( 'NONE',  ( -1.000000000000000000, -5.490584315426699629E-17, 5.490584315426699629E-17 ) ) ;
#6808 = CARTESIAN_POINT ( 'NONE',  ( 284.6287200598777076, 76.48829507031956609, 208.6551205169022012 ) ) ;
#6809 = CARTESIAN_POINT ( 'NONE',  ( 258.8209915161129970, 76.32125139236430300, 186.7207935539340156 ) ) ;
#6810 = CARTESIAN_POINT ( 'NONE',  ( 53.98373413085939632, 22.12078094482419743, 155.7207935539340156 ) ) ;
#6811 = CARTESIAN_POINT ( 'NONE',  ( -286.1789894103999927, 98.12663822576534756, 208.4186682267574611 ) ) ;
#6812 = ADVANCED_FACE ( 'NONE', ( #10840 ), #6406, .F. ) ;
#6813 = ORIENTED_EDGE ( 'NONE', *, *, #11244, .F. ) ;
#6814 = ORIENTED_EDGE ( 'NONE', *, *, #6331, .T. ) ;
#6815 = DIRECTION ( 'NONE',  ( 0.000000000000000000, 0.000000000000000000, -1.000000000000000000 ) ) ;
#6816 = VERTEX_POINT ( 'NONE', #6629 ) ;
#6817 = AXIS2_PLACEMENT_3D ( 'NONE', #6171, #8028, #76 ) ;
#6818 = CARTESIAN_POINT ( 'NONE',  ( 150.3786849975589917, 63.61684799194339490, 183.7207935539340156 ) ) ;
#6819 = DIRECTION ( 'NONE',  ( -1.000000000000000000, 2.948799262674744912E-18, 2.948799262674739905E-18 ) ) ;
#6820 = VERTEX_POINT ( 'NONE', #4137 ) ;
#6821 = DIRECTION ( 'NONE',  ( -1.000000000000000000, 0.000000000000000000, 0.000000000000000000 ) ) ;
#6822 = DIRECTION ( 'NONE',  ( 1.000000000000000000, -4.873511200959409313E-18, -4.873511200959409313E-18 ) ) ;
#6823 = EDGE_CURVE ( 'NONE', #5810, #7821, #69, .T. ) ;
#6824 = CARTESIAN_POINT ( 'NONE',  ( -117.8761103101920185, 82.08447751365932277, 208.7207935539339871 ) ) ;
#6825 = CIRCLE ( 'NONE', #7003, 2.999999999999997335 ) ;
#6826 = VECTOR ( 'NONE', #6710, 1000.000000000000000 ) ;
#6827 = ORIENTED_EDGE ( 'NONE', *, *, #66, .F. ) ;
#6828 = CARTESIAN_POINT ( 'NONE',  ( 203.6029815673832104, 22.12078094482420099, 155.7207935539340156 ) ) ;
#6829 = FACE_OUTER_BOUND ( 'NONE', #3387, .T. ) ;
#6830 = DIRECTION ( 'NONE',  ( 0.000000000000000000, 0.5673201116935693289, 0.8234973532853619993 ) ) ;
#6831 = VECTOR ( 'NONE', #11403, 1000.000000000000000 ) ;
#6832 = DIRECTION ( 'NONE',  ( -1.000000000000000000, 0.000000000000000000, 0.000000000000000000 ) ) ;
#6833 = ORIENTED_EDGE ( 'NONE', *, *, #9064, .F. ) ;
#6834 = FACE_OUTER_BOUND ( 'NONE', #8546, .T. ) ;
#6835 = ORIENTED_EDGE ( 'NONE', *, *, #2567, .F. ) ;
#6836 = CARTESIAN_POINT ( 'NONE',  ( 98.64490509033210230, 89.42653656005859375, 153.7207935539340156 ) ) ;
#6837 = EDGE_LOOP ( 'NONE', ( #6226, #1700, #9857, #2712 ) ) ;
#6838 = CARTESIAN_POINT ( 'NONE',  ( 166.9409103864967108, 79.98349279121244138, 208.6228453581271651 ) ) ;
#6839 = CARTESIAN_POINT ( 'NONE',  ( 166.9409028159928141, 73.55736903687792960, 208.6028497284382013 ) ) ;
#6840 = ADVANCED_FACE ( 'NONE', ( #8553 ), #5933, .T. ) ;
#6841 = CYLINDRICAL_SURFACE ( 'NONE', #10193, 12.90484428405759587 ) ;
#6842 = EDGE_LOOP ( 'NONE', ( #1279, #892, #4566, #11150 ) ) ;
#6843 = AXIS2_PLACEMENT_3D ( 'NONE', #11126, #2267, #3317 ) ;
#6844 = CARTESIAN_POINT ( 'NONE',  ( 43.09501647949219461, 93.02577972412109375, 203.7207935539339871 ) ) ;
#6845 = FACE_OUTER_BOUND ( 'NONE', #10202, .T. ) ;
#6846 = ORIENTED_EDGE ( 'NONE', *, *, #10531, .F. ) ;
#6847 = VERTEX_POINT ( 'NONE', #7668 ) ;
#6848 = CYLINDRICAL_SURFACE ( 'NONE', #1559, 5.000000000000012434 ) ;
#6849 = DIRECTION ( 'NONE',  ( -0.000000000000000000, -1.000000000000000000, -0.000000000000000000 ) ) ;
#6850 = AXIS2_PLACEMENT_3D ( 'NONE', #1350, #10367, #1415 ) ;
#6851 = ADVANCED_FACE ( 'NONE', ( #3097 ), #1378, .T. ) ;
#6852 = CARTESIAN_POINT ( 'NONE',  ( 98.64490509033210230, 63.61684799194339490, 158.7207935539340156 ) ) ;
#6853 = ADVANCED_FACE ( 'NONE', ( #4958 ), #5130, .T. ) ;
#6854 = CARTESIAN_POINT ( 'NONE',  ( -285.7244439558550084, 59.07246415508239323, 186.7207935539340156 ) ) ;
#6855 = CARTESIAN_POINT ( 'NONE',  ( -62.68753156005781335, 125.3159751883051172, 207.2563274598669807 ) ) ;
#6856 = ORIENTED_EDGE ( 'NONE', *, *, #2140, .F. ) ;
#6857 = ORIENTED_EDGE ( 'NONE', *, *, #4480, .F. ) ;
#6858 = ORIENTED_EDGE ( 'NONE', *, *, #11012, .F. ) ;
#6859 = ORIENTED_EDGE ( 'NONE', *, *, #2246, .F. ) ;
#6860 = CARTESIAN_POINT ( 'NONE',  ( -96.09728968963493401, 136.8167928041948187, 208.2795369371474976 ) ) ;
#6861 = CARTESIAN_POINT ( 'NONE',  ( -169.2988487268119968, 83.32439785370981156, 208.7207935539339871 ) ) ;
#6862 = CARTESIAN_POINT ( 'NONE',  ( -291.1789893293110367, 99.87019380060385743, 204.1242325102321047 ) ) ;
#6863 = EDGE_CURVE ( 'NONE', #3219, #2808, #2219, .T. ) ;
#6864 = DIRECTION ( 'NONE',  ( 0.9999999999999998890, 1.226856837129686445E-08, 0.000000000000000000 ) ) ;
#6865 = CARTESIAN_POINT ( 'NONE',  ( -291.1789894103999927, 130.1411954946499918, 203.7207935539339871 ) ) ;
#6866 = ORIENTED_EDGE ( 'NONE', *, *, #7849, .T. ) ;
#6867 = ORIENTED_EDGE ( 'NONE', *, *, #7805, .T. ) ;
#6868 = CARTESIAN_POINT ( 'NONE',  ( -45.45299509213570133, 62.21578598022459516, 183.7207935539340156 ) ) ;
#6869 = ORIENTED_EDGE ( 'NONE', *, *, #6924, .F. ) ;
#6870 = CARTESIAN_POINT ( 'NONE',  ( 258.8209915161129970, 76.32125139236430300, 203.7207935539339871 ) ) ;
#6871 = CARTESIAN_POINT ( 'NONE',  ( -287.6244784770520369, 61.31059541693450399, 159.6537198090300080 ) ) ;
#6872 = ORIENTED_EDGE ( 'NONE', *, *, #7167, .F. ) ;
#6873 = CYLINDRICAL_SURFACE ( 'NONE', #4120, 2.500000000000011990 ) ;
#6874 = CARTESIAN_POINT ( 'NONE',  ( -169.2988433708908360, 79.76003066508313566, 208.6137581286147054 ) ) ;
#6875 = CARTESIAN_POINT ( 'NONE',  ( 94.35497084745580310, 117.8685996535100031, 207.6743849957320265 ) ) ;
#6876 = EDGE_CURVE ( 'NONE', #11424, #630, #7854, .T. ) ;
#6877 = ORIENTED_EDGE ( 'NONE', *, *, #10465, .F. ) ;
#6878 = DIRECTION ( 'NONE',  ( -1.000000000000000000, 0.000000000000000000, 0.000000000000000000 ) ) ;
#6879 = AXIS2_PLACEMENT_3D ( 'NONE', #4525, #5507, #4698 ) ;
#6880 = VECTOR ( 'NONE', #5281, 1000.000000000000000 ) ;
#6881 = CARTESIAN_POINT ( 'NONE',  ( -76.95782184600820131, 38.02563476562500000, 155.7207935539340156 ) ) ;
#6882 = DIRECTION ( 'NONE',  ( 0.9999999999999995559, 2.745767267742054676E-08, 0.000000000000000000 ) ) ;
#6883 = ORIENTED_EDGE ( 'NONE', *, *, #1184, .F. ) ;
#6884 = EDGE_CURVE ( 'NONE', #11224, #9907, #8463, .T. ) ;
#6885 = CARTESIAN_POINT ( 'NONE',  ( 285.4364681243895916, 76.52169227600093393, 203.7207935539339871 ) ) ;
#6886 = ORIENTED_EDGE ( 'NONE', *, *, #8323, .T. ) ;
#6887 = DIRECTION ( 'NONE',  ( 0.000000000000000000, 0.000000000000000000, -1.000000000000000000 ) ) ;
#6888 = ORIENTED_EDGE ( 'NONE', *, *, #9456, .F. ) ;
#6889 = VECTOR ( 'NONE', #5887, 1000.000000000000000 ) ;
#6890 = CARTESIAN_POINT ( 'NONE',  ( 38.07888031005860086, 22.12078094482420099, 155.7207935539340156 ) ) ;
#6891 = ORIENTED_EDGE ( 'NONE', *, *, #8044, .T. ) ;
#6892 = FACE_OUTER_BOUND ( 'NONE', #2927, .T. ) ;
#6893 = FACE_OUTER_BOUND ( 'NONE', #9148, .T. ) ;
#6894 = CARTESIAN_POINT ( 'NONE',  ( -101.0028839111329972, 63.61684799194339490, 158.7207935539340156 ) ) ;
#6895 = VERTEX_POINT ( 'NONE', #11079 ) ;
#6896 = EDGE_CURVE ( 'NONE', #10382, #5714, #8676, .T. ) ;
#6897 = ADVANCED_FACE ( 'NONE', ( #4257 ), #11135, .T. ) ;
#6898 = AXIS2_PLACEMENT_3D ( 'NONE', #3733, #7257, #10833 ) ;
#6899 = EDGE_CURVE ( 'NONE', #2096, #3015, #3152, .T. ) ;
#6900 = CARTESIAN_POINT ( 'NONE',  ( 283.8209915161130539, 98.12645358182605548, 208.4183728604210444 ) ) ;
#6901 = EDGE_CURVE ( 'NONE', #4449, #7518, #1744, .T. ) ;
#6902 = ORIENTED_EDGE ( 'NONE', *, *, #4926, .T. ) ;
#6903 = CARTESIAN_POINT ( 'NONE',  ( 94.82099151611289756, 118.9074145751319946, 206.2207935539339871 ) ) ;
#6904 = VERTEX_POINT ( 'NONE', #6682 ) ;
#6905 = CYLINDRICAL_SURFACE ( 'NONE', #7679, 12.90484428405759587 ) ;
#6906 = DIRECTION ( 'NONE',  ( 1.000000000000000000, 2.357670551379990086E-15, 0.000000000000000000 ) ) ;
#6907 = TOROIDAL_SURFACE ( 'NONE', #7839, 17.90484428405759942, 5.000000000000000000 ) ;
#6908 = AXIS2_PLACEMENT_3D ( 'NONE', #9939, #1970, #1156 ) ;
#6909 = DIRECTION ( 'NONE',  ( 3.259958546737069928E-16, -1.000000000000000000, -3.259958546737109864E-16 ) ) ;
#6910 = ADVANCED_FACE ( 'NONE', ( #3325 ), #10250, .F. ) ;
#6911 = CARTESIAN_POINT ( 'NONE',  ( 288.7435063100439834, 72.39646446107499855, 156.5576795166449813 ) ) ;
#6912 = ORIENTED_EDGE ( 'NONE', *, *, #4201, .T. ) ;
#6913 = ORIENTED_EDGE ( 'NONE', *, *, #9474, .F. ) ;
#6914 = ORIENTED_EDGE ( 'NONE', *, *, #6057, .F. ) ;
#6915 = ORIENTED_EDGE ( 'NONE', *, *, #5433, .T. ) ;
#6916 = CARTESIAN_POINT ( 'NONE',  ( 284.5689897669680022, 96.89302241451059672, 208.7207935539339871 ) ) ;
#6917 = VECTOR ( 'NONE', #3181, 1000.000000000000000 ) ;
#6918 = CARTESIAN_POINT ( 'NONE',  ( -94.67898941040009220, 119.8311360573549962, 208.7207935539339871 ) ) ;
#6919 = DIRECTION ( 'NONE',  ( 0.000000000000000000, 0.000000000000000000, -1.000000000000000000 ) ) ;
#6920 = CIRCLE ( 'NONE', #819, 4.999999999999997335 ) ;
#6921 = ORIENTED_EDGE ( 'NONE', *, *, #9749, .T. ) ;
#6922 = VERTEX_POINT ( 'NONE', #6854 ) ;
#6923 = CARTESIAN_POINT ( 'NONE',  ( 183.5030736399640148, 22.12077808833640091, 146.7207935539339871 ) ) ;
#6924 = EDGE_CURVE ( 'NONE', #5517, #6426, #10766, .T. ) ;
#6925 = VERTEX_POINT ( 'NONE', #11251 ) ;
#6926 = AXIS2_PLACEMENT_3D ( 'NONE', #8859, #2747, #8092 ) ;
#6927 = CARTESIAN_POINT ( 'NONE',  ( 27.90500640869130322, 110.9465026855470029, 208.7207935539339871 ) ) ;
#6928 = CARTESIAN_POINT ( 'NONE',  ( -288.1789894103999927, 57.34758543135419728, 158.7207935539340156 ) ) ;
#6929 = ORIENTED_EDGE ( 'NONE', *, *, #1380, .T. ) ;
#6930 = VECTOR ( 'NONE', #4602, 1000.000000000000000 ) ;
#6931 = CARTESIAN_POINT ( 'NONE',  ( 200.0056452473108095, 74.33354137367943792, 208.5594948407019160 ) ) ;
#6932 = CARTESIAN_POINT ( 'NONE',  ( -15.72100162506090015, 93.04149627685549717, 203.7207935539339871 ) ) ;
#6933 = CARTESIAN_POINT ( 'NONE',  ( -117.8761123864695861, 79.99735319294802594, 208.6746988357101884 ) ) ;
#6934 = ORIENTED_EDGE ( 'NONE', *, *, #6091, .F. ) ;
#6935 = AXIS2_PLACEMENT_3D ( 'NONE', #10990, #7296, #9831 ) ;
#6936 = DIRECTION ( 'NONE',  ( 0.9999999999999957812, 9.225865808988583535E-08, 0.000000000000000000 ) ) ;
#6937 = CIRCLE ( 'NONE', #10122, 12.90499687194819600 ) ;
#6938 = AXIS2_PLACEMENT_3D ( 'NONE', #11090, #435, #7507 ) ;
#6939 = CIRCLE ( 'NONE', #9556, 15.90485382080081322 ) ;
#6940 = DIRECTION ( 'NONE',  ( 0.000000000000000000, 0.000000000000000000, 1.000000000000000000 ) ) ;
#6941 = ORIENTED_EDGE ( 'NONE', *, *, #434, .F. ) ;
#6942 = DIRECTION ( 'NONE',  ( 1.098116863085339802E-16, -1.000000000000000000, 0.000000000000000000 ) ) ;
#6943 = ORIENTED_EDGE ( 'NONE', *, *, #1489, .F. ) ;
#6944 = EDGE_CURVE ( 'NONE', #7802, #6426, #8260, .T. ) ;
#6945 = DIRECTION ( 'NONE',  ( -0.9999999999999998890, -1.226857528067279842E-08, 3.872322435549658739E-17 ) ) ;
#6946 = ORIENTED_EDGE ( 'NONE', *, *, #1921, .F. ) ;
#6947 = ORIENTED_EDGE ( 'NONE', *, *, #8193, .F. ) ;
#6948 = CARTESIAN_POINT ( 'NONE',  ( 286.3209915161129970, 101.2175338996189851, 205.5186497902789995 ) ) ;
#6949 = FACE_OUTER_BOUND ( 'NONE', #1777, .T. ) ;
#6950 = CARTESIAN_POINT ( 'NONE',  ( 283.8209915161129970, 97.16738986521721699, 208.7207935539339871 ) ) ;
#6951 = VECTOR ( 'NONE', #6312, 1000.000000000000000 ) ;
#6952 = CIRCLE ( 'NONE', #6403, 30.00000000000001066 ) ;
#6953 = VERTEX_POINT ( 'NONE', #10597 ) ;
#6954 = VECTOR ( 'NONE', #5349, 1000.000000000000000 ) ;
#6955 = LINE ( 'NONE', #9657, #867 ) ;
#6956 = VECTOR ( 'NONE', #433, 1000.000000000000000 ) ;
#6957 = PLANE ( 'NONE',  #5642 ) ;
#6958 = VECTOR ( 'NONE', #2116, 1000.000000000000000 ) ;
#6959 = EDGE_CURVE ( 'NONE', #10528, #8941, #3781, .T. ) ;
#6960 = CARTESIAN_POINT ( 'NONE',  ( 285.8209915161129970, 3.000000000000000000, 158.7207935539340156 ) ) ;
#6961 = DIRECTION ( 'NONE',  ( -3.204767493763339901E-16, 1.000000000000000000, 3.204767493763339901E-16 ) ) ;
#6962 = ORIENTED_EDGE ( 'NONE', *, *, #11068, .T. ) ;
#6963 = CARTESIAN_POINT ( 'NONE',  ( -92.00922012329110089, 76.52169227600100498, 153.7207935539340156 ) ) ;
#6964 = FACE_OUTER_BOUND ( 'NONE', #1936, .T. ) ;
#6965 = EDGE_CURVE ( 'NONE', #1626, #3509, #10855, .T. ) ;
#6966 =( NAMED_UNIT ( * ) SI_UNIT ( $, .STERADIAN. ) SOLID_ANGLE_UNIT ( ) );
#6967 = AXIS2_PLACEMENT_3D ( 'NONE', #7065, #9528, #2662 ) ;
#6968 = B_SPLINE_CURVE_WITH_KNOTS ( 'NONE', 3,
 ( #9688, #8743, #3286, #5260, #8570 ),
 .UNSPECIFIED., .F., .F.,
 ( 4, 1, 4 ),
 ( 0.000000000000000000, 0.5714285714285718409, 1.000000000000000000 ),
 .UNSPECIFIED. ) ;
#6969 = DIRECTION ( 'NONE',  ( 0.9999999999999997780, 2.745767261373882970E-08, 0.000000000000000000 ) ) ;
#6970 = DIRECTION ( 'NONE',  ( 0.000000000000000000, 0.7071067811865481278, 0.7071067811865469066 ) ) ;
#6971 = CARTESIAN_POINT ( 'NONE',  ( 288.8201017744300430, 75.12226873618268996, 156.2831703100139862 ) ) ;
#6972 = VERTEX_POINT ( 'NONE', #8904 ) ;
#6973 = ORIENTED_EDGE ( 'NONE', *, *, #9725, .T. ) ;
#6974 = ORIENTED_EDGE ( 'NONE', *, *, #1504, .T. ) ;
#6975 = ORIENTED_EDGE ( 'NONE', *, *, #1008, .F. ) ;
#6976 = DIRECTION ( 'NONE',  ( 0.000000000000000000, 0.7071067811865460184, 0.7071067811865487940 ) ) ;
#6977 = CARTESIAN_POINT ( 'NONE',  ( 132.3913249411490085, 76.52169227600100498, 203.7207935539339871 ) ) ;
#6978 = EDGE_CURVE ( 'NONE', #10579, #1554, #7842, .T. ) ;
#6979 = AXIS2_PLACEMENT_3D ( 'NONE', #4598, #8125, #2085 ) ;
#6980 = DIRECTION ( 'NONE',  ( 0.000000000000000000, 0.000000000000000000, -1.000000000000000000 ) ) ;
#6981 = CARTESIAN_POINT ( 'NONE',  ( -40.43682098388680402, 22.12078094482420099, 158.7207935539340156 ) ) ;
#6982 = DIRECTION ( 'NONE',  ( -1.000000000000000000, 0.000000000000000000, 0.000000000000000000 ) ) ;
#6983 = ORIENTED_EDGE ( 'NONE', *, *, #2787, .F. ) ;
#6984 = EDGE_LOOP ( 'NONE', ( #1042, #11031, #4572, #3211 ) ) ;
#6985 = EDGE_CURVE ( 'NONE', #8211, #935, #3040, .T. ) ;
#6986 = CARTESIAN_POINT ( 'NONE',  ( 150.3786849975589917, 22.12078094482420099, 155.7207935539340156 ) ) ;
#6987 = ORIENTED_EDGE ( 'NONE', *, *, #4520, .T. ) ;
#6988 = DIRECTION ( 'NONE',  ( 2.002303713784079765E-16, 1.000000000000000000, 0.000000000000000000 ) ) ;
#6989 = CARTESIAN_POINT ( 'NONE',  ( 200.0056769157455108, 74.60824088322029013, 208.5504341182329142 ) ) ;
#6990 = CARTESIAN_POINT ( 'NONE',  ( -169.2982453611726328, 81.21244050769101364, 208.6731371214638955 ) ) ;
#6991 = DIRECTION ( 'NONE',  ( 0.000000000000000000, 0.000000000000000000, 1.000000000000000000 ) ) ;
#6992 = ORIENTED_EDGE ( 'NONE', *, *, #10698, .F. ) ;
#6993 = CARTESIAN_POINT ( 'NONE',  ( 287.9423423734089056, 65.69595131472286198, 157.8421407196167081 ) ) ;
#6994 = ADVANCED_FACE ( 'NONE', ( #996 ), #10716, .T. ) ;
#6995 = FACE_OUTER_BOUND ( 'NONE', #1418, .T. ) ;
#6996 = CARTESIAN_POINT ( 'NONE',  ( -290.4467563633665463, 122.7232690600038012, 158.7207935539340156 ) ) ;
#6997 = EDGE_LOOP ( 'NONE', ( #8747, #372, #7330, #5321 ) ) ;
#6998 = CARTESIAN_POINT ( 'NONE',  ( 196.4079225027913935, 76.52168778469071242, 133.7207935539339871 ) ) ;
#6999 = VERTEX_POINT ( 'NONE', #9610 ) ;
#7000 = DIRECTION ( 'NONE',  ( -1.000000000000000000, 1.226857526710819939E-08, 1.316277026091829943E-15 ) ) ;
#7001 = ORIENTED_EDGE ( 'NONE', *, *, #1283, .F. ) ;
#7002 = VERTEX_POINT ( 'NONE', #3382 ) ;
#7003 = AXIS2_PLACEMENT_3D ( 'NONE', #9481, #5060, #8605 ) ;
#7004 = VECTOR ( 'NONE', #9157, 1000.000000000000000 ) ;
#7005 = CARTESIAN_POINT ( 'NONE',  ( 166.9408874234494817, 79.85319013176848557, 208.6175274977425147 ) ) ;
#7006 = DIRECTION ( 'NONE',  ( 3.632510143678719152E-17, 1.000000000000000000, 0.000000000000000000 ) ) ;
#7007 = CARTESIAN_POINT ( 'NONE',  ( 283.8209915161129970, 83.95405055312791376, 208.7207935539339871 ) ) ;
#7008 = VECTOR ( 'NONE', #6270, 1000.000000000000000 ) ;
#7009 = ORIENTED_EDGE ( 'NONE', *, *, #9825, .T. ) ;
#7010 = EDGE_CURVE ( 'NONE', #2340, #11344, #3446, .T. ) ;
#7011 = VECTOR ( 'NONE', #8362, 1000.000000000000000 ) ;
#7012 = VECTOR ( 'NONE', #280, 1000.000000000000000 ) ;
#7013 = DIRECTION ( 'NONE',  ( -1.000000000000000000, 0.000000000000000000, 0.000000000000000000 ) ) ;
#7014 = FACE_OUTER_BOUND ( 'NONE', #1895, .T. ) ;
#7015 = DIRECTION ( 'NONE',  ( -7.558965274043620048E-16, 1.000000000000000000, 0.000000000000000000 ) ) ;
#7016 = CARTESIAN_POINT ( 'NONE',  ( 20.95800876617440167, 60.75131988615734002, 207.2563274598667533 ) ) ;
#7017 = ORIENTED_EDGE ( 'NONE', *, *, #2775, .F. ) ;
#7018 = CARTESIAN_POINT ( 'NONE',  ( -101.0029028262910060, 22.12077972371549706, 155.7207935539340156 ) ) ;
#7019 = CARTESIAN_POINT ( 'NONE',  ( -146.1789941787719727, 98.63017898587470711, 208.0186497902789995 ) ) ;
#7020 = LINE ( 'NONE', #1968, #1944 ) ;
#7021 = EDGE_CURVE ( 'NONE', #791, #2700, #6920, .T. ) ;
#7022 = DIRECTION ( 'NONE',  ( 0.000000000000000000, 0.000000000000000000, -1.000000000000000000 ) ) ;
#7023 = DIRECTION ( 'NONE',  ( 0.000000000000000000, 0.000000000000000000, -1.000000000000000000 ) ) ;
#7024 = CARTESIAN_POINT ( 'NONE',  ( 288.8209905709690020, 76.30525954834070035, 155.7249242674139964 ) ) ;
#7025 = ORIENTED_EDGE ( 'NONE', *, *, #10116, .T. ) ;
#7026 = EDGE_CURVE ( 'NONE', #9135, #3881, #1335, .T. ) ;
#7027 = ORIENTED_EDGE ( 'NONE', *, *, #4967, .F. ) ;
#7028 = ORIENTED_EDGE ( 'NONE', *, *, #6248, .F. ) ;
#7029 = EDGE_LOOP ( 'NONE', ( #5803, #1802, #2171, #47 ) ) ;
#7030 = FACE_OUTER_BOUND ( 'NONE', #2884, .T. ) ;
#7031 = AXIS2_PLACEMENT_3D ( 'NONE', #600, #5131, #1522 ) ;
#7032 = ORIENTED_EDGE ( 'NONE', *, *, #8839, .T. ) ;
#7033 = CARTESIAN_POINT ( 'NONE',  ( -117.8761103101919474, 71.38600386602078629, 208.7207935539339019 ) ) ;
#7034 = CARTESIAN_POINT ( 'NONE',  ( 196.4079233357452949, 22.12077844267353655, 146.7207935539339871 ) ) ;
#7035 = ADVANCED_FACE ( 'NONE', ( #5413 ), #3505, .T. ) ;
#7036 = DIRECTION ( 'NONE',  ( 0.000000000000000000, 0.000000000000000000, -1.000000000000000000 ) ) ;
#7037 = CYLINDRICAL_SURFACE ( 'NONE', #1729, 2.999999999999988898 ) ;
#7038 = EDGE_LOOP ( 'NONE', ( #3350, #1482, #6250, #10006 ) ) ;
#7039 = ADVANCED_FACE ( 'NONE', ( #7963 ), #6159, .T. ) ;
#7040 = ORIENTED_EDGE ( 'NONE', *, *, #9693, .F. ) ;
#7041 = CARTESIAN_POINT ( 'NONE',  ( 194.8209915161130255, 125.8608434367320115, 156.7073537568699919 ) ) ;
#7042 = EDGE_CURVE ( 'NONE', #10579, #1369, #4723, .T. ) ;
#7043 = ORIENTED_EDGE ( 'NONE', *, *, #7305, .F. ) ;
#7044 = CARTESIAN_POINT ( 'NONE',  ( -290.5054748718640099, 69.49827392903559087, 157.9708365504509970 ) ) ;
#7045 = VECTOR ( 'NONE', #3927, 1000.000000000000000 ) ;
#7046 = LINE ( 'NONE', #848, #3121 ) ;
#7047 = CARTESIAN_POINT ( 'NONE',  ( -169.2988478788419968, 76.52168743035039711, 208.5371530072550001 ) ) ;
#7048 = CARTESIAN_POINT ( 'NONE',  ( -286.1789894103999927, 97.80763903398050729, 208.6145669827729989 ) ) ;
#7049 = ORIENTED_EDGE ( 'NONE', *, *, #993, .F. ) ;
#7050 = FACE_OUTER_BOUND ( 'NONE', #2914, .T. ) ;
#7051 = CARTESIAN_POINT ( 'NONE',  ( 196.4079225027913935, 76.52168778469071242, 158.7207935539340156 ) ) ;
#7052 = DIRECTION ( 'NONE',  ( -2.775557561562884646E-15, 0.7071067811865460184, 0.7071067811865487940 ) ) ;
#7053 = VERTEX_POINT ( 'NONE', #8851 ) ;
#7054 = DIRECTION ( 'NONE',  ( 0.000000000000000000, 0.000000000000000000, -1.000000000000000000 ) ) ;
#7055 = DIRECTION ( 'NONE',  ( 1.000000000000000000, -1.816255071839359884E-17, -1.816255071839359884E-17 ) ) ;
#7056 = ORIENTED_EDGE ( 'NONE', *, *, #5692, .T. ) ;
#7057 = CARTESIAN_POINT ( 'NONE',  ( -261.1789894103999359, 43.32125139236450195, 186.7207935539340156 ) ) ;
#7058 = VERTEX_POINT ( 'NONE', #940 ) ;
#7059 = CARTESIAN_POINT ( 'NONE',  ( -152.7366433896910110, 63.61684799194339490, 183.7207935539340156 ) ) ;
#7060 = EDGE_CURVE ( 'NONE', #11206, #5993, #5270, .T. ) ;
#7061 = AXIS2_PLACEMENT_3D ( 'NONE', #5103, #6194, #3481 ) ;
#7062 = CARTESIAN_POINT ( 'NONE',  ( 283.8209915161129970, 96.89302241451059672, 208.7207935539339871 ) ) ;
#7063 = VECTOR ( 'NONE', #3016, 1000.000000000000000 ) ;
#7064 = ORIENTED_EDGE ( 'NONE', *, *, #8684, .T. ) ;
#7065 = CARTESIAN_POINT ( 'NONE',  ( 98.64490509033210230, 76.52169227600100498, 203.7207935539339871 ) ) ;
#7066 = CARTESIAN_POINT ( 'NONE',  ( 258.8209915161129970, 76.32125139236430300, 203.7207935539339871 ) ) ;
#7067 = AXIS2_PLACEMENT_3D ( 'NONE', #7695, #6071, #7925 ) ;
#7068 = DIRECTION ( 'NONE',  ( -1.000000000000000000, 1.226857526710819939E-08, 1.316277026091829943E-15 ) ) ;
#7069 = LINE ( 'NONE', #7954, #1036 ) ;
#7070 = VERTEX_POINT ( 'NONE', #3559 ) ;
#7071 = DIRECTION ( 'NONE',  ( 0.000000000000000000, 0.000000000000000000, 1.000000000000000000 ) ) ;
#7072 = ADVANCED_FACE ( 'NONE', ( #7077 ), #10650, .F. ) ;
#7073 = DIRECTION ( 'NONE',  ( 0.9999999999999995559, 2.745767247960928976E-08, 0.000000000000000000 ) ) ;
#7074 = AXIS2_PLACEMENT_3D ( 'NONE', #445, #507, #3170 ) ;
#7075 = FACE_OUTER_BOUND ( 'NONE', #6763, .T. ) ;
#7076 = LINE ( 'NONE', #5359, #7517 ) ;
#7077 = FACE_OUTER_BOUND ( 'NONE', #277, .T. ) ;
#7078 = CARTESIAN_POINT ( 'NONE',  ( 287.4439402310489982, 64.88359391228338779, 158.3644131286549737 ) ) ;
#7079 = VERTEX_POINT ( 'NONE', #9788 ) ;
#7080 = ORIENTED_EDGE ( 'NONE', *, *, #8248, .F. ) ;
#7081 = ORIENTED_EDGE ( 'NONE', *, *, #6896, .F. ) ;
#7082 = EDGE_CURVE ( 'NONE', #1698, #4626, #3218, .T. ) ;
#7083 = CIRCLE ( 'NONE', #6355, 12.90499687194819600 ) ;
#7084 = ORIENTED_EDGE ( 'NONE', *, *, #152, .T. ) ;
#7085 = CARTESIAN_POINT ( 'NONE',  ( -121.8444824218751847, 22.12078094482419743, 155.7207935539340156 ) ) ;
#7086 = EDGE_CURVE ( 'NONE', #2340, #8790, #5078, .T. ) ;
#7087 = ORIENTED_EDGE ( 'NONE', *, *, #8384, .T. ) ;
#7088 = CARTESIAN_POINT ( 'NONE',  ( -96.09728968963493401, 136.8167928041948187, 208.2795369371474976 ) ) ;
#7089 = CARTESIAN_POINT ( 'NONE',  ( 94.82099151611289756, 68.25081839938650319, 158.7207935539340156 ) ) ;
#7090 = CARTESIAN_POINT ( 'NONE',  ( 80.65757751464829539, 76.52169227600100498, 203.7207935539339871 ) ) ;
#7091 = DIRECTION ( 'NONE',  ( 0.000000000000000000, 0.000000000000000000, -1.000000000000000000 ) ) ;
#7092 = ORIENTED_EDGE ( 'NONE', *, *, #6218, .T. ) ;
#7093 = EDGE_LOOP ( 'NONE', ( #5492, #3576, #2203, #3902 ) ) ;
#7094 = CARTESIAN_POINT ( 'NONE',  ( 38.07888031005860086, 38.02563476562500000, 155.7207935539340156 ) ) ;
#7095 = ADVANCED_FACE ( 'NONE', ( #240 ), #181, .T. ) ;
#7096 = AXIS2_PLACEMENT_3D ( 'NONE', #6077, #4231, #7705 ) ;
#7097 = ORIENTED_EDGE ( 'NONE', *, *, #6149, .T. ) ;
#7098 = CARTESIAN_POINT ( 'NONE',  ( 283.8209915161129970, 74.74094335415090029, 203.7207935539339871 ) ) ;
#7099 = ADVANCED_FACE ( 'NONE', ( #4784 ), #2158, .T. ) ;
#7100 = CARTESIAN_POINT ( 'NONE',  ( 287.3565254220457632, 76.32125139236430300, 207.2563274598667533 ) ) ;
#7101 = CYLINDRICAL_SURFACE ( 'NONE', #10697, 3.000000000000003997 ) ;
#7102 = FACE_OUTER_BOUND ( 'NONE', #1373, .T. ) ;
#7103 = ORIENTED_EDGE ( 'NONE', *, *, #4412, .F. ) ;
#7104 = FACE_OUTER_BOUND ( 'NONE', #5036, .T. ) ;
#7105 = EDGE_CURVE ( 'NONE', #4993, #11206, #9247, .T. ) ;
#7106 = AXIS2_PLACEMENT_3D ( 'NONE', #6049, #1695, #7787 ) ;
#7107 = DIRECTION ( 'NONE',  ( 0.000000000000000000, 0.000000000000000000, -1.000000000000000000 ) ) ;
#7108 = ORIENTED_EDGE ( 'NONE', *, *, #2226, .F. ) ;
#7109 = CARTESIAN_POINT ( 'NONE',  ( 98.64490509033210230, 89.42653656005859375, 183.7207935539340156 ) ) ;
#7110 = CARTESIAN_POINT ( 'NONE',  ( -269.8896011036019900, 76.52169227600100498, 150.7207935539340156 ) ) ;
#7111 = ORIENTED_EDGE ( 'NONE', *, *, #7982, .T. ) ;
#7112 = EDGE_CURVE ( 'NONE', #9878, #10252, #1167, .T. ) ;
#7113 = FACE_OUTER_BOUND ( 'NONE', #6122, .T. ) ;
#7114 = VERTEX_POINT ( 'NONE', #2792 ) ;
#7115 = DIRECTION ( 'NONE',  ( 3.259958546737069928E-16, -1.000000000000000000, -3.259958546737109864E-16 ) ) ;
#7116 = DIRECTION ( 'NONE',  ( 0.000000000000000000, 0.000000000000000000, -1.000000000000000000 ) ) ;
#7117 = AXIS2_PLACEMENT_3D ( 'NONE', #2552, #8004, #50 ) ;
#7118 = CARTESIAN_POINT ( 'NONE',  ( 284.6089450082183134, 77.86536371480944752, 208.6584845992855151 ) ) ;
#7119 = VECTOR ( 'NONE', #1893, 1000.000000000000000 ) ;
#7120 = ORIENTED_EDGE ( 'NONE', *, *, #5180, .F. ) ;
#7121 = AXIS2_PLACEMENT_3D ( 'NONE', #1409, #5643, #10246 ) ;
#7122 = EDGE_CURVE ( 'NONE', #3677, #4903, #7479, .T. ) ;
#7123 = AXIS2_PLACEMENT_3D ( 'NONE', #9663, #879, #5238 ) ;
#7124 = CIRCLE ( 'NONE', #6206, 2.999999999999999112 ) ;
#7125 = CARTESIAN_POINT ( 'NONE',  ( 94.82099151611289756, 153.0352742304899891, 166.9855927883679954 ) ) ;
#7126 = FACE_OUTER_BOUND ( 'NONE', #2823, .T. ) ;
#7127 = EDGE_CURVE ( 'NONE', #3463, #7180, #9132, .T. ) ;
#7128 = CIRCLE ( 'NONE', #2684, 12.90484428405759587 ) ;
#7129 = DIRECTION ( 'NONE',  ( 0.000000000000000000, 0.000000000000000000, 1.000000000000000000 ) ) ;
#7130 = DIRECTION ( 'NONE',  ( 1.000000000000000000, 0.000000000000000000, 0.000000000000000000 ) ) ;
#7131 = ORIENTED_EDGE ( 'NONE', *, *, #951, .F. ) ;
#7132 = AXIS2_PLACEMENT_3D ( 'NONE', #5868, #696, #8540 ) ;
#7133 = CIRCLE ( 'NONE', #2326, 5.000000000000004441 ) ;
#7134 = PLANE ( 'NONE',  #4986 ) ;
#7135 = DIRECTION ( 'NONE',  ( 0.000000000000000000, 0.000000000000000000, -1.000000000000000000 ) ) ;
#7136 = CYLINDRICAL_SURFACE ( 'NONE', #11490, 2.999999999999994227 ) ;
#7137 = AXIS2_PLACEMENT_3D ( 'NONE', #3102, #7441, #6521 ) ;
#7138 = CIRCLE ( 'NONE', #841, 17.90499687194819955 ) ;
#7139 = CIRCLE ( 'NONE', #8841, 5.000000000000004441 ) ;
#7140 = EDGE_CURVE ( 'NONE', #1656, #10914, #10476, .T. ) ;
#7141 = DIRECTION ( 'NONE',  ( 2.025046796916284173E-15, -0.7191424945380936462, 0.6948626285457636387 ) ) ;
#7142 = VECTOR ( 'NONE', #4316, 1000.000000000000000 ) ;
#7143 = CARTESIAN_POINT ( 'NONE',  ( 183.5030736399810110, 76.52168743035359455, 203.7207935539339871 ) ) ;
#7144 = CARTESIAN_POINT ( 'NONE',  ( 194.3549708474560020, 117.8685996535100031, 207.6743849957320265 ) ) ;
#7145 = ORIENTED_EDGE ( 'NONE', *, *, #7086, .F. ) ;
#7146 = EDGE_LOOP ( 'NONE', ( #8936, #3625, #4864, #4821, #4124 ) ) ;
#7147 = ORIENTED_EDGE ( 'NONE', *, *, #1257, .F. ) ;
#7148 = CARTESIAN_POINT ( 'NONE',  ( 196.4079225027913935, 76.52168778469071242, 158.7207935539340156 ) ) ;
#7149 = ORIENTED_EDGE ( 'NONE', *, *, #7021, .F. ) ;
#7150 = CYLINDRICAL_SURFACE ( 'NONE', #5610, 5.000000000000012434 ) ;
#7151 = CIRCLE ( 'NONE', #9215, 3.000000000000002665 ) ;
#7152 = ORIENTED_EDGE ( 'NONE', *, *, #2844, .T. ) ;
#7153 = CARTESIAN_POINT ( 'NONE',  ( 132.3913192749020027, 22.12078094482420099, 138.7207935539339871 ) ) ;
#7154 = CARTESIAN_POINT ( 'NONE',  ( 119.4864806570915192, 76.52169464283043965, 183.7207935539340156 ) ) ;
#7155 = EDGE_CURVE ( 'NONE', #11303, #7845, #3674, .T. ) ;
#7156 = CARTESIAN_POINT ( 'NONE',  ( 98.64490509033210230, 76.52169227600100498, 203.7207935539339871 ) ) ;
#7157 = VECTOR ( 'NONE', #4708, 1000.000000000000000 ) ;
#7158 = LINE ( 'NONE', #8969, #8405 ) ;
#7159 = ORIENTED_EDGE ( 'NONE', *, *, #3297, .T. ) ;
#7160 = ORIENTED_EDGE ( 'NONE', *, *, #10226, .F. ) ;
#7161 = FACE_OUTER_BOUND ( 'NONE', #11437, .T. ) ;
#7162 = ORIENTED_EDGE ( 'NONE', *, *, #8598, .T. ) ;
#7163 = CARTESIAN_POINT ( 'NONE',  ( -169.9562072518735647, 22.12077808834190407, 155.7207935539340156 ) ) ;
#7164 = CARTESIAN_POINT ( 'NONE',  ( 288.8209888298729879, 76.30645730203960397, 155.7277325782989976 ) ) ;
#7165 = DIRECTION ( 'NONE',  ( 0.000000000000000000, 0.000000000000000000, 1.000000000000000000 ) ) ;
#7166 = CARTESIAN_POINT ( 'NONE',  ( 94.08875846907928064, 117.6023872751333670, 207.9885605069003702 ) ) ;
#7167 = EDGE_CURVE ( 'NONE', #7789, #6803, #8994, .T. ) ;
#7168 = DIRECTION ( 'NONE',  ( 0.000000000000000000, 0.000000000000000000, -1.000000000000000000 ) ) ;
#7169 = ORIENTED_EDGE ( 'NONE', *, *, #6663, .T. ) ;
#7170 = CARTESIAN_POINT ( 'NONE',  ( 111.5497433645820138, 22.12077956539159729, 155.7207935539340156 ) ) ;
#7171 = DIRECTION ( 'NONE',  ( 1.000000000000000000, 0.000000000000000000, 0.000000000000000000 ) ) ;
#7172 = ORIENTED_EDGE ( 'NONE', *, *, #10975, .T. ) ;
#7173 = CARTESIAN_POINT ( 'NONE',  ( -185.8610559998539884, 76.52168743035018394, 208.7207935539339871 ) ) ;
#7174 = CARTESIAN_POINT ( 'NONE',  ( -196.4467563633663758, 117.6023872751333812, 207.9885605069003702 ) ) ;
#7175 = EDGE_CURVE ( 'NONE', #7825, #7947, #9076, .T. ) ;
#7176 = ORIENTED_EDGE ( 'NONE', *, *, #6863, .F. ) ;
#7177 = FACE_OUTER_BOUND ( 'NONE', #5918, .T. ) ;
#7178 = CARTESIAN_POINT ( 'NONE',  ( -83.01555633544920454, 94.42653656005860796, 203.7207935539339871 ) ) ;
#7179 = CARTESIAN_POINT ( 'NONE',  ( 132.3913296748079915, 89.42653656005759899, 158.7207935539340156 ) ) ;
#7180 = VERTEX_POINT ( 'NONE', #8311 ) ;
#7181 = CARTESIAN_POINT ( 'NONE',  ( 94.65692456833890844, 137.7344255771870110, 207.1115330082739661 ) ) ;
#7182 = VECTOR ( 'NONE', #3608, 1000.000000000000000 ) ;
#7183 = CARTESIAN_POINT ( 'NONE',  ( 286.3209915161129970, 148.7737469485219890, 156.0916788174769749 ) ) ;
#7184 = CARTESIAN_POINT ( 'NONE',  ( 287.3721834663053301, 1.448808049807708498, 158.4122422908609451 ) ) ;
#7185 = ADVANCED_FACE ( 'NONE', ( #1918 ), #7422, .T. ) ;
#7186 = VERTEX_POINT ( 'NONE', #1115 ) ;
#7187 = ADVANCED_FACE ( 'NONE', ( #358 ), #10824, .T. ) ;
#7188 = CIRCLE ( 'NONE', #8693, 12.90484428405769179 ) ;
#7189 = CARTESIAN_POINT ( 'NONE',  ( -40.43682098388670454, 6.215927124023430395, 155.7207935539340156 ) ) ;
#7190 = DIRECTION ( 'NONE',  ( 0.000000000000000000, 0.000000000000000000, -1.000000000000000000 ) ) ;
#7191 = CARTESIAN_POINT ( 'NONE',  ( -290.1001412861579638, 67.79629735472509822, 183.4563689516390070 ) ) ;
#7192 = CIRCLE ( 'NONE', #8133, 5.000000000000434319 ) ;
#7193 = AXIS2_PLACEMENT_3D ( 'NONE', #3813, #6244, #6472 ) ;
#7194 = DIRECTION ( 'NONE',  ( -4.224596829767921051E-08, -0.7071067811865469066, 0.7071067811865469066 ) ) ;
#7195 = DIRECTION ( 'NONE',  ( 0.000000000000000000, 0.000000000000000000, -1.000000000000000000 ) ) ;
#7196 = CARTESIAN_POINT ( 'NONE',  ( 285.0865932334529589, 57.86366793866239533, 158.7207935539330208 ) ) ;
#7197 = VERTEX_POINT ( 'NONE', #2847 ) ;
#7198 = ORIENTED_EDGE ( 'NONE', *, *, #2638, .F. ) ;
#7199 = ORIENTED_EDGE ( 'NONE', *, *, #5674, .F. ) ;
#7200 = DIRECTION ( 'NONE',  ( 1.000000000000000000, 0.000000000000000000, 0.000000000000000000 ) ) ;
#7201 = CARTESIAN_POINT ( 'NONE',  ( -289.4073963647111327, 64.33728029038744012, 183.7207935539340156 ) ) ;
#7202 = EDGE_CURVE ( 'NONE', #8882, #351, #4543, .T. ) ;
#7203 = ORIENTED_EDGE ( 'NONE', *, *, #5699, .T. ) ;
#7204 = FACE_OUTER_BOUND ( 'NONE', #6739, .T. ) ;
#7205 = CARTESIAN_POINT ( 'NONE',  ( 216.5078370698039976, 76.52169227600100498, 150.7207935539340156 ) ) ;
#7206 = ADVANCED_FACE ( 'NONE', ( #10014 ), #5582, .T. ) ;
#7207 = CARTESIAN_POINT ( 'NONE',  ( 286.5786136433990237, 61.57101680019207635, 158.7218831080018617 ) ) ;
#7208 = DIRECTION ( 'NONE',  ( 0.000000000000000000, 0.000000000000000000, -1.000000000000000000 ) ) ;
#7209 = VERTEX_POINT ( 'NONE', #11003 ) ;
#7210 = ORIENTED_EDGE ( 'NONE', *, *, #6536, .T. ) ;
#7211 = ORIENTED_EDGE ( 'NONE', *, *, #2731, .T. ) ;
#7212 = CARTESIAN_POINT ( 'NONE',  ( 49.32245254516600852, 63.61684799194339490, 158.7207935539340156 ) ) ;
#7213 = VERTEX_POINT ( 'NONE', #10072 ) ;
#7214 = DIRECTION ( 'NONE',  ( -1.000000000000000000, 2.688482178977771415E-16, 0.000000000000000000 ) ) ;
#7215 = CARTESIAN_POINT ( 'NONE',  ( -146.1789941787719727, 96.89302241451029829, 208.7207935539339871 ) ) ;
#7216 = CYLINDRICAL_SURFACE ( 'NONE', #9591, 2.999999999999988898 ) ;
#7217 = EDGE_CURVE ( 'NONE', #3635, #1663, #2093, .T. ) ;
#7218 = CARTESIAN_POINT ( 'NONE',  ( -30.26300430297851562, 125.3159751883053161, 207.2563274598667817 ) ) ;
#7219 = CARTESIAN_POINT ( 'NONE',  ( -30.26300430297849786, 93.04149627685561086, 208.7207935539339871 ) ) ;
#7220 = CIRCLE ( 'NONE', #4270, 4.999999999999997335 ) ;
#7221 = DIRECTION ( 'NONE',  ( 1.000000000000000000, 6.409534987526679801E-16, 0.000000000000000000 ) ) ;
#7222 = VERTEX_POINT ( 'NONE', #3900 ) ;
#7223 = DIRECTION ( 'NONE',  ( -8.818228063756050507E-11, 1.000000000000000000, 0.000000000000000000 ) ) ;
#7224 = VERTEX_POINT ( 'NONE', #8427 ) ;
#7225 = CARTESIAN_POINT ( 'NONE',  ( -218.8657760620120314, 35.02563476562500000, 158.7207935539340156 ) ) ;
#7226 = DIRECTION ( 'NONE',  ( -9.747022401918829411E-18, -1.000000000000000000, 0.000000000000000000 ) ) ;
#7227 = ORIENTED_EDGE ( 'NONE', *, *, #1937, .F. ) ;
#7228 = CARTESIAN_POINT ( 'NONE',  ( -75.59253796992871344, 110.9465026855470029, 143.7207935539339871 ) ) ;
#7229 = CARTESIAN_POINT ( 'NONE',  ( 64.75273139693152302, 22.12078010271750017, 158.7207935539340156 ) ) ;
#7230 = ADVANCED_FACE ( 'NONE', ( #9475 ), #6727, .F. ) ;
#7231 = EDGE_CURVE ( 'NONE', #10511, #3850, #3262, .T. ) ;
#7232 = DIRECTION ( 'NONE',  ( 0.000000000000000000, 1.000000000000000000, 0.000000000000000000 ) ) ;
#7233 = ORIENTED_EDGE ( 'NONE', *, *, #2580, .T. ) ;
#7234 = EDGE_CURVE ( 'NONE', #7369, #6178, #266, .T. ) ;
#7235 = FACE_OUTER_BOUND ( 'NONE', #8516, .T. ) ;
#7236 = AXIS2_PLACEMENT_3D ( 'NONE', #11112, #1551, #8652 ) ;
#7237 = LINE ( 'NONE', #4774, #1935 ) ;
#7238 = PLANE ( 'NONE',  #6979 ) ;
#7239 = DIRECTION ( 'NONE',  ( 0.000000000000000000, 0.000000000000000000, 1.000000000000000000 ) ) ;
#7240 = EDGE_LOOP ( 'NONE', ( #8537, #6902, #2746, #4743 ) ) ;
#7241 = CARTESIAN_POINT ( 'NONE',  ( 196.4079233357452949, 22.12077844267353655, 155.7207935539340156 ) ) ;
#7242 = DIRECTION ( 'NONE',  ( 0.000000000000000000, 0.000000000000000000, -1.000000000000000000 ) ) ;
#7243 = ADVANCED_FACE ( 'NONE', ( #3255 ), #9421, .T. ) ;
#7244 = CARTESIAN_POINT ( 'NONE',  ( -289.9572903793840055, 63.31315786500670129, 183.2856255094300195 ) ) ;
#7245 = VECTOR ( 'NONE', #7286, 1000.000000000000000 ) ;
#7246 = EDGE_CURVE ( 'NONE', #2105, #7213, #3588, .T. ) ;
#7247 = ADVANCED_FACE ( 'NONE', ( #8491 ), #4835, .F. ) ;
#7248 = CIRCLE ( 'NONE', #2258, 12.90484428405759587 ) ;
#7249 = CYLINDRICAL_SURFACE ( 'NONE', #114, 12.90484791500049511 ) ;
#7250 =( BOUNDED_CURVE ( )  B_SPLINE_CURVE ( 3, ( #3224, #1316, #2186, #7634 ),
 .UNSPECIFIED., .F., .F. ) 
 B_SPLINE_CURVE_WITH_KNOTS ( ( 4, 4 ),
 ( 9.436895709313834538E-16, 0.7853981633974657095 ),
 .UNSPECIFIED. ) 
 CURVE ( )  GEOMETRIC_REPRESENTATION_ITEM ( )  RATIONAL_B_SPLINE_CURVE ( ( 1.000000000000000000, 0.9492530216741890126, 0.9492530216741890126, 1.000000000000000000 ) ) 
 REPRESENTATION_ITEM ( '' )  );
#7251 = CARTESIAN_POINT ( 'NONE',  ( 18.44994068145760124, 8.337247467583072336, 157.8421138974936468 ) ) ;
#7252 = DIRECTION ( 'NONE',  ( 1.000000000000000000, -6.987003568307579799E-13, 0.000000000000000000 ) ) ;
#7253 = ORIENTED_EDGE ( 'NONE', *, *, #779, .F. ) ;
#7254 = ORIENTED_EDGE ( 'NONE', *, *, #8704, .T. ) ;
#7255 = ORIENTED_EDGE ( 'NONE', *, *, #4420, .T. ) ;
#7256 = CARTESIAN_POINT ( 'NONE',  ( 98.64490509033210230, 89.42653656005859375, 158.7207935539340156 ) ) ;
#7257 = DIRECTION ( 'NONE',  ( 0.000000000000000000, 0.000000000000000000, -1.000000000000000000 ) ) ;
#7258 = VECTOR ( 'NONE', #391, 1000.000000000000000 ) ;
#7259 = ORIENTED_EDGE ( 'NONE', *, *, #5180, .T. ) ;
#7260 = FACE_OUTER_BOUND ( 'NONE', #5627, .T. ) ;
#7261 = DIRECTION ( 'NONE',  ( -1.000000000000000000, -3.100342586094671250E-15, 0.000000000000000000 ) ) ;
#7262 = EDGE_CURVE ( 'NONE', #7977, #11509, #10665, .T. ) ;
#7264 = CARTESIAN_POINT ( 'NONE',  ( 60.32955169677730112, 110.9465026855470029, 203.7207935539339871 ) ) ;
#7263 = AXIS2_PLACEMENT_3D ( 'NONE', #133, #1539, #5148 ) ;
#7265 = DIRECTION ( 'NONE',  ( -1.000000000000000000, 0.000000000000000000, 0.000000000000000000 ) ) ;
#7266 = CARTESIAN_POINT ( 'NONE',  ( -45.45299509106060043, 75.12078285217289420, 203.7207935539339871 ) ) ;
#7267 = ORIENTED_EDGE ( 'NONE', *, *, #3149, .F. ) ;
#7268 = VERTEX_POINT ( 'NONE', #2266 ) ;
#7269 = ORIENTED_EDGE ( 'NONE', *, *, #1021, .T. ) ;
#7270 = CYLINDRICAL_SURFACE ( 'NONE', #6576, 5.000000000000012434 ) ;
#7271 = EDGE_CURVE ( 'NONE', #4140, #6068, #3142, .T. ) ;
#7272 = EDGE_LOOP ( 'NONE', ( #11312, #3395, #6119, #1354 ) ) ;
#7273 = CARTESIAN_POINT ( 'NONE',  ( 132.3913249411490085, 76.52169227600100498, 158.7207935539340156 ) ) ;
#7274 = CARTESIAN_POINT ( 'NONE',  ( -197.1789894103999927, 91.72166796604619776, 214.6939139598069914 ) ) ;
#7275 = CARTESIAN_POINT ( 'NONE',  ( -62.68753156017800876, 123.8515090942380112, 183.7207935539340156 ) ) ;
#7276 = CARTESIAN_POINT ( 'NONE',  ( -45.45299509106060043, 75.12078285217289420, 208.7207935539339871 ) ) ;
#7277 = VECTOR ( 'NONE', #902, 1000.000000000000000 ) ;
#7278 = FACE_OUTER_BOUND ( 'NONE', #8863, .T. ) ;
#7279 = CARTESIAN_POINT ( 'NONE',  ( -134.7493367092509970, 76.52169227600100498, 203.7207935539339871 ) ) ;
#7280 = EDGE_CURVE ( 'NONE', #2639, #5101, #3196, .T. ) ;
#7281 = TOROIDAL_SURFACE ( 'NONE', #2286, 17.90484791500050221, 5.000000000000000000 ) ;
#7282 = ORIENTED_EDGE ( 'NONE', *, *, #4185, .T. ) ;
#7283 = CARTESIAN_POINT ( 'NONE',  ( -198.7659039148544764, 76.52168707601310871, 203.7207935539339871 ) ) ;
#7284 = ORIENTED_EDGE ( 'NONE', *, *, #2778, .T. ) ;
#7285 = DIRECTION ( 'NONE',  ( 1.000000000000000000, 0.000000000000000000, 0.000000000000000000 ) ) ;
#7286 = DIRECTION ( 'NONE',  ( -1.000000000000000000, -1.104968027632495817E-16, 1.104968027632493845E-16 ) ) ;
#7287 = ORIENTED_EDGE ( 'NONE', *, *, #8618, .T. ) ;
#7288 = CARTESIAN_POINT ( 'NONE',  ( 80.65757751464849434, 58.61684799194339490, 208.7207935539339871 ) ) ;
#7289 = CARTESIAN_POINT ( 'NONE',  ( 107.6644182205200053, 38.02563476562500000, 155.7207935539340156 ) ) ;
#7290 = DIRECTION ( 'NONE',  ( -1.000000000000000000, -1.226857575922620063E-08, -6.280255024119359983E-16 ) ) ;
#7291 = VERTEX_POINT ( 'NONE', #6792 ) ;
#7292 = VECTOR ( 'NONE', #5542, 1000.000000000000000 ) ;
#7293 = DIRECTION ( 'NONE',  ( 1.001151856892051962E-16, 1.000000000000000000, 1.001151856892039882E-16 ) ) ;
#7294 = ADVANCED_FACE ( 'NONE', ( #6845 ), #10413, .F. ) ;
#7295 = EDGE_CURVE ( 'NONE', #853, #8579, #11051, .T. ) ;
#7296 = DIRECTION ( 'NONE',  ( 3.073900420430730319E-15, 1.000000000000000000, 0.000000000000000000 ) ) ;
#7297 = ORIENTED_EDGE ( 'NONE', *, *, #8370, .T. ) ;
#7298 = CARTESIAN_POINT ( 'NONE',  ( 98.64490509033210230, 76.52169227600100498, 203.7207935539339871 ) ) ;
#7299 = CARTESIAN_POINT ( 'NONE',  ( -289.0203060100899393, 62.05763776342669047, 158.7228374036260163 ) ) ;
#7300 = ORIENTED_EDGE ( 'NONE', *, *, #5971, .T. ) ;
#7301 = AXIS2_PLACEMENT_3D ( 'NONE', #10574, #689, #10454 ) ;
#7302 = LINE ( 'NONE', #8306, #2941 ) ;
#7303 = LINE ( 'NONE', #3777, #1568 ) ;
#7304 = AXIS2_PLACEMENT_3D ( 'NONE', #3570, #8203, #1004 ) ;
#7305 = EDGE_CURVE ( 'NONE', #7483, #2451, #3023, .T. ) ;
#7306 = CIRCLE ( 'NONE', #8623, 12.90499687194819600 ) ;
#7307 = TOROIDAL_SURFACE ( 'NONE', #6208, 15.90485334804940187, 3.000000000000000000 ) ;
#7308 = ADVANCED_FACE ( 'NONE', ( #4951 ), #9361, .F. ) ;
#7309 = AXIS2_PLACEMENT_3D ( 'NONE', #11245, #3264, #10362 ) ;
#7310 = CARTESIAN_POINT ( 'NONE',  ( 283.8209915161129970, 76.32125139236430300, 203.7207935539339871 ) ) ;
#7311 = CIRCLE ( 'NONE', #4749, 12.90484428405759587 ) ;
#7312 = DIRECTION ( 'NONE',  ( 0.000000000000000000, 0.000000000000000000, -1.000000000000000000 ) ) ;
#7313 = LINE ( 'NONE', #1984, #11125 ) ;
#7314 = EDGE_LOOP ( 'NONE', ( #3450, #10762, #4030, #8827, #4114 ) ) ;
#7315 = EDGE_LOOP ( 'NONE', ( #6914, #5071, #5990, #603, #7321, #10299 ) ) ;
#7316 = ORIENTED_EDGE ( 'NONE', *, *, #5401, .F. ) ;
#7317 = DIRECTION ( 'NONE',  ( 0.9999999999999995559, 2.745767247960928976E-08, 0.000000000000000000 ) ) ;
#7318 = ADVANCED_FACE ( 'NONE', ( #11178 ), #6957, .F. ) ;
#7319 = AXIS2_PLACEMENT_3D ( 'NONE', #1183, #4800, #9151 ) ;
#7320 = B_SPLINE_CURVE_WITH_KNOTS ( 'NONE', 3,
 ( #7998, #7945, #8888, #6950, #7062 ),
 .UNSPECIFIED., .F., .F.,
 ( 4, 1, 4 ),
 ( 0.4999934395552226851, 0.5714285714286028162, 1.000000000000000000 ),
 .UNSPECIFIED. ) ;
#7321 = ORIENTED_EDGE ( 'NONE', *, *, #7824, .T. ) ;
#7322 = AXIS2_PLACEMENT_3D ( 'NONE', #11384, #2469, #5381 ) ;
#7323 = AXIS2_PLACEMENT_3D ( 'NONE', #7988, #7869, #7811 ) ;
#7324 = VECTOR ( 'NONE', #1981, 1000.000000000000000 ) ;
#7325 = DIRECTION ( 'NONE',  ( 6.409534987526679801E-16, -1.000000000000000000, 0.000000000000000000 ) ) ;
#7326 = DIRECTION ( 'NONE',  ( 1.000000000000000000, 0.000000000000000000, 0.000000000000000000 ) ) ;
#7327 = DIRECTION ( 'NONE',  ( 1.635284895191439853E-16, 1.000000000000000000, 0.000000000000000000 ) ) ;
#7328 = VECTOR ( 'NONE', #9466, 1000.000000000000000 ) ;
#7329 = CARTESIAN_POINT ( 'NONE',  ( -269.8896026611329830, 38.02563476562500000, 158.7207935539340156 ) ) ;
#7330 = ORIENTED_EDGE ( 'NONE', *, *, #7452, .F. ) ;
#7331 = ORIENTED_EDGE ( 'NONE', *, *, #766, .T. ) ;
#7332 = ORIENTED_EDGE ( 'NONE', *, *, #2641, .F. ) ;
#7333 = DIRECTION ( 'NONE',  ( -1.613071426384554170E-15, -1.000000000000000000, 0.000000000000000000 ) ) ;
#7334 = VECTOR ( 'NONE', #8220, 1000.000000000000000 ) ;
#7335 = ORIENTED_EDGE ( 'NONE', *, *, #5003, .T. ) ;
#7336 = CARTESIAN_POINT ( 'NONE',  ( -291.1781183661969976, 75.12231670926360039, 156.2831588247489947 ) ) ;
#7337 = EDGE_CURVE ( 'NONE', #7868, #7053, #4422, .T. ) ;
#7338 = CARTESIAN_POINT ( 'NONE',  ( 150.3786849975589632, 90.89100265412585600, 207.2563274598667249 ) ) ;
#7339 = CARTESIAN_POINT ( 'NONE',  ( -218.8657760620120314, 76.52169227600100498, 203.7207935539339871 ) ) ;
#7340 = DIRECTION ( 'NONE',  ( 1.000000000000000000, -4.362752391243203476E-16, 0.000000000000000000 ) ) ;
#7341 = AXIS2_PLACEMENT_3D ( 'NONE', #6852, #8607, #4200 ) ;
#7342 = LINE ( 'NONE', #2936, #304 ) ;
#7343 = AXIS2_PLACEMENT_3D ( 'NONE', #6844, #4247, #10529 ) ;
#7344 = CARTESIAN_POINT ( 'NONE',  ( -101.0028839111329972, 89.42653656005859375, 183.7207935539340156 ) ) ;
#7345 = ORIENTED_EDGE ( 'NONE', *, *, #11002, .F. ) ;
#7346 = CARTESIAN_POINT ( 'NONE',  ( -282.7944564819338211, 22.12078094482420099, 155.7207935539340156 ) ) ;
#7347 = EDGE_LOOP ( 'NONE', ( #11413, #1140, #617, #2594 ) ) ;
#7348 = DIRECTION ( 'NONE',  ( 1.000000000000000000, -1.835214905568970957E-16, 0.000000000000000000 ) ) ;
#7349 = DIRECTION ( 'NONE',  ( -1.000000000000000000, -2.775557561562888984E-15, 0.000000000000000000 ) ) ;
#7350 = VERTEX_POINT ( 'NONE', #5117 ) ;
#7351 = DIRECTION ( 'NONE',  ( 0.000000000000000000, 0.000000000000000000, 1.000000000000000000 ) ) ;
#7352 = DIRECTION ( 'NONE',  ( -1.000000000000000000, 5.897598525349479809E-18, 0.000000000000000000 ) ) ;
#7353 = CARTESIAN_POINT ( 'NONE',  ( -152.7366433896910110, 89.42653656005859375, 158.7207935539340156 ) ) ;
#7354 = EDGE_CURVE ( 'NONE', #582, #4493, #9525, .T. ) ;
#7355 = EDGE_LOOP ( 'NONE', ( #7386, #3172, #6502, #7575, #5375 ) ) ;
#7356 = DIRECTION ( 'NONE',  ( 0.000000000000000000, 0.000000000000000000, 1.000000000000000000 ) ) ;
#7357 = DIRECTION ( 'NONE',  ( 1.000000000000000000, 6.630299199421770504E-16, 0.000000000000000000 ) ) ;
#7358 = CARTESIAN_POINT ( 'NONE',  ( -97.17898941039999272, 118.9074145751319946, 206.2207935539339871 ) ) ;
#7359 = ORIENTED_EDGE ( 'NONE', *, *, #5243, .T. ) ;
#7360 = DIRECTION ( 'NONE',  ( 2.150760312442448859E-15, -1.000000000000000000, 0.000000000000000000 ) ) ;
#7361 = CARTESIAN_POINT ( 'NONE',  ( -289.3779061926556437, 64.15602190569586583, 158.7222411215685725 ) ) ;
#7362 = ORIENTED_EDGE ( 'NONE', *, *, #870, .T. ) ;
#7363 = CARTESIAN_POINT ( 'NONE',  ( -286.9861299235289493, 76.32125139236450195, 208.6552159306729948 ) ) ;
#7364 = DIRECTION ( 'NONE',  ( 0.000000000000000000, 0.000000000000000000, 1.000000000000000000 ) ) ;
#7365 = LINE ( 'NONE', #2155, #2570 ) ;
#7366 = ADVANCED_FACE ( 'NONE', ( #931 ), #9658, .T. ) ;
#7367 = DIRECTION ( 'NONE',  ( 0.9999999999999997780, 2.745767261373882970E-08, 0.000000000000000000 ) ) ;
#7368 = CARTESIAN_POINT ( 'NONE',  ( -83.01555633544920454, 94.42653656005860796, 208.7207935539339871 ) ) ;
#7369 = VERTEX_POINT ( 'NONE', #1805 ) ;
#7370 = CIRCLE ( 'NONE', #9996, 4.999999999999997335 ) ;
#7371 = VERTEX_POINT ( 'NONE', #5288 ) ;
#7372 = EDGE_LOOP ( 'NONE', ( #104, #6025, #2423, #4207 ) ) ;
#7373 = CARTESIAN_POINT ( 'NONE',  ( 115.5181119414546060, 73.07812136542402470, 208.6738111309938120 ) ) ;
#7374 = TOROIDAL_SURFACE ( 'NONE', #2192, 15.90485382080079901, 3.000000000000000000 ) ;
#7375 = ADVANCED_FACE ( 'NONE', ( #7126 ), #6198, .T. ) ;
#7376 = ORIENTED_EDGE ( 'NONE', *, *, #6773, .T. ) ;
#7377 = CARTESIAN_POINT ( 'NONE',  ( 166.2835388183597729, 22.12078094482419743, 158.7207935539340156 ) ) ;
#7378 = AXIS2_PLACEMENT_3D ( 'NONE', #9133, #4663, #4726 ) ;
#7379 = CARTESIAN_POINT ( 'NONE',  ( -30.26300430297849786, 110.9465026855470029, 158.7207935539340156 ) ) ;
#7380 = B_SPLINE_CURVE_WITH_KNOTS ( 'NONE', 3,
 ( #8147, #192, #9965, #5539, #9086, #1123 ),
 .UNSPECIFIED., .F., .F.,
 ( 4, 1, 1, 4 ),
 ( 0.000000000000000000, 0.1997488769003288311, 0.3994977538006576623, 0.4534530406202967878 ),
 .UNSPECIFIED. ) ;
#7381 = CARTESIAN_POINT ( 'NONE',  ( 287.4610979647384852, 66.64223938489011800, 158.7208604590868788 ) ) ;
#7382 = EDGE_CURVE ( 'NONE', #10979, #7070, #8840, .T. ) ;
#7383 = AXIS2_PLACEMENT_3D ( 'NONE', #8995, #1039, #221 ) ;
#7384 = DIRECTION ( 'NONE',  ( 6.519917093474220715E-16, -1.000000000000000000, 0.000000000000000000 ) ) ;
#7385 = DIRECTION ( 'NONE',  ( 1.000000000000000000, 0.000000000000000000, 0.000000000000000000 ) ) ;
#7386 = ORIENTED_EDGE ( 'NONE', *, *, #757, .T. ) ;
#7387 = EDGE_LOOP ( 'NONE', ( #4383, #7661, #3207, #6053 ) ) ;
#7388 = ORIENTED_EDGE ( 'NONE', *, *, #3162, .T. ) ;
#7389 = DIRECTION ( 'NONE',  ( -1.000000000000000000, 0.000000000000000000, 0.000000000000000000 ) ) ;
#7390 = ORIENTED_EDGE ( 'NONE', *, *, #7724, .F. ) ;
#7391 = FACE_OUTER_BOUND ( 'NONE', #4764, .T. ) ;
#7392 = CARTESIAN_POINT ( 'NONE',  ( 27.90500640869130322, 110.9465026855470029, 203.7207935539339871 ) ) ;
#7393 = CARTESIAN_POINT ( 'NONE',  ( 288.3151002764835766, 70.74022214509652429, 158.2923835083928736 ) ) ;
#7394 = ADVANCED_FACE ( 'NONE', ( #701 ), #8775, .T. ) ;
#7395 = CARTESIAN_POINT ( 'NONE',  ( -40.43682098388680402, 22.12078094482420099, 135.7207935539339871 ) ) ;
#7396 = DIRECTION ( 'NONE',  ( 1.000000000000000000, 5.480868912904819410E-16, 0.000000000000000000 ) ) ;
#7397 = CIRCLE ( 'NONE', #9839, 3.000000000000002665 ) ;
#7398 = EDGE_CURVE ( 'NONE', #7186, #2450, #11024, .T. ) ;
#7399 = EDGE_CURVE ( 'NONE', #9083, #4477, #8894, .T. ) ;
#7400 = DIRECTION ( 'NONE',  ( 0.000000000000000000, 1.000000000000000000, 0.000000000000000000 ) ) ;
#7401 = EDGE_LOOP ( 'NONE', ( #3193, #9047, #9764, #9803 ) ) ;
#7402 = FACE_BOUND ( 'NONE', #7765, .T. ) ;
#7403 = EDGE_LOOP ( 'NONE', ( #3755, #7162, #11479, #7027, #4153, #2542 ) ) ;
#7404 = DIRECTION ( 'NONE',  ( -0.7071067811865475727, 0.000000000000000000, 0.7071067811865475727 ) ) ;
#7405 = CARTESIAN_POINT ( 'NONE',  ( 288.4190677276609449, 69.08193035038840435, 182.2207935535969909 ) ) ;
#7406 = ORIENTED_EDGE ( 'NONE', *, *, #7796, .T. ) ;
#7407 = DIRECTION ( 'NONE',  ( 0.000000000000000000, 1.000000000000000000, 0.000000000000000000 ) ) ;
#7408 = CARTESIAN_POINT ( 'NONE',  ( -291.1789894103999927, 156.4021854306319881, 123.7207935539339871 ) ) ;
#7409 = DIRECTION ( 'NONE',  ( -1.000000000000000000, 0.000000000000000000, 0.000000000000000000 ) ) ;
#7410 = VECTOR ( 'NONE', #3270, 1000.000000000000000 ) ;
#7411 = ORIENTED_EDGE ( 'NONE', *, *, #2349, .T. ) ;
#7412 = DIRECTION ( 'NONE',  ( 0.000000000000000000, 0.000000000000000000, 1.000000000000000000 ) ) ;
#7413 = DIRECTION ( 'NONE',  ( -1.000000000000000000, -2.357670551379990086E-15, 0.000000000000000000 ) ) ;
#7414 = DIRECTION ( 'NONE',  ( 2.025046796916284173E-15, -0.7191424945380936462, 0.6948626285457636387 ) ) ;
#7415 = ORIENTED_EDGE ( 'NONE', *, *, #3816, .T. ) ;
#7416 = CARTESIAN_POINT ( 'NONE',  ( 288.8209915161129970, 120.1792166382100078, 183.7207935539340156 ) ) ;
#7417 = CARTESIAN_POINT ( 'NONE',  ( -288.3468982455939909, 58.20279053131242364, 158.7207935539339587 ) ) ;
#7418 = ORIENTED_EDGE ( 'NONE', *, *, #5656, .F. ) ;
#7419 = DIRECTION ( 'NONE',  ( -1.000000000000000000, 0.000000000000000000, 0.000000000000000000 ) ) ;
#7420 = CARTESIAN_POINT ( 'NONE',  ( -20.80790996551509764, 35.90431442206535451, 157.8421138974936468 ) ) ;
#7421 = DIRECTION ( 'NONE',  ( 1.776356839400250070E-15, -1.000000000000000000, 0.000000000000000000 ) ) ;
#7422 = CYLINDRICAL_SURFACE ( 'NONE', #1537, 2.999999999999994227 ) ;
#7423 = DIRECTION ( 'NONE',  ( -0.9999999999999982236, 5.974481946206379345E-08, 0.000000000000000000 ) ) ;
#7424 = EDGE_CURVE ( 'NONE', #5417, #2510, #6096, .T. ) ;
#7425 = ORIENTED_EDGE ( 'NONE', *, *, #8287, .F. ) ;
#7426 = ORIENTED_EDGE ( 'NONE', *, *, #8509, .F. ) ;
#7427 = EDGE_LOOP ( 'NONE', ( #4816, #10977, #10577, #84, #9296 ) ) ;
#7428 = CARTESIAN_POINT ( 'NONE',  ( 115.5183304567392497, 74.22934215799061519, 208.6430806879458260 ) ) ;
#7429 = VECTOR ( 'NONE', #1795, 1000.000000000000000 ) ;
#7430 = DIRECTION ( 'NONE',  ( 0.000000000000000000, 1.000000000000000000, 0.000000000000000000 ) ) ;
#7431 = AXIS2_PLACEMENT_3D ( 'NONE', #3951, #7540, #466 ) ;
#7432 = CARTESIAN_POINT ( 'NONE',  ( 216.5078370698039976, 76.52169227600100498, 158.7207935539340156 ) ) ;
#7433 = CARTESIAN_POINT ( 'NONE',  ( 287.0557553803104724, 64.36960476605965198, 158.7213571696997292 ) ) ;
#7434 = DIRECTION ( 'NONE',  ( 0.000000000000000000, 0.000000000000000000, 1.000000000000000000 ) ) ;
#7435 = EDGE_CURVE ( 'NONE', #9198, #9124, #4366, .T. ) ;
#7436 = DIRECTION ( 'NONE',  ( 2.150787332623426829E-15, -1.000000000000000000, 0.000000000000000000 ) ) ;
#7437 = ADVANCED_FACE ( 'NONE', ( #7014 ), #2608, .T. ) ;
#7438 = VERTEX_POINT ( 'NONE', #4307 ) ;
#7439 = ORIENTED_EDGE ( 'NONE', *, *, #947, .T. ) ;
#7440 = ORIENTED_EDGE ( 'NONE', *, *, #3757, .T. ) ;
#7441 = DIRECTION ( 'NONE',  ( 2.740434456452409705E-16, -1.000000000000000000, 2.740434456452409705E-16 ) ) ;
#7442 = ORIENTED_EDGE ( 'NONE', *, *, #1233, .T. ) ;
#7443 = CARTESIAN_POINT ( 'NONE',  ( 80.65757751464845171, 62.15238189787612555, 207.2563274598667533 ) ) ;
#7444 = DIRECTION ( 'NONE',  ( -0.000000000000000000, -1.000000000000000000, -0.000000000000000000 ) ) ;
#7445 = CARTESIAN_POINT ( 'NONE',  ( -291.1789894103999927, 40.00000480987760199, 155.7207935539340156 ) ) ;
#7446 = FACE_OUTER_BOUND ( 'NONE', #1909, .T. ) ;
#7447 = CARTESIAN_POINT ( 'NONE',  ( -198.7659047478303762, 22.12077773400478975, 155.7207935539340156 ) ) ;
#7448 = AXIS2_PLACEMENT_3D ( 'NONE', #1202, #336, #4762 ) ;
#7449 = DIRECTION ( 'NONE',  ( 1.000000000000000000, 0.000000000000000000, 0.000000000000000000 ) ) ;
#7450 = EDGE_CURVE ( 'NONE', #9907, #1400, #4793, .T. ) ;
#7451 = EDGE_LOOP ( 'NONE', ( #5786, #7810, #175, #6974 ) ) ;
#7452 = EDGE_CURVE ( 'NONE', #7647, #6166, #5986, .T. ) ;
#7453 = EDGE_LOOP ( 'NONE', ( #11367, #7227, #8589, #6001, #11082 ) ) ;
#7454 = DIRECTION ( 'NONE',  ( 1.000000000000000000, 1.098116863085339802E-16, 0.000000000000000000 ) ) ;
#7455 = ORIENTED_EDGE ( 'NONE', *, *, #9287, .T. ) ;
#7456 = CARTESIAN_POINT ( 'NONE',  ( 283.0742935591440528, 68.32468267250730776, 208.7019302982462534 ) ) ;
#7457 = CARTESIAN_POINT ( 'NONE',  ( 286.3670875094160237, 58.90180187529080058, 183.7207935539340156 ) ) ;
#7458 = ORIENTED_EDGE ( 'NONE', *, *, #1003, .T. ) ;
#7459 = CARTESIAN_POINT ( 'NONE',  ( -101.0028839111329972, 89.42653656005859375, 153.7207935539340156 ) ) ;
#7460 = CARTESIAN_POINT ( 'NONE',  ( 39.73928799275659429, 35.90431608917916151, 157.8421138974936468 ) ) ;
#7461 = EDGE_CURVE ( 'NONE', #4461, #10470, #989, .T. ) ;
#7462 = DIRECTION ( 'NONE',  ( 1.000000000000000000, 0.000000000000000000, 0.000000000000000000 ) ) ;
#7463 = ORIENTED_EDGE ( 'NONE', *, *, #1440, .F. ) ;
#7464 = FACE_OUTER_BOUND ( 'NONE', #1832, .T. ) ;
#7465 = AXIS2_PLACEMENT_3D ( 'NONE', #11524, #5347, #4474 ) ;
#7466 = CARTESIAN_POINT ( 'NONE',  ( 93.98127675742765064, 137.0587777662757674, 208.0960422185519860 ) ) ;
#7467 = DIRECTION ( 'NONE',  ( 0.9999999999999982236, 5.974482437999869362E-08, -1.003254186567378186E-15 ) ) ;
#7468 = EDGE_LOOP ( 'NONE', ( #7233, #11314, #10803, #9616 ) ) ;
#7469 = CARTESIAN_POINT ( 'NONE',  ( -97.17898941040009220, 134.9871293177949951, 158.7207935539340156 ) ) ;
#7470 = CARTESIAN_POINT ( 'NONE',  ( 80.65757751464829539, 76.52169227600100498, 153.7207935539340156 ) ) ;
#7471 = ORIENTED_EDGE ( 'NONE', *, *, #9011, .F. ) ;
#7472 = EDGE_CURVE ( 'NONE', #7708, #4797, #8386, .T. ) ;
#7473 = CARTESIAN_POINT ( 'NONE',  ( 43.09501647949219461, 75.12078285217289420, 208.7207935539339871 ) ) ;
#7474 = DIRECTION ( 'NONE',  ( 1.000000000000000000, -1.159224734824834043E-17, -1.159224734824834043E-17 ) ) ;
#7475 = CIRCLE ( 'NONE', #8975, 2.999999999999999112 ) ;
#7476 = ADVANCED_FACE ( 'NONE', ( #9718 ), #2901, .T. ) ;
#7477 = DIRECTION ( 'NONE',  ( -1.000000000000000000, 4.475536128753789939E-15, 0.000000000000000000 ) ) ;
#7478 = ADVANCED_FACE ( 'NONE', ( #8944 ), #6266, .F. ) ;
#7479 = CIRCLE ( 'NONE', #8982, 3.000000000000002665 ) ;
#7480 = CARTESIAN_POINT ( 'NONE',  ( -76.95782116841721177, 94.42653656005850848, 203.7207935539339871 ) ) ;
#7481 = CARTESIAN_POINT ( 'NONE',  ( -45.45299509213570133, 57.21578598022460227, 203.7207935539339871 ) ) ;
#7482 = ORIENTED_EDGE ( 'NONE', *, *, #5529, .T. ) ;
#7483 = VERTEX_POINT ( 'NONE', #3665 ) ;
#7484 = VECTOR ( 'NONE', #298, 1000.000000000000000 ) ;
#7485 = CARTESIAN_POINT ( 'NONE',  ( 115.5181150157410173, 70.53184789993851211, 208.7207935539339871 ) ) ;
#7486 = AXIS2_PLACEMENT_3D ( 'NONE', #7893, #2663, #9601 ) ;
#7487 = CARTESIAN_POINT ( 'NONE',  ( 48.73295307159440171, 63.61684799194339490, 203.7207935539339871 ) ) ;
#7488 = CIRCLE ( 'NONE', #6014, 12.90484428405759587 ) ;
#7489 = EDGE_CURVE ( 'NONE', #1673, #7369, #1213, .T. ) ;
#7490 = AXIS2_PLACEMENT_3D ( 'NONE', #1927, #4444, #2858 ) ;
#7491 = CARTESIAN_POINT ( 'NONE',  ( 107.6644190607609914, 89.42653656005859375, 203.7207935539339871 ) ) ;
#7492 = TOROIDAL_SURFACE ( 'NONE', #9000, 17.90484428405759942, 5.000000000000000000 ) ;
#7493 = CARTESIAN_POINT ( 'NONE',  ( 50.98373413085939632, 22.12078094482419743, 155.7207935539340156 ) ) ;
#7494 = EDGE_CURVE ( 'NONE', #2510, #8474, #5200, .T. ) ;
#7495 = CARTESIAN_POINT ( 'NONE',  ( -194.6789894103999927, 96.89302241451029829, 208.7207935539339871 ) ) ;
#7496 = CARTESIAN_POINT ( 'NONE',  ( 267.5316238403410125, 22.12078094482420099, 158.7207935539340156 ) ) ;
#7497 = ORIENTED_EDGE ( 'NONE', *, *, #2994, .T. ) ;
#7498 = ORIENTED_EDGE ( 'NONE', *, *, #1227, .T. ) ;
#7499 = ORIENTED_EDGE ( 'NONE', *, *, #5056, .T. ) ;
#7500 = LINE ( 'NONE', #324, #2693 ) ;
#7501 = VECTOR ( 'NONE', #81, 1000.000000000000000 ) ;
#7502 = EDGE_LOOP ( 'NONE', ( #11313, #4741, #374, #9994, #10847 ) ) ;
#7503 = CARTESIAN_POINT ( 'NONE',  ( -30.26300430297849786, 110.9465026855470029, 183.7207935539340156 ) ) ;
#7504 = AXIS2_PLACEMENT_3D ( 'NONE', #6765, #4925, #3293 ) ;
#7505 = CIRCLE ( 'NONE', #7323, 17.90484428405761363 ) ;
#7506 = DIRECTION ( 'NONE',  ( 1.098116863085339802E-16, -1.000000000000000000, 0.000000000000000000 ) ) ;
#7507 = DIRECTION ( 'NONE',  ( -3.520767011262992537E-08, 0.9999999999988892219, 1.490124375741666648E-06 ) ) ;
#7508 = ADVANCED_FACE ( 'NONE', ( #4533 ), #3889, .F. ) ;
#7509 = ADVANCED_FACE ( 'NONE', ( #5626 ), #6436, .T. ) ;
#7510 = CARTESIAN_POINT ( 'NONE',  ( 200.0054672285383788, 79.95150273266284557, 208.6093345742476117 ) ) ;
#7511 = AXIS2_PLACEMENT_3D ( 'NONE', #11355, #5826, #493 ) ;
#7512 = CIRCLE ( 'NONE', #6414, 12.90484874797840398 ) ;
#7513 = CIRCLE ( 'NONE', #8286, 4.999999999999997335 ) ;
#7514 = LINE ( 'NONE', #7344, #7045 ) ;
#7515 = ORIENTED_EDGE ( 'NONE', *, *, #10184, .T. ) ;
#7516 = CIRCLE ( 'NONE', #10701, 15.90485382080079901 ) ;
#7517 = VECTOR ( 'NONE', #10649, 1000.000000000000114 ) ;
#7518 = VERTEX_POINT ( 'NONE', #10001 ) ;
#7519 = LINE ( 'NONE', #3930, #2317 ) ;
#7520 = ORIENTED_EDGE ( 'NONE', *, *, #5192, .T. ) ;
#7521 = CARTESIAN_POINT ( 'NONE',  ( -101.0029031638499930, 38.02563291343300023, 158.7207935539340156 ) ) ;
#7522 = DIRECTION ( 'NONE',  ( -1.000000000000000000, -6.974437143599260226E-16, 0.000000000000000000 ) ) ;
#7523 = ORIENTED_EDGE ( 'NONE', *, *, #10538, .T. ) ;
#7524 = CARTESIAN_POINT ( 'NONE',  ( -291.1789894103999927, 2.026965439661569908E-14, 183.7207935539340156 ) ) ;
#7525 = LINE ( 'NONE', #5952, #3442 ) ;
#7526 = DIRECTION ( 'NONE',  ( -1.000000000000000000, 0.000000000000000000, 0.000000000000000000 ) ) ;
#7527 = CIRCLE ( 'NONE', #4014, 3.000000000000002665 ) ;
#7528 = EDGE_CURVE ( 'NONE', #8805, #3414, #2488, .T. ) ;
#7529 = ORIENTED_EDGE ( 'NONE', *, *, #5783, .T. ) ;
#7530 = DIRECTION ( 'NONE',  ( -1.000000000000000000, 0.000000000000000000, 0.000000000000000000 ) ) ;
#7531 = EDGE_CURVE ( 'NONE', #4666, #6847, #7237, .T. ) ;
#7532 = DIRECTION ( 'NONE',  ( 0.000000000000000000, 0.000000000000000000, -1.000000000000000000 ) ) ;
#7533 = CARTESIAN_POINT ( 'NONE',  ( 56.00001335144039416, 75.12078285217289420, 203.7207935539339871 ) ) ;
#7534 = EDGE_CURVE ( 'NONE', #10487, #11344, #8596, .T. ) ;
#7535 = CARTESIAN_POINT ( 'NONE',  ( 285.8209915161129970, 118.5608753807499909, 155.7207935539340156 ) ) ;
#7536 = VERTEX_POINT ( 'NONE', #9002 ) ;
#7537 = DIRECTION ( 'NONE',  ( 0.000000000000000000, 0.000000000000000000, 1.000000000000000000 ) ) ;
#7538 = CARTESIAN_POINT ( 'NONE',  ( 166.9408778389480119, 83.32442827859479451, 208.7207935539339871 ) ) ;
#7539 = ORIENTED_EDGE ( 'NONE', *, *, #4145, .T. ) ;
#7540 = DIRECTION ( 'NONE',  ( 0.000000000000000000, 0.000000000000000000, -1.000000000000000000 ) ) ;
#7541 = CARTESIAN_POINT ( 'NONE',  ( 29.57527637481700111, 93.04149627685549717, 203.7207935539339871 ) ) ;
#7542 = CARTESIAN_POINT ( 'NONE',  ( -101.0028839111329972, 63.61684799194339490, 183.7207935539340156 ) ) ;
#7543 = AXIS2_PLACEMENT_3D ( 'NONE', #9178, #10992, #3013 ) ;
#7544 = EDGE_CURVE ( 'NONE', #10416, #4293, #5344, .T. ) ;
#7545 = ADVANCED_FACE ( 'NONE', ( #227 ), #2780, .T. ) ;
#7546 = EDGE_CURVE ( 'NONE', #8741, #10154, #7840, .T. ) ;
#7547 = ORIENTED_EDGE ( 'NONE', *, *, #2917, .T. ) ;
#7548 = DIRECTION ( 'NONE',  ( 1.000000000000000000, 0.000000000000000000, 0.000000000000000000 ) ) ;
#7549 = ADVANCED_FACE ( 'NONE', ( #289 ), #6374, .F. ) ;
#7550 = DIRECTION ( 'NONE',  ( 0.000000000000000000, 0.4574731813344888320, 0.8892234186972931553 ) ) ;
#7551 = ORIENTED_EDGE ( 'NONE', *, *, #9766, .F. ) ;
#7552 = DIRECTION ( 'NONE',  ( 0.000000000000000000, 0.000000000000000000, 1.000000000000000000 ) ) ;
#7553 = CARTESIAN_POINT ( 'NONE',  ( -152.7366447448729900, 35.02563476562500000, 155.7207935539340156 ) ) ;
#7554 = CARTESIAN_POINT ( 'NONE',  ( 288.8209915161129970, -3.552713678800499667E-14, 123.7207935539339871 ) ) ;
#7555 = LINE ( 'NONE', #11134, #8284 ) ;
#7556 = CARTESIAN_POINT ( 'NONE',  ( -15.13150215148919919, 98.04149627685548296, 158.7207935539340156 ) ) ;
#7557 = CARTESIAN_POINT ( 'NONE',  ( 288.8209915161129970, 76.32125139236430300, 155.7207935539340156 ) ) ;
#7558 = ORIENTED_EDGE ( 'NONE', *, *, #3208, .F. ) ;
#7559 = ORIENTED_EDGE ( 'NONE', *, *, #11133, .F. ) ;
#7560 = EDGE_LOOP ( 'NONE', ( #8825, #5471, #10729, #7439 ) ) ;
#7561 = CARTESIAN_POINT ( 'NONE',  ( -134.7493367092509970, 89.42653656005859375, 158.7207935539340156 ) ) ;
#7562 = VECTOR ( 'NONE', #9097, 1000.000000000000000 ) ;
#7563 = AXIS2_PLACEMENT_3D ( 'NONE', #10222, #3005, #5793 ) ;
#7564 = ADVANCED_FACE ( 'NONE', ( #5516 ), #9063, .F. ) ;
#7565 = ORIENTED_EDGE ( 'NONE', *, *, #7642, .T. ) ;
#7566 = DIRECTION ( 'NONE',  ( 0.000000000000000000, 0.000000000000000000, -1.000000000000000000 ) ) ;
#7567 = AXIS2_PLACEMENT_3D ( 'NONE', #7481, #5756, #1340 ) ;
#7568 = CARTESIAN_POINT ( 'NONE',  ( -172.9562080848534720, 76.52168778468727339, 158.7207935539340156 ) ) ;
#7569 = CARTESIAN_POINT ( 'NONE',  ( -117.8761121962479450, 73.19686565484627749, 208.6705330545785273 ) ) ;
#7570 = CARTESIAN_POINT ( 'NONE',  ( 38.07888031005860086, 35.02563476562500000, 135.7207935539339871 ) ) ;
#7571 = CIRCLE ( 'NONE', #539, 15.90485382080081322 ) ;
#7572 = VECTOR ( 'NONE', #8119, 1000.000000000000000 ) ;
#7573 = FACE_OUTER_BOUND ( 'NONE', #7146, .T. ) ;
#7574 = ORIENTED_EDGE ( 'NONE', *, *, #8704, .F. ) ;
#7575 = ORIENTED_EDGE ( 'NONE', *, *, #218, .F. ) ;
#7576 = CARTESIAN_POINT ( 'NONE',  ( -286.6640490465397306, 72.26845966260512455, 208.6701178753002637 ) ) ;
#7577 = ADVANCED_FACE ( 'NONE', ( #4709 ), #4992, .T. ) ;
#7578 = EDGE_LOOP ( 'NONE', ( #3396, #10963, #3562, #5323, #10912, #4020 ) ) ;
#7579 = LINE ( 'NONE', #11035, #8205 ) ;
#7580 = LINE ( 'NONE', #5678, #2255 ) ;
#7581 = ORIENTED_EDGE ( 'NONE', *, *, #6581, .T. ) ;
#7582 = CARTESIAN_POINT ( 'NONE',  ( 98.64490509033210230, 62.15238189787612555, 207.2563274598667533 ) ) ;
#7583 = CARTESIAN_POINT ( 'NONE',  ( -196.7129687417429977, 117.8685996535100031, 207.6743849957320265 ) ) ;
#7584 = ORIENTED_EDGE ( 'NONE', *, *, #9353, .T. ) ;
#7585 = DIRECTION ( 'NONE',  ( 0.000000000000000000, 0.000000000000000000, -1.000000000000000000 ) ) ;
#7586 = CIRCLE ( 'NONE', #10583, 4.999999999999997335 ) ;
#7587 = CARTESIAN_POINT ( 'NONE',  ( 143.8209962844850054, 3.000000000000000000, 155.7207935539340156 ) ) ;
#7588 = DIRECTION ( 'NONE',  ( 0.9999999999999995559, 2.745767247960928976E-08, 0.000000000000000000 ) ) ;
#7589 = DIRECTION ( 'NONE',  ( 0.000000000000000000, 0.000000000000000000, 1.000000000000000000 ) ) ;
#7590 = ORIENTED_EDGE ( 'NONE', *, *, #7140, .F. ) ;
#7591 = EDGE_CURVE ( 'NONE', #6503, #349, #3398, .T. ) ;
#7592 = DIRECTION ( 'NONE',  ( 0.000000000000000000, -1.000000000000000000, 0.000000000000000000 ) ) ;
#7594 = EDGE_CURVE ( 'NONE', #11253, #7965, #8619, .T. ) ;
#7593 = DIRECTION ( 'NONE',  ( 1.000000000000000000, 0.000000000000000000, 0.000000000000000000 ) ) ;
#7595 = ORIENTED_EDGE ( 'NONE', *, *, #4071, .T. ) ;
#7596 = DIRECTION ( 'NONE',  ( -0.9999999999999995559, -2.745767247960928976E-08, 0.000000000000000000 ) ) ;
#7597 = CARTESIAN_POINT ( 'NONE',  ( -286.9867190623451734, 76.52169255418573357, 208.6551201160943947 ) ) ;
#7598 = ORIENTED_EDGE ( 'NONE', *, *, #4956, .F. ) ;
#7599 =( BOUNDED_CURVE ( )  B_SPLINE_CURVE ( 3, ( #3257, #6794, #1624, #9364 ),
 .UNSPECIFIED., .F., .F. ) 
 B_SPLINE_CURVE_WITH_KNOTS ( ( 4, 4 ),
 ( 4.712388980384690562, 5.076689474074958852 ),
 .UNSPECIFIED. ) 
 CURVE ( )  GEOMETRIC_REPRESENTATION_ITEM ( )  RATIONAL_B_SPLINE_CURVE ( ( 1.000000000000000000, 0.9889709739195275962, 0.9889709739195275962, 1.000000000000000000 ) ) 
 REPRESENTATION_ITEM ( '' )  );
#7600 = EDGE_CURVE ( 'NONE', #4477, #6816, #8437, .T. ) ;
#7601 = ORIENTED_EDGE ( 'NONE', *, *, #11244, .T. ) ;
#7602 = DIRECTION ( 'NONE',  ( -2.150785777198151406E-15, -1.732051036371922851E-07, -0.9999999999999850120 ) ) ;
#7603 = ADVANCED_FACE ( 'NONE', ( #1275 ), #4935, .T. ) ;
#7604 = CARTESIAN_POINT ( 'NONE',  ( 143.8209962844850054, 96.89302241451051145, 206.2207935539339871 ) ) ;
#7605 = EDGE_LOOP ( 'NONE', ( #1596, #5979, #8068, #10347 ) ) ;
#7606 = EDGE_CURVE ( 'NONE', #2223, #2897, #8533, .T. ) ;
#7607 = AXIS2_PLACEMENT_3D ( 'NONE', #726, #11321, #1532 ) ;
#7608 = LINE ( 'NONE', #644, #10673 ) ;
#7609 = EDGE_CURVE ( 'NONE', #6594, #11511, #4166, .T. ) ;
#7610 = CARTESIAN_POINT ( 'NONE',  ( -194.6789894103999927, 114.5107393763349961, 206.2207935539339871 ) ) ;
#7611 = DIRECTION ( 'NONE',  ( 1.000000000000000000, 0.000000000000000000, 0.000000000000000000 ) ) ;
#7612 = DIRECTION ( 'NONE',  ( 1.000000000000000000, -4.362752391243199532E-16, 0.000000000000000000 ) ) ;
#7613 = CARTESIAN_POINT ( 'NONE',  ( -118.8444824218751847, 22.12078094482419743, 155.7207935539340156 ) ) ;
#7614 = CIRCLE ( 'NONE', #3732, 3.000000000000002665 ) ;
#7615 = ORIENTED_EDGE ( 'NONE', *, *, #11468, .F. ) ;
#7616 = ORIENTED_EDGE ( 'NONE', *, *, #4036, .F. ) ;
#7617 = ORIENTED_EDGE ( 'NONE', *, *, #1768, .F. ) ;
#7618 = VERTEX_POINT ( 'NONE', #5799 ) ;
#7619 = CARTESIAN_POINT ( 'NONE',  ( 285.9929061216359969, 99.67291081551040577, 207.0111229294529949 ) ) ;
#7620 = CIRCLE ( 'NONE', #5588, 5.000000000000004441 ) ;
#7621 = CARTESIAN_POINT ( 'NONE',  ( 283.8209915161129970, 74.74094335415090029, 203.7207935539339871 ) ) ;
#7622 = CIRCLE ( 'NONE', #7813, 12.90484428405761008 ) ;
#7623 = ADVANCED_FACE ( 'NONE', ( #3130 ), #6202, .T. ) ;
#7624 = LINE ( 'NONE', #8389, #10937 ) ;
#7625 = CARTESIAN_POINT ( 'NONE',  ( -30.26300430297849786, 110.9465026855470029, 203.7207935539339871 ) ) ;
#7626 = CIRCLE ( 'NONE', #2627, 12.90485382080079546 ) ;
#7627 = AXIS2_PLACEMENT_3D ( 'NONE', #4159, #1604, #735 ) ;
#7628 = CARTESIAN_POINT ( 'NONE',  ( -135.5343000258999950, 94.42653656005860796, 203.7207935539339871 ) ) ;
#7629 = ORIENTED_EDGE ( 'NONE', *, *, #3771, .T. ) ;
#7630 =( BOUNDED_CURVE ( )  B_SPLINE_CURVE ( 3, ( #1500, #11113, #8357, #5802 ),
 .UNSPECIFIED., .F., .F. ) 
 B_SPLINE_CURVE_WITH_KNOTS ( ( 4, 4 ),
 ( 1.206495833104518578, 1.570796326794897668 ),
 .UNSPECIFIED. ) 
 CURVE ( )  GEOMETRIC_REPRESENTATION_ITEM ( )  RATIONAL_B_SPLINE_CURVE ( ( 1.000000000000000000, 0.9889709739195209348, 0.9889709739195209348, 1.000000000000000000 ) ) 
 REPRESENTATION_ITEM ( '' )  );
#7631 = ORIENTED_EDGE ( 'NONE', *, *, #1665, .F. ) ;
#7632 = CARTESIAN_POINT ( 'NONE',  ( -96.09728968963493401, 136.8167928041948187, 208.2795369371474976 ) ) ;
#7633 = ORIENTED_EDGE ( 'NONE', *, *, #2909, .T. ) ;
#7634 = CARTESIAN_POINT ( 'NONE',  ( 288.0887584690794370, 122.7232690600045544, 183.7207935539340156 ) ) ;
#7635 = CARTESIAN_POINT ( 'NONE',  ( 286.3199633647190012, 63.84908556891399911, 185.6064984854869806 ) ) ;
#7636 = VERTEX_POINT ( 'NONE', #2252 ) ;
#7637 = CARTESIAN_POINT ( 'NONE',  ( 80.65757769388380893, 38.02563398808290174, 158.7207935539340156 ) ) ;
#7638 = DIRECTION ( 'NONE',  ( -1.000000000000000000, 0.000000000000000000, 0.000000000000000000 ) ) ;
#7639 = AXIS2_PLACEMENT_3D ( 'NONE', #6870, #3400, #6282 ) ;
#7640 = ORIENTED_EDGE ( 'NONE', *, *, #3488, .F. ) ;
#7641 = DIRECTION ( 'NONE',  ( 0.9999999999999982236, 5.974481946206388609E-08, 0.000000000000000000 ) ) ;
#7642 = EDGE_CURVE ( 'NONE', #4173, #5154, #10117, .T. ) ;
#7643 = CARTESIAN_POINT ( 'NONE',  ( -185.8610559998539884, 76.52168743035018394, 203.7207935539339871 ) ) ;
#7644 = LINE ( 'NONE', #688, #9205 ) ;
#7645 = VECTOR ( 'NONE', #9503, 1000.000000000000000 ) ;
#7646 = DIRECTION ( 'NONE',  ( 0.000000000000000000, 0.000000000000000000, -1.000000000000000000 ) ) ;
#7647 = VERTEX_POINT ( 'NONE', #6717 ) ;
#7648 = CARTESIAN_POINT ( 'NONE',  ( -218.8657760620120314, 22.12078094482420099, 158.7207935539340156 ) ) ;
#7649 = VERTEX_POINT ( 'NONE', #6546 ) ;
#7650 = CARTESIAN_POINT ( 'NONE',  ( -218.8657760620120314, 76.52169227600100498, 203.7207935539339871 ) ) ;
#7651 = VERTEX_POINT ( 'NONE', #8354 ) ;
#7652 = DIRECTION ( 'NONE',  ( -0.000000000000000000, 1.000000000000000000, 0.000000000000000000 ) ) ;
#7653 = DIRECTION ( 'NONE',  ( 0.000000000000000000, 0.000000000000000000, -1.000000000000000000 ) ) ;
#7654 = CARTESIAN_POINT ( 'NONE',  ( 267.5316238403314628, 8.337247467583052796, 157.8421138974936468 ) ) ;
#7655 = ORIENTED_EDGE ( 'NONE', *, *, #11092, .T. ) ;
#7656 = EDGE_CURVE ( 'NONE', #10517, #8988, #5689, .T. ) ;
#7657 = DIRECTION ( 'NONE',  ( 1.000000000000000000, 7.558965274043620048E-16, 0.000000000000000000 ) ) ;
#7658 = EDGE_LOOP ( 'NONE', ( #4940, #10046, #9136, #1268, #1087, #9909, #9794 ) ) ;
#7659 = VECTOR ( 'NONE', #7413, 1000.000000000000000 ) ;
#7660 = ADVANCED_FACE ( 'NONE', ( #627 ), #399, .T. ) ;
#7661 = ORIENTED_EDGE ( 'NONE', *, *, #962, .T. ) ;
#7662 = PLANE ( 'NONE',  #6385 ) ;
#7663 = DIRECTION ( 'NONE',  ( 0.000000000000000000, 0.000000000000000000, 1.000000000000000000 ) ) ;
#7664 = SURFACE_STYLE_USAGE ( .BOTH. , #1465 ) ;
#7665 = ADVANCED_FACE ( 'NONE', ( #11048 ), #2312, .F. ) ;
#7666 = VECTOR ( 'NONE', #9728, 1000.000000000000000 ) ;
#7667 = DIRECTION ( 'NONE',  ( -1.000000000000000000, 5.453440489053999218E-15, 0.000000000000000000 ) ) ;
#7668 = CARTESIAN_POINT ( 'NONE',  ( -261.1789894103999359, 45.44257173592407639, 184.5994732103742990 ) ) ;
#7669 = CARTESIAN_POINT ( 'NONE',  ( -75.59253796992871344, 110.9465026855470029, 158.7207935539340156 ) ) ;
#7670 = VERTEX_POINT ( 'NONE', #10175 ) ;
#7671 = EDGE_CURVE ( 'NONE', #4055, #2016, #6777, .T. ) ;
#7672 = ORIENTED_EDGE ( 'NONE', *, *, #1425, .F. ) ;
#7673 = ORIENTED_EDGE ( 'NONE', *, *, #8000, .T. ) ;
#7674 = VERTEX_POINT ( 'NONE', #9292 ) ;
#7675 = CARTESIAN_POINT ( 'NONE',  ( 283.8209915161129970, 97.80763904815100318, 208.6145670104010037 ) ) ;
#7676 = CIRCLE ( 'NONE', #641, 12.90485382080080967 ) ;
#7677 = LINE ( 'NONE', #9271, #6956 ) ;
#7678 = DIRECTION ( 'NONE',  ( -1.000000000000000000, 3.029124098583790169E-17, 0.000000000000000000 ) ) ;
#7679 = AXIS2_PLACEMENT_3D ( 'NONE', #11240, #4194, #11304 ) ;
#7680 = AXIS2_PLACEMENT_3D ( 'NONE', #10308, #9540, #5932 ) ;
#7681 = CARTESIAN_POINT ( 'NONE',  ( 267.5316238403410125, 22.12078094482420099, 158.7207935539340156 ) ) ;
#7682 = AXIS2_PLACEMENT_3D ( 'NONE', #7041, #6176, #10384 ) ;
#7683 = DIRECTION ( 'NONE',  ( 0.000000000000000000, 0.000000000000000000, -1.000000000000000000 ) ) ;
#7684 = AXIS2_PLACEMENT_3D ( 'NONE', #9482, #1516, #8606 ) ;
#7685 = ORIENTED_EDGE ( 'NONE', *, *, #5412, .T. ) ;
#7686 = EDGE_CURVE ( 'NONE', #3388, #10439, #2306, .T. ) ;
#7687 = VERTEX_POINT ( 'NONE', #4876 ) ;
#7688 = FACE_BOUND ( 'NONE', #7875, .T. ) ;
#7689 = CIRCLE ( 'NONE', #2688, 12.90485388537120315 ) ;
#7690 = AXIS2_PLACEMENT_3D ( 'NONE', #739, #7929, #6878 ) ;
#7691 = ORIENTED_EDGE ( 'NONE', *, *, #4736, .T. ) ;
#7692 = CARTESIAN_POINT ( 'NONE',  ( 288.8209915161129970, 78.56087057087201231, 158.7207935539340156 ) ) ;
#7693 = DIRECTION ( 'NONE',  ( 1.000000000000000000, -4.014124903777145434E-15, -4.614112249766440116E-16 ) ) ;
#7694 = ORIENTED_EDGE ( 'NONE', *, *, #8567, .T. ) ;
#7695 = CARTESIAN_POINT ( 'NONE',  ( -31.93326525366059343, 128.8515090942379970, 203.7207935539339871 ) ) ;
#7696 = CYLINDRICAL_SURFACE ( 'NONE', #9007, 12.90485382080079901 ) ;
#7697 = CARTESIAN_POINT ( 'NONE',  ( 183.5030736399640148, 22.12077808833640091, 158.7207935539340156 ) ) ;
#7698 = CIRCLE ( 'NONE', #8074, 3.000000000000002665 ) ;
#7699 = VERTEX_POINT ( 'NONE', #4002 ) ;
#7700 = CARTESIAN_POINT ( 'NONE',  ( -291.1789894103999927, 120.1792166382100078, 158.7207935539340156 ) ) ;
#7701 = CIRCLE ( 'NONE', #1401, 12.90484428405761008 ) ;
#7702 = VECTOR ( 'NONE', #5834, 1000.000000000000000 ) ;
#7703 = CIRCLE ( 'NONE', #6590, 12.90484791500049511 ) ;
#7704 = AXIS2_PLACEMENT_3D ( 'NONE', #3673, #10228, #4724 ) ;
#7705 = DIRECTION ( 'NONE',  ( 1.000000000000000000, -8.601340485944210462E-16, 0.000000000000000000 ) ) ;
#7706 = DIRECTION ( 'NONE',  ( 0.000000000000000000, 0.000000000000000000, -1.000000000000000000 ) ) ;
#7707 = DIRECTION ( 'NONE',  ( 0.000000000000000000, 0.000000000000000000, -1.000000000000000000 ) ) ;
#7708 = VERTEX_POINT ( 'NONE', #11110 ) ;
#7709 = DIRECTION ( 'NONE',  ( 0.000000000000000000, 0.000000000000000000, 1.000000000000000000 ) ) ;
#7710 = ORIENTED_EDGE ( 'NONE', *, *, #4080, .F. ) ;
#7711 = CARTESIAN_POINT ( 'NONE',  ( 267.5316238403320312, 89.42653656005859375, 150.7207935539340156 ) ) ;
#7712 = ORIENTED_EDGE ( 'NONE', *, *, #4656, .F. ) ;
#7713 = VECTOR ( 'NONE', #7325, 1000.000000000000000 ) ;
#7714 = CARTESIAN_POINT ( 'NONE',  ( 288.0881667391694805, 100.7083104029771619, 204.9916337156772386 ) ) ;
#7715 = CARTESIAN_POINT ( 'NONE',  ( -42.09728601378149193, 38.02563643273870042, 158.7207935539340156 ) ) ;
#7716 = EDGE_CURVE ( 'NONE', #658, #10511, #7858, .T. ) ;
#7717 = CARTESIAN_POINT ( 'NONE',  ( 115.5181150157409746, 76.52169227600100498, 208.6132091689502204 ) ) ;
#7718 = VERTEX_POINT ( 'NONE', #3302 ) ;
#7719 = CIRCLE ( 'NONE', #4203, 5.000000000000004441 ) ;
#7720 = VECTOR ( 'NONE', #7357, 1000.000000000000000 ) ;
#7721 = DIRECTION ( 'NONE',  ( 0.9999999999999995559, 2.745767245451495601E-08, 0.000000000000000000 ) ) ;
#7722 = DIRECTION ( 'NONE',  ( -1.000000000000000000, -6.497469208673089999E-16, 2.626221239704050034E-16 ) ) ;
#7723 = EDGE_LOOP ( 'NONE', ( #2867, #9092, #7767, #11460, #7792 ) ) ;
#7724 = EDGE_CURVE ( 'NONE', #11404, #2639, #8058, .T. ) ;
#7725 = DIRECTION ( 'NONE',  ( 2.318449469649669936E-17, 1.000000000000000000, 0.000000000000000000 ) ) ;
#7726 = EDGE_CURVE ( 'NONE', #891, #11106, #11288, .T. ) ;
#7727 = DIRECTION ( 'NONE',  ( 0.000000000000000000, 0.000000000000000000, 1.000000000000000000 ) ) ;
#7728 = CARTESIAN_POINT ( 'NONE',  ( -169.2987835463981412, 73.79348970384494066, 208.5937381246872633 ) ) ;
#7729 = DIRECTION ( 'NONE',  ( 0.000000000000000000, 0.000000000000000000, -1.000000000000000000 ) ) ;
#7730 = DIRECTION ( 'NONE',  ( -1.000000000000000000, 4.362752391243206928E-16, 0.000000000000000000 ) ) ;
#7731 = CARTESIAN_POINT ( 'NONE',  ( -168.6414985656737997, 22.12078094482420099, 155.7207935539340156 ) ) ;
#7732 = VERTEX_POINT ( 'NONE', #860 ) ;
#7733 = ORIENTED_EDGE ( 'NONE', *, *, #9143, .F. ) ;
#7734 = EDGE_LOOP ( 'NONE', ( #10017, #5530, #503, #2679, #10054, #9181 ) ) ;
#7735 = ADVANCED_FACE ( 'NONE', ( #7818 ), #10398, .F. ) ;
#7736 = EDGE_LOOP ( 'NONE', ( #2695, #5444, #861, #3486 ) ) ;
#7737 = CARTESIAN_POINT ( 'NONE',  ( 283.8209915161129970, 96.89302241451059672, 208.7207935539339871 ) ) ;
#7738 = EDGE_CURVE ( 'NONE', #6002, #7651, #9645, .T. ) ;
#7739 = CARTESIAN_POINT ( 'NONE',  ( -195.4672226065224265, 116.6228535182894888, 208.6267181024243769 ) ) ;
#7740 = CARTESIAN_POINT ( 'NONE',  ( -286.9866577747993119, 76.45488043743463891, 208.6551300725251110 ) ) ;
#7741 = EDGE_CURVE ( 'NONE', #4936, #6447, #6937, .T. ) ;
#7742 = VECTOR ( 'NONE', #1188, 1000.000000000000000 ) ;
#7743 = DIRECTION ( 'NONE',  ( 1.000000000000000000, -1.579971831557694880E-16, -1.579971831557694880E-16 ) ) ;
#7744 = ORIENTED_EDGE ( 'NONE', *, *, #10478, .F. ) ;
#7745 = ORIENTED_EDGE ( 'NONE', *, *, #8967, .F. ) ;
#7746 = CARTESIAN_POINT ( 'NONE',  ( -195.9144443898921111, 98.12847739400248770, 208.4179248454073559 ) ) ;
#7747 = VECTOR ( 'NONE', #10818, 1000.000000000000000 ) ;
#7748 = ORIENTED_EDGE ( 'NONE', *, *, #7752, .T. ) ;
#7749 = LINE ( 'NONE', #5366, #9716 ) ;
#7750 = CARTESIAN_POINT ( 'NONE',  ( -289.7670676368349518, 64.89451024657751077, 158.3322212450420068 ) ) ;
#7751 = ORIENTED_EDGE ( 'NONE', *, *, #3405, .T. ) ;
#7752 = EDGE_CURVE ( 'NONE', #8367, #5599, #5830, .T. ) ;
#7753 = FACE_OUTER_BOUND ( 'NONE', #4646, .T. ) ;
#7754 = CARTESIAN_POINT ( 'NONE',  ( 167.5982239441827346, 22.12077808833640091, 158.7207935539340156 ) ) ;
#7755 = CARTESIAN_POINT ( 'NONE',  ( -117.8761127119981182, 79.98748526570327044, 208.6744266019884719 ) ) ;
#7756 = AXIS2_PLACEMENT_3D ( 'NONE', #11230, #9299, #4883 ) ;
#7757 = VECTOR ( 'NONE', #2115, 1000.000000000000000 ) ;
#7758 = ORIENTED_EDGE ( 'NONE', *, *, #3962, .T. ) ;
#7759 = PLANE ( 'NONE',  #2504 ) ;
#7760 = ADVANCED_FACE ( 'NONE', ( #10518 ), #2595, .F. ) ;
#7761 = EDGE_CURVE ( 'NONE', #578, #6805, #4912, .T. ) ;
#7762 = FACE_OUTER_BOUND ( 'NONE', #7451, .T. ) ;
#7763 = CARTESIAN_POINT ( 'NONE',  ( 287.9268647341766041, 68.99941234107789967, 183.7207935539339587 ) ) ;
#7764 = CARTESIAN_POINT ( 'NONE',  ( 288.0881667391694805, 100.7083104029771619, 204.9916337156772386 ) ) ;
#7765 = EDGE_LOOP ( 'NONE', ( #7617, #3958, #7120, #7993, #2590 ) ) ;
#7766 = FACE_OUTER_BOUND ( 'NONE', #2185, .T. ) ;
#7767 = ORIENTED_EDGE ( 'NONE', *, *, #8441, .T. ) ;
#7768 = CARTESIAN_POINT ( 'NONE',  ( -30.26300430297850852, 96.57703018278823492, 207.2563274598666965 ) ) ;
#7769 = ORIENTED_EDGE ( 'NONE', *, *, #7724, .T. ) ;
#7770 = LINE ( 'NONE', #10460, #2616 ) ;
#7771 = CARTESIAN_POINT ( 'NONE',  ( 166.9414780112044241, 72.13023385607176863, 208.6625601046675342 ) ) ;
#7772 = CARTESIAN_POINT ( 'NONE',  ( -97.17898941040009220, 134.9871293177949951, 183.7207935539340156 ) ) ;
#7773 = EDGE_LOOP ( 'NONE', ( #9754, #2646, #9792, #9264 ) ) ;
#7774 = ADVANCED_FACE ( 'NONE', ( #1670 ), #1564, .T. ) ;
#7775 = AXIS2_PLACEMENT_3D ( 'NONE', #7833, #8721, #7129 ) ;
#7776 = CARTESIAN_POINT ( 'NONE',  ( 74.59984302520778954, 9.215927124023419736, 155.7207935539340156 ) ) ;
#7777 = CARTESIAN_POINT ( 'NONE',  ( 132.3913192749020027, 35.02563476562500000, 158.7207935539340156 ) ) ;
#7778 = EDGE_LOOP ( 'NONE', ( #1760, #7092, #6423, #2479, #10255 ) ) ;
#7779 = DIRECTION ( 'NONE',  ( 0.000000000000000000, 1.000000000000000000, 0.000000000000000000 ) ) ;
#7780 = EDGE_LOOP ( 'NONE', ( #5653, #7080, #3775, #9499 ) ) ;
#7781 = CARTESIAN_POINT ( 'NONE',  ( 29.57527637481700111, 93.04149627685549717, 203.7207935539339871 ) ) ;
#7782 = DIRECTION ( 'NONE',  ( 1.000000000000000000, -1.159224734824834043E-17, -1.159224734824834043E-17 ) ) ;
#7783 =( LENGTH_UNIT ( ) NAMED_UNIT ( * ) SI_UNIT ( .MILLI., .METRE. ) );
#7784 = AXIS2_PLACEMENT_3D ( 'NONE', #7266, #9969, #1997 ) ;
#7785 = ADVANCED_FACE ( 'NONE', ( #3535 ), #2859, .T. ) ;
#7786 = CARTESIAN_POINT ( 'NONE',  ( 21.54750823974609730, 62.21578598022459516, 183.7207935539340156 ) ) ;
#7787 = DIRECTION ( 'NONE',  ( -8.330653612515482894E-11, 1.000000000000000000, 0.000000000000000000 ) ) ;
#7788 = DIRECTION ( 'NONE',  ( 1.000000000000000000, 0.000000000000000000, 0.000000000000000000 ) ) ;
#7789 = VERTEX_POINT ( 'NONE', #6998 ) ;
#7790 = ORIENTED_EDGE ( 'NONE', *, *, #5578, .T. ) ;
#7791 = ORIENTED_EDGE ( 'NONE', *, *, #11372, .T. ) ;
#7792 = ORIENTED_EDGE ( 'NONE', *, *, #10799, .F. ) ;
#7793 = DIRECTION ( 'NONE',  ( 1.000000000000000000, -4.300670242972105231E-16, -4.300670242972105231E-16 ) ) ;
#7794 = DIRECTION ( 'NONE',  ( -2.775557561562884646E-15, -0.7071067811865460184, 0.7071067811865487940 ) ) ;
#7795 = DIRECTION ( 'NONE',  ( 0.000000000000000000, 0.000000000000000000, -1.000000000000000000 ) ) ;
#7796 = EDGE_CURVE ( 'NONE', #5629, #9703, #9362, .T. ) ;
#7797 = EDGE_CURVE ( 'NONE', #6904, #2223, #4233, .T. ) ;
#7798 = LINE ( 'NONE', #6865, #2606 ) ;
#7799 = ORIENTED_EDGE ( 'NONE', *, *, #2088, .T. ) ;
#7800 = ORIENTED_EDGE ( 'NONE', *, *, #2207, .F. ) ;
#7801 = FACE_OUTER_BOUND ( 'NONE', #8650, .T. ) ;
#7802 = VERTEX_POINT ( 'NONE', #7764 ) ;
#7803 = CARTESIAN_POINT ( 'NONE',  ( 43.09501647949219461, 62.21578598022459516, 208.7207935539339871 ) ) ;
#7804 = CARTESIAN_POINT ( 'NONE',  ( -291.0337730846380282, 72.70075496854950359, 157.2749621792829942 ) ) ;
#7805 = EDGE_CURVE ( 'NONE', #3765, #791, #2490, .T. ) ;
#7806 = ORIENTED_EDGE ( 'NONE', *, *, #612, .T. ) ;
#7807 = FACE_OUTER_BOUND ( 'NONE', #6842, .T. ) ;
#7808 = CARTESIAN_POINT ( 'NONE',  ( -83.01555633544920454, 76.52169227600100498, 158.7207935539340156 ) ) ;
#7809 = CARTESIAN_POINT ( 'NONE',  ( 94.08875846907928064, 117.6023872751333670, 207.9885605069003702 ) ) ;
#7810 = ORIENTED_EDGE ( 'NONE', *, *, #7489, .T. ) ;
#7811 = DIRECTION ( 'NONE',  ( -1.000000000000000000, 0.000000000000000000, 0.000000000000000000 ) ) ;
#7812 = VECTOR ( 'NONE', #8345, 1000.000000000000000 ) ;
#7813 = AXIS2_PLACEMENT_3D ( 'NONE', #9991, #10050, #8170 ) ;
#7814 = EDGE_CURVE ( 'NONE', #3452, #1181, #10296, .T. ) ;
#7815 = FACE_OUTER_BOUND ( 'NONE', #11032, .T. ) ;
#7816 = CARTESIAN_POINT ( 'NONE',  ( 80.65758528230271907, 22.12078010271750017, 155.7207935539340156 ) ) ;
#7817 = ORIENTED_EDGE ( 'NONE', *, *, #9825, .F. ) ;
#7818 = FACE_OUTER_BOUND ( 'NONE', #5600, .T. ) ;
#7819 = ORIENTED_EDGE ( 'NONE', *, *, #4480, .T. ) ;
#7820 = DIRECTION ( 'NONE',  ( 0.000000000000000000, 0.000000000000000000, -1.000000000000000000 ) ) ;
#7821 = VERTEX_POINT ( 'NONE', #9704 ) ;
#7822 = CIRCLE ( 'NONE', #2818, 5.000000000000004441 ) ;
#7823 = CARTESIAN_POINT ( 'NONE',  ( -146.1789941787719727, 96.89302241451029829, 206.2207935539339871 ) ) ;
#7824 = EDGE_CURVE ( 'NONE', #9533, #11497, #6745, .T. ) ;
#7825 = VERTEX_POINT ( 'NONE', #1612 ) ;
#7826 = DIRECTION ( 'NONE',  ( 2.489558328007872929E-08, 0.7071067811865473507, 0.7071067811865473507 ) ) ;
#7827 = CARTESIAN_POINT ( 'NONE',  ( -269.8896011046559806, 63.61684799194339490, 183.7207935539340156 ) ) ;
#7828 = DIRECTION ( 'NONE',  ( 0.000000000000000000, 0.000000000000000000, 1.000000000000000000 ) ) ;
#7829 = EDGE_LOOP ( 'NONE', ( #7817, #4175, #5774, #6281 ) ) ;
#7830 = CIRCLE ( 'NONE', #7263, 5.000000000000004441 ) ;
#7831 = CARTESIAN_POINT ( 'NONE',  ( -289.9716493688939067, 159.6299801850181836, 123.7207935539340014 ) ) ;
#7832 = CARTESIAN_POINT ( 'NONE',  ( 286.9928942712747357, 123.7770500764999468, 158.7207935539340156 ) ) ;
#7833 = CARTESIAN_POINT ( 'NONE',  ( 80.65757769388380893, 38.02563398808290174, 155.7207935539340156 ) ) ;
#7834 = CYLINDRICAL_SURFACE ( 'NONE', #6767, 12.90484428405770068 ) ;
#7835 = EDGE_CURVE ( 'NONE', #2322, #10590, #11056, .T. ) ;
#7836 = ORIENTED_EDGE ( 'NONE', *, *, #1738, .F. ) ;
#7837 = LINE ( 'NONE', #4539, #4363 ) ;
#7838 = CARTESIAN_POINT ( 'NONE',  ( 267.5316238403320312, 94.42653656005860796, 208.7207935539339871 ) ) ;
#7839 = AXIS2_PLACEMENT_3D ( 'NONE', #3165, #2522, #3394 ) ;
#7840 = CIRCLE ( 'NONE', #4887, 17.90484428405761363 ) ;
#7841 = LINE ( 'NONE', #180, #2153 ) ;
#7842 = LINE ( 'NONE', #8729, #7666 ) ;
#7843 = CARTESIAN_POINT ( 'NONE',  ( 285.5211349976269730, 58.94757189938970043, 158.8205917146800346 ) ) ;
#7844 = ORIENTED_EDGE ( 'NONE', *, *, #2820, .T. ) ;
#7845 = VERTEX_POINT ( 'NONE', #8708 ) ;
#7846 = ORIENTED_EDGE ( 'NONE', *, *, #4291, .T. ) ;
#7847 = ORIENTED_EDGE ( 'NONE', *, *, #1059, .F. ) ;
#7848 = DIRECTION ( 'NONE',  ( -4.250985102559089721E-17, -1.000000000000000000, 0.000000000000000000 ) ) ;
#7849 = EDGE_CURVE ( 'NONE', #6725, #5771, #4292, .T. ) ;
#7850 = LINE ( 'NONE', #8794, #8060 ) ;
#7851 = FACE_OUTER_BOUND ( 'NONE', #2024, .T. ) ;
#7852 = DIRECTION ( 'NONE',  ( 0.000000000000000000, 0.000000000000000000, 1.000000000000000000 ) ) ;
#7853 = CARTESIAN_POINT ( 'NONE',  ( -45.45299509213570133, 88.02577972412109375, 158.7207935539340156 ) ) ;
#7854 = CIRCLE ( 'NONE', #9359, 15.90485382080078480 ) ;
#7855 = ORIENTED_EDGE ( 'NONE', *, *, #3954, .T. ) ;
#7856 = ORIENTED_EDGE ( 'NONE', *, *, #9260, .T. ) ;
#7857 = FACE_OUTER_BOUND ( 'NONE', #1739, .T. ) ;
#7858 = CIRCLE ( 'NONE', #6388, 17.90484428405758521 ) ;
#7859 = ORIENTED_EDGE ( 'NONE', *, *, #10184, .F. ) ;
#7860 = AXIS2_PLACEMENT_3D ( 'NONE', #3960, #8372, #5761 ) ;
#7861 = CARTESIAN_POINT ( 'NONE',  ( 143.8209962844850054, 3.000000000000000000, 155.7207935539340156 ) ) ;
#7862 = VECTOR ( 'NONE', #7474, 1000.000000000000000 ) ;
#7863 = EDGE_CURVE ( 'NONE', #6757, #2512, #8243, .T. ) ;
#7864 = CARTESIAN_POINT ( 'NONE',  ( 200.0061491796549831, 70.80573309478052124, 208.7037069956044775 ) ) ;
#7865 = FACE_OUTER_BOUND ( 'NONE', #1758, .T. ) ;
#7866 = EDGE_CURVE ( 'NONE', #6079, #3015, #7488, .T. ) ;
#7867 = CARTESIAN_POINT ( 'NONE',  ( -117.8760419376324222, 80.50058175540628724, 208.6883514029766786 ) ) ;
#7868 = VERTEX_POINT ( 'NONE', #7109 ) ;
#7869 = DIRECTION ( 'NONE',  ( 0.000000000000000000, 0.000000000000000000, 1.000000000000000000 ) ) ;
#7870 = TOROIDAL_SURFACE ( 'NONE', #4557, 15.90485382080079901, 3.000000000000000000 ) ;
#7871 = CIRCLE ( 'NONE', #3431, 12.90484428405759587 ) ;
#7872 = AXIS2_PLACEMENT_3D ( 'NONE', #7178, #8296, #2022 ) ;
#7873 = CYLINDRICAL_SURFACE ( 'NONE', #5073, 5.000000000000012434 ) ;
#7874 = CARTESIAN_POINT ( 'NONE',  ( -291.1012222505481759, 72.39506839876015931, 156.5579064302551728 ) ) ;
#7875 = EDGE_LOOP ( 'NONE', ( #728, #4837, #1171, #9263, #427, #6285 ) ) ;
#7876 = DIRECTION ( 'NONE',  ( 1.000000000000000000, 1.817666293956048780E-15, 0.000000000000000000 ) ) ;
#7877 = EDGE_LOOP ( 'NONE', ( #9446, #67, #1961, #32, #4438 ) ) ;
#7878 = CYLINDRICAL_SURFACE ( 'NONE', #11143, 12.90484428405759587 ) ;
#7879 = EDGE_LOOP ( 'NONE', ( #3831, #1512, #796, #3448 ) ) ;
#7880 = DIRECTION ( 'NONE',  ( -1.000000000000000000, 0.000000000000000000, 0.000000000000000000 ) ) ;
#7881 = ORIENTED_EDGE ( 'NONE', *, *, #2745, .T. ) ;
#7882 = AXIS2_PLACEMENT_3D ( 'NONE', #8517, #6702, #559 ) ;
#7883 = DIRECTION ( 'NONE',  ( -1.000000000000000000, 3.029120467170619751E-17, 0.000000000000000000 ) ) ;
#7884 = DIRECTION ( 'NONE',  ( -1.000000000000000000, 2.688482178977768457E-16, 0.000000000000000000 ) ) ;
#7885 = EDGE_CURVE ( 'NONE', #3678, #5029, #3233, .T. ) ;
#7886 = LINE ( 'NONE', #6894, #6831 ) ;
#7887 = CIRCLE ( 'NONE', #5116, 15.90485382080079901 ) ;
#7888 = CIRCLE ( 'NONE', #8632, 12.90484428405759587 ) ;
#7889 = ORIENTED_EDGE ( 'NONE', *, *, #6959, .F. ) ;
#7890 = VECTOR ( 'NONE', #4913, 1000.000000000000000 ) ;
#7891 = EDGE_CURVE ( 'NONE', #11271, #9078, #2822, .T. ) ;
#7892 = CARTESIAN_POINT ( 'NONE',  ( -261.1789894103999359, 51.32125139236450195, 203.7207935539339871 ) ) ;
#7893 = CARTESIAN_POINT ( 'NONE',  ( 216.5078353881840201, 6.215927124023419736, 155.7207935539340156 ) ) ;
#7894 = AXIS2_PLACEMENT_3D ( 'NONE', #9813, #1083, #3752 ) ;
#7895 = PLANE ( 'NONE',  #9455 ) ;
#7896 = LINE ( 'NONE', #3432, #3451 ) ;
#7897 = ORIENTED_EDGE ( 'NONE', *, *, #9290, .F. ) ;
#7898 = DIRECTION ( 'NONE',  ( 8.208269194420983972E-11, 1.000000000000000000, 0.000000000000000000 ) ) ;
#7899 = EDGE_CURVE ( 'NONE', #2350, #942, #7676, .T. ) ;
#7900 = CARTESIAN_POINT ( 'NONE',  ( -62.68753156123731429, 110.9465026855470029, 208.7207935539339871 ) ) ;
#7901 = CARTESIAN_POINT ( 'NONE',  ( 132.3913249411490085, 76.52169227600100498, 133.7207935539339871 ) ) ;
#7902 = CIRCLE ( 'NONE', #5499, 4.999999999999997335 ) ;
#7903 = EDGE_CURVE ( 'NONE', #8959, #10611, #2015, .T. ) ;
#7904 = ADVANCED_FACE ( 'NONE', ( #5388 ), #9182, .T. ) ;
#7905 = DIRECTION ( 'NONE',  ( 3.186475053172700116E-16, -0.5814365767194009660, 0.8135917325371639919 ) ) ;
#7906 = DIRECTION ( 'NONE',  ( -2.775557561562950516E-15, 1.000000000000000000, 0.000000000000000000 ) ) ;
#7907 = CARTESIAN_POINT ( 'NONE',  ( 288.0409500269390151, 68.88023243343560864, 158.1661868524519718 ) ) ;
#7908 = ORIENTED_EDGE ( 'NONE', *, *, #1855, .F. ) ;
#7909 = EDGE_LOOP ( 'NONE', ( #3886, #4728, #9423, #6292 ) ) ;
#7910 = VERTEX_POINT ( 'NONE', #7170 ) ;
#7911 = VERTEX_POINT ( 'NONE', #1841 ) ;
#7912 = CARTESIAN_POINT ( 'NONE',  ( 285.5922784922119604, 98.00129925732470326, 208.3909357296859923 ) ) ;
#7913 = ORIENTED_EDGE ( 'NONE', *, *, #9224, .F. ) ;
#7914 = DIRECTION ( 'NONE',  ( 1.000000000000000000, -1.514562049291900015E-17, -1.514562049291894776E-17 ) ) ;
#7915 = CARTESIAN_POINT ( 'NONE',  ( 258.8209915161129970, 76.32125139236430300, 186.7207935539340156 ) ) ;
#7916 = CARTESIAN_POINT ( 'NONE',  ( -202.3634110131260115, 79.78467390468244957, 208.6020965680901895 ) ) ;
#7917 = FACE_OUTER_BOUND ( 'NONE', #839, .T. ) ;
#7918 = ADVANCED_FACE ( 'NONE', ( #971 ), #1089, .F. ) ;
#7919 = ORIENTED_EDGE ( 'NONE', *, *, #993, .T. ) ;
#7920 = EDGE_LOOP ( 'NONE', ( #7598, #4278, #1614, #6665 ) ) ;
#7921 = CARTESIAN_POINT ( 'NONE',  ( 267.5316238403410125, 22.12078094482420099, 155.7207935539340156 ) ) ;
#7922 = VERTEX_POINT ( 'NONE', #8931 ) ;
#7923 = CARTESIAN_POINT ( 'NONE',  ( 143.8209962844850054, 0.8786796564403589471, 157.8421138974936468 ) ) ;
#7924 = B_SPLINE_SURFACE_WITH_KNOTS ( 'NONE', 3, 3, ( 
 ( #1163, #10946, #7244, #179, #10820 ),
 ( #9129, #2091, #3672, #301, #992 ),
 ( #9072, #1112, #5698, #7191, #10067 ),
 ( #8073, #2962, #8308, #5579, #4603 ),
 ( #4541, #6556, #2908, #10126, #6497 ) ),
 .UNSPECIFIED., .F., .F., .F.,
 ( 4, 1, 4 ),
 ( 4, 1, 4 ),
 ( 0.000000000000000000, 0.5714285714285709528, 1.000000000000000000 ),
 ( 3.257309163864710259E-15, 0.7598391503717960571, 1.329718513150639936 ),
 .UNSPECIFIED. ) ;
#7925 = DIRECTION ( 'NONE',  ( -2.775557561562879518E-15, -0.7071067811865475727, 0.7071067811865475727 ) ) ;
#7926 = CARTESIAN_POINT ( 'NONE',  ( 216.5078370686659923, 63.61684799194339490, 203.7207935539339871 ) ) ;
#7927 = CARTESIAN_POINT ( 'NONE',  ( -286.7694846024160142, 97.80763903398050729, 208.6145669827729989 ) ) ;
#7928 = VERTEX_POINT ( 'NONE', #4521 ) ;
#7929 = DIRECTION ( 'NONE',  ( 0.000000000000000000, 0.000000000000000000, 1.000000000000000000 ) ) ;
#7930 = DIRECTION ( 'NONE',  ( -0.7071067811865481278, -0.7071067811865470176, 0.000000000000000000 ) ) ;
#7931 = FACE_OUTER_BOUND ( 'NONE', #7453, .T. ) ;
#7932 = EDGE_CURVE ( 'NONE', #6820, #1501, #8224, .T. ) ;
#7933 = AXIS2_PLACEMENT_3D ( 'NONE', #1730, #7000, #8824 ) ;
#7934 = ORIENTED_EDGE ( 'NONE', *, *, #8530, .T. ) ;
#7935 = DIRECTION ( 'NONE',  ( 0.000000000000000000, -1.000000000000000000, 0.000000000000000000 ) ) ;
#7936 = ORIENTED_EDGE ( 'NONE', *, *, #2086, .T. ) ;
#7937 = CARTESIAN_POINT ( 'NONE',  ( -23.31599701963950011, 93.02577972412109375, 203.7207935539339871 ) ) ;
#7938 = ORIENTED_EDGE ( 'NONE', *, *, #2386, .T. ) ;
#7939 = FACE_OUTER_BOUND ( 'NONE', #4411, .T. ) ;
#7940 = EDGE_LOOP ( 'NONE', ( #5508, #9093, #1011, #5285 ) ) ;
#7941 = AXIS2_PLACEMENT_3D ( 'NONE', #8103, #146, #3697 ) ;
#7942 = AXIS2_PLACEMENT_3D ( 'NONE', #3107, #1308, #6749 ) ;
#7943 = LINE ( 'NONE', #1798, #6326 ) ;
#7944 = FACE_OUTER_BOUND ( 'NONE', #6700, .T. ) ;
#7945 = CARTESIAN_POINT ( 'NONE',  ( 283.8209915161130539, 97.78744984316966793, 208.5556906318415997 ) ) ;
#7946 = AXIS2_PLACEMENT_3D ( 'NONE', #4715, #3842, #4780 ) ;
#7947 = VERTEX_POINT ( 'NONE', #5504 ) ;
#7948 = CIRCLE ( 'NONE', #1464, 12.90485404368839895 ) ;
#7949 = DIRECTION ( 'NONE',  ( 0.000000000000000000, 0.000000000000000000, -1.000000000000000000 ) ) ;
#7950 = EDGE_CURVE ( 'NONE', #9731, #8963, #9105, .T. ) ;
#7951 = ADVANCED_FACE ( 'NONE', ( #3652 ), #1142, .T. ) ;
#7952 = DIRECTION ( 'NONE',  ( 0.000000000000000000, 0.000000000000000000, -1.000000000000000000 ) ) ;
#7953 = DIRECTION ( 'NONE',  ( 0.000000000000000000, 0.000000000000000000, -1.000000000000000000 ) ) ;
#7954 = CARTESIAN_POINT ( 'NONE',  ( -67.96416782819719060, 62.15238189787613265, 207.2563274598667533 ) ) ;
#7955 = VERTEX_POINT ( 'NONE', #7283 ) ;
#7956 = CARTESIAN_POINT ( 'NONE',  ( 288.0887584690793801, 158.9462378524262363, 123.7207935539339871 ) ) ;
#7957 = ADVANCED_FACE ( 'NONE', ( #4585 ), #272, .F. ) ;
#7958 = CARTESIAN_POINT ( 'NONE',  ( -97.17898941039999272, 68.25081839938640371, 183.7207935539340156 ) ) ;
#7959 = CARTESIAN_POINT ( 'NONE',  ( -134.7493367092509970, 58.61684799194339490, 208.7207935539339871 ) ) ;
#7960 = EDGE_CURVE ( 'NONE', #7732, #6369, #7128, .T. ) ;
#7961 = CARTESIAN_POINT ( 'NONE',  ( -291.1789894103999927, -1.776356839400250149E-14, 155.7207935539340156 ) ) ;
#7962 = ADVANCED_FACE ( 'NONE', ( #9924 ), #7870, .T. ) ;
#7963 = FACE_OUTER_BOUND ( 'NONE', #8050, .T. ) ;
#7964 = CARTESIAN_POINT ( 'NONE',  ( 288.0389828369740144, 69.20172317638130721, 158.9790942226899801 ) ) ;
#7965 = VERTEX_POINT ( 'NONE', #3822 ) ;
#7966 = EDGE_LOOP ( 'NONE', ( #8166, #8947, #6686, #6857 ) ) ;
#7967 = ORIENTED_EDGE ( 'NONE', *, *, #5475, .F. ) ;
#7968 = VERTEX_POINT ( 'NONE', #7346 ) ;
#7969 = CARTESIAN_POINT ( 'NONE',  ( -96.22246301200466689, 136.9419661265645800, 208.1933030920171461 ) ) ;
#7970 = ADVANCED_FACE ( 'NONE', ( #5613 ), #7307, .T. ) ;
#7971 = CIRCLE ( 'NONE', #7031, 12.90484428405760120 ) ;
#7972 = ORIENTED_EDGE ( 'NONE', *, *, #1635, .T. ) ;
#7973 = DIRECTION ( 'NONE',  ( 4.395361497475210165E-16, -0.5814365767194009660, 0.8135917325371639919 ) ) ;
#7974 =( BOUNDED_CURVE ( )  B_SPLINE_CURVE ( 3, ( #4484, #8674, #10595, #6158 ),
 .UNSPECIFIED., .F., .F. ) 
 B_SPLINE_CURVE_WITH_KNOTS ( ( 4, 4 ),
 ( 4.712388980384689674, 5.497787143782073116 ),
 .UNSPECIFIED. ) 
 CURVE ( )  GEOMETRIC_REPRESENTATION_ITEM ( )  RATIONAL_B_SPLINE_CURVE ( ( 1.000000000000000000, 0.9492530216741994487, 0.9492530216741994487, 1.000000000000000000 ) ) 
 REPRESENTATION_ITEM ( '' )  );
#7975 = DIRECTION ( 'NONE',  ( 2.036638432068759852E-16, -1.000000000000000000, 0.000000000000000000 ) ) ;
#7976 = CARTESIAN_POINT ( 'NONE',  ( -135.5343008041380131, 35.90431442206536161, 157.8421138974936468 ) ) ;
#7977 = VERTEX_POINT ( 'NONE', #3112 ) ;
#7978 = VERTEX_POINT ( 'NONE', #4760 ) ;
#7979 = CARTESIAN_POINT ( 'NONE',  ( 43.09501647949219461, 75.12078285217289420, 183.7207935539340156 ) ) ;
#7980 = ORIENTED_EDGE ( 'NONE', *, *, #6724, .T. ) ;
#7981 = CARTESIAN_POINT ( 'NONE',  ( -291.1789894103999927, 76.31374861407279298, 155.7240152788779994 ) ) ;
#7982 = EDGE_CURVE ( 'NONE', #3025, #7802, #9334, .T. ) ;
#7983 = CIRCLE ( 'NONE', #2974, 12.90484428405759587 ) ;
#7984 = CARTESIAN_POINT ( 'NONE',  ( -185.8610559998519705, 22.12077808834190051, 158.7207935539340156 ) ) ;
#7985 = DIRECTION ( 'NONE',  ( -1.000000000000000000, 0.000000000000000000, 0.000000000000000000 ) ) ;
#7986 = DIRECTION ( 'NONE',  ( -4.163336342344333082E-15, -1.000000000000000000, 0.000000000000000000 ) ) ;
#7987 = VERTEX_POINT ( 'NONE', #2122 ) ;
#7988 = CARTESIAN_POINT ( 'NONE',  ( 216.5078370698039976, 76.52169227600100498, 208.7207935539339871 ) ) ;
#7989 = PLANE ( 'NONE',  #5120 ) ;
#7990 = VERTEX_POINT ( 'NONE', #8465 ) ;
#7991 = DIRECTION ( 'NONE',  ( 1.000000000000000000, 6.533726520703710870E-16, 0.000000000000000000 ) ) ;
#7992 = CARTESIAN_POINT ( 'NONE',  ( -96.69674166329197362, 137.4162447778518583, 207.7385752069748719 ) ) ;
#7993 = ORIENTED_EDGE ( 'NONE', *, *, #2844, .F. ) ;
#7994 = CARTESIAN_POINT ( 'NONE',  ( -22.72649754606780093, 88.02577972412109375, 158.7207935539340156 ) ) ;
#7995 = ORIENTED_EDGE ( 'NONE', *, *, #9967, .T. ) ;
#7996 = CYLINDRICAL_SURFACE ( 'NONE', #3179, 2.999999999999991562 ) ;
#7997 = AXIS2_PLACEMENT_3D ( 'NONE', #7057, #7880, #9709 ) ;
#7998 = CARTESIAN_POINT ( 'NONE',  ( 283.8209915161129970, 97.82984857965034564, 208.5385722743628492 ) ) ;
#7999 = AXIS2_PLACEMENT_3D ( 'NONE', #8419, #7652, #4065 ) ;
#8000 = EDGE_CURVE ( 'NONE', #315, #8367, #388, .T. ) ;
#8001 = ORIENTED_EDGE ( 'NONE', *, *, #10430, .F. ) ;
#8002 = FACE_OUTER_BOUND ( 'NONE', #1829, .T. ) ;
#8003 = AXIS2_PLACEMENT_3D ( 'NONE', #8280, #8215, #6296 ) ;
#8004 = DIRECTION ( 'NONE',  ( -1.000000000000000000, -6.630299199421770504E-16, 0.000000000000000000 ) ) ;
#8005 = AXIS2_PLACEMENT_3D ( 'NONE', #1435, #9402, #2130 ) ;
#8006 =( BOUNDED_CURVE ( )  B_SPLINE_CURVE ( 3, ( #2004, #86, #2702, #261 ),
 .UNSPECIFIED., .F., .F. ) 
 B_SPLINE_CURVE_WITH_KNOTS ( ( 4, 4 ),
 ( 0.9503030259940444813, 1.570796326794896780 ),
 .UNSPECIFIED. ) 
 CURVE ( )  GEOMETRIC_REPRESENTATION_ITEM ( )  RATIONAL_B_SPLINE_CURVE ( ( 1.000000000000000000, 0.9681721987222410286, 0.9681721987222410286, 1.000000000000000000 ) ) 
 REPRESENTATION_ITEM ( '' )  );
#8007 = DIRECTION ( 'NONE',  ( 1.000000000000000000, 5.480868912904819410E-16, 0.000000000000000000 ) ) ;
#8008 = VERTEX_POINT ( 'NONE', #10331 ) ;
#8009 = DIRECTION ( 'NONE',  ( 0.000000000000000000, 0.000000000000000000, 1.000000000000000000 ) ) ;
#8010 = CARTESIAN_POINT ( 'NONE',  ( -185.8610559998519705, 22.12077808834190051, 146.7207935539339871 ) ) ;
#8011 = ADVANCED_FACE ( 'NONE', ( #10215 ), #9226, .F. ) ;
#8012 = CIRCLE ( 'NONE', #3010, 17.90500640869139914 ) ;
#8013 = CARTESIAN_POINT ( 'NONE',  ( -290.3003097539596524, 0.8786796564403602794, 157.8421138974936468 ) ) ;
#8014 = DIRECTION ( 'NONE',  ( 0.000000000000000000, 0.000000000000000000, 1.000000000000000000 ) ) ;
#8015 = CARTESIAN_POINT ( 'NONE',  ( 194.8209915161130255, 118.9074145751319946, 206.2207935539339871 ) ) ;
#8016 = VERTEX_POINT ( 'NONE', #2295 ) ;
#8017 = ORIENTED_EDGE ( 'NONE', *, *, #4656, .T. ) ;
#8018 = ORIENTED_EDGE ( 'NONE', *, *, #4197, .F. ) ;
#8019 = DIRECTION ( 'NONE',  ( 1.226857419714852526E-08, 0.9999999999999998890, -2.150785706034684925E-15 ) ) ;
#8020 = VECTOR ( 'NONE', #1709, 999.9999999999998863 ) ;
#8021 = VERTEX_POINT ( 'NONE', #7632 ) ;
#8022 = CARTESIAN_POINT ( 'NONE',  ( -288.4384872665838770, 58.71476752739096838, 183.7207935539340156 ) ) ;
#8023 = EDGE_CURVE ( 'NONE', #3692, #3678, #2870, .T. ) ;
#8024 = ORIENTED_EDGE ( 'NONE', *, *, #4654, .T. ) ;
#8025 = CARTESIAN_POINT ( 'NONE',  ( 132.3913192749020027, 38.02563476562500000, 158.7207935539340156 ) ) ;
#8026 = AXIS2_PLACEMENT_3D ( 'NONE', #7480, #8599, #8545 ) ;
#8027 = PLANE ( 'NONE',  #3460 ) ;
#8028 = DIRECTION ( 'NONE',  ( 0.000000000000000000, 0.000000000000000000, -1.000000000000000000 ) ) ;
#8029 = EDGE_CURVE ( 'NONE', #5690, #2095, #9278, .T. ) ;
#8030 = CARTESIAN_POINT ( 'NONE',  ( -121.8444924251933941, 76.52169263033799496, 183.7207935539340156 ) ) ;
#8031 = ORIENTED_EDGE ( 'NONE', *, *, #5133, .F. ) ;
#8032 = ORIENTED_EDGE ( 'NONE', *, *, #8105, .T. ) ;
#8033 = DIRECTION ( 'NONE',  ( -1.000000000000000000, -6.497469208673089999E-16, 2.626221239704050034E-16 ) ) ;
#8034 = CIRCLE ( 'NONE', #9532, 12.90484428405759587 ) ;
#8035 = ORIENTED_EDGE ( 'NONE', *, *, #74, .F. ) ;
#8036 = CYLINDRICAL_SURFACE ( 'NONE', #10623, 12.90484428405759587 ) ;
#8037 = LINE ( 'NONE', #5552, #7562 ) ;
#8038 = CARTESIAN_POINT ( 'NONE',  ( 288.6905937065798184, 72.93068399216454623, 157.3113303271899497 ) ) ;
#8039 =( BOUNDED_CURVE ( )  B_SPLINE_CURVE ( 3, ( #5380, #9861, #9809, #6297 ),
 .UNSPECIFIED., .F., .F. ) 
 B_SPLINE_CURVE_WITH_KNOTS ( ( 4, 4 ),
 ( 0.7853981633976855337, 1.570796326794896780 ),
 .UNSPECIFIED. ) 
 CURVE ( )  GEOMETRIC_REPRESENTATION_ITEM ( )  RATIONAL_B_SPLINE_CURVE ( ( 1.000000000000000000, 0.9492530216742214311, 0.9492530216742214311, 1.000000000000000000 ) ) 
 REPRESENTATION_ITEM ( '' )  );
#8040 = ADVANCED_FACE ( 'NONE', ( #1368 ), #504, .T. ) ;
#8041 = DIRECTION ( 'NONE',  ( 1.000000000000000000, 0.000000000000000000, 0.000000000000000000 ) ) ;
#8042 = CARTESIAN_POINT ( 'NONE',  ( -152.7366433896910110, 89.42653656005859375, 183.7207935539340156 ) ) ;
#8043 = CIRCLE ( 'NONE', #9920, 5.000000000000004441 ) ;
#8044 = EDGE_CURVE ( 'NONE', #2450, #4487, #756, .T. ) ;
#8045 = ADVANCED_FACE ( 'NONE', ( #8290 ), #10681, .T. ) ;
#8046 = DIRECTION ( 'NONE',  ( 0.000000000000000000, 0.000000000000000000, -1.000000000000000000 ) ) ;
#8047 = ORIENTED_EDGE ( 'NONE', *, *, #10530, .T. ) ;
#8048 = DIRECTION ( 'NONE',  ( -1.000000000000000000, -5.242698834279470015E-16, 2.697178306448664943E-16 ) ) ;
#8049 = CARTESIAN_POINT ( 'NONE',  ( -288.6789894103999927, 108.1447414584200004, 195.3489578191650082 ) ) ;
#8050 = EDGE_LOOP ( 'NONE', ( #5576, #4971 ) ) ;
#8051 = DIRECTION ( 'NONE',  ( 0.000000000000000000, 1.000000000000000000, 0.000000000000000000 ) ) ;
#8052 = CARTESIAN_POINT ( 'NONE',  ( -67.96416759490981008, 8.337247467583072336, 157.8421138974936468 ) ) ;
#8053 = ORIENTED_EDGE ( 'NONE', *, *, #8551, .T. ) ;
#8054 = CARTESIAN_POINT ( 'NONE',  ( 133.1763124465940109, 8.337247467583068783, 157.8421138974936468 ) ) ;
#8055 = FACE_OUTER_BOUND ( 'NONE', #5142, .T. ) ;
#8056 = AXIS2_PLACEMENT_3D ( 'NONE', #8063, #118, #3836 ) ;
#8057 = DIRECTION ( 'NONE',  ( 4.301574665246853659E-15, -1.000000000000000000, 0.000000000000000000 ) ) ;
#8058 = CIRCLE ( 'NONE', #4544, 12.90484791500049511 ) ;
#8059 = ORIENTED_EDGE ( 'NONE', *, *, #6276, .F. ) ;
#8060 = VECTOR ( 'NONE', #7678, 1000.000000000000000 ) ;
#8061 = VECTOR ( 'NONE', #5648, 1000.000000000000000 ) ;
#8062 = DIRECTION ( 'NONE',  ( 1.387778780781442323E-15, -0.7071067811865460184, 0.7071067811865487940 ) ) ;
#8063 = CARTESIAN_POINT ( 'NONE',  ( -146.1789941787719727, 43.32125139236440248, 186.7207935539340156 ) ) ;
#8064 = AXIS2_PLACEMENT_3D ( 'NONE', #5896, #2184, #5785 ) ;
#8065 = EDGE_CURVE ( 'NONE', #3482, #9588, #7519, .T. ) ;
#8066 = CARTESIAN_POINT ( 'NONE',  ( 183.5030736399810110, 76.52168743035359455, 158.7207935539340156 ) ) ;
#8067 = FACE_OUTER_BOUND ( 'NONE', #5104, .T. ) ;
#8068 = ORIENTED_EDGE ( 'NONE', *, *, #11407, .T. ) ;
#8069 = AXIS2_PLACEMENT_3D ( 'NONE', #9155, #4631, #10917 ) ;
#8070 = AXIS2_PLACEMENT_3D ( 'NONE', #6247, #8642, #5092 ) ;
#8071 = CARTESIAN_POINT ( 'NONE',  ( 80.65757735632516301, 22.12077759886841477, 142.8159395102458120 ) ) ;
#8072 = CARTESIAN_POINT ( 'NONE',  ( 216.5078353881840201, 6.215927124023419736, 155.7207935539340156 ) ) ;
#8073 = CARTESIAN_POINT ( 'NONE',  ( -285.7244439558550084, 59.07246415508239323, 186.0475951281639766 ) ) ;
#8074 = AXIS2_PLACEMENT_3D ( 'NONE', #9266, #10205, #1247 ) ;
#8075 = AXIS2_PLACEMENT_3D ( 'NONE', #3404, #10508, #7985 ) ;
#8076 = AXIS2_PLACEMENT_3D ( 'NONE', #1648, #5140, #9494 ) ;
#8077 = VECTOR ( 'NONE', #7221, 1000.000000000000000 ) ;
#8078 = FACE_OUTER_BOUND ( 'NONE', #9398, .T. ) ;
#8079 =( BOUNDED_CURVE ( )  B_SPLINE_CURVE ( 3, ( #9736, #9902, #5314, #7088 ),
 .UNSPECIFIED., .F., .F. ) 
 B_SPLINE_CURVE_WITH_KNOTS ( ( 4, 4 ),
 ( 4.712388980384693227, 5.315636896937257383 ),
 .UNSPECIFIED. ) 
 CURVE ( )  GEOMETRIC_REPRESENTATION_ITEM ( )  RATIONAL_B_SPLINE_CURVE ( ( 1.000000000000000000, 0.9699035447502502016, 0.9699035447502502016, 1.000000000000000000 ) ) 
 REPRESENTATION_ITEM ( '' )  );
#8080 = VECTOR ( 'NONE', #7141, 1000.000000000000000 ) ;
#8081 = DIRECTION ( 'NONE',  ( 1.879260063302629812E-16, 1.000000000000000000, 0.000000000000000000 ) ) ;
#8082 = CARTESIAN_POINT ( 'NONE',  ( 258.8209915161129970, 76.32125139236430300, 183.7207935539340156 ) ) ;
#8083 = ADVANCED_FACE ( 'NONE', ( #6758, #2352, #9447, #334, #11033, #11096, #7402, #4863, #2996, #6532, #10102, #5673, #1259, #3054, #6593, #443, #3984, #4154, #7688, #7801 ), #3464, .F. ) ;
#8084 = ORIENTED_EDGE ( 'NONE', *, *, #6627, .F. ) ;
#8085 = ORIENTED_EDGE ( 'NONE', *, *, #7271, .T. ) ;
#8086 = ORIENTED_EDGE ( 'NONE', *, *, #7127, .F. ) ;
#8087 = DIRECTION ( 'NONE',  ( 0.000000000000000000, 0.000000000000000000, -1.000000000000000000 ) ) ;
#8088 = FACE_OUTER_BOUND ( 'NONE', #27, .T. ) ;
#8089 = VECTOR ( 'NONE', #8454, 1000.000000000000000 ) ;
#8090 = TOROIDAL_SURFACE ( 'NONE', #6967, 17.90484428405759942, 5.000000000000000000 ) ;
#8091 = PRODUCT_RELATED_PRODUCT_CATEGORY ( 'part', '', ( #6070 ) ) ;
#8092 = DIRECTION ( 'NONE',  ( 0.9999999999999995559, 2.745767267742054676E-08, 0.000000000000000000 ) ) ;
#8093 = CARTESIAN_POINT ( 'NONE',  ( 132.3913249411490085, 76.52169227600100498, 208.7207935539339871 ) ) ;
#8094 = CARTESIAN_POINT ( 'NONE',  ( -202.3633889240113888, 79.57531520785198609, 208.5931694486656056 ) ) ;
#8095 = DIRECTION ( 'NONE',  ( 1.000000000000000000, -3.894295420493990102E-17, -3.894295420493974695E-17 ) ) ;
#8096 = EDGE_CURVE ( 'NONE', #10931, #1330, #3807, .T. ) ;
#8097 = ORIENTED_EDGE ( 'NONE', *, *, #3833, .F. ) ;
#8098 = EDGE_CURVE ( 'NONE', #853, #1157, #2880, .T. ) ;
#8099 = ORIENTED_EDGE ( 'NONE', *, *, #5143, .F. ) ;
#8100 = LINE ( 'NONE', #2869, #3245 ) ;
#8101 = ORIENTED_EDGE ( 'NONE', *, *, #2072, .T. ) ;
#8102 = CARTESIAN_POINT ( 'NONE',  ( -196.4264354200234948, 98.64046842413354454, 208.0087077465684615 ) ) ;
#8103 = CARTESIAN_POINT ( 'NONE',  ( -218.8657760620120314, 22.12078094482420099, 143.7207935539339871 ) ) ;
#8104 = DIRECTION ( 'NONE',  ( 1.000000000000000000, 2.226290129967984841E-17, 2.226290129967974672E-17 ) ) ;
#8105 = EDGE_CURVE ( 'NONE', #1653, #2227, #2152, .T. ) ;
#8106 = LINE ( 'NONE', #8980, #7004 ) ;
#8107 = CARTESIAN_POINT ( 'NONE',  ( 93.46467446944912183, 116.9783032755031940, 208.4438521006772191 ) ) ;
#8108 = CARTESIAN_POINT ( 'NONE',  ( -101.0029028262910060, 22.12077972371549706, 155.7207935539340156 ) ) ;
#8109 = ORIENTED_EDGE ( 'NONE', *, *, #608, .F. ) ;
#8110 = CARTESIAN_POINT ( 'NONE',  ( -101.0028839111329972, 76.52169227600100498, 153.7207935539340156 ) ) ;
#8111 = CARTESIAN_POINT ( 'NONE',  ( -202.3627315768892458, 82.23778611822712037, 208.7037097697951822 ) ) ;
#8112 = ORIENTED_EDGE ( 'NONE', *, *, #10945, .F. ) ;
#8113 = DIRECTION ( 'NONE',  ( -1.143534646602941810E-06, 0.9999999999982359666, 1.490124283222693674E-06 ) ) ;
#8114 = CARTESIAN_POINT ( 'NONE',  ( -290.0666482448200441, 64.37494080308503897, 158.0620128500743817 ) ) ;
#8115 = VERTEX_POINT ( 'NONE', #1598 ) ;
#8116 = DIRECTION ( 'NONE',  ( -1.635284895191439853E-16, -1.000000000000000000, 0.000000000000000000 ) ) ;
#8117 = CARTESIAN_POINT ( 'NONE',  ( -83.01555633544920454, 76.52169227600100498, 203.7207935539339871 ) ) ;
#8118 = EDGE_CURVE ( 'NONE', #6922, #7114, #6968, .T. ) ;
#8119 = DIRECTION ( 'NONE',  ( 0.000000000000000000, 0.000000000000000000, -1.000000000000000000 ) ) ;
#8120 = EDGE_CURVE ( 'NONE', #5813, #11138, #11495, .T. ) ;
#8121 = ORIENTED_EDGE ( 'NONE', *, *, #8866, .F. ) ;
#8122 = LINE ( 'NONE', #4649, #2163 ) ;
#8123 = CIRCLE ( 'NONE', #4620, 17.90500640869140270 ) ;
#8124 = DIRECTION ( 'NONE',  ( 0.000000000000000000, 0.000000000000000000, 1.000000000000000000 ) ) ;
#8125 = DIRECTION ( 'NONE',  ( 2.209936055264990155E-16, -1.000000000000000000, 0.000000000000000000 ) ) ;
#8126 = CARTESIAN_POINT ( 'NONE',  ( 143.8209962844850054, 97.82986802856250108, 208.5386201858095490 ) ) ;
#8127 = VERTEX_POINT ( 'NONE', #8630 ) ;
#8128 = AXIS2_PLACEMENT_3D ( 'NONE', #6393, #359, #412 ) ;
#8129 = CARTESIAN_POINT ( 'NONE',  ( 288.8209915161129970, 74.74094335415090029, 203.7207935539339871 ) ) ;
#8130 = CARTESIAN_POINT ( 'NONE',  ( -195.8226723637361886, 116.9783032755031940, 208.4438521006772191 ) ) ;
#8131 = ADVANCED_FACE ( 'NONE', ( #5145 ), #2637, .F. ) ;
#8132 = CARTESIAN_POINT ( 'NONE',  ( 94.82099151611289756, 118.9074145751319946, 206.2207935539339871 ) ) ;
#8133 = AXIS2_PLACEMENT_3D ( 'NONE', #1282, #3250, #10355 ) ;
#8134 = AXIS2_PLACEMENT_3D ( 'NONE', #10852, #7165, #7340 ) ;
#8135 = DIRECTION ( 'NONE',  ( -1.000000000000000000, 2.901163001883460083E-16, 0.000000000000000000 ) ) ;
#8136 = DIRECTION ( 'NONE',  ( 0.000000000000000000, 0.000000000000000000, -1.000000000000000000 ) ) ;
#8137 = CARTESIAN_POINT ( 'NONE',  ( -101.0028839111329972, 63.61684799194339490, 183.7207935539340156 ) ) ;
#8138 = ORIENTED_EDGE ( 'NONE', *, *, #6978, .F. ) ;
#8139 = VERTEX_POINT ( 'NONE', #840 ) ;
#8140 = ORIENTED_EDGE ( 'NONE', *, *, #803, .T. ) ;
#8141 = LINE ( 'NONE', #7803, #41 ) ;
#8142 = CARTESIAN_POINT ( 'NONE',  ( -290.4482188859699932, 69.74005044523980246, 183.7207935535700187 ) ) ;
#8143 = ORIENTED_EDGE ( 'NONE', *, *, #9461, .T. ) ;
#8144 = FACE_BOUND ( 'NONE', #142, .T. ) ;
#8145 = VECTOR ( 'NONE', #10520, 1000.000000000000000 ) ;
#8146 = EDGE_CURVE ( 'NONE', #2016, #3720, #281, .T. ) ;
#8147 = CARTESIAN_POINT ( 'NONE',  ( 285.8209915161120307, 57.34758543134790187, 158.7207935539340156 ) ) ;
#8148 = CARTESIAN_POINT ( 'NONE',  ( -101.0028839111329972, 76.52169227600100498, 203.7207935539339871 ) ) ;
#8149 = CARTESIAN_POINT ( 'NONE',  ( 183.5030736399810110, 76.52168743035359455, 133.7207935539339871 ) ) ;
#8150 = CARTESIAN_POINT ( 'NONE',  ( 216.5078353881840201, 22.12078094482420099, 155.7207935539340156 ) ) ;
#8151 = ORIENTED_EDGE ( 'NONE', *, *, #6395, .T. ) ;
#8152 = ORIENTED_EDGE ( 'NONE', *, *, #1363, .F. ) ;
#8153 = ORIENTED_EDGE ( 'NONE', *, *, #8866, .T. ) ;
#8154 = CYLINDRICAL_SURFACE ( 'NONE', #4928, 12.90484874797840398 ) ;
#8155 = ORIENTED_EDGE ( 'NONE', *, *, #951, .T. ) ;
#8156 = CARTESIAN_POINT ( 'NONE',  ( -269.8896011050640027, 94.42653656005860796, 203.7207935539339871 ) ) ;
#8157 = DIRECTION ( 'NONE',  ( 0.000000000000000000, 0.000000000000000000, -1.000000000000000000 ) ) ;
#8158 = CYLINDRICAL_SURFACE ( 'NONE', #8265, 12.90484428405759587 ) ;
#8159 = CARTESIAN_POINT ( 'NONE',  ( 27.90500640869139914, 93.04149627685549717, 208.7207935539339871 ) ) ;
#8160 = EDGE_CURVE ( 'NONE', #11206, #6447, #2405, .T. ) ;
#8161 = CARTESIAN_POINT ( 'NONE',  ( 39.73928811949450335, 38.02563643273879990, 158.7207935539340156 ) ) ;
#8162 = TOROIDAL_SURFACE ( 'NONE', #3158, 17.90484428405759942, 5.000000000000000000 ) ;
#8163 = CARTESIAN_POINT ( 'NONE',  ( 9.999999999999904077, 110.9465026855470029, 203.7207935539339871 ) ) ;
#8164 = ORIENTED_EDGE ( 'NONE', *, *, #5758, .T. ) ;
#8165 = CARTESIAN_POINT ( 'NONE',  ( 108.2539185343329962, 89.42653656005859375, 158.7207935539340156 ) ) ;
#8166 = ORIENTED_EDGE ( 'NONE', *, *, #11456, .F. ) ;
#8167 = FACE_OUTER_BOUND ( 'NONE', #7093, .T. ) ;
#8168 = DIRECTION ( 'NONE',  ( 0.9999999999999997780, 2.745767261373882970E-08, 0.000000000000000000 ) ) ;
#8169 = VERTEX_POINT ( 'NONE', #8692 ) ;
#8170 = DIRECTION ( 'NONE',  ( -1.000000000000000000, 0.000000000000000000, 0.000000000000000000 ) ) ;
#8171 = CARTESIAN_POINT ( 'NONE',  ( 107.6644190607609914, 94.42653656005860796, 203.7207935539339871 ) ) ;
#8172 = PLANE ( 'NONE',  #1837 ) ;
#8173 = ADVANCED_FACE ( 'NONE', ( #2461 ), #9941, .T. ) ;
#8174 = ORIENTED_EDGE ( 'NONE', *, *, #8525, .F. ) ;
#8175 = DIRECTION ( 'NONE',  ( 1.000000000000000000, 0.000000000000000000, 0.000000000000000000 ) ) ;
#8176 = CARTESIAN_POINT ( 'NONE',  ( -101.0028839111329972, 76.52169227600100498, 183.7207935539340156 ) ) ;
#8177 = AXIS2_PLACEMENT_3D ( 'NONE', #11341, #9413, #1446 ) ;
#8178 = EDGE_CURVE ( 'NONE', #9597, #2403, #729, .T. ) ;
#8179 = CARTESIAN_POINT ( 'NONE',  ( 267.5316238403320312, 76.52169227600100498, 150.7207935539340156 ) ) ;
#8180 = ORIENTED_EDGE ( 'NONE', *, *, #528, .T. ) ;
#8181 = DIRECTION ( 'NONE',  ( 0.000000000000000000, 0.000000000000000000, 1.000000000000000000 ) ) ;
#8182 = AXIS2_PLACEMENT_3D ( 'NONE', #802, #4353, #10690 ) ;
#8183 = CARTESIAN_POINT ( 'NONE',  ( -117.8761103101920185, 76.52169227600100498, 208.6132126426211926 ) ) ;
#8184 = ORIENTED_EDGE ( 'NONE', *, *, #8098, .T. ) ;
#8185 = CIRCLE ( 'NONE', #8744, 2.999999683357827962 ) ;
#8186 = DIRECTION ( 'NONE',  ( 0.000000000000000000, 0.000000000000000000, 1.000000000000000000 ) ) ;
#8187 = CARTESIAN_POINT ( 'NONE',  ( 170.5982247771706000, 76.52168707601647668, 183.7207935539340156 ) ) ;
#8188 = B_SPLINE_CURVE_WITH_KNOTS ( 'NONE', 3,
 ( #1724, #3649, #6187, #2819 ),
 .UNSPECIFIED., .F., .F.,
 ( 4, 4 ),
 ( 0.000000000000000000, 0.4998899878648279671 ),
 .UNSPECIFIED. ) ;
#8189 = DIRECTION ( 'NONE',  ( 1.000000000000000000, 2.775557561562888984E-15, 0.000000000000000000 ) ) ;
#8190 = CIRCLE ( 'NONE', #2441, 30.00000000000000711 ) ;
#8191 = AXIS2_PLACEMENT_3D ( 'NONE', #6125, #11444, #3403 ) ;
#8192 = DIRECTION ( 'NONE',  ( 0.000000000000000000, 0.000000000000000000, 1.000000000000000000 ) ) ;
#8193 = EDGE_CURVE ( 'NONE', #954, #5846, #1951, .T. ) ;
#8194 = DIRECTION ( 'NONE',  ( -1.000000000000000000, 3.372392848055450117E-16, 0.000000000000000000 ) ) ;
#8195 = CARTESIAN_POINT ( 'NONE',  ( 285.8209915161120307, 57.34758543134790187, 183.7207935539340156 ) ) ;
#8196 = EDGE_LOOP ( 'NONE', ( #6992, #4452, #4441, #10896 ) ) ;
#8197 = ORIENTED_EDGE ( 'NONE', *, *, #369, .T. ) ;
#8198 = EDGE_LOOP ( 'NONE', ( #9816, #5503, #11377, #10700 ) ) ;
#8199 = CYLINDRICAL_SURFACE ( 'NONE', #2309, 12.90484791500049511 ) ;
#8200 = AXIS2_PLACEMENT_3D ( 'NONE', #213, #6363, #974 ) ;
#8201 = EDGE_CURVE ( 'NONE', #322, #8959, #4220, .T. ) ;
#8202 = ORIENTED_EDGE ( 'NONE', *, *, #10945, .T. ) ;
#8203 = DIRECTION ( 'NONE',  ( 0.000000000000000000, 0.000000000000000000, -1.000000000000000000 ) ) ;
#8204 = CARTESIAN_POINT ( 'NONE',  ( -134.7493367092509970, 76.52169227600100498, 158.7207935539340156 ) ) ;
#8206 = CARTESIAN_POINT ( 'NONE',  ( -62.68753156017800876, 98.04149627685548296, 203.7207935539339871 ) ) ;
#8205 = VECTOR ( 'NONE', #11152, 1000.000000000000000 ) ;
#8207 = LINE ( 'NONE', #9968, #4905 ) ;
#8208 = DIRECTION ( 'NONE',  ( 0.000000000000000000, 0.000000000000000000, -1.000000000000000000 ) ) ;
#8209 = EDGE_LOOP ( 'NONE', ( #8956, #447, #2404, #11464 ) ) ;
#8210 = EDGE_LOOP ( 'NONE', ( #7559, #1923, #1773, #1865 ) ) ;
#8211 = VERTEX_POINT ( 'NONE', #10500 ) ;
#8212 = FACE_OUTER_BOUND ( 'NONE', #9227, .T. ) ;
#8213 = EDGE_CURVE ( 'NONE', #2581, #10459, #8249, .T. ) ;
#8214 = EDGE_LOOP ( 'NONE', ( #4347, #11277, #782, #7203, #4710, #5772, #9234 ) ) ;
#8215 = DIRECTION ( 'NONE',  ( 1.000000000000000000, 0.000000000000000000, 0.000000000000000000 ) ) ;
#8216 = CARTESIAN_POINT ( 'NONE',  ( 170.5982239441827346, 22.12077773399926173, 158.7207935539340156 ) ) ;
#8217 = CARTESIAN_POINT ( 'NONE',  ( 166.9408770293940165, 76.52168743035359455, 208.5371495342994024 ) ) ;
#8218 = ADVANCED_FACE ( 'NONE', ( #5202 ), #1208, .T. ) ;
#8219 = DIRECTION ( 'NONE',  ( -3.159943663115390253E-16, -1.000000000000000000, 0.000000000000000000 ) ) ;
#8220 = DIRECTION ( 'NONE',  ( 4.688749442782618508E-16, -0.7191424945380946454, 0.6948626285457626395 ) ) ;
#8221 = CARTESIAN_POINT ( 'NONE',  ( -202.3634142803383611, 73.20626609132283136, 208.6043600655083878 ) ) ;
#8222 = CIRCLE ( 'NONE', #3214, 3.000000000000002665 ) ;
#8223 = ORIENTED_EDGE ( 'NONE', *, *, #9887, .F. ) ;
#8224 = LINE ( 'NONE', #2767, #7119 ) ;
#8225 = ADVANCED_FACE ( 'NONE', ( #7857 ), #4178, .T. ) ;
#8226 = ORIENTED_EDGE ( 'NONE', *, *, #9866, .T. ) ;
#8227 = DIRECTION ( 'NONE',  ( 1.075393666311713415E-15, -1.000000000000000000, 0.000000000000000000 ) ) ;
#8228 = CARTESIAN_POINT ( 'NONE',  ( -135.5343000258999950, 89.42653656005859375, 203.7207935539339871 ) ) ;
#8229 = ORIENTED_EDGE ( 'NONE', *, *, #10744, .F. ) ;
#8230 = LINE ( 'NONE', #8054, #8561 ) ;
#8231 = DIRECTION ( 'NONE',  ( 0.000000000000000000, 0.000000000000000000, 1.000000000000000000 ) ) ;
#8232 = DIRECTION ( 'NONE',  ( 0.000000000000000000, 0.000000000000000000, -1.000000000000000000 ) ) ;
#8233 = ORIENTED_EDGE ( 'NONE', *, *, #8258, .T. ) ;
#8234 = AXIS2_PLACEMENT_3D ( 'NONE', #11477, #11362, #6277 ) ;
#8235 = DIRECTION ( 'NONE',  ( 0.000000000000000000, 0.000000000000000000, 1.000000000000000000 ) ) ;
#8236 = DIRECTION ( 'NONE',  ( 1.000000000000000000, 6.630299199421770504E-16, 0.000000000000000000 ) ) ;
#8237 = DIRECTION ( 'NONE',  ( 1.000000000000000000, -1.294835018885023861E-17, -1.294835018885023861E-17 ) ) ;
#8238 = ORIENTED_EDGE ( 'NONE', *, *, #151, .F. ) ;
#8239 = EDGE_CURVE ( 'NONE', #956, #5564, #8100, .T. ) ;
#8240 = CARTESIAN_POINT ( 'NONE',  ( 60.32955169677730112, 110.9465026855470029, 208.7207935539339871 ) ) ;
#8241 =( NAMED_UNIT ( * ) SI_UNIT ( $, .STERADIAN. ) SOLID_ANGLE_UNIT ( ) );
#8242 = ORIENTED_EDGE ( 'NONE', *, *, #9826, .T. ) ;
#8243 = CIRCLE ( 'NONE', #9745, 12.90499687194819600 ) ;
#8244 = DIRECTION ( 'NONE',  ( 1.000000000000000000, 0.000000000000000000, 9.277635478891841969E-16 ) ) ;
#8245 = CYLINDRICAL_SURFACE ( 'NONE', #1018, 12.90484428405759587 ) ;
#8246 = VECTOR ( 'NONE', #6286, 1000.000000000000000 ) ;
#8247 = CARTESIAN_POINT ( 'NONE',  ( 94.35497084745580310, 117.8685996535100031, 207.6743849957320265 ) ) ;
#8248 = EDGE_CURVE ( 'NONE', #6816, #1815, #143, .T. ) ;
#8249 = CIRCLE ( 'NONE', #3064, 12.90484428405758166 ) ;
#8250 = AXIS2_PLACEMENT_3D ( 'NONE', #8848, #4431, #2614 ) ;
#8251 = DIRECTION ( 'NONE',  ( -1.000000000000000000, 2.688482178977768457E-16, 0.000000000000000000 ) ) ;
#8252 = AXIS2_PLACEMENT_3D ( 'NONE', #6088, #9712, #1735 ) ;
#8253 = CARTESIAN_POINT ( 'NONE',  ( -197.1789894103999927, 125.8608434367320115, 156.7073537568699919 ) ) ;
#8254 = DIRECTION ( 'NONE',  ( -1.000000000000000000, 4.873511200959409313E-18, -4.873511200959409313E-18 ) ) ;
#8255 = ORIENTED_EDGE ( 'NONE', *, *, #4230, .F. ) ;
#8256 = VERTEX_POINT ( 'NONE', #2928 ) ;
#8257 = ORIENTED_EDGE ( 'NONE', *, *, #7295, .F. ) ;
#8258 = EDGE_CURVE ( 'NONE', #5005, #11253, #3694, .T. ) ;
#8259 = CARTESIAN_POINT ( 'NONE',  ( 115.5181150157410173, 82.08452839251584976, 208.7207935539340724 ) ) ;
#8260 = B_SPLINE_CURVE_WITH_KNOTS ( 'NONE', 3,
 ( #4082, #3268, #2388, #5360, #4435, #2506 ),
 .UNSPECIFIED., .F., .F.,
 ( 4, 2, 4 ),
 ( 0.5000013739160320547, 0.7500006869580160274, 1.000000000000000000 ),
 .UNSPECIFIED. ) ;
#8261 = MECHANICAL_DESIGN_GEOMETRIC_PRESENTATION_REPRESENTATION (  '', ( #1408 ), #3254 ) ;
#8262 = VERTEX_POINT ( 'NONE', #1013 ) ;
#8263 = EDGE_CURVE ( 'NONE', #5901, #8884, #2810, .T. ) ;
#8264 = FACE_OUTER_BOUND ( 'NONE', #2369, .T. ) ;
#8265 = AXIS2_PLACEMENT_3D ( 'NONE', #10094, #2987, #6525 ) ;
#8266 = ADVANCED_FACE ( 'NONE', ( #6349 ), #8154, .F. ) ;
#8267 = AXIS2_PLACEMENT_3D ( 'NONE', #2472, #33, #6936 ) ;
#8268 = CIRCLE ( 'NONE', #5671, 12.90484428405760120 ) ;
#8269 = CARTESIAN_POINT ( 'NONE',  ( -83.01555633544920454, 63.61684799194339490, 208.7207935539339871 ) ) ;
#8270 = CARTESIAN_POINT ( 'NONE',  ( 287.0598539291822249, 64.39329182158344622, 158.7213514036209574 ) ) ;
#8271 = DIRECTION ( 'NONE',  ( 0.000000000000000000, 0.000000000000000000, 1.000000000000000000 ) ) ;
#8272 = DIRECTION ( 'NONE',  ( 0.000000000000000000, 0.000000000000000000, -1.000000000000000000 ) ) ;
#8273 = VERTEX_POINT ( 'NONE', #9094 ) ;
#8274 = ORIENTED_EDGE ( 'NONE', *, *, #3771, .F. ) ;
#8275 = EDGE_LOOP ( 'NONE', ( #3287, #8031, #5067, #8450 ) ) ;
#8276 = FACE_OUTER_BOUND ( 'NONE', #10086, .T. ) ;
#8277 = CIRCLE ( 'NONE', #3454, 17.90484428405758521 ) ;
#8278 = CIRCLE ( 'NONE', #8076, 3.000000000000039080 ) ;
#8279 = ORIENTED_EDGE ( 'NONE', *, *, #5751, .F. ) ;
#8280 = CARTESIAN_POINT ( 'NONE',  ( -45.45299509213570133, 57.21578598022460227, 203.7207935539339871 ) ) ;
#8281 = LINE ( 'NONE', #7019, #7182 ) ;
#8282 = DIRECTION ( 'NONE',  ( 0.000000000000000000, 0.5814365767194009660, -0.8135917325371639919 ) ) ;
#8283 = CARTESIAN_POINT ( 'NONE',  ( -117.8758443984394262, 74.51681202562144790, 208.6363383708666674 ) ) ;
#8284 = VECTOR ( 'NONE', #6736, 1000.000000000000000 ) ;
#8285 = CARTESIAN_POINT ( 'NONE',  ( -291.1789894103999927, 160.0000188829669980, 148.7207935403629904 ) ) ;
#8286 = AXIS2_PLACEMENT_3D ( 'NONE', #898, #4445, #3629 ) ;
#8287 = EDGE_CURVE ( 'NONE', #10062, #373, #9559, .T. ) ;
#8288 = CARTESIAN_POINT ( 'NONE',  ( -30.26300430297849786, 128.8515090942379970, 208.7207935539339871 ) ) ;
#8289 = ORIENTED_EDGE ( 'NONE', *, *, #327, .T. ) ;
#8290 = FACE_OUTER_BOUND ( 'NONE', #5150, .T. ) ;
#8291 = VERTEX_POINT ( 'NONE', #9744 ) ;
#8292 = CARTESIAN_POINT ( 'NONE',  ( 80.65758528230271907, 22.12078010271750017, 155.7207935539340156 ) ) ;
#8293 = CARTESIAN_POINT ( 'NONE',  ( -288.1789894103999927, 57.34758543135419728, 158.7207935539340156 ) ) ;
#8294 = ORIENTED_EDGE ( 'NONE', *, *, #5847, .T. ) ;
#8295 = FACE_OUTER_BOUND ( 'NONE', #4193, .T. ) ;
#8296 = DIRECTION ( 'NONE',  ( 1.000000000000000000, 0.000000000000000000, 0.000000000000000000 ) ) ;
#8297 = CARTESIAN_POINT ( 'NONE',  ( -269.8896011046559806, 63.61684799194339490, 158.7207935539340156 ) ) ;
#8298 = ORIENTED_EDGE ( 'NONE', *, *, #6190, .T. ) ;
#8299 = DIRECTION ( 'NONE',  ( -1.000000000000000000, 3.372392848055450117E-16, 0.000000000000000000 ) ) ;
#8300 = ADVANCED_FACE ( 'NONE', ( #5489 ), #7270, .T. ) ;
#8301 = DIRECTION ( 'NONE',  ( -1.000000000000000000, 1.579971831557674912E-16, 1.579971831557694880E-16 ) ) ;
#8302 = ORIENTED_EDGE ( 'NONE', *, *, #5835, .T. ) ;
#8303 = CARTESIAN_POINT ( 'NONE',  ( 114.5497433645824543, 22.12078134939932639, 158.7207935539340156 ) ) ;
#8304 = CARTESIAN_POINT ( 'NONE',  ( -202.3634178464045590, 76.52169227600097656, 208.5200677519565318 ) ) ;
#8305 = EDGE_LOOP ( 'NONE', ( #3595, #685, #2794, #7498, #7601, #659 ) ) ;
#8306 = CARTESIAN_POINT ( 'NONE',  ( -134.9448005523279903, 89.42653656005859375, 183.7207935539340156 ) ) ;
#8307 = CARTESIAN_POINT ( 'NONE',  ( 80.65758528230271907, 22.12078010271750017, 158.7207935539340156 ) ) ;
#8308 = CARTESIAN_POINT ( 'NONE',  ( -288.9094623118450045, 64.37529144541990433, 185.4291102422560016 ) ) ;
#8309 = ADVANCED_FACE ( 'NONE', ( #8212 ), #2135, .T. ) ;
#8310 = EDGE_CURVE ( 'NONE', #10685, #2772, #8865, .T. ) ;
#8311 = CARTESIAN_POINT ( 'NONE',  ( 94.82099151611279808, 160.0000189074180241, 123.7207935680309987 ) ) ;
#8312 = CARTESIAN_POINT ( 'NONE',  ( -218.8657760620120314, 35.02563476562500000, 155.7207935539340156 ) ) ;
#8313 = VERTEX_POINT ( 'NONE', #1830 ) ;
#8314 = AXIS2_PLACEMENT_3D ( 'NONE', #6060, #9622, #5256 ) ;
#8315 = EDGE_CURVE ( 'NONE', #7687, #8291, #3744, .T. ) ;
#8316 = VERTEX_POINT ( 'NONE', #1881 ) ;
#8317 = EDGE_LOOP ( 'NONE', ( #8035, #2967, #679, #7551, #7938 ) ) ;
#8318 = PLANE ( 'NONE',  #1931 ) ;
#8319 = VECTOR ( 'NONE', #3920, 1000.000000000000000 ) ;
#8320 = AXIS2_PLACEMENT_3D ( 'NONE', #2061, #8041, #5436 ) ;
#8321 = EDGE_CURVE ( 'NONE', #1818, #361, #5474, .T. ) ;
#8322 = FACE_OUTER_BOUND ( 'NONE', #256, .T. ) ;
#8323 = EDGE_CURVE ( 'NONE', #8211, #11181, #3440, .T. ) ;
#8324 = CARTESIAN_POINT ( 'NONE',  ( 285.9880958414571523, 58.19869294567250506, 158.7207935539338735 ) ) ;
#8325 = DIRECTION ( 'NONE',  ( 2.002303713784079765E-16, 1.000000000000000000, 0.000000000000000000 ) ) ;
#8326 = DIRECTION ( 'NONE',  ( -1.000000000000000000, 5.376964357955537309E-15, 0.000000000000000000 ) ) ;
#8327 = ORIENTED_EDGE ( 'NONE', *, *, #8985, .T. ) ;
#8328 = EDGE_CURVE ( 'NONE', #2512, #3650, #6240, .T. ) ;
#8329 = EDGE_LOOP ( 'NONE', ( #8772, #9944, #9671, #8844 ) ) ;
#8330 = ORIENTED_EDGE ( 'NONE', *, *, #612, .F. ) ;
#8331 = CYLINDRICAL_SURFACE ( 'NONE', #291, 5.000000000000012434 ) ;
#8332 = VERTEX_POINT ( 'NONE', #8921 ) ;
#8333 = DIRECTION ( 'NONE',  ( 1.000000000000000000, -4.300670242972105231E-16, -4.300670242972105231E-16 ) ) ;
#8334 = CARTESIAN_POINT ( 'NONE',  ( -80.59253796992871344, 110.9465026855470029, 203.7207935539339871 ) ) ;
#8335 = CARTESIAN_POINT ( 'NONE',  ( 196.4079225027913935, 76.52168778469071242, 183.7207935539340156 ) ) ;
#8336 = ADVANCED_FACE ( 'NONE', ( #7161 ), #957, .T. ) ;
#8337 = CARTESIAN_POINT ( 'NONE',  ( 200.0054568189599991, 83.46826660389170627, 208.7207935539339871 ) ) ;
#8338 = CIRCLE ( 'NONE', #7775, 3.000000000000002665 ) ;
#8339 = CARTESIAN_POINT ( 'NONE',  ( -195.3172256590117399, 97.53125866312205972, 208.6593155262117705 ) ) ;
#8340 = ORIENTED_EDGE ( 'NONE', *, *, #6693, .T. ) ;
#8341 = ADVANCED_FACE ( 'NONE', ( #2756 ), #6293, .F. ) ;
#8342 = DIRECTION ( 'NONE',  ( 0.000000000000000000, 0.000000000000000000, -1.000000000000000000 ) ) ;
#8343 = VERTEX_POINT ( 'NONE', #7561 ) ;
#8344 = DIRECTION ( 'NONE',  ( 6.519917093474220715E-16, -1.000000000000000000, 0.000000000000000000 ) ) ;
#8345 = DIRECTION ( 'NONE',  ( -1.000000000000000000, 3.029120467170619751E-17, 0.000000000000000000 ) ) ;
#8346 = ORIENTED_EDGE ( 'NONE', *, *, #6415, .T. ) ;
#8347 = FACE_OUTER_BOUND ( 'NONE', #5205, .T. ) ;
#8348 = CARTESIAN_POINT ( 'NONE',  ( -185.8610559998539884, 76.52168743035018394, 133.7207935539339871 ) ) ;
#8349 = PLANE ( 'NONE',  #2938 ) ;
#8350 = CIRCLE ( 'NONE', #3899, 15.90485382080079901 ) ;
#8351 = ORIENTED_EDGE ( 'NONE', *, *, #4500, .T. ) ;
#8352 = DIRECTION ( 'NONE',  ( -7.113514023918722135E-11, 1.000000000000000000, 0.000000000000000000 ) ) ;
#8353 = DIRECTION ( 'NONE',  ( 4.688749442782618508E-16, -0.7191424945380946454, 0.6948626285457626395 ) ) ;
#8354 = CARTESIAN_POINT ( 'NONE',  ( -197.1789894103999927, 134.9871293177949951, 158.7207935539340156 ) ) ;
#8355 = ORIENTED_EDGE ( 'NONE', *, *, #3198, .T. ) ;
#8356 = CYLINDRICAL_SURFACE ( 'NONE', #2535, 12.90485382080079901 ) ;
#8357 = CARTESIAN_POINT ( 'NONE',  ( -97.17898941040009220, 137.9576753804759051, 206.5260682106095942 ) ) ;
#8358 = VERTEX_POINT ( 'NONE', #430 ) ;
#8359 = DIRECTION ( 'NONE',  ( 0.000000000000000000, 0.000000000000000000, 1.000000000000000000 ) ) ;
#8360 = DIRECTION ( 'NONE',  ( -1.075393666311713415E-15, 1.000000000000000000, 0.000000000000000000 ) ) ;
#8361 = EDGE_CURVE ( 'NONE', #6740, #7268, #4386, .T. ) ;
#8362 = DIRECTION ( 'NONE',  ( -1.439941687553569204E-16, -0.7191424945380946454, 0.6948626285457626395 ) ) ;
#8363 = CARTESIAN_POINT ( 'NONE',  ( 89.65124114416470036, 22.12077983405499992, 155.7207935539340156 ) ) ;
#8364 = CYLINDRICAL_SURFACE ( 'NONE', #4616, 5.000000000000012434 ) ;
#8365 = ORIENTED_EDGE ( 'NONE', *, *, #4900, .F. ) ;
#8366 = EDGE_LOOP ( 'NONE', ( #917, #3407, #8856, #215 ) ) ;
#8367 = VERTEX_POINT ( 'NONE', #6634 ) ;
#8368 = ADVANCED_FACE ( 'NONE', ( #8276 ), #10257, .T. ) ;
#8369 = CARTESIAN_POINT ( 'NONE',  ( 115.5181150157409888, 75.94777391549047252, 208.6132091689500783 ) ) ;
#8370 = EDGE_CURVE ( 'NONE', #11301, #1072, #10150, .T. ) ;
#8371 = CIRCLE ( 'NONE', #9309, 12.90484428405758166 ) ;
#8372 = DIRECTION ( 'NONE',  ( 0.000000000000000000, 0.000000000000000000, -1.000000000000000000 ) ) ;
#8373 = CIRCLE ( 'NONE', #11179, 30.00000000000001066 ) ;
#8374 = DIRECTION ( 'NONE',  ( 2.419605351497754917E-15, -1.000000000000000000, 0.000000000000000000 ) ) ;
#8375 = CARTESIAN_POINT ( 'NONE',  ( 287.0884141489088393, 64.55809043103350575, 158.7213171600019166 ) ) ;
#8376 = DIRECTION ( 'NONE',  ( -0.000000000000000000, -1.000000000000000000, -0.000000000000000000 ) ) ;
#8377 = DIRECTION ( 'NONE',  ( 0.000000000000000000, 0.000000000000000000, -1.000000000000000000 ) ) ;
#8378 = ORIENTED_EDGE ( 'NONE', *, *, #10873, .T. ) ;
#8379 = AXIS2_PLACEMENT_3D ( 'NONE', #7503, #1358, #5829 ) ;
#8380 = ORIENTED_EDGE ( 'NONE', *, *, #7960, .F. ) ;
#8381 = ORIENTED_EDGE ( 'NONE', *, *, #1804, .F. ) ;
#8382 = DIRECTION ( 'NONE',  ( 0.000000000000000000, 0.000000000000000000, -1.000000000000000000 ) ) ;
#8383 = EDGE_CURVE ( 'NONE', #1725, #2350, #7698, .T. ) ;
#8384 = EDGE_CURVE ( 'NONE', #6074, #4437, #11084, .T. ) ;
#8385 = ORIENTED_EDGE ( 'NONE', *, *, #5984, .T. ) ;
#8386 =( BOUNDED_CURVE ( )  B_SPLINE_CURVE ( 3, ( #1623, #7832, #11408, #9882 ),
 .UNSPECIFIED., .F., .F. ) 
 B_SPLINE_CURVE_WITH_KNOTS ( ( 4, 4 ),
 ( 9.436895709313834538E-16, 0.7853981633974657095 ),
 .UNSPECIFIED. ) 
 CURVE ( )  GEOMETRIC_REPRESENTATION_ITEM ( )  RATIONAL_B_SPLINE_CURVE ( ( 1.000000000000000000, 0.9492530216741890126, 0.9492530216741890126, 1.000000000000000000 ) ) 
 REPRESENTATION_ITEM ( '' )  );
#8387 = CARTESIAN_POINT ( 'NONE',  ( 183.5030736399640148, 22.12077808833640091, 146.7207935539339871 ) ) ;
#8388 = DIRECTION ( 'NONE',  ( -1.001151856892039882E-16, -1.000000000000000000, -1.001151856892039882E-16 ) ) ;
#8389 = CARTESIAN_POINT ( 'NONE',  ( 216.5078370686659923, 63.61684799194339490, 158.7207935539340156 ) ) ;
#8390 = CARTESIAN_POINT ( 'NONE',  ( 200.0061084476971587, 81.32815778612476265, 208.6695346436291914 ) ) ;
#8391 = AXIS2_PLACEMENT_3D ( 'NONE', #8989, #1091, #8051 ) ;
#8392 = EDGE_CURVE ( 'NONE', #5937, #2635, #7500, .T. ) ;
#8393 = FACE_OUTER_BOUND ( 'NONE', #8500, .T. ) ;
#8394 = ORIENTED_EDGE ( 'NONE', *, *, #4094, .T. ) ;
#8395 = ORIENTED_EDGE ( 'NONE', *, *, #2114, .F. ) ;
#8396 = CARTESIAN_POINT ( 'NONE',  ( 288.0887584690793801, 150.0021021401165626, 157.3629551537952125 ) ) ;
#8397 = ORIENTED_EDGE ( 'NONE', *, *, #2114, .T. ) ;
#8398 = EDGE_CURVE ( 'NONE', #184, #2146, #10877, .T. ) ;
#8399 = LINE ( 'NONE', #5844, #10263 ) ;
#8400 = LINE ( 'NONE', #3988, #2264 ) ;
#8401 = ORIENTED_EDGE ( 'NONE', *, *, #8608, .F. ) ;
#8402 = EDGE_CURVE ( 'NONE', #4678, #2281, #5114, .T. ) ;
#8403 = DIRECTION ( 'NONE',  ( 0.000000000000000000, 0.000000000000000000, -1.000000000000000000 ) ) ;
#8404 = DIRECTION ( 'NONE',  ( 0.000000000000000000, 0.000000000000000000, -1.000000000000000000 ) ) ;
#8405 = VECTOR ( 'NONE', #10728, 1000.000000000000000 ) ;
#8406 = CARTESIAN_POINT ( 'NONE',  ( -286.6317681815679634, 98.36709992864629726, 208.2728467075930325 ) ) ;
#8407 = EDGE_CURVE ( 'NONE', #2540, #10979, #9768, .T. ) ;
#8408 = ORIENTED_EDGE ( 'NONE', *, *, #4274, .F. ) ;
#8409 = DIRECTION ( 'NONE',  ( 1.000000000000000000, 1.274272494262450050E-16, 0.000000000000000000 ) ) ;
#8410 = EDGE_CURVE ( 'NONE', #2808, #3100, #9381, .T. ) ;
#8411 = EDGE_CURVE ( 'NONE', #5079, #5364, #10966, .T. ) ;
#8412 = AXIS2_PLACEMENT_3D ( 'NONE', #7535, #3239, #11164 ) ;
#8413 = CARTESIAN_POINT ( 'NONE',  ( 80.65757751464838066, 63.61684799194339490, 153.7207935539340156 ) ) ;
#8414 = DIRECTION ( 'NONE',  ( 0.000000000000000000, 0.000000000000000000, 1.000000000000000000 ) ) ;
#8415 = ORIENTED_EDGE ( 'NONE', *, *, #4482, .T. ) ;
#8416 = CARTESIAN_POINT ( 'NONE',  ( 216.5078353881840201, 35.02563476562500000, 143.7207935539339871 ) ) ;
#8417 = LINE ( 'NONE', #4063, #7328 ) ;
#8418 = ORIENTED_EDGE ( 'NONE', *, *, #9919, .T. ) ;
#8419 = CARTESIAN_POINT ( 'NONE',  ( -12.35799789428710227, 110.9465026855470029, 203.7207935539339871 ) ) ;
#8420 = CARTESIAN_POINT ( 'NONE',  ( 166.9408899406846842, 73.43904794018409632, 208.6075205531207075 ) ) ;
#8421 = VECTOR ( 'NONE', #10514, 1000.000000000000000 ) ;
#8422 = LINE ( 'NONE', #470, #8700 ) ;
#8423 =( BOUNDED_CURVE ( )  B_SPLINE_CURVE ( 3, ( #3536, #7992, #9647, #6253 ),
 .UNSPECIFIED., .F., .F. ) 
 B_SPLINE_CURVE_WITH_KNOTS ( ( 4, 4 ),
 ( 5.497787143782145947, 5.918884813489261987 ),
 .UNSPECIFIED. ) 
 CURVE ( )  GEOMETRIC_REPRESENTATION_ITEM ( )  RATIONAL_B_SPLINE_CURVE ( ( 1.000000000000000000, 0.9852775715801354028, 0.9852775715801354028, 1.000000000000000000 ) ) 
 REPRESENTATION_ITEM ( '' )  );
#8424 = ADVANCED_FACE ( 'NONE', ( #8668 ), #8331, .T. ) ;
#8425 = AXIS2_PLACEMENT_3D ( 'NONE', #9843, #1812, #3614 ) ;
#8426 = ORIENTED_EDGE ( 'NONE', *, *, #3437, .T. ) ;
#8427 = CARTESIAN_POINT ( 'NONE',  ( -45.45299509213570133, 88.02577972412109375, 203.7207935539339871 ) ) ;
#8428 = DIRECTION ( 'NONE',  ( -1.000000000000000000, 0.000000000000000000, 0.000000000000000000 ) ) ;
#8429 = ORIENTED_EDGE ( 'NONE', *, *, #1489, .T. ) ;
#8430 = TOROIDAL_SURFACE ( 'NONE', #455, 15.90484874797840043, 3.000000000000000000 ) ;
#8431 = VERTEX_POINT ( 'NONE', #375 ) ;
#8432 = ADVANCED_FACE ( 'NONE', ( #3916 ), #4851, .F. ) ;
#8433 = AXIS2_PLACEMENT_3D ( 'NONE', #10301, #7552, #10244 ) ;
#8434 = CARTESIAN_POINT ( 'NONE',  ( 115.5181240405686651, 73.32438187588984135, 208.6670076389435451 ) ) ;
#8435 = DIRECTION ( 'NONE',  ( 0.000000000000000000, 0.000000000000000000, 1.000000000000000000 ) ) ;
#8436 = B_SPLINE_CURVE_WITH_KNOTS ( 'NONE', 3,
 ( #8809, #3467, #9694, #6989, #6931, #8575, #9452, #2529, #9506, #10565, #9635, #681, #4225, #11383, #7864, #9571, #1716 ),
 .UNSPECIFIED., .F., .F.,
 ( 4, 2, 2, 1, 1, 1, 2, 2, 2, 4 ),
 ( 0.000000000000000000, 0.2499999999999287792, 0.3749999999998961386, 0.4374999999998830380, 0.4687499999998792632, 0.4843749999998743228, 0.4921874999998718248, 0.4999999999998693268, 0.7499999999999346079, 1.000000000000000000 ),
 .UNSPECIFIED. ) ;
#8437 = CIRCLE ( 'NONE', #1382, 12.90484428405759587 ) ;
#8438 = CIRCLE ( 'NONE', #9192, 3.000000000000002665 ) ;
#8439 = DIRECTION ( 'NONE',  ( -0.000000000000000000, -1.000000000000000000, -0.000000000000000000 ) ) ;
#8440 = VECTOR ( 'NONE', #2483, 1000.000000000000000 ) ;
#8441 = EDGE_CURVE ( 'NONE', #2568, #4173, #2511, .T. ) ;
#8442 = CARTESIAN_POINT ( 'NONE',  ( 194.8209915161130255, 134.9871293177949951, 158.7207935539340156 ) ) ;
#8443 = CARTESIAN_POINT ( 'NONE',  ( -135.5343000258999950, 94.42653656005860796, 203.7207935539339871 ) ) ;
#8444 = LINE ( 'NONE', #6738, #6486 ) ;
#8445 = ORIENTED_EDGE ( 'NONE', *, *, #4719, .F. ) ;
#8446 = ORIENTED_EDGE ( 'NONE', *, *, #1025, .T. ) ;
#8447 = VERTEX_POINT ( 'NONE', #3039 ) ;
#8448 = DIRECTION ( 'NONE',  ( 1.000000000000000000, 0.000000000000000000, 0.000000000000000000 ) ) ;
#8449 = AXIS2_PLACEMENT_3D ( 'NONE', #7979, #5549, #7333 ) ;
#8450 = ORIENTED_EDGE ( 'NONE', *, *, #441, .T. ) ;
#8451 = DIRECTION ( 'NONE',  ( 0.000000000000000000, 0.000000000000000000, 1.000000000000000000 ) ) ;
#8452 = CIRCLE ( 'NONE', #3817, 5.000000000000004441 ) ;
#8453 = CIRCLE ( 'NONE', #9008, 3.000000000000039080 ) ;
#8454 = DIRECTION ( 'NONE',  ( 1.000000000000000000, -3.029124098583790169E-17, 0.000000000000000000 ) ) ;
#8455 = CARTESIAN_POINT ( 'NONE',  ( 267.5316238403299849, 6.215927124023390427, 155.7207935539340156 ) ) ;
#8456 = CARTESIAN_POINT ( 'NONE',  ( 200.0054609755000854, 79.85723473045031540, 208.6052360568143627 ) ) ;
#8457 = EDGE_CURVE ( 'NONE', #11067, #184, #480, .T. ) ;
#8458 = EDGE_CURVE ( 'NONE', #2509, #1613, #5484, .T. ) ;
#8459 = AXIS2_PLACEMENT_3D ( 'NONE', #4805, #380, #3921 ) ;
#8460 = AXIS2_PLACEMENT_3D ( 'NONE', #10097, #667, #6864 ) ;
#8461 = CARTESIAN_POINT ( 'NONE',  ( -202.3634178464045590, 76.52169227600097656, 208.5200677519565318 ) ) ;
#8462 = ORIENTED_EDGE ( 'NONE', *, *, #2398, .F. ) ;
#8463 =( BOUNDED_CURVE ( )  B_SPLINE_CURVE ( 3, ( #5065, #11309, #712, #599 ),
 .UNSPECIFIED., .F., .F. ) 
 B_SPLINE_CURVE_WITH_KNOTS ( ( 4, 4 ),
 ( 4.712388980384689674, 6.283185307179586232 ),
 .UNSPECIFIED. ) 
 CURVE ( )  GEOMETRIC_REPRESENTATION_ITEM ( )  RATIONAL_B_SPLINE_CURVE ( ( 1.000000000000000000, 0.8047378541243649375, 0.8047378541243649375, 1.000000000000000000 ) ) 
 REPRESENTATION_ITEM ( '' )  );
#8464 = ORIENTED_EDGE ( 'NONE', *, *, #3846, .T. ) ;
#8465 = CARTESIAN_POINT ( 'NONE',  ( 119.4864806570913061, 76.52169227600100498, 203.7207935539339871 ) ) ;
#8466 = ORIENTED_EDGE ( 'NONE', *, *, #1710, .F. ) ;
#8467 = CARTESIAN_POINT ( 'NONE',  ( 288.2720072499970456, 69.21419683948680301, 182.4755097727720283 ) ) ;
#8468 = EDGE_CURVE ( 'NONE', #71, #2581, #9380, .T. ) ;
#8469 = EDGE_LOOP ( 'NONE', ( #9104, #3762, #11504, #5955, #6193 ) ) ;
#8470 = CARTESIAN_POINT ( 'NONE',  ( -62.68753156017800876, 123.8515090942380112, 183.7207935539340156 ) ) ;
#8471 = CARTESIAN_POINT ( 'NONE',  ( 80.65757751464838066, 63.61684799194339490, 203.7207935539339871 ) ) ;
#8472 = CARTESIAN_POINT ( 'NONE',  ( -196.4467563633663758, 117.6023872751333812, 207.9885605069003702 ) ) ;
#8473 = AXIS2_PLACEMENT_3D ( 'NONE', #7205, #2861, #6341 ) ;
#8474 = VERTEX_POINT ( 'NONE', #3374 ) ;
#8475 = CARTESIAN_POINT ( 'NONE',  ( 132.3913249411490085, 89.42653656005869323, 208.7207935539339871 ) ) ;
#8476 = CYLINDRICAL_SURFACE ( 'NONE', #3778, 12.90484428405760120 ) ;
#8477 = DIRECTION ( 'NONE',  ( 0.9999999999999995559, 2.745767247960928976E-08, 0.000000000000000000 ) ) ;
#8478 = CARTESIAN_POINT ( 'NONE',  ( -40.43682098388670454, 9.215927124023428618, 158.7207935539340156 ) ) ;
#8479 = ORIENTED_EDGE ( 'NONE', *, *, #5806, .F. ) ;
#8480 = CYLINDRICAL_SURFACE ( 'NONE', #9682, 12.90485382080079901 ) ;
#8481 = DIRECTION ( 'NONE',  ( 0.000000000000000000, 0.000000000000000000, -1.000000000000000000 ) ) ;
#8482 = ADVANCED_FACE ( 'NONE', ( #8067 ), #2144, .T. ) ;
#8483 = ORIENTED_EDGE ( 'NONE', *, *, #9516, .F. ) ;
#8484 = EDGE_CURVE ( 'NONE', #2929, #184, #8722, .T. ) ;
#8485 = DIRECTION ( 'NONE',  ( 0.000000000000000000, 0.000000000000000000, -1.000000000000000000 ) ) ;
#8486 = CARTESIAN_POINT ( 'NONE',  ( -152.7366433896910110, 90.89100265412585600, 207.2563274598667249 ) ) ;
#8487 = DIRECTION ( 'NONE',  ( 0.000000000000000000, 0.000000000000000000, -1.000000000000000000 ) ) ;
#8488 = CIRCLE ( 'NONE', #1583, 3.000000000000002665 ) ;
#8489 = ORIENTED_EDGE ( 'NONE', *, *, #3291, .F. ) ;
#8490 = ORIENTED_EDGE ( 'NONE', *, *, #1048, .T. ) ;
#8491 = FACE_OUTER_BOUND ( 'NONE', #495, .T. ) ;
#8492 = CARTESIAN_POINT ( 'NONE',  ( 285.8754527675180270, 97.04801292148037817, 208.4212781953211220 ) ) ;
#8493 = ADVANCED_FACE ( 'NONE', ( #6041 ), #6268, .T. ) ;
#8494 = ORIENTED_EDGE ( 'NONE', *, *, #11322, .T. ) ;
#8495 = CARTESIAN_POINT ( 'NONE',  ( -143.7429904937749825, 22.12078094482420099, 138.7207935539339871 ) ) ;
#8496 = CARTESIAN_POINT ( 'NONE',  ( -218.8657760620120314, 22.12078094482420099, 155.7207935539340156 ) ) ;
#8497 = CARTESIAN_POINT ( 'NONE',  ( -62.68753156123731429, 110.9465026855470029, 183.7207935539340156 ) ) ;
#8498 = CARTESIAN_POINT ( 'NONE',  ( 288.8209915161129970, 98.89977624330870754, 204.8427909302159833 ) ) ;
#8499 = DIRECTION ( 'NONE',  ( 1.879260063302629812E-16, 1.000000000000000000, 0.000000000000000000 ) ) ;
#8500 = EDGE_LOOP ( 'NONE', ( #1209, #8180, #5335, #4470 ) ) ;
#8501 = ORIENTED_EDGE ( 'NONE', *, *, #10069, .T. ) ;
#8502 = ORIENTED_EDGE ( 'NONE', *, *, #8484, .F. ) ;
#8503 = TOROIDAL_SURFACE ( 'NONE', #709, 17.90484428405769535, 5.000000000000000000 ) ;
#8504 = VECTOR ( 'NONE', #5682, 1000.000000000000000 ) ;
#8505 = ORIENTED_EDGE ( 'NONE', *, *, #10411, .F. ) ;
#8506 = DIRECTION ( 'NONE',  ( 0.000000000000000000, 0.000000000000000000, -1.000000000000000000 ) ) ;
#8507 = AXIS2_PLACEMENT_3D ( 'NONE', #5468, #9018, #1058 ) ;
#8508 = CARTESIAN_POINT ( 'NONE',  ( -218.8657760620120314, 94.42653656005860796, 208.7207935539339871 ) ) ;
#8509 = EDGE_CURVE ( 'NONE', #4626, #9250, #1807, .T. ) ;
#8510 = CARTESIAN_POINT ( 'NONE',  ( -117.8761133863583126, 73.07819361596492058, 208.6738113650727939 ) ) ;
#8511 = CARTESIAN_POINT ( 'NONE',  ( -30.26300430297849786, 98.04149627685548296, 183.7207935539340156 ) ) ;
#8512 = CIRCLE ( 'NONE', #10752, 12.90484874797840398 ) ;
#8513 = AXIS2_PLACEMENT_3D ( 'NONE', #4242, #10636, #5108 ) ;
#8514 = CARTESIAN_POINT ( 'NONE',  ( 280.9213803538910383, 64.63481424415580534, 208.7207935539339871 ) ) ;
#8515 = ORIENTED_EDGE ( 'NONE', *, *, #1111, .T. ) ;
#8516 = EDGE_LOOP ( 'NONE', ( #11398, #10214, #3145, #4811 ) ) ;
#8517 = CARTESIAN_POINT ( 'NONE',  ( -150.1954121910410151, 76.52169227600100498, 148.7207935539339871 ) ) ;
#8518 = VERTEX_POINT ( 'NONE', #8897 ) ;
#8519 = CARTESIAN_POINT ( 'NONE',  ( 13.36300373077400039, 128.8515090942379970, 208.7207935539339871 ) ) ;
#8520 = DIRECTION ( 'NONE',  ( 0.5310885545960910559, -0.8473163206129307179, 0.000000000000000000 ) ) ;
#8521 = ORIENTED_EDGE ( 'NONE', *, *, #5707, .T. ) ;
#8522 = EDGE_CURVE ( 'NONE', #7987, #9570, #7069, .T. ) ;
#8523 = CARTESIAN_POINT ( 'NONE',  ( 133.1763124465940109, 6.215927124023430395, 155.7207935539340156 ) ) ;
#8524 = DIRECTION ( 'NONE',  ( 1.000000000000000000, 0.000000000000000000, 0.000000000000000000 ) ) ;
#8525 = EDGE_CURVE ( 'NONE', #537, #10720, #5236, .T. ) ;
#8526 = CARTESIAN_POINT ( 'NONE',  ( -62.68753156123731429, 110.9465026855470029, 208.7207935539339871 ) ) ;
#8527 = ORIENTED_EDGE ( 'NONE', *, *, #9982, .T. ) ;
#8528 = DIRECTION ( 'NONE',  ( 1.000000000000000000, 0.000000000000000000, 0.000000000000000000 ) ) ;
#8529 = AXIS2_PLACEMENT_3D ( 'NONE', #10688, #3415, #972 ) ;
#8530 = EDGE_CURVE ( 'NONE', #4552, #10558, #9833, .T. ) ;
#8531 = CARTESIAN_POINT ( 'NONE',  ( -169.2988467365250074, 69.71898185264200265, 208.7207935539339871 ) ) ;
#8532 = DIRECTION ( 'NONE',  ( 0.000000000000000000, 0.000000000000000000, -1.000000000000000000 ) ) ;
#8533 = LINE ( 'NONE', #8478, #11429 ) ;
#8534 = ORIENTED_EDGE ( 'NONE', *, *, #6606, .F. ) ;
#8535 = LINE ( 'NONE', #3304, #6135 ) ;
#8536 = CARTESIAN_POINT ( 'NONE',  ( 132.3913192749020027, 35.02563476562500000, 158.7207935539340156 ) ) ;
#8537 = ORIENTED_EDGE ( 'NONE', *, *, #8675, .T. ) ;
#8538 = AXIS2_PLACEMENT_3D ( 'NONE', #5583, #5637, #9249 ) ;
#8539 = CARTESIAN_POINT ( 'NONE',  ( -261.1789894103999359, 46.32125139236449485, 186.7207935539340156 ) ) ;
#8540 = DIRECTION ( 'NONE',  ( 0.9999999999999995559, 2.745767267742054676E-08, 0.000000000000000000 ) ) ;
#8541 = EDGE_CURVE ( 'NONE', #1847, #2568, #10589, .T. ) ;
#8542 = CARTESIAN_POINT ( 'NONE',  ( -285.7944564819338211, 22.12078094482420099, 158.7207935539340156 ) ) ;
#8543 = ORIENTED_EDGE ( 'NONE', *, *, #3298, .F. ) ;
#8544 = ADVANCED_FACE ( 'NONE', ( #814 ), #2666, .T. ) ;
#8545 = DIRECTION ( 'NONE',  ( 0.000000000000000000, -0.7071067811865460184, 0.7071067811865487940 ) ) ;
#8546 = EDGE_LOOP ( 'NONE', ( #5486, #5188, #8479, #10603, #5053, #7995, #9212, #247 ) ) ;
#8547 = VERTEX_POINT ( 'NONE', #6903 ) ;
#8548 = AXIS2_PLACEMENT_3D ( 'NONE', #9561, #7683, #1595 ) ;
#8549 = DIRECTION ( 'NONE',  ( -3.372392848055450117E-16, -1.000000000000000000, 0.000000000000000000 ) ) ;
#8550 = DIRECTION ( 'NONE',  ( 1.000000000000000000, 0.000000000000000000, 0.000000000000000000 ) ) ;
#8551 = EDGE_CURVE ( 'NONE', #7483, #5005, #52, .T. ) ;
#8552 = CARTESIAN_POINT ( 'NONE',  ( -291.1789894103999927, -1.776356839400250149E-14, 158.7207935539340156 ) ) ;
#8553 = FACE_OUTER_BOUND ( 'NONE', #37, .T. ) ;
#8554 = CARTESIAN_POINT ( 'NONE',  ( 150.3786849975589917, 58.61684799194339490, 208.7207935539339871 ) ) ;
#8555 = ORIENTED_EDGE ( 'NONE', *, *, #2940, .F. ) ;
#8556 = ORIENTED_EDGE ( 'NONE', *, *, #5475, .T. ) ;
#8557 = VERTEX_POINT ( 'NONE', #987 ) ;
#8558 = VERTEX_POINT ( 'NONE', #6098 ) ;
#8559 = VECTOR ( 'NONE', #2298, 1000.000000000000000 ) ;
#8560 = CARTESIAN_POINT ( 'NONE',  ( -96.44675636336647528, 119.8311360573549962, 207.9885605069003702 ) ) ;
#8561 = VECTOR ( 'NONE', #6366, 1000.000000000000000 ) ;
#8562 = CARTESIAN_POINT ( 'NONE',  ( -291.1789894103999927, 99.48037732825460466, 203.7207935539339871 ) ) ;
#8563 = CARTESIAN_POINT ( 'NONE',  ( -152.7366433896910110, 89.42653656005859375, 183.7207935539340156 ) ) ;
#8564 = AXIS2_PLACEMENT_3D ( 'NONE', #6167, #1762, #5994 ) ;
#8565 = CIRCLE ( 'NONE', #3567, 4.999999999999997335 ) ;
#8566 = DIRECTION ( 'NONE',  ( 1.000000000000000000, -4.873511200959409313E-18, -4.873511200959409313E-18 ) ) ;
#8567 = EDGE_CURVE ( 'NONE', #1342, #7868, #6217, .T. ) ;
#8568 = ORIENTED_EDGE ( 'NONE', *, *, #7849, .F. ) ;
#8569 = ORIENTED_EDGE ( 'NONE', *, *, #2896, .T. ) ;
#8570 = CARTESIAN_POINT ( 'NONE',  ( -290.4482188859699932, 69.74005044523980246, 183.7207935535700187 ) ) ;
#8571 = ORIENTED_EDGE ( 'NONE', *, *, #3323, .F. ) ;
#8572 = DIRECTION ( 'NONE',  ( 0.000000000000000000, 0.000000000000000000, 1.000000000000000000 ) ) ;
#8573 = DIRECTION ( 'NONE',  ( 0.000000000000000000, 0.000000000000000000, -1.000000000000000000 ) ) ;
#8574 = VERTEX_POINT ( 'NONE', #3605 ) ;
#8575 = CARTESIAN_POINT ( 'NONE',  ( 200.0055684451955642, 73.91930556201860725, 208.5749020074694897 ) ) ;
#8576 = LINE ( 'NONE', #11213, #10882 ) ;
#8577 = AXIS2_PLACEMENT_3D ( 'NONE', #2239, #6761, #2297 ) ;
#8578 = CARTESIAN_POINT ( 'NONE',  ( -288.1789894103999927, 3.000000000000000000, 158.7207935539340156 ) ) ;
#8579 = VERTEX_POINT ( 'NONE', #10534 ) ;
#8580 = CARTESIAN_POINT ( 'NONE',  ( 183.5030736399810110, 76.52168743035359455, 203.7207935539339871 ) ) ;
#8581 = EDGE_CURVE ( 'NONE', #9225, #9586, #8828, .T. ) ;
#8582 = CARTESIAN_POINT ( 'NONE',  ( -269.8896011046559806, 63.61684799194339490, 183.7207935539340156 ) ) ;
#8583 = DIRECTION ( 'NONE',  ( 1.000000000000000000, 0.000000000000000000, 0.000000000000000000 ) ) ;
#8584 = ADVANCED_FACE ( 'NONE', ( #11470 ), #7834, .F. ) ;
#8585 = DIRECTION ( 'NONE',  ( 1.000000000000000000, -3.635332587912099138E-15, 0.000000000000000000 ) ) ;
#8586 = ORIENTED_EDGE ( 'NONE', *, *, #870, .F. ) ;
#8587 = VECTOR ( 'NONE', #6118, 1000.000000000000000 ) ;
#8588 = FACE_OUTER_BOUND ( 'NONE', #3242, .T. ) ;
#8589 = ORIENTED_EDGE ( 'NONE', *, *, #4259, .F. ) ;
#8590 = DIRECTION ( 'NONE',  ( 0.000000000000000000, 0.000000000000000000, -1.000000000000000000 ) ) ;
#8591 = VERTEX_POINT ( 'NONE', #11412 ) ;
#8592 = CARTESIAN_POINT ( 'NONE',  ( 132.3913192749020027, 22.12078094482420099, 155.7207935539340156 ) ) ;
#8593 = CARTESIAN_POINT ( 'NONE',  ( -101.0028839111329972, 89.42653656005859375, 203.7207935539339871 ) ) ;
#8594 = UNCERTAINTY_MEASURE_WITH_UNIT (LENGTH_MEASURE( 1.000000000000000082E-05 ), #7783, 'distance_accuracy_value', 'NONE');
#8595 = CARTESIAN_POINT ( 'NONE',  ( -291.1789894103999927, 148.7737507061510200, 156.0916751867129904 ) ) ;
#8596 = CIRCLE ( 'NONE', #5439, 12.90484886281040744 ) ;
#8597 = EDGE_LOOP ( 'NONE', ( #7131, #8681, #9052, #8890 ) ) ;
#8598 = EDGE_CURVE ( 'NONE', #4250, #6330, #7896, .T. ) ;
#8599 = DIRECTION ( 'NONE',  ( 1.000000000000000000, -4.300670242972105231E-16, -4.300670242972105231E-16 ) ) ;
#8600 = CARTESIAN_POINT ( 'NONE',  ( 283.8209915161129970, 96.89302241451059672, 208.7207935539339871 ) ) ;
#8601 = VECTOR ( 'NONE', #9701, 1000.000000000000000 ) ;
#8602 = EDGE_LOOP ( 'NONE', ( #415, #6054, #3271, #4590 ) ) ;
#8603 = FACE_OUTER_BOUND ( 'NONE', #838, .T. ) ;
#8604 = EDGE_CURVE ( 'NONE', #4449, #1814, #3492, .T. ) ;
#8605 = DIRECTION ( 'NONE',  ( -0.9999999999999972244, -7.467046309976121611E-08, 0.000000000000000000 ) ) ;
#8606 = DIRECTION ( 'NONE',  ( 8.208269194420983972E-11, 1.000000000000000000, 0.000000000000000000 ) ) ;
#8607 = DIRECTION ( 'NONE',  ( 2.036635194594239902E-16, -1.000000000000000000, 0.000000000000000000 ) ) ;
#8608 = EDGE_CURVE ( 'NONE', #4477, #4384, #9720, .T. ) ;
#8609 = CARTESIAN_POINT ( 'NONE',  ( -185.8610559998539884, 76.52168743035018394, 133.7207935539339871 ) ) ;
#8610 = CARTESIAN_POINT ( 'NONE',  ( 98.64489001653309685, 22.12077988203889944, 155.7207935539340156 ) ) ;
#8611 = VERTEX_POINT ( 'NONE', #8304 ) ;
#8612 = ORIENTED_EDGE ( 'NONE', *, *, #2399, .F. ) ;
#8613 = ORIENTED_EDGE ( 'NONE', *, *, #10625, .T. ) ;
#8614 = AXIS2_PLACEMENT_3D ( 'NONE', #759, #10640, #1563 ) ;
#8615 = VERTEX_POINT ( 'NONE', #230 ) ;
#8616 = CARTESIAN_POINT ( 'NONE',  ( 286.4939094439499740, 99.49022788435598841, 207.1854882586459894 ) ) ;
#8617 = EDGE_CURVE ( 'NONE', #5638, #8008, #9951, .T. ) ;
#8618 = EDGE_CURVE ( 'NONE', #9673, #5828, #11447, .T. ) ;
#8619 = CIRCLE ( 'NONE', #3979, 12.90500640869139737 ) ;
#8620 = CARTESIAN_POINT ( 'NONE',  ( 0.000000000000000000, 0.000000000000000000, 0.000000000000000000 ) ) ;
#8621 = AXIS2_PLACEMENT_3D ( 'NONE', #6809, #10376, #1477 ) ;
#8622 = CARTESIAN_POINT ( 'NONE',  ( 107.6644182205200053, 35.90431442206536161, 157.8421138974936468 ) ) ;
#8623 = AXIS2_PLACEMENT_3D ( 'NONE', #65, #5418, #3621 ) ;
#8624 = CIRCLE ( 'NONE', #10127, 12.90485382080080967 ) ;
#8625 = DIRECTION ( 'NONE',  ( 0.000000000000000000, 0.000000000000000000, -1.000000000000000000 ) ) ;
#8626 = AXIS2_PLACEMENT_3D ( 'NONE', #1076, #4451, #3806 ) ;
#8627 = CYLINDRICAL_SURFACE ( 'NONE', #10832, 5.000000000000012434 ) ;
#8628 = ORIENTED_EDGE ( 'NONE', *, *, #1577, .T. ) ;
#8629 = EDGE_LOOP ( 'NONE', ( #5569, #3363, #3384, #7806, #5201, #228 ) ) ;
#8630 = CARTESIAN_POINT ( 'NONE',  ( 150.3786849975589917, 89.42653656005859375, 183.7207935539340156 ) ) ;
#8631 = CIRCLE ( 'NONE', #2147, 12.90484791500049511 ) ;
#8632 = AXIS2_PLACEMENT_3D ( 'NONE', #3471, #9641, #3586 ) ;
#8633 = ORIENTED_EDGE ( 'NONE', *, *, #3004, .F. ) ;
#8634 = DIRECTION ( 'NONE',  ( -9.251858538542850737E-15, 1.000000000000000000, 0.000000000000000000 ) ) ;
#8635 = CARTESIAN_POINT ( 'NONE',  ( -290.4527344591400038, 66.56943417498450799, 157.6952434444589812 ) ) ;
#8636 = EDGE_LOOP ( 'NONE', ( #2852, #2362, #129, #2730 ) ) ;
#8637 = CARTESIAN_POINT ( 'NONE',  ( -30.26300430297849786, 98.04149627685548296, 158.7207935539340156 ) ) ;
#8638 = CARTESIAN_POINT ( 'NONE',  ( 43.09501647949219461, 88.02577972412109375, 133.7207935539339871 ) ) ;
#8639 = CARTESIAN_POINT ( 'NONE',  ( -286.1789894103999927, 96.89302241451019881, 208.7207935539339871 ) ) ;
#8640 = VECTOR ( 'NONE', #5575, 1000.000000000000000 ) ;
#8641 = ORIENTED_EDGE ( 'NONE', *, *, #3, .F. ) ;
#8642 = DIRECTION ( 'NONE',  ( 2.025046796916284173E-15, -0.7191424945380936462, 0.6948626285457636387 ) ) ;
#8643 = VECTOR ( 'NONE', #9453, 1000.000000000000000 ) ;
#8644 = VECTOR ( 'NONE', #9980, 1000.000000000000000 ) ;
#8645 = AXIS2_PLACEMENT_3D ( 'NONE', #2765, #8046, #3589 ) ;
#8646 = VECTOR ( 'NONE', #9016, 1000.000000000000000 ) ;
#8647 = CARTESIAN_POINT ( 'NONE',  ( -288.1789894103999927, 40.00000480987760199, 158.7207935539340156 ) ) ;
#8648 = FACE_OUTER_BOUND ( 'NONE', #10148, .T. ) ;
#8649 = CARTESIAN_POINT ( 'NONE',  ( -185.8610559998539884, 76.52168743035018394, 158.7207935539340156 ) ) ;
#8650 = EDGE_LOOP ( 'NONE', ( #6983, #8381, #506, #9020, #6542, #5789, #7640, #8174, #440, #1105, #5886, #7590, #400, #6577, #545, #4332, #5186, #10311, #550, #9971, #1390, #2945 ) ) ;
#8651 = MANIFOLD_SOLID_BREP ( 'Top Half', #8665 ) ;
#8652 = DIRECTION ( 'NONE',  ( -0.9999999999999956701, -9.225865788923625035E-08, 0.000000000000000000 ) ) ;
#8653 = ORIENTED_EDGE ( 'NONE', *, *, #513, .F. ) ;
#8654 = CARTESIAN_POINT ( 'NONE',  ( -269.8896011046559806, 89.42653656005859375, 183.7207935539340156 ) ) ;
#8655 = ORIENTED_EDGE ( 'NONE', *, *, #2603, .T. ) ;
#8656 = VECTOR ( 'NONE', #8388, 1000.000000000000000 ) ;
#8657 = VECTOR ( 'NONE', #11466, 1000.000000000000000 ) ;
#8658 = DIRECTION ( 'NONE',  ( 0.9999999999999995559, 2.745767267742075190E-08, 0.000000000000000000 ) ) ;
#8659 = DIRECTION ( 'NONE',  ( 0.000000000000000000, 0.000000000000000000, -1.000000000000000000 ) ) ;
#8660 = DIRECTION ( 'NONE',  ( -1.000000000000000000, -6.630299199421770504E-16, 0.000000000000000000 ) ) ;
#8661 = EDGE_CURVE ( 'NONE', #6426, #7350, #10061, .T. ) ;
#8662 = ORIENTED_EDGE ( 'NONE', *, *, #7797, .T. ) ;
#8663 = CIRCLE ( 'NONE', #3658, 4.999999999999997335 ) ;
#8664 = CARTESIAN_POINT ( 'NONE',  ( 66.19566215527819963, 89.42653656005880691, 183.7207935539340156 ) ) ;
#8665 = CLOSED_SHELL ( 'NONE', ( #8971, #2290, #7508, #1683, #10738, #929, #7918, #4717, #174, #3746, #1994, #8336, #11474, #4968, #4581, #4803, #9, #4688, #1239, #4459, #5386, #8218, #9102, #5827, #9840, #355, #11243, #1073, #5891, #7774, #8424, #815, #10904, #9547, #10715, #4634, #11522, #9363, #5061, #6679, #10968, #2583, #9599, #3496, #4362, #5279, #3030, #7623, #11521, #10584, #7099, #6529, #1719, #5189, #2338, #1736, #3715, #10664, #3375, #7366, #3999, #6812, #4505, #2855, #220, #1811, #4889, #10277, #2275, #10336, #8740, #4327, #9074, #6853, #8812, #9530, #9330, #10959, #1661, #6452, #1872, #2374, #8309, #518, #8482, #7785, #6294, #4102, #7243, #3475, #3278, #3282, #1356, #9677, #5146, #6660, #4430, #8300, #2271, #6338, #6129, #11174, #734, #3113, #2491, #10922, #5017, #10096, #9700, #7951, #8368, #8821, #4213, #10195, #1890, #4348, #423, #9308, #9476, #2, #3855, #3700, #4144, #8928, #9300, #11405, #10266, #5407, #1476, #10550, #1460, #10792, #719, #10768, #1122, #5762, #9579, #10564, #3989, #8584, #7478, #6251, #5999, #5809, #6260, #83, #8914, #11120, #4845, #1294, #583, #5722, #6340, #10379, #3543, #4472, #7735, #5705, #7394, #10177, #3071, #5546, #499, #1448, #10357, #3660, #4758, #11159, #4555, #9087, #9254, #56, #7509, #8341, #161, #4707 ) ) ;
#8666 = DIRECTION ( 'NONE',  ( 1.000000000000000000, -7.788590840987949389E-17, 0.000000000000000000 ) ) ;
#8667 = VERTEX_POINT ( 'NONE', #1218 ) ;
#8668 = FACE_OUTER_BOUND ( 'NONE', #5586, .T. ) ;
#8669 = ORIENTED_EDGE ( 'NONE', *, *, #7202, .F. ) ;
#8670 = CARTESIAN_POINT ( 'NONE',  ( -218.8657760620120314, 89.42653656005859375, 158.7207935539340156 ) ) ;
#8671 = DIRECTION ( 'NONE',  ( 0.000000000000000000, 0.000000000000000000, -1.000000000000000000 ) ) ;
#8672 = EDGE_CURVE ( 'NONE', #1400, #11081, #1106, .T. ) ;
#8673 = CARTESIAN_POINT ( 'NONE',  ( -169.2988478788419968, 76.52168743035039711, 208.5371530072550001 ) ) ;
#8674 = CARTESIAN_POINT ( 'NONE',  ( 288.8209915161129402, 157.3691431105519314, 123.7207935539339729 ) ) ;
#8675 = EDGE_CURVE ( 'NONE', #8591, #1656, #9306, .T. ) ;
#8676 = LINE ( 'NONE', #7556, #2856 ) ;
#8677 = DIRECTION ( 'NONE',  ( -0.000000000000000000, -1.000000000000000000, -0.000000000000000000 ) ) ;
#8678 = ORIENTED_EDGE ( 'NONE', *, *, #2156, .T. ) ;
#8679 = ORIENTED_EDGE ( 'NONE', *, *, #706, .F. ) ;
#8680 = VERTEX_POINT ( 'NONE', #8183 ) ;
#8681 = ORIENTED_EDGE ( 'NONE', *, *, #3757, .F. ) ;
#8682 = CARTESIAN_POINT ( 'NONE',  ( 284.2737702872809678, 98.36709992864669516, 208.2728467075930325 ) ) ;
#8683 =( NAMED_UNIT ( * ) SI_UNIT ( $, .STERADIAN. ) SOLID_ANGLE_UNIT ( ) );
#8684 = EDGE_CURVE ( 'NONE', #4384, #3805, #11052, .T. ) ;
#8685 = CARTESIAN_POINT ( 'NONE',  ( 27.90500640869139914, 123.8515090942380112, 208.7207935539339871 ) ) ;
#8686 = CARTESIAN_POINT ( 'NONE',  ( 21.54750823974609730, 62.21578598022459516, 158.7207935539340156 ) ) ;
#8687 = EDGE_CURVE ( 'NONE', #2175, #9349, #8837, .T. ) ;
#8688 = AXIS2_PLACEMENT_3D ( 'NONE', #3552, #6045, #7073 ) ;
#8689 = CARTESIAN_POINT ( 'NONE',  ( -101.0028839111329972, 76.52169227600100498, 203.7207935539339871 ) ) ;
#8690 = ORIENTED_EDGE ( 'NONE', *, *, #11028, .T. ) ;
#8691 = EDGE_LOOP ( 'NONE', ( #3167, #3511, #3860, #5277, #196 ) ) ;
#8692 = CARTESIAN_POINT ( 'NONE',  ( 43.09501647949219461, 62.21578598022459516, 133.7207935539339871 ) ) ;
#8693 = AXIS2_PLACEMENT_3D ( 'NONE', #6620, #476, #10189 ) ;
#8694 = ORIENTED_EDGE ( 'NONE', *, *, #649, .T. ) ;
#8695 = DIRECTION ( 'NONE',  ( 0.000000000000000000, 1.000000000000000000, 0.000000000000000000 ) ) ;
#8696 = CARTESIAN_POINT ( 'NONE',  ( -291.1783961579420179, 75.02521274033649945, 156.0557265385469918 ) ) ;
#8697 = EDGE_LOOP ( 'NONE', ( #4526, #2706, #141, #8764, #1607 ) ) ;
#8698 = CARTESIAN_POINT ( 'NONE',  ( -290.9218633578392428, 122.0395267274122659, 183.7207935539340156 ) ) ;
#8699 = CARTESIAN_POINT ( 'NONE',  ( -152.7366447448729900, 38.02563476562500000, 155.7207935539340156 ) ) ;
#8700 = VECTOR ( 'NONE', #1395, 1000.000000000000000 ) ;
#8701 = CIRCLE ( 'NONE', #3689, 12.90484428405759587 ) ;
#8702 = ORIENTED_EDGE ( 'NONE', *, *, #2025, .T. ) ;
#8703 = DIRECTION ( 'NONE',  ( -0.9999999999999982236, -5.974481946206379345E-08, 0.000000000000000000 ) ) ;
#8704 = EDGE_CURVE ( 'NONE', #10459, #3850, #10325, .T. ) ;
#8705 = LINE ( 'NONE', #8647, #249 ) ;
#8706 = CARTESIAN_POINT ( 'NONE',  ( 287.0661852372342082, 64.44009757117217418, 183.7207935539340440 ) ) ;
#8707 = ORIENTED_EDGE ( 'NONE', *, *, #4048, .T. ) ;
#8708 = CARTESIAN_POINT ( 'NONE',  ( 194.8209915161130255, 118.9074145751319946, 206.2207935539339871 ) ) ;
#8709 = ORIENTED_EDGE ( 'NONE', *, *, #7398, .T. ) ;
#8710 = DIRECTION ( 'NONE',  ( 0.000000000000000000, 0.000000000000000000, -1.000000000000000000 ) ) ;
#8711 = ORIENTED_EDGE ( 'NONE', *, *, #3421, .T. ) ;
#8712 = DIRECTION ( 'NONE',  ( 0.000000000000000000, 0.000000000000000000, 1.000000000000000000 ) ) ;
#8713 = ORIENTED_EDGE ( 'NONE', *, *, #4703, .T. ) ;
#8714 = CARTESIAN_POINT ( 'NONE',  ( -96.54403774936881177, 117.6996686611356893, 207.8912791208980479 ) ) ;
#8715 = CARTESIAN_POINT ( 'NONE',  ( 150.3786849975589917, 76.52169227600100498, 183.7207935539340156 ) ) ;
#8716 = CARTESIAN_POINT ( 'NONE',  ( 132.3913246263579993, 76.52169227600100498, 133.7207935539339871 ) ) ;
#8717 = ORIENTED_EDGE ( 'NONE', *, *, #1113, .T. ) ;
#8718 = CARTESIAN_POINT ( 'NONE',  ( 27.90500640869139914, 98.04149627685548296, 208.7207935539339871 ) ) ;
#8719 = DIRECTION ( 'NONE',  ( -1.000000000000000000, -6.974437143599260226E-16, 0.000000000000000000 ) ) ;
#8720 = EDGE_CURVE ( 'NONE', #5675, #4384, #6779, .T. ) ;
#8721 = DIRECTION ( 'NONE',  ( 0.9999999999999982236, -5.974481946206388609E-08, 0.000000000000000000 ) ) ;
#8722 = LINE ( 'NONE', #3549, #11072 ) ;
#8723 = ORIENTED_EDGE ( 'NONE', *, *, #11183, .F. ) ;
#8724 = DIRECTION ( 'NONE',  ( 1.000000000000000000, 0.000000000000000000, 0.000000000000000000 ) ) ;
#8725 = DIRECTION ( 'NONE',  ( 0.9999999999999995559, 2.745767258921879090E-08, 0.000000000000000000 ) ) ;
#8726 = PRESENTATION_STYLE_ASSIGNMENT (( #7664 ) ) ;
#8727 = AXIS2_PLACEMENT_3D ( 'NONE', #3153, #2277, #11310 ) ;
#8728 = CARTESIAN_POINT ( 'NONE',  ( 145.2961692252066825, 76.52169263033799496, 133.7207935539339871 ) ) ;
#8729 = CARTESIAN_POINT ( 'NONE',  ( -218.8657760620120314, 89.42653656005859375, 183.7207935539340156 ) ) ;
#8730 = CARTESIAN_POINT ( 'NONE',  ( -121.8444924251933941, 76.52169263033799496, 183.7207935539340156 ) ) ;
#8731 = EDGE_CURVE ( 'NONE', #1663, #4636, #10888, .T. ) ;
#8732 = ORIENTED_EDGE ( 'NONE', *, *, #10324, .F. ) ;
#8733 = VERTEX_POINT ( 'NONE', #9295 ) ;
#8734 = EDGE_LOOP ( 'NONE', ( #135, #8226, #4177, #7515, #2956, #8913 ) ) ;
#8735 = ORIENTED_EDGE ( 'NONE', *, *, #4488, .T. ) ;
#8736 = CARTESIAN_POINT ( 'NONE',  ( 38.07888031005860086, 6.215927124023390427, 158.7207935539340156 ) ) ;
#8737 = CARTESIAN_POINT ( 'NONE',  ( -286.9867204365731368, 76.50615761001849080, 208.6551202965590051 ) ) ;
#8738 = CARTESIAN_POINT ( 'NONE',  ( 132.3913249411490085, 94.42653656005869323, 203.7207935539339871 ) ) ;
#8739 = DIRECTION ( 'NONE',  ( 2.150785743182216738E-15, 1.000000000000000000, 0.000000000000000000 ) ) ;
#8740 = ADVANCED_FACE ( 'NONE', ( #3187, #1329, #463, #2256 ), #5966, .T. ) ;
#8741 = VERTEX_POINT ( 'NONE', #7538 ) ;
#8742 = VERTEX_POINT ( 'NONE', #2424 ) ;
#8743 = CARTESIAN_POINT ( 'NONE',  ( -287.0483130305329951, 60.95636287501149297, 186.7207935539340156 ) ) ;
#8744 = AXIS2_PLACEMENT_3D ( 'NONE', #3137, #3246, #11169 ) ;
#8745 = EDGE_LOOP ( 'NONE', ( #10569, #4296, #7267, #4705, #10383 ) ) ;
#8746 = CARTESIAN_POINT ( 'NONE',  ( -286.4599769826029956, 60.11914600154349841, 161.7207935539339871 ) ) ;
#8747 = ORIENTED_EDGE ( 'NONE', *, *, #5758, .F. ) ;
#8748 = CARTESIAN_POINT ( 'NONE',  ( 193.4646744694492497, 116.9783032755032508, 208.4438521006772191 ) ) ;
#8749 = CARTESIAN_POINT ( 'NONE',  ( -169.2988487268119968, 83.32439785370981156, 208.7207935539339871 ) ) ;
#8750 = EDGE_CURVE ( 'NONE', #1501, #11106, #4079, .T. ) ;
#8751 = CARTESIAN_POINT ( 'NONE',  ( -287.9502762892560099, 98.00129920834669406, 208.3909355523880151 ) ) ;
#8752 = ORIENTED_EDGE ( 'NONE', *, *, #6467, .F. ) ;
#8753 = LINE ( 'NONE', #10919, #4768 ) ;
#8754 = AXIS2_PLACEMENT_3D ( 'NONE', #7650, #3243, #10350 ) ;
#8755 = TOROIDAL_SURFACE ( 'NONE', #2249, 15.90485382080079901, 3.000000000000000000 ) ;
#8756 = CARTESIAN_POINT ( 'NONE',  ( -289.1789920717250197, 160.0000186157149926, 123.7207935539339871 ) ) ;
#8757 = DIRECTION ( 'NONE',  ( 1.000000000000000000, 6.974437143599260226E-16, 0.000000000000000000 ) ) ;
#8758 = ORIENTED_EDGE ( 'NONE', *, *, #5559, .T. ) ;
#8759 = EDGE_CURVE ( 'NONE', #351, #8273, #8417, .T. ) ;
#8760 = EDGE_CURVE ( 'NONE', #690, #5417, #7630, .T. ) ;
#8761 = DIRECTION ( 'NONE',  ( -1.000000000000000000, -6.409534987526679801E-16, 0.000000000000000000 ) ) ;
#8762 = ORIENTED_EDGE ( 'NONE', *, *, #5044, .F. ) ;
#8763 = CYLINDRICAL_SURFACE ( 'NONE', #2032, 2.500000000000012434 ) ;
#8764 = ORIENTED_EDGE ( 'NONE', *, *, #2218, .F. ) ;
#8765 = DIRECTION ( 'NONE',  ( 1.000000000000000000, 1.835214905568972190E-16, 0.000000000000000000 ) ) ;
#8766 = ORIENTED_EDGE ( 'NONE', *, *, #3149, .T. ) ;
#8767 = CARTESIAN_POINT ( 'NONE',  ( -23.31599701963950011, 93.02577972412109375, 208.7207935539339871 ) ) ;
#8768 = CARTESIAN_POINT ( 'NONE',  ( -45.45299509213570133, 88.02577972412109375, 183.7207935539340156 ) ) ;
#8769 = EDGE_CURVE ( 'NONE', #4651, #8778, #2332, .T. ) ;
#8770 = CARTESIAN_POINT ( 'NONE',  ( 284.0657945535560316, 82.82777990831057480, 208.7207935539339871 ) ) ;
#8771 = EDGE_CURVE ( 'NONE', #7911, #3100, #4995, .T. ) ;
#8772 = ORIENTED_EDGE ( 'NONE', *, *, #9866, .F. ) ;
#8773 = CIRCLE ( 'NONE', #5798, 5.000000000000004441 ) ;
#8774 = CARTESIAN_POINT ( 'NONE',  ( 94.82099151611289756, 119.8311360573549962, 206.2207935539339871 ) ) ;
#8775 = PLANE ( 'NONE',  #7117 ) ;
#8776 = CARTESIAN_POINT ( 'NONE',  ( 288.8209915161129970, 120.1792166382100078, 158.7207935539340156 ) ) ;
#8777 = DIRECTION ( 'NONE',  ( 0.000000000000000000, 0.000000000000000000, -1.000000000000000000 ) ) ;
#8778 = VERTEX_POINT ( 'NONE', #1389 ) ;
#8779 = FACE_OUTER_BOUND ( 'NONE', #6479, .T. ) ;
#8780 = CARTESIAN_POINT ( 'NONE',  ( -95.82267236373634489, 116.9783032755032508, 208.4438521006772191 ) ) ;
#8781 = AXIS2_PLACEMENT_3D ( 'NONE', #9906, #9802, #2578 ) ;
#8782 = CARTESIAN_POINT ( 'NONE',  ( 93.73929179534680145, 136.8167928041949040, 208.2795369371474408 ) ) ;
#8783 = EDGE_CURVE ( 'NONE', #6188, #4173, #9414, .T. ) ;
#8784 = AXIS2_PLACEMENT_3D ( 'NONE', #3070, #6775, #2364 ) ;
#8785 = CARTESIAN_POINT ( 'NONE',  ( -30.26300430297849786, 98.04149627685548296, 208.7207935539339871 ) ) ;
#8786 = CARTESIAN_POINT ( 'NONE',  ( -218.8657760620120314, 76.52169227600100498, 203.7207935539339871 ) ) ;
#8787 = CARTESIAN_POINT ( 'NONE',  ( 194.8209915161129970, 118.5318284406268106, 206.7463431772706031 ) ) ;
#8788 = ORIENTED_EDGE ( 'NONE', *, *, #6978, .T. ) ;
#8789 = ORIENTED_EDGE ( 'NONE', *, *, #5518, .T. ) ;
#8790 = VERTEX_POINT ( 'NONE', #10286 ) ;
#8791 = ORIENTED_EDGE ( 'NONE', *, *, #10737, .T. ) ;
#8792 = CYLINDRICAL_SURFACE ( 'NONE', #34, 12.90484428405759587 ) ;
#8793 = AXIS2_PLACEMENT_3D ( 'NONE', #1521, #2446, #7612 ) ;
#8794 = CARTESIAN_POINT ( 'NONE',  ( 107.6644182205200053, 38.02563476562500000, 158.7207935539340156 ) ) ;
#8795 = EDGE_CURVE ( 'NONE', #3219, #7687, #2315, .T. ) ;
#8796 =( BOUNDED_CURVE ( )  B_SPLINE_CURVE ( 3, ( #9422, #11526, #1743, #5348 ),
 .UNSPECIFIED., .F., .F. ) 
 B_SPLINE_CURVE_WITH_KNOTS ( ( 4, 4 ),
 ( 0.8025674648163235725, 1.186681895805600240 ),
 .UNSPECIFIED. ) 
 CURVE ( )  GEOMETRIC_REPRESENTATION_ITEM ( )  RATIONAL_B_SPLINE_CURVE ( ( 1.000000000000000000, 0.9877424226396449569, 0.9877424226396449569, 1.000000000000000000 ) ) 
 REPRESENTATION_ITEM ( '' )  );
#8797 = PLANE ( 'NONE',  #6587 ) ;
#8798 = CARTESIAN_POINT ( 'NONE',  ( -202.3634039277067416, 79.69736156729618415, 208.5983510603142861 ) ) ;
#8799 = CARTESIAN_POINT ( 'NONE',  ( 98.64490509033210230, 63.61684799194339490, 158.7207935539340156 ) ) ;
#8800 = AXIS2_PLACEMENT_3D ( 'NONE', #4381, #887, #5 ) ;
#8801 = ORIENTED_EDGE ( 'NONE', *, *, #1635, .F. ) ;
#8802 = EDGE_LOOP ( 'NONE', ( #1686, #9305, #7855, #6781, #6689, #3862 ) ) ;
#8803 = CARTESIAN_POINT ( 'NONE',  ( 133.1763124465940109, 63.61684799194339490, 203.7207935539339871 ) ) ;
#8804 = VECTOR ( 'NONE', #797, 1000.000000000000000 ) ;
#8805 = VERTEX_POINT ( 'NONE', #7711 ) ;
#8806 = AXIS2_PLACEMENT_3D ( 'NONE', #2687, #6232, #72 ) ;
#8807 = CARTESIAN_POINT ( 'NONE',  ( -288.5835325751119740, 58.49893546246200060, 158.7207935539340156 ) ) ;
#8808 = VECTOR ( 'NONE', #4667, 1000.000000000000000 ) ;
#8809 = CARTESIAN_POINT ( 'NONE',  ( 200.0054576442690006, 76.52168743035379350, 208.5200739500569682 ) ) ;
#8810 = DIRECTION ( 'NONE',  ( 0.000000000000000000, 0.000000000000000000, -1.000000000000000000 ) ) ;
#8811 = CARTESIAN_POINT ( 'NONE',  ( -291.1789894103999927, 99.87019435130700629, 204.1242315499560220 ) ) ;
#8812 = ADVANCED_FACE ( 'NONE', ( #5864 ), #10060, .T. ) ;
#8813 = ORIENTED_EDGE ( 'NONE', *, *, #1200, .T. ) ;
#8814 = LINE ( 'NONE', #4229, #5661 ) ;
#8815 = EDGE_CURVE ( 'NONE', #4221, #630, #6506, .T. ) ;
#8816 = VECTOR ( 'NONE', #2237, 1000.000000000000000 ) ;
#8817 = VECTOR ( 'NONE', #5167, 1000.000000000000000 ) ;
#8818 = DIRECTION ( 'NONE',  ( 0.000000000000000000, -1.000000000000000000, 0.000000000000000000 ) ) ;
#8819 = DIRECTION ( 'NONE',  ( 0.9999999999999995559, 2.745767267742075190E-08, 0.000000000000000000 ) ) ;
#8820 = VERTEX_POINT ( 'NONE', #11292 ) ;
#8821 = ADVANCED_FACE ( 'NONE', ( #3306 ), #1674, .T. ) ;
#8822 = CARTESIAN_POINT ( 'NONE',  ( -134.7493367092509970, 76.52169227600100498, 133.7207935539339871 ) ) ;
#8823 = ORIENTED_EDGE ( 'NONE', *, *, #9388, .F. ) ;
#8824 = DIRECTION ( 'NONE',  ( 1.226857500901394668E-08, 0.9999999999999998890, 0.000000000000000000 ) ) ;
#8825 = ORIENTED_EDGE ( 'NONE', *, *, #10254, .F. ) ;
#8826 = CARTESIAN_POINT ( 'NONE',  ( 267.5316238403320312, 9.215927124023419736, 158.7207935539340156 ) ) ;
#8827 = ORIENTED_EDGE ( 'NONE', *, *, #356, .F. ) ;
#8828 = CIRCLE ( 'NONE', #9391, 2.999999999999999112 ) ;
#8829 = CARTESIAN_POINT ( 'NONE',  ( 166.9409388238420320, 78.63835356940408872, 208.5686525754678939 ) ) ;
#8830 = CYLINDRICAL_SURFACE ( 'NONE', #8252, 2.500000000000012434 ) ;
#8831 = PLANE ( 'NONE',  #1095 ) ;
#8832 = AXIS2_PLACEMENT_3D ( 'NONE', #6932, #6181, #9810 ) ;
#8833 = AXIS2_PLACEMENT_3D ( 'NONE', #9755, #8703, #1785 ) ;
#8834 = EDGE_CURVE ( 'NONE', #2512, #1626, #2655, .T. ) ;
#8835 = ORIENTED_EDGE ( 'NONE', *, *, #288, .T. ) ;
#8836 = AXIS2_PLACEMENT_3D ( 'NONE', #8108, #10796, #154 ) ;
#8837 = CIRCLE ( 'NONE', #3827, 4.999999999999997335 ) ;
#8838 = DIRECTION ( 'NONE',  ( -1.000000000000000000, -6.630299199421770504E-16, 0.000000000000000000 ) ) ;
#8839 = EDGE_CURVE ( 'NONE', #2857, #10979, #1328, .T. ) ;
#8840 = LINE ( 'NONE', #3547, #3978 ) ;
#8841 = AXIS2_PLACEMENT_3D ( 'NONE', #5890, #9442, #1478 ) ;
#8842 = DIRECTION ( 'NONE',  ( 0.000000000000000000, 0.000000000000000000, 1.000000000000000000 ) ) ;
#8843 = DIRECTION ( 'NONE',  ( 0.000000000000000000, 0.000000000000000000, -1.000000000000000000 ) ) ;
#8844 = ORIENTED_EDGE ( 'NONE', *, *, #7262, .F. ) ;
#8845 = CYLINDRICAL_SURFACE ( 'NONE', #6750, 29.99999999999999645 ) ;
#8846 = LINE ( 'NONE', #11473, #9999 ) ;
#8847 = AXIS2_PLACEMENT_3D ( 'NONE', #11476, #886, #2563 ) ;
#8848 = CARTESIAN_POINT ( 'NONE',  ( -269.8896026611329830, 22.12078094482420099, 155.7207935539340156 ) ) ;
#8849 = AXIS2_PLACEMENT_3D ( 'NONE', #10810, #3835, #1154 ) ;
#8850 = EDGE_CURVE ( 'NONE', #2625, #6847, #1508, .T. ) ;
#8851 = CARTESIAN_POINT ( 'NONE',  ( 80.65757751464838066, 89.42653656005859375, 183.7207935539340156 ) ) ;
#8852 = CARTESIAN_POINT ( 'NONE',  ( 288.8209915161129970, 76.32125139236430300, 155.7207935539340156 ) ) ;
#8853 = ORIENTED_EDGE ( 'NONE', *, *, #7202, .T. ) ;
#8854 = ORIENTED_EDGE ( 'NONE', *, *, #1492, .T. ) ;
#8855 = VERTEX_POINT ( 'NONE', #4415 ) ;
#8856 = ORIENTED_EDGE ( 'NONE', *, *, #6387, .F. ) ;
#8857 = DIRECTION ( 'NONE',  ( 1.000000000000000000, -1.816255071839359884E-17, -1.816255071839359884E-17 ) ) ;
#8858 = ADVANCED_FACE ( 'NONE', ( #3538 ), #11459, .F. ) ;
#8859 = CARTESIAN_POINT ( 'NONE',  ( 132.3913249411490085, 76.52169227600100498, 183.7207935539340156 ) ) ;
#8860 = DIRECTION ( 'NONE',  ( 1.879260063302629812E-16, 1.000000000000000000, 0.000000000000000000 ) ) ;
#8861 = DIRECTION ( 'NONE',  ( 1.000000000000000000, -2.589670037770049879E-17, 0.000000000000000000 ) ) ;
#8862 = DIRECTION ( 'NONE',  ( -1.110223024625155594E-14, -1.000000000000000000, 0.000000000000000000 ) ) ;
#8863 = EDGE_LOOP ( 'NONE', ( #2414, #6225, #10783, #872, #5532, #5915, #9019 ) ) ;
#8864 = ORIENTED_EDGE ( 'NONE', *, *, #6395, .F. ) ;
#8865 = LINE ( 'NONE', #4627, #3994 ) ;
#8866 = EDGE_CURVE ( 'NONE', #10416, #9135, #1615, .T. ) ;
#8867 = VERTEX_POINT ( 'NONE', #5336 ) ;
#8868 = CARTESIAN_POINT ( 'NONE',  ( -291.1781275823350370, 75.10516083515959451, 156.2429388407900319 ) ) ;
#8869 = CARTESIAN_POINT ( 'NONE',  ( -62.68753156123731429, 110.9465026855470029, 158.7207935539340156 ) ) ;
#8870 = CARTESIAN_POINT ( 'NONE',  ( 94.82099151611289756, 134.9871293177949951, 158.7207935539340156 ) ) ;
#8871 = B_SPLINE_CURVE_WITH_KNOTS ( 'NONE', 3,
 ( #2060, #4687, #7164, #5606, #8038, #7393, #1133 ),
 .UNSPECIFIED., .F., .F.,
 ( 4, 2, 1, 4 ),
 ( 0.000000000000000000, 0.003385923460226233743, 0.5420336299752391840, 1.000000000000000000 ),
 .UNSPECIFIED. ) ;
#8872 =( BOUNDED_CURVE ( )  B_SPLINE_CURVE ( 3, ( #6960, #4309, #7184, #10760 ),
 .UNSPECIFIED., .F., .F. ) 
 B_SPLINE_CURVE_WITH_KNOTS ( ( 4, 4 ),
 ( 1.570796326794897446, 2.356194490192355939 ),
 .UNSPECIFIED. ) 
 CURVE ( )  GEOMETRIC_REPRESENTATION_ITEM ( )  RATIONAL_B_SPLINE_CURVE ( ( 1.000000000000000000, 0.9492530216741897897, 0.9492530216741897897, 1.000000000000000000 ) ) 
 REPRESENTATION_ITEM ( '' )  );
#8873 = DIRECTION ( 'NONE',  ( 1.000000000000000000, 0.000000000000000000, 0.000000000000000000 ) ) ;
#8874 = ORIENTED_EDGE ( 'NONE', *, *, #11407, .F. ) ;
#8875 = DIRECTION ( 'NONE',  ( 0.000000000000000000, -1.000000000000000000, 0.000000000000000000 ) ) ;
#8876 = CARTESIAN_POINT ( 'NONE',  ( -291.1789894103999927, 120.1792166382100078, 158.7207935539340156 ) ) ;
#8877 = CIRCLE ( 'NONE', #6448, 15.90485382080079901 ) ;
#8878 = EDGE_LOOP ( 'NONE', ( #10544, #9301, #3708, #5070, #8702 ) ) ;
#8879 = CARTESIAN_POINT ( 'NONE',  ( -197.1789894103999927, 146.4271501097090038, 142.7130177981149757 ) ) ;
#8880 = EDGE_CURVE ( 'NONE', #9588, #1698, #9491, .T. ) ;
#8881 = DIRECTION ( 'NONE',  ( 0.000000000000000000, 0.000000000000000000, -1.000000000000000000 ) ) ;
#8882 = VERTEX_POINT ( 'NONE', #6084 ) ;
#8883 = CARTESIAN_POINT ( 'NONE',  ( 288.8209915161129970, -1.776356839400250149E-14, 155.7207935539340156 ) ) ;
#8884 = VERTEX_POINT ( 'NONE', #8883 ) ;
#8885 = AXIS2_PLACEMENT_3D ( 'NONE', #7984, #29, #3581 ) ;
#8886 = AXIS2_PLACEMENT_3D ( 'NONE', #2134, #9233, #1266 ) ;
#8887 = DIRECTION ( 'NONE',  ( 0.000000000000000000, 0.000000000000000000, -1.000000000000000000 ) ) ;
#8888 = CARTESIAN_POINT ( 'NONE',  ( 283.8209915161130539, 97.48751865700354813, 208.6676795852741577 ) ) ;
#8889 = AXIS2_PLACEMENT_3D ( 'NONE', #232, #2785, #8244 ) ;
#8890 = ORIENTED_EDGE ( 'NONE', *, *, #6091, .T. ) ;
#8891 = ADVANCED_FACE ( 'NONE', ( #2717 ), #1692, .T. ) ;
#8892 = AXIS2_PLACEMENT_3D ( 'NONE', #2894, #341, #5568 ) ;
#8893 = FACE_OUTER_BOUND ( 'NONE', #10869, .T. ) ;
#8894 = LINE ( 'NONE', #3601, #5463 ) ;
#8895 = ADVANCED_FACE ( 'NONE', ( #4237 ), #6691, .T. ) ;
#8896 = FACE_OUTER_BOUND ( 'NONE', #9412, .T. ) ;
#8897 = CARTESIAN_POINT ( 'NONE',  ( 80.65757751464838066, 63.61684799194339490, 183.7207935539340156 ) ) ;
#8898 = ORIENTED_EDGE ( 'NONE', *, *, #6056, .F. ) ;
#8899 = DIRECTION ( 'NONE',  ( -0.7071067811865469066, -0.7071067811865481278, 0.000000000000000000 ) ) ;
#8900 = EDGE_CURVE ( 'NONE', #1075, #11271, #2065, .T. ) ;
#8901 = CIRCLE ( 'NONE', #3891, 12.90485318971760265 ) ;
#8902 = DIRECTION ( 'NONE',  ( -0.000000000000000000, -1.000000000000000000, -0.000000000000000000 ) ) ;
#8903 =( BOUNDED_CURVE ( )  B_SPLINE_CURVE ( 3, ( #11462, #6140, #108, #11402 ),
 .UNSPECIFIED., .F., .F. ) 
 B_SPLINE_CURVE_WITH_KNOTS ( ( 4, 4 ),
 ( 5.497787143781942554, 6.283185307179586232 ),
 .UNSPECIFIED. ) 
 CURVE ( )  GEOMETRIC_REPRESENTATION_ITEM ( )  RATIONAL_B_SPLINE_CURVE ( ( 1.000000000000000000, 0.9492530216741661420, 0.9492530216741661420, 1.000000000000000000 ) ) 
 REPRESENTATION_ITEM ( '' )  );
#8904 = CARTESIAN_POINT ( 'NONE',  ( -101.0028839111329972, 89.42653656005859375, 183.7207935539340156 ) ) ;
#8905 = CARTESIAN_POINT ( 'NONE',  ( 286.9920530923670299, 65.28445837056659684, 159.1032202926450054 ) ) ;
#8906 = VERTEX_POINT ( 'NONE', #4465 ) ;
#8907 = ORIENTED_EDGE ( 'NONE', *, *, #3651, .T. ) ;
#8908 = ORIENTED_EDGE ( 'NONE', *, *, #8567, .F. ) ;
#8909 = CARTESIAN_POINT ( 'NONE',  ( 80.65757735632520564, 22.12077994439449569, 155.7207935539340156 ) ) ;
#8910 = ORIENTED_EDGE ( 'NONE', *, *, #6201, .F. ) ;
#8911 = CARTESIAN_POINT ( 'NONE',  ( -288.8628416229702225, 61.14313199708875146, 183.7207935539339871 ) ) ;
#8912 = CIRCLE ( 'NONE', #8727, 12.90484969578129437 ) ;
#8913 = ORIENTED_EDGE ( 'NONE', *, *, #8118, .F. ) ;
#8914 = ADVANCED_FACE ( 'NONE', ( #7113 ), #9820, .F. ) ;
#8915 = DIRECTION ( 'NONE',  ( 0.000000000000000000, -1.000000000000000000, 0.000000000000000000 ) ) ;
#8916 = DIRECTION ( 'NONE',  ( -1.000000000000000000, 0.000000000000000000, 0.000000000000000000 ) ) ;
#8917 = DIRECTION ( 'NONE',  ( -1.000000000000000000, 0.000000000000000000, 0.000000000000000000 ) ) ;
#8918 = DIRECTION ( 'NONE',  ( 0.000000000000000000, 0.000000000000000000, -1.000000000000000000 ) ) ;
#8919 = ORIENTED_EDGE ( 'NONE', *, *, #2229, .T. ) ;
#8920 = ORIENTED_EDGE ( 'NONE', *, *, #7546, .F. ) ;
#8921 = CARTESIAN_POINT ( 'NONE',  ( -218.8657760620120314, 62.15238189787612555, 207.2563274598667533 ) ) ;
#8922 = ORIENTED_EDGE ( 'NONE', *, *, #8248, .T. ) ;
#8923 = CARTESIAN_POINT ( 'NONE',  ( -101.0029027735899945, 6.215926533998620052, 158.7207935539340156 ) ) ;
#8924 = LINE ( 'NONE', #7274, #1456 ) ;
#8925 = DIRECTION ( 'NONE',  ( 3.632510143678719152E-17, 1.000000000000000000, 0.000000000000000000 ) ) ;
#8926 = CARTESIAN_POINT ( 'NONE',  ( -113.9077412588690095, 22.12077956539150136, 155.7207935539340156 ) ) ;
#8927 = DIRECTION ( 'NONE',  ( -0.9999999999999997780, -2.745767261373882970E-08, 0.000000000000000000 ) ) ;
#8928 = ADVANCED_FACE ( 'NONE', ( #7939 ), #6137, .F. ) ;
#8929 = CARTESIAN_POINT ( 'NONE',  ( 38.07888031005860086, 22.12078094482420099, 158.7207935539340156 ) ) ;
#8930 = ORIENTED_EDGE ( 'NONE', *, *, #2181, .F. ) ;
#8931 = CARTESIAN_POINT ( 'NONE',  ( -286.1789894103999927, 96.89302241451019881, 208.7207935539339871 ) ) ;
#8932 = CARTESIAN_POINT ( 'NONE',  ( -288.6789894103999927, 123.7770500765000037, 158.7207935539340156 ) ) ;
#8933 = ORIENTED_EDGE ( 'NONE', *, *, #5709, .F. ) ;
#8934 = CARTESIAN_POINT ( 'NONE',  ( 98.64490820428390805, 6.215926533999919457, 155.7207935539340156 ) ) ;
#8935 = CARTESIAN_POINT ( 'NONE',  ( -290.3003223957577461, 65.69607095445942946, 157.8421299108588869 ) ) ;
#8936 = ORIENTED_EDGE ( 'NONE', *, *, #757, .F. ) ;
#8937 = DIRECTION ( 'NONE',  ( 1.000000000000000000, -2.688482178977771415E-16, 0.000000000000000000 ) ) ;
#8938 = CARTESIAN_POINT ( 'NONE',  ( -289.8459430420793410, 97.71957434770494899, 207.1235021873646360 ) ) ;
#8939 = TOROIDAL_SURFACE ( 'NONE', #3178, 15.90485382080079901, 3.000000000000000000 ) ;
#8940 = AXIS2_PLACEMENT_3D ( 'NONE', #5804, #8485, #11227 ) ;
#8941 = VERTEX_POINT ( 'NONE', #7768 ) ;
#8942 = ADVANCED_FACE ( 'NONE', ( #11343 ), #8939, .T. ) ;
#8943 = DIRECTION ( 'NONE',  ( 1.000000000000000000, 1.236900276880090019E-15, -5.394565625201630099E-16 ) ) ;
#8944 = FACE_OUTER_BOUND ( 'NONE', #11019, .T. ) ;
#8945 = CARTESIAN_POINT ( 'NONE',  ( 194.0887584690793801, 98.66131964795599174, 207.9885605069003702 ) ) ;
#8946 = DIRECTION ( 'NONE',  ( 0.000000000000000000, 0.000000000000000000, -1.000000000000000000 ) ) ;
#8947 = ORIENTED_EDGE ( 'NONE', *, *, #2561, .F. ) ;
#8948 = FACE_OUTER_BOUND ( 'NONE', #9377, .T. ) ;
#8949 = PLANE ( 'NONE',  #3235 ) ;
#8950 = CARTESIAN_POINT ( 'NONE',  ( 288.4226360907278490, 68.84152335633966402, 157.2786095674827322 ) ) ;
#8951 = CIRCLE ( 'NONE', #8391, 4.999999999999997335 ) ;
#8952 = EDGE_CURVE ( 'NONE', #10062, #913, #4670, .T. ) ;
#8953 = DIRECTION ( 'NONE',  ( -5.551115123125777969E-15, -1.000000000000000000, 0.000000000000000000 ) ) ;
#8954 = DIRECTION ( 'NONE',  ( -1.000000000000000000, 0.000000000000000000, 0.000000000000000000 ) ) ;
#8955 = CARTESIAN_POINT ( 'NONE',  ( 288.6759896798450313, 72.70227581526629024, 157.2750404532069979 ) ) ;
#8956 = ORIENTED_EDGE ( 'NONE', *, *, #5855, .F. ) ;
#8957 = ADVANCED_FACE ( 'NONE', ( #2599 ), #9589, .F. ) ;
#8958 = ORIENTED_EDGE ( 'NONE', *, *, #656, .F. ) ;
#8959 = VERTEX_POINT ( 'NONE', #214 ) ;
#8960 = DIRECTION ( 'NONE',  ( -5.974482020221200890E-08, -0.9999999999999982236, 0.000000000000000000 ) ) ;
#8961 = EDGE_LOOP ( 'NONE', ( #7897, #9845, #9519, #11054 ) ) ;
#8962 = LINE ( 'NONE', #1990, #602 ) ;
#8963 = VERTEX_POINT ( 'NONE', #103 ) ;
#8964 = DIRECTION ( 'NONE',  ( 0.9999999999999995559, 2.745767267742075190E-08, 0.000000000000000000 ) ) ;
#8965 = AXIS2_PLACEMENT_3D ( 'NONE', #6392, #9955, #10948 ) ;
#8966 = LINE ( 'NONE', #1005, #3648 ) ;
#8967 = EDGE_CURVE ( 'NONE', #1490, #10074, #3925, .T. ) ;
#8968 = CARTESIAN_POINT ( 'NONE',  ( -202.3633001380478618, 79.12420541359107062, 208.5749001952712547 ) ) ;
#8969 = CARTESIAN_POINT ( 'NONE',  ( -290.4467563633663758, 109.3730966500145314, 171.6202341554832742 ) ) ;
#8970 = ORIENTED_EDGE ( 'NONE', *, *, #3917, .F. ) ;
#8971 = ADVANCED_FACE ( 'NONE', ( #4589 ), #9871, .T. ) ;
#8972 = ORIENTED_EDGE ( 'NONE', *, *, #5699, .F. ) ;
#8973 = DIRECTION ( 'NONE',  ( -1.000000000000000000, 4.475536128753789939E-15, 0.000000000000000000 ) ) ;
#8974 = EDGE_CURVE ( 'NONE', #3983, #8591, #1519, .T. ) ;
#8975 = AXIS2_PLACEMENT_3D ( 'NONE', #2923, #6515, #10026 ) ;
#8976 = EDGE_LOOP ( 'NONE', ( #6165, #9675, #1387, #1857, #6261, #2211 ) ) ;
#8977 = DIRECTION ( 'NONE',  ( 0.000000000000000000, 0.000000000000000000, -1.000000000000000000 ) ) ;
#8978 = DIRECTION ( 'NONE',  ( -2.775557561562884646E-15, -0.7071067811865460184, 0.7071067811865487940 ) ) ;
#8979 = CARTESIAN_POINT ( 'NONE',  ( -135.5343008041380131, 38.02563476562500000, 155.7207935539340156 ) ) ;
#8980 = CARTESIAN_POINT ( 'NONE',  ( 192.3209915161129970, 114.5107393763349961, 208.7207935539339871 ) ) ;
#8981 = DIRECTION ( 'NONE',  ( 3.186475053172700116E-16, -0.5814365767194009660, 0.8135917325371639919 ) ) ;
#8982 = AXIS2_PLACEMENT_3D ( 'NONE', #2964, #8081, #10131 ) ;
#8983 = CARTESIAN_POINT ( 'NONE',  ( -165.6414985656737997, 22.12078094482420099, 155.7207935539340156 ) ) ;
#8984 = EDGE_LOOP ( 'NONE', ( #6495, #131, #3519, #7269, #8854 ) ) ;
#8985 = EDGE_CURVE ( 'NONE', #913, #6904, #402, .T. ) ;
#8986 = DIRECTION ( 'NONE',  ( 0.000000000000000000, 0.000000000000000000, -1.000000000000000000 ) ) ;
#8987 = CARTESIAN_POINT ( 'NONE',  ( -202.3634170452936871, 82.84859171400589162, 208.7207935539339587 ) ) ;
#8988 = VERTEX_POINT ( 'NONE', #8990 ) ;
#8989 = CARTESIAN_POINT ( 'NONE',  ( -101.0028839111329972, 58.61684799194339490, 203.7207935539339871 ) ) ;
#8990 = CARTESIAN_POINT ( 'NONE',  ( -152.7366447448729900, 9.215927124023419736, 138.7207935539339871 ) ) ;
#8991 = EDGE_LOOP ( 'NONE', ( #5824, #7049, #643, #3742 ) ) ;
#8992 = CARTESIAN_POINT ( 'NONE',  ( 60.32955169677730112, 98.04149627685548296, 208.7207935539339871 ) ) ;
#8993 = FACE_OUTER_BOUND ( 'NONE', #10965, .T. ) ;
#8994 = CIRCLE ( 'NONE', #1010, 12.90484886281040744 ) ;
#8995 = CARTESIAN_POINT ( 'NONE',  ( -51.09095215924970290, 6.215924776715099576, 155.7207935539340156 ) ) ;
#8996 = AXIS2_PLACEMENT_3D ( 'NONE', #9762, #6022, #9585 ) ;
#8997 = ORIENTED_EDGE ( 'NONE', *, *, #8361, .F. ) ;
#8998 = CIRCLE ( 'NONE', #9922, 12.90485382080079901 ) ;
#8999 = EDGE_CURVE ( 'NONE', #3820, #6437, #2999, .T. ) ;
#9000 = AXIS2_PLACEMENT_3D ( 'NONE', #5577, #7653, #634 ) ;
#9001 = DIRECTION ( 'NONE',  ( -1.000000000000000000, -6.371362471312250252E-17, 6.371362471312250252E-17 ) ) ;
#9002 = CARTESIAN_POINT ( 'NONE',  ( 80.65757756714587856, 35.90431337586088034, 157.8421136288312141 ) ) ;
#9003 = AXIS2_PLACEMENT_3D ( 'NONE', #5841, #4973, #5731 ) ;
#9004 = DIRECTION ( 'NONE',  ( -1.000000000000000000, 0.000000000000000000, 0.000000000000000000 ) ) ;
#9005 = CARTESIAN_POINT ( 'NONE',  ( -288.1789894103999927, 57.34758543135419728, 158.7207935539340156 ) ) ;
#9006 = EDGE_LOOP ( 'NONE', ( #1597, #3307, #7595 ) ) ;
#9007 = AXIS2_PLACEMENT_3D ( 'NONE', #6655, #11280, #511 ) ;
#9008 = AXIS2_PLACEMENT_3D ( 'NONE', #1379, #8528, #1491 ) ;
#9009 = FACE_OUTER_BOUND ( 'NONE', #8198, .T. ) ;
#9010 = CARTESIAN_POINT ( 'NONE',  ( -286.1789894103999927, 83.95400533632779627, 208.7207935539339871 ) ) ;
#9011 = EDGE_CURVE ( 'NONE', #8733, #8557, #5232, .T. ) ;
#9012 = PLANE ( 'NONE',  #11129 ) ;
#9013 = AXIS2_PLACEMENT_3D ( 'NONE', #5177, #8777, #6151 ) ;
#9014 = CIRCLE ( 'NONE', #1222, 12.90500640869140092 ) ;
#9015 = AXIS2_PLACEMENT_3D ( 'NONE', #573, #10515, #8757 ) ;
#9016 = DIRECTION ( 'NONE',  ( 0.000000000000000000, 0.000000000000000000, -1.000000000000000000 ) ) ;
#9017 = DIRECTION ( 'NONE',  ( -1.000000000000000000, 1.159225409079261975E-17, -1.159225409079259972E-17 ) ) ;
#9018 = DIRECTION ( 'NONE',  ( 0.000000000000000000, 0.000000000000000000, 1.000000000000000000 ) ) ;
#9019 = ORIENTED_EDGE ( 'NONE', *, *, #3275, .F. ) ;
#9020 = ORIENTED_EDGE ( 'NONE', *, *, #7903, .F. ) ;
#9021 = VERTEX_POINT ( 'NONE', #10802 ) ;
#9022 = CARTESIAN_POINT ( 'NONE',  ( 132.3913192749020027, 9.215927124023428618, 158.7207935539340156 ) ) ;
#9023 = EDGE_CURVE ( 'NONE', #428, #4221, #10863, .T. ) ;
#9024 = CARTESIAN_POINT ( 'NONE',  ( 150.3786849975589917, 89.42653656005859375, 203.7207935539339871 ) ) ;
#9025 = AXIS2_PLACEMENT_3D ( 'NONE', #3368, #874, #4421 ) ;
#9026 = ORIENTED_EDGE ( 'NONE', *, *, #10016, .F. ) ;
#9027 = CARTESIAN_POINT ( 'NONE',  ( 98.64490577848079056, 8.337246719237842996, 157.8421140558197919 ) ) ;
#9028 = DIRECTION ( 'NONE',  ( 0.9999999999999995559, 2.745767267742075190E-08, 0.000000000000000000 ) ) ;
#9029 = FACE_OUTER_BOUND ( 'NONE', #309, .T. ) ;
#9030 = DIRECTION ( 'NONE',  ( 0.000000000000000000, 0.000000000000000000, -1.000000000000000000 ) ) ;
#9031 = DIRECTION ( 'NONE',  ( 0.000000000000000000, 0.000000000000000000, -1.000000000000000000 ) ) ;
#9032 = ORIENTED_EDGE ( 'NONE', *, *, #9738, .F. ) ;
#9033 = ORIENTED_EDGE ( 'NONE', *, *, #8598, .F. ) ;
#9034 = ORIENTED_EDGE ( 'NONE', *, *, #11037, .F. ) ;
#9035 = DIRECTION ( 'NONE',  ( 0.000000000000000000, 0.7071067811865460184, 0.7071067811865487940 ) ) ;
#9036 = EDGE_CURVE ( 'NONE', #2929, #9407, #5226, .T. ) ;
#9037 = EDGE_LOOP ( 'NONE', ( #8970, #1062, #7936, #3386 ) ) ;
#9038 = CYLINDRICAL_SURFACE ( 'NONE', #967, 5.000000000000021316 ) ;
#9039 = B_SPLINE_CURVE_WITH_KNOTS ( 'NONE', 3,
 ( #6948, #4299, #10525, #11346, #6087, #7714 ),
 .UNSPECIFIED., .F., .F.,
 ( 4, 2, 4 ),
 ( 0.000000000000000000, 0.2500006869580160274, 0.5000013739160320547 ),
 .UNSPECIFIED. ) ;
#9040 = VECTOR ( 'NONE', #2958, 1000.000000000000000 ) ;
#9041 = DIRECTION ( 'NONE',  ( 1.000000000000000000, -1.835214905568970957E-16, 0.000000000000000000 ) ) ;
#9042 = DIRECTION ( 'NONE',  ( 0.000000000000000000, 0.000000000000000000, -1.000000000000000000 ) ) ;
#9043 = CARTESIAN_POINT ( 'NONE',  ( 288.0902209916829975, 69.74005044523980246, 183.7207935535700187 ) ) ;
#9044 = CARTESIAN_POINT ( 'NONE',  ( -185.8610559998519705, 22.12077808834190051, 146.7207935539339871 ) ) ;
#9045 = EDGE_CURVE ( 'NONE', #891, #10464, #3333, .T. ) ;
#9046 = CARTESIAN_POINT ( 'NONE',  ( -134.7493362426759802, 35.02563476562500000, 155.7207935539340156 ) ) ;
#9047 = ORIENTED_EDGE ( 'NONE', *, *, #11456, .T. ) ;
#9048 = CARTESIAN_POINT ( 'NONE',  ( -218.8657760620120314, 22.12078094482420099, 155.7207935539340156 ) ) ;
#9049 = VERTEX_POINT ( 'NONE', #1846 ) ;
#9050 = CARTESIAN_POINT ( 'NONE',  ( -94.67898941040009220, 119.8311360573549962, 206.2207935539339871 ) ) ;
#9051 = DIRECTION ( 'NONE',  ( -1.000000000000000000, -1.065814103640150121E-14, 0.000000000000000000 ) ) ;
#9052 = ORIENTED_EDGE ( 'NONE', *, *, #9394, .F. ) ;
#9053 = ADVANCED_FACE ( 'NONE', ( #3656 ), #10750, .F. ) ;
#9054 = LINE ( 'NONE', #5509, #2066 ) ;
#9055 = DIRECTION ( 'NONE',  ( 1.000000000000000000, -2.901163001883460083E-16, 0.000000000000000000 ) ) ;
#9056 = LINE ( 'NONE', #4593, #7572 ) ;
#9057 = ORIENTED_EDGE ( 'NONE', *, *, #11176, .T. ) ;
#9058 = DIRECTION ( 'NONE',  ( 0.000000000000000000, 1.000000000000000000, 0.000000000000000000 ) ) ;
#9059 = EDGE_CURVE ( 'NONE', #10459, #9545, #8371, .T. ) ;
#9060 = CARTESIAN_POINT ( 'NONE',  ( -288.1789894103999927, 3.000000000000000000, 158.7207935539340156 ) ) ;
#9061 = CIRCLE ( 'NONE', #6274, 15.90485382080078480 ) ;
#9062 = VECTOR ( 'NONE', #4632, 1000.000000000000000 ) ;
#9063 = CYLINDRICAL_SURFACE ( 'NONE', #1359, 12.90485361670298836 ) ;
#9064 = EDGE_CURVE ( 'NONE', #9545, #10579, #1145, .T. ) ;
#9065 = ORIENTED_EDGE ( 'NONE', *, *, #11485, .F. ) ;
#9066 = CARTESIAN_POINT ( 'NONE',  ( 283.4364776611418506, 22.12078094482419743, 155.7207935539340156 ) ) ;
#9067 = CARTESIAN_POINT ( 'NONE',  ( -290.3028729214092891, 69.09098831048639511, 158.7207947484222927 ) ) ;
#9068 = VERTEX_POINT ( 'NONE', #6481 ) ;
#9069 = AXIS2_PLACEMENT_3D ( 'NONE', #4888, #8428, #3721 ) ;
#9070 = CARTESIAN_POINT ( 'NONE',  ( -134.7493362426759802, 22.12078094482420099, 138.7207935539339871 ) ) ;
#9071 = DIRECTION ( 'NONE',  ( -7.113514023918722135E-11, 1.000000000000000000, 0.000000000000000000 ) ) ;
#9072 = CARTESIAN_POINT ( 'NONE',  ( -286.1733425887920248, 58.75701035094510161, 184.4744332109189884 ) ) ;
#9073 = AXIS2_PLACEMENT_3D ( 'NONE', #5052, #9245, #1336 ) ;
#9074 = ADVANCED_FACE ( 'NONE', ( #5446 ), #4108, .T. ) ;
#9075 = CARTESIAN_POINT ( 'NONE',  ( 288.5124402530400403, 0.3085512630730713468, 157.2719855041262917 ) ) ;
#9076 = LINE ( 'NONE', #9892, #6544 ) ;
#9077 = CARTESIAN_POINT ( 'NONE',  ( 267.5316238403320312, 90.89100265412587021, 207.2563274598667533 ) ) ;
#9078 = VERTEX_POINT ( 'NONE', #1203 ) ;
#9079 = ORIENTED_EDGE ( 'NONE', *, *, #11465, .T. ) ;
#9080 = ORIENTED_EDGE ( 'NONE', *, *, #7105, .F. ) ;
#9081 = CARTESIAN_POINT ( 'NONE',  ( 115.5181167117091263, 80.06649764275249481, 208.6766020819860330 ) ) ;
#9082 = CARTESIAN_POINT ( 'NONE',  ( 267.5316238403320312, 58.61684799194339490, 208.7207935539339871 ) ) ;
#9083 = VERTEX_POINT ( 'NONE', #4763 ) ;
#9084 = CARTESIAN_POINT ( 'NONE',  ( 267.5316238403320312, 89.42653656005859375, 203.7207935539339871 ) ) ;
#9085 = AXIS2_PLACEMENT_3D ( 'NONE', #4522, #3653, #10457 ) ;
#9086 = CARTESIAN_POINT ( 'NONE',  ( 287.8839323843118905, 65.35238147723370616, 157.9005677908731400 ) ) ;
#9087 = ADVANCED_FACE ( 'NONE', ( #3880 ), #2549, .T. ) ;
#9088 = CARTESIAN_POINT ( 'NONE',  ( 287.5382743103394887, 67.04972131586947626, 158.7208406703441028 ) ) ;
#9089 = CARTESIAN_POINT ( 'NONE',  ( 132.3913249411489801, 62.15238189787606160, 207.2563274598666965 ) ) ;
#9090 = CARTESIAN_POINT ( 'NONE',  ( -152.7366447448729900, 35.02563476562500000, 138.7207935539339871 ) ) ;
#9091 = ORIENTED_EDGE ( 'NONE', *, *, #3554, .T. ) ;
#9092 = ORIENTED_EDGE ( 'NONE', *, *, #8541, .T. ) ;
#9093 = ORIENTED_EDGE ( 'NONE', *, *, #8551, .F. ) ;
#9094 = CARTESIAN_POINT ( 'NONE',  ( 60.32955169677730112, 123.8515090942380112, 188.7207935539340156 ) ) ;
#9095 = ORIENTED_EDGE ( 'NONE', *, *, #2561, .T. ) ;
#9096 = CARTESIAN_POINT ( 'NONE',  ( -261.1789894103999359, 51.32125139236450195, 208.7207935539339871 ) ) ;
#9097 = DIRECTION ( 'NONE',  ( -3.779482637021810024E-16, 1.000000000000000000, 3.779482637021810024E-16 ) ) ;
#9098 = DIRECTION ( 'NONE',  ( 5.214744675259399707E-16, -0.8135917325371639919, -0.5814365767194009660 ) ) ;
#9099 = CARTESIAN_POINT ( 'NONE',  ( 286.3755255649210198, 63.97203097781829939, 186.0517147346710090 ) ) ;
#9100 = CARTESIAN_POINT ( 'NONE',  ( -218.8657760620120314, 94.42653656005860796, 203.7207935539339871 ) ) ;
#9101 = EDGE_CURVE ( 'NONE', #6131, #7868, #7580, .T. ) ;
#9102 = ADVANCED_FACE ( 'NONE', ( #4100 ), #2355, .T. ) ;
#9103 = DIRECTION ( 'NONE',  ( 0.000000000000000000, 0.000000000000000000, 1.000000000000000000 ) ) ;
#9104 = ORIENTED_EDGE ( 'NONE', *, *, #1930, .T. ) ;
#9105 = LINE ( 'NONE', #8165, #5836 ) ;
#9106 = ORIENTED_EDGE ( 'NONE', *, *, #6467, .T. ) ;
#9107 = DIRECTION ( 'NONE',  ( 0.000000000000000000, 0.000000000000000000, 1.000000000000000000 ) ) ;
#9108 = DIRECTION ( 'NONE',  ( -1.000000000000000000, 0.000000000000000000, 0.000000000000000000 ) ) ;
#9109 = EDGE_CURVE ( 'NONE', #4871, #7718, #9686, .T. ) ;
#9110 = ORIENTED_EDGE ( 'NONE', *, *, #3362, .T. ) ;
#9111 = CARTESIAN_POINT ( 'NONE',  ( -202.9609222412111933, 22.12078094482420454, 158.7207935539340156 ) ) ;
#9112 = CARTESIAN_POINT ( 'NONE',  ( -94.67898941040009220, 135.3984925249600053, 208.7207935539339871 ) ) ;
#9113 = CARTESIAN_POINT ( 'NONE',  ( -30.26300430297849786, 98.04149627685548296, 143.7207935539339871 ) ) ;
#9114 = ORIENTED_EDGE ( 'NONE', *, *, #3502, .T. ) ;
#9115 = DIRECTION ( 'NONE',  ( 2.150787332623426829E-15, -1.000000000000000000, 0.000000000000000000 ) ) ;
#9116 = EDGE_CURVE ( 'NONE', #10312, #1342, #3171, .T. ) ;
#9117 = DIRECTION ( 'NONE',  ( -1.075393666311713415E-15, 1.000000000000000000, 0.000000000000000000 ) ) ;
#9118 = CARTESIAN_POINT ( 'NONE',  ( 150.3786849975589917, 76.52169227600100498, 208.7207935539339871 ) ) ;
#9119 = EDGE_LOOP ( 'NONE', ( #8801, #10216, #4891, #10031 ) ) ;
#9120 = CARTESIAN_POINT ( 'NONE',  ( 288.8209915161131107, 121.1461743181299937, 183.7207935539340156 ) ) ;
#9121 = AXIS2_PLACEMENT_3D ( 'NONE', #3417, #8712, #3594 ) ;
#9122 = CARTESIAN_POINT ( 'NONE',  ( -289.1039419754668529, 62.55207967514310496, 158.7229207760819065 ) ) ;
#9123 = EDGE_CURVE ( 'NONE', #10653, #6433, #6325, .T. ) ;
#9124 = VERTEX_POINT ( 'NONE', #4922 ) ;
#9125 = EDGE_CURVE ( 'NONE', #9533, #10653, #7620, .T. ) ;
#9126 = AXIS2_PLACEMENT_3D ( 'NONE', #4527, #3659, #2773 ) ;
#9127 = DIRECTION ( 'NONE',  ( -1.000000000000000000, 9.747022401918829411E-18, 0.000000000000000000 ) ) ;
#9128 = CARTESIAN_POINT ( 'NONE',  ( -152.7366433887729897, 76.52169227600100498, 183.7207935539340156 ) ) ;
#9129 = CARTESIAN_POINT ( 'NONE',  ( -287.4445911277430241, 57.86366793866829994, 183.7207935539340156 ) ) ;
#9130 = CIRCLE ( 'NONE', #8003, 4.999999999999997335 ) ;
#9131 = AXIS2_PLACEMENT_3D ( 'NONE', #4924, #3061, #510 ) ;
#9132 = LINE ( 'NONE', #4662, #3970 ) ;
#9133 = CARTESIAN_POINT ( 'NONE',  ( 132.3913192749020027, 22.12078094482420099, 155.7207935539340156 ) ) ;
#9134 = ORIENTED_EDGE ( 'NONE', *, *, #5500, .T. ) ;
#9135 = VERTEX_POINT ( 'NONE', #6652 ) ;
#9136 = ORIENTED_EDGE ( 'NONE', *, *, #549, .T. ) ;
#9137 = PLANE ( 'NONE',  #75 ) ;
#9138 = AXIS2_PLACEMENT_3D ( 'NONE', #5563, #9870, #7348 ) ;
#9139 = EDGE_CURVE ( 'NONE', #2635, #9714, #3225, .T. ) ;
#9140 = ORIENTED_EDGE ( 'NONE', *, *, #9139, .T. ) ;
#9141 = DIRECTION ( 'NONE',  ( 0.000000000000000000, 0.000000000000000000, -1.000000000000000000 ) ) ;
#9142 = DIRECTION ( 'NONE',  ( -1.000000000000000000, -1.018317597297119951E-16, 1.018317597297119951E-16 ) ) ;
#9143 = EDGE_CURVE ( 'NONE', #4086, #7209, #1262, .T. ) ;
#9145 = CARTESIAN_POINT ( 'NONE',  ( -62.68753155976759928, 93.04149627685561086, 203.7207935539339871 ) ) ;
#9144 = AXIS2_PLACEMENT_3D ( 'NONE', #9793, #10656, #1817 ) ;
#9146 = CARTESIAN_POINT ( 'NONE',  ( -67.96416782819719060, 58.61684799194339490, 203.7207935539339871 ) ) ;
#9147 = CARTESIAN_POINT ( 'NONE',  ( -62.68753155976759928, 128.8515090942379970, 208.7207935539339871 ) ) ;
#9148 = EDGE_LOOP ( 'NONE', ( #9486, #523, #6023, #738, #998, #1173 ) ) ;
#9149 = ORIENTED_EDGE ( 'NONE', *, *, #3208, .T. ) ;
#9150 = ORIENTED_EDGE ( 'NONE', *, *, #2624, .F. ) ;
#9151 = DIRECTION ( 'NONE',  ( 1.226857419714852526E-08, 0.9999999999999998890, -2.150785706034684925E-15 ) ) ;
#9152 = ORIENTED_EDGE ( 'NONE', *, *, #8146, .T. ) ;
#9153 = DIRECTION ( 'NONE',  ( 0.000000000000000000, 1.000000000000000000, 0.000000000000000000 ) ) ;
#9154 = CARTESIAN_POINT ( 'NONE',  ( -197.1789894103999927, 62.93042171836590626, 158.7207935539340156 ) ) ;
#9155 = CARTESIAN_POINT ( 'NONE',  ( 39.73928928375249825, 94.42653656005860796, 203.7207935539339871 ) ) ;
#9156 = EDGE_CURVE ( 'NONE', #1673, #4801, #3556, .T. ) ;
#9157 = DIRECTION ( 'NONE',  ( 7.558965274043620048E-16, -1.000000000000000000, 0.000000000000000000 ) ) ;
#9158 = DIRECTION ( 'NONE',  ( 0.000000000000000000, 0.000000000000000000, 1.000000000000000000 ) ) ;
#9159 = FACE_OUTER_BOUND ( 'NONE', #575, .T. ) ;
#9160 = AXIS2_PLACEMENT_3D ( 'NONE', #4772, #10281, #4000 ) ;
#9161 = ORIENTED_EDGE ( 'NONE', *, *, #6458, .F. ) ;
#9162 = DIRECTION ( 'NONE',  ( 0.000000000000000000, 0.000000000000000000, 1.000000000000000000 ) ) ;
#9163 = ORIENTED_EDGE ( 'NONE', *, *, #2500, .T. ) ;
#9164 = CARTESIAN_POINT ( 'NONE',  ( -83.01557558817088989, 38.02563398808280226, 158.7207935539340156 ) ) ;
#9165 = DIRECTION ( 'NONE',  ( 0.000000000000000000, 0.000000000000000000, -1.000000000000000000 ) ) ;
#9166 = EDGE_LOOP ( 'NONE', ( #5431, #557, #2755, #3890 ) ) ;
#9167 = DIRECTION ( 'NONE',  ( 0.000000000000000000, 0.7071067811865481278, 0.7071067811865469066 ) ) ;
#9168 = FACE_OUTER_BOUND ( 'NONE', #4040, .T. ) ;
#9169 = EDGE_CURVE ( 'NONE', #11471, #658, #6762, .T. ) ;
#9170 = EDGE_CURVE ( 'NONE', #1986, #6523, #8190, .T. ) ;
#9171 = DIRECTION ( 'NONE',  ( 0.000000000000000000, 0.000000000000000000, 1.000000000000000000 ) ) ;
#9172 = ORIENTED_EDGE ( 'NONE', *, *, #1219, .F. ) ;
#9173 = AXIS2_PLACEMENT_3D ( 'NONE', #4622, #319, #9030 ) ;
#9174 = FACE_OUTER_BOUND ( 'NONE', #6533, .T. ) ;
#9175 = CARTESIAN_POINT ( 'NONE',  ( -20.80790996551509764, 38.02563476562500000, 158.7207935539340156 ) ) ;
#9176 = DIRECTION ( 'NONE',  ( 1.000000000000000000, -1.294835018885023861E-17, -1.294835018885023861E-17 ) ) ;
#9177 = VERTEX_POINT ( 'NONE', #4866 ) ;
#9178 = CARTESIAN_POINT ( 'NONE',  ( 200.6029815673832104, 22.12078094482420099, 155.7207935539340156 ) ) ;
#9179 = VECTOR ( 'NONE', #9176, 1000.000000000000000 ) ;
#9180 = CARTESIAN_POINT ( 'NONE',  ( -288.8843723911825236, 61.26224624603423052, 158.7228668547714108 ) ) ;
#9181 = ORIENTED_EDGE ( 'NONE', *, *, #6035, .F. ) ;
#9182 = TOROIDAL_SURFACE ( 'NONE', #10669, 15.90485388537119960, 3.000000000000000000 ) ;
#9183 = LINE ( 'NONE', #5522, #7008 ) ;
#9184 = CARTESIAN_POINT ( 'NONE',  ( -30.26300430297849786, 98.04149627685548296, 183.7207935539340156 ) ) ;
#9185 = EDGE_CURVE ( 'NONE', #6805, #1611, #8400, .T. ) ;
#9186 = CIRCLE ( 'NONE', #2860, 12.90484428405769712 ) ;
#9187 = CARTESIAN_POINT ( 'NONE',  ( 73.23455810546870737, 110.9465026855470029, 203.7207935539339871 ) ) ;
#9188 = AXIS2_PLACEMENT_3D ( 'NONE', #6963, #7071, #3670 ) ;
#9189 = VECTOR ( 'NONE', #5011, 1000.000000000000000 ) ;
#9190 = ADVANCED_FACE ( 'NONE', ( #11443 ), #4401, .T. ) ;
#9191 = AXIS2_PLACEMENT_3D ( 'NONE', #7094, #258, #6413 ) ;
#9192 = AXIS2_PLACEMENT_3D ( 'NONE', #5182, #284, #5686 ) ;
#9193 = VECTOR ( 'NONE', #8887, 1000.000000000000000 ) ;
#9194 = CARTESIAN_POINT ( 'NONE',  ( 107.6644190607609914, 94.42653656005860796, 208.7207935539339871 ) ) ;
#9195 = AXIS2_PLACEMENT_3D ( 'NONE', #3232, #6769, #7530 ) ;
#9196 = DIRECTION ( 'NONE',  ( 0.000000000000000000, 1.000000000000000000, 0.000000000000000000 ) ) ;
#9197 = ORIENTED_EDGE ( 'NONE', *, *, #10609, .F. ) ;
#9198 = VERTEX_POINT ( 'NONE', #3466 ) ;
#9199 = ORIENTED_EDGE ( 'NONE', *, *, #8720, .T. ) ;
#9200 = CARTESIAN_POINT ( 'NONE',  ( 115.5181131330113544, 73.19679596977340452, 208.6705326700817977 ) ) ;
#9201 = VECTOR ( 'NONE', #8946, 1000.000000000000000 ) ;
#9202 = DIRECTION ( 'NONE',  ( 0.000000000000000000, 0.000000000000000000, -1.000000000000000000 ) ) ;
#9203 = AXIS2_PLACEMENT_3D ( 'NONE', #9977, #8925, #10791 ) ;
#9204 = CIRCLE ( 'NONE', #4942, 15.90485382080081322 ) ;
#9205 = VECTOR ( 'NONE', #11220, 1000.000000000000000 ) ;
#9206 = CARTESIAN_POINT ( 'NONE',  ( -286.0342410026213429, 58.85476098170986603, 185.2099366128212807 ) ) ;
#9207 = EDGE_CURVE ( 'NONE', #8667, #4218, #28, .T. ) ;
#9208 = CARTESIAN_POINT ( 'NONE',  ( 287.3835175792339669, 66.22182881545066380, 158.7211291683081242 ) ) ;
#9209 = CARTESIAN_POINT ( 'NONE',  ( 114.4864806570913061, 76.52169227600100498, 203.7207935539339871 ) ) ;
#9210 = DIRECTION ( 'NONE',  ( 1.000000000000000000, -3.372392848055450117E-16, 0.000000000000000000 ) ) ;
#9211 = EDGE_LOOP ( 'NONE', ( #1971, #6886, #7388, #1152, #3878, #5812 ) ) ;
#9212 = ORIENTED_EDGE ( 'NONE', *, *, #1166, .T. ) ;
#9213 = ORIENTED_EDGE ( 'NONE', *, *, #2603, .F. ) ;
#9214 = DIRECTION ( 'NONE',  ( -1.000000000000000000, -7.105427357601000281E-15, 0.000000000000000000 ) ) ;
#9215 = AXIS2_PLACEMENT_3D ( 'NONE', #10780, #4735, #5424 ) ;
#9216 = ORIENTED_EDGE ( 'NONE', *, *, #7866, .F. ) ;
#9217 = CARTESIAN_POINT ( 'NONE',  ( 288.5638654635521902, 122.0395267274126638, 158.7207935539340156 ) ) ;
#9218 = CARTESIAN_POINT ( 'NONE',  ( 267.5316238403320312, 76.52169227600100498, 208.7207935539339871 ) ) ;
#9219 = LINE ( 'NONE', #4966, #7757 ) ;
#9220 = AXIS2_PLACEMENT_3D ( 'NONE', #11078, #11308, #7667 ) ;
#9221 = CARTESIAN_POINT ( 'NONE',  ( -288.2334558668152340, 97.04801363101711331, 208.4212768241572746 ) ) ;
#9222 = TOROIDAL_SURFACE ( 'NONE', #4208, 15.90484874797840043, 3.000000000000000000 ) ;
#9223 = CARTESIAN_POINT ( 'NONE',  ( 80.65757751464849434, 94.42653656005860796, 208.7207935539339871 ) ) ;
#9224 = EDGE_CURVE ( 'NONE', #10511, #7922, #3401, .T. ) ;
#9225 = VERTEX_POINT ( 'NONE', #1540 ) ;
#9226 = PLANE ( 'NONE',  #9003 ) ;
#9227 = EDGE_LOOP ( 'NONE', ( #9963, #1472, #7685, #1471, #2528 ) ) ;
#9228 = LINE ( 'NONE', #9399, #9889 ) ;
#9229 = CARTESIAN_POINT ( 'NONE',  ( -31.93326525366059343, 128.8515090942379970, 203.7207935539339871 ) ) ;
#9230 = ORIENTED_EDGE ( 'NONE', *, *, #4340, .T. ) ;
#9231 = CARTESIAN_POINT ( 'NONE',  ( -185.8610559998539884, 76.52168743035018394, 203.7207935539339871 ) ) ;
#9232 = DIRECTION ( 'NONE',  ( 0.000000000000000000, 0.000000000000000000, -1.000000000000000000 ) ) ;
#9233 = DIRECTION ( 'NONE',  ( 0.000000000000000000, 0.000000000000000000, -1.000000000000000000 ) ) ;
#9234 = ORIENTED_EDGE ( 'NONE', *, *, #2230, .T. ) ;
#9235 = FACE_OUTER_BOUND ( 'NONE', #2984, .T. ) ;
#9236 = CARTESIAN_POINT ( 'NONE',  ( 93.73929179534680145, 136.8167928041949040, 208.2795369371474408 ) ) ;
#9237 = ADVANCED_FACE ( 'NONE', ( #10387 ), #4511, .T. ) ;
#9238 = CARTESIAN_POINT ( 'NONE',  ( -218.8657760620120314, 35.02563476562500000, 143.7207935539339871 ) ) ;
#9239 = ORIENTED_EDGE ( 'NONE', *, *, #5255, .F. ) ;
#9240 = DIRECTION ( 'NONE',  ( 4.249959705869245232E-15, -3.464102061753039993E-07, -0.9999999999999400480 ) ) ;
#9241 = CARTESIAN_POINT ( 'NONE',  ( -288.8088625856842668, 60.82491850251611964, 158.7230708195399416 ) ) ;
#9242 = ORIENTED_EDGE ( 'NONE', *, *, #3443, .F. ) ;
#9243 = CARTESIAN_POINT ( 'NONE',  ( -269.8896011036019900, 76.52169227600100498, 158.7207935539340156 ) ) ;
#9244 = CARTESIAN_POINT ( 'NONE',  ( -152.7366447448729900, 9.215927124023419736, 155.7207935539340156 ) ) ;
#9245 = DIRECTION ( 'NONE',  ( 0.000000000000000000, 0.000000000000000000, -1.000000000000000000 ) ) ;
#9246 = EDGE_CURVE ( 'NONE', #5429, #3219, #7626, .T. ) ;
#9247 = LINE ( 'NONE', #10769, #6186 ) ;
#9248 = AXIS2_PLACEMENT_3D ( 'NONE', #9070, #10064, #1109 ) ;
#9249 = DIRECTION ( 'NONE',  ( 1.000000000000000000, 0.000000000000000000, 0.000000000000000000 ) ) ;
#9250 = VERTEX_POINT ( 'NONE', #9096 ) ;
#9251 = VERTEX_POINT ( 'NONE', #3580 ) ;
#9252 = EDGE_LOOP ( 'NONE', ( #6128, #11388, #2486, #11379, #10708, #7025 ) ) ;
#9253 = DIRECTION ( 'NONE',  ( 0.000000000000000000, 0.000000000000000000, -1.000000000000000000 ) ) ;
#9254 = ADVANCED_FACE ( 'NONE', ( #5432 ), #2758, .T. ) ;
#9255 = AXIS2_PLACEMENT_3D ( 'NONE', #526, #10183, #3082 ) ;
#9256 = AXIS2_PLACEMENT_3D ( 'NONE', #7395, #3922, #3871 ) ;
#9257 = DIRECTION ( 'NONE',  ( -1.000000000000000000, -2.036635194594239902E-16, 0.000000000000000000 ) ) ;
#9258 = CARTESIAN_POINT ( 'NONE',  ( -285.7244439558550084, 59.07246415508239323, 186.7207935539340156 ) ) ;
#9259 = CARTESIAN_POINT ( 'NONE',  ( 283.8209915161129970, 83.95405055312791376, 208.7207935539339871 ) ) ;
#9260 = EDGE_CURVE ( 'NONE', #9940, #6820, #8006, .T. ) ;
#9261 = CYLINDRICAL_SURFACE ( 'NONE', #10280, 5.000000000000012434 ) ;
#9262 = DIRECTION ( 'NONE',  ( 0.000000000000000000, 0.000000000000000000, -1.000000000000000000 ) ) ;
#9263 = ORIENTED_EDGE ( 'NONE', *, *, #4702, .F. ) ;
#9264 = ORIENTED_EDGE ( 'NONE', *, *, #288, .F. ) ;
#9265 = ORIENTED_EDGE ( 'NONE', *, *, #5263, .T. ) ;
#9266 = CARTESIAN_POINT ( 'NONE',  ( -218.8657760620120314, 38.02563476562500000, 155.7207935539340156 ) ) ;
#9267 = ORIENTED_EDGE ( 'NONE', *, *, #2917, .F. ) ;
#9268 = CARTESIAN_POINT ( 'NONE',  ( 193.2578371301650293, 97.82986802856252950, 208.5386201858095490 ) ) ;
#9269 = EDGE_CURVE ( 'NONE', #3820, #4680, #10434, .T. ) ;
#9270 = EDGE_CURVE ( 'NONE', #11206, #1814, #9130, .T. ) ;
#9271 = CARTESIAN_POINT ( 'NONE',  ( -22.72649754606780093, 88.02577972412109375, 183.7207935539340156 ) ) ;
#9272 = CARTESIAN_POINT ( 'NONE',  ( 80.65757751464838066, 89.42653656005859375, 158.7207935539340156 ) ) ;
#9273 = LINE ( 'NONE', #3976, #6958 ) ;
#9274 = AXIS2_PLACEMENT_3D ( 'NONE', #3430, #10533, #2553 ) ;
#9275 = CARTESIAN_POINT ( 'NONE',  ( -195.0010684664148357, 97.21510147052512707, 208.7207935539339871 ) ) ;
#9276 = ORIENTED_EDGE ( 'NONE', *, *, #4841, .F. ) ;
#9277 = ORIENTED_EDGE ( 'NONE', *, *, #6636, .F. ) ;
#9278 = LINE ( 'NONE', #4918, #5105 ) ;
#9279 = EDGE_LOOP ( 'NONE', ( #3076, #1326, #9091, #4923 ) ) ;
#9280 = CARTESIAN_POINT ( 'NONE',  ( 216.5078370686659923, 89.42653656005859375, 183.7207935539340156 ) ) ;
#9281 = CARTESIAN_POINT ( 'NONE',  ( 258.8209915161129970, 76.32125139236430300, 186.7207935539340156 ) ) ;
#9282 = VERTEX_POINT ( 'NONE', #4629 ) ;
#9283 = CARTESIAN_POINT ( 'NONE',  ( -165.6414876728306069, 76.52169227600100498, 203.7207935539339871 ) ) ;
#9284 = CARTESIAN_POINT ( 'NONE',  ( -196.4467563633663758, 98.66131964795498277, 207.9885605069003702 ) ) ;
#9285 = CARTESIAN_POINT ( 'NONE',  ( -288.6789894103999927, 101.2175338996189851, 205.5186497902789995 ) ) ;
#9286 = AXIS2_PLACEMENT_3D ( 'NONE', #7496, #11080, #6630 ) ;
#9287 = EDGE_CURVE ( 'NONE', #9819, #658, #7822, .T. ) ;
#9288 = ORIENTED_EDGE ( 'NONE', *, *, #10776, .T. ) ;
#9289 = DIRECTION ( 'NONE',  ( -0.5310885545960915000, -0.8473163206129304958, 0.000000000000000000 ) ) ;
#9290 = EDGE_CURVE ( 'NONE', #6365, #582, #4117, .T. ) ;
#9291 = CARTESIAN_POINT ( 'NONE',  ( -45.45299509213570133, 62.21578598022459516, 183.7207935539340156 ) ) ;
#9292 = CARTESIAN_POINT ( 'NONE',  ( 98.64490526956279837, 38.02563291343319918, 158.7207935539340156 ) ) ;
#9293 = ORIENTED_EDGE ( 'NONE', *, *, #10787, .T. ) ;
#9294 = DIRECTION ( 'NONE',  ( 1.000000000000000000, 0.000000000000000000, 0.000000000000000000 ) ) ;
#9295 = CARTESIAN_POINT ( 'NONE',  ( -70.11071205139160156, 76.52169227600103341, 203.7207935539339871 ) ) ;
#9296 = ORIENTED_EDGE ( 'NONE', *, *, #1518, .T. ) ;
#9297 = DIRECTION ( 'NONE',  ( -2.775557561562950516E-15, 1.000000000000000000, 0.000000000000000000 ) ) ;
#9298 = CARTESIAN_POINT ( 'NONE',  ( 166.9408840165909851, 73.35441040261424916, 208.6108981340277637 ) ) ;
#9299 = DIRECTION ( 'NONE',  ( 0.000000000000000000, 0.000000000000000000, -1.000000000000000000 ) ) ;
#9300 = ADVANCED_FACE ( 'NONE', ( #1187 ), #8036, .F. ) ;
#9301 = ORIENTED_EDGE ( 'NONE', *, *, #9246, .T. ) ;
#9302 = CARTESIAN_POINT ( 'NONE',  ( -30.26300430297849786, 110.9465026855470029, 203.7207935539339871 ) ) ;
#9303 = LINE ( 'NONE', #2210, #2012 ) ;
#9304 = ORIENTED_EDGE ( 'NONE', *, *, #4562, .T. ) ;
#9305 = ORIENTED_EDGE ( 'NONE', *, *, #7814, .T. ) ;
#9306 = B_SPLINE_CURVE_WITH_KNOTS ( 'NONE', 3,
 ( #9005, #7417, #10761, #2145, #3840, #9241, #3667, #173, #9180, #3773, #3719, #7299, #9122, #10994, #293, #10816, #6549, #7361, #4653, #6378, #4713, #9943, #1159, #10941, #5520, #2959, #6494, #9067, #5694 ),
 .UNSPECIFIED., .F., .F.,
 ( 4, 2, 2, 2, 2, 2, 2, 2, 1, 1, 1, 1, 1, 2, 2, 2, 4 ),
 ( 0.000000000000000000, 0.1249999999999926725, 0.1874999999999896194, 0.2187499999999880929, 0.2343749999999875933, 0.2499999999999871214, 0.3749999999999797939, 0.4374999999999749090, 0.4687499999999705236, 0.4843749999999716338, 0.4921874999999756306, 0.4960937499999776290, 0.4980468749999800160, 0.4990234374999797939, 0.4999999999999795719, 0.7499999999999897859, 1.000000000000000000 ),
 .UNSPECIFIED. ) ;
#9307 = CARTESIAN_POINT ( 'NONE',  ( 115.5181150157409746, 77.66952899702202728, 208.6132091689500783 ) ) ;
#9308 = ADVANCED_FACE ( 'NONE', ( #5379 ), #9038, .T. ) ;
#9309 = AXIS2_PLACEMENT_3D ( 'NONE', #337, #2017, #9108 ) ;
#9310 = EDGE_CURVE ( 'NONE', #4029, #9721, #6242, .T. ) ;
#9311 = LINE ( 'NONE', #419, #4361 ) ;
#9312 = VECTOR ( 'NONE', #7115, 1000.000000000000000 ) ;
#9313 = CARTESIAN_POINT ( 'NONE',  ( -287.5365173306090583, 57.79906878806650639, 183.7988755239290697 ) ) ;
#9314 = LINE ( 'NONE', #3204, #10712 ) ;
#9315 = EDGE_CURVE ( 'NONE', #7699, #866, #5598, .T. ) ;
#9316 = DIRECTION ( 'NONE',  ( 0.000000000000000000, 0.000000000000000000, 1.000000000000000000 ) ) ;
#9317 = DIRECTION ( 'NONE',  ( 1.000000000000000000, -1.188474749415029953E-15, 0.000000000000000000 ) ) ;
#9318 = VERTEX_POINT ( 'NONE', #10849 ) ;
#9319 = AXIS2_PLACEMENT_3D ( 'NONE', #8387, #9324, #11142 ) ;
#9320 = VERTEX_POINT ( 'NONE', #8923 ) ;
#9321 = VERTEX_POINT ( 'NONE', #4510 ) ;
#9322 = DIRECTION ( 'NONE',  ( 0.000000000000000000, 0.000000000000000000, -1.000000000000000000 ) ) ;
#9323 = ORIENTED_EDGE ( 'NONE', *, *, #1141, .F. ) ;
#9324 = DIRECTION ( 'NONE',  ( 0.000000000000000000, 0.000000000000000000, -1.000000000000000000 ) ) ;
#9325 = CARTESIAN_POINT ( 'NONE',  ( -168.6414985656737997, 22.12078094482420099, 158.7207935539340156 ) ) ;
#9326 = CARTESIAN_POINT ( 'NONE',  ( -117.8761138988006678, 73.10103054048069282, 208.6731808813326268 ) ) ;
#9327 = DIRECTION ( 'NONE',  ( 0.000000000000000000, 0.000000000000000000, -1.000000000000000000 ) ) ;
#9328 = CIRCLE ( 'NONE', #5054, 3.000000000000007994 ) ;
#9329 = EDGE_CURVE ( 'NONE', #11106, #2227, #10778, .T. ) ;
#9330 = ADVANCED_FACE ( 'NONE', ( #1884 ), #11000, .T. ) ;
#9331 = CARTESIAN_POINT ( 'NONE',  ( 194.8209915161130255, 146.4271501097099986, 167.7130177981149757 ) ) ;
#9332 = ORIENTED_EDGE ( 'NONE', *, *, #10538, .F. ) ;
#9333 = ORIENTED_EDGE ( 'NONE', *, *, #10342, .T. ) ;
#9334 = LINE ( 'NONE', #8396, #8816 ) ;
#9335 = ORIENTED_EDGE ( 'NONE', *, *, #11332, .T. ) ;
#9336 = DIRECTION ( 'NONE',  ( 0.000000000000000000, -1.000000000000000000, 0.000000000000000000 ) ) ;
#9337 = CARTESIAN_POINT ( 'NONE',  ( 80.65757751464829539, 76.52169227600100498, 203.7207935539339871 ) ) ;
#9338 = ORIENTED_EDGE ( 'NONE', *, *, #7863, .F. ) ;
#9339 = DIRECTION ( 'NONE',  ( 1.000000000000000000, -2.589670037770049879E-17, 0.000000000000000000 ) ) ;
#9340 = CARTESIAN_POINT ( 'NONE',  ( -289.3508921655618451, 123.7770500764999753, 183.7207935539339871 ) ) ;
#9341 = AXIS2_PLACEMENT_3D ( 'NONE', #1827, #7208, #10782 ) ;
#9342 = LINE ( 'NONE', #11105, #6826 ) ;
#9343 = ORIENTED_EDGE ( 'NONE', *, *, #66, .T. ) ;
#9344 = DIRECTION ( 'NONE',  ( 6.519917093474220715E-16, -1.000000000000000000, 0.000000000000000000 ) ) ;
#9345 = ADVANCED_FACE ( 'NONE', ( #3042 ), #11374, .T. ) ;
#9346 = CARTESIAN_POINT ( 'NONE',  ( -101.0029029846149911, 35.02563291343309970, 155.7207935539340156 ) ) ;
#9347 = CARTESIAN_POINT ( 'NONE',  ( -50.50144195556649862, 89.42653656005859375, 183.7207935539340156 ) ) ;
#9348 = CARTESIAN_POINT ( 'NONE',  ( 80.65757751464829539, 76.52169227600100498, 158.7207935539340156 ) ) ;
#9349 = VERTEX_POINT ( 'NONE', #10207 ) ;
#9350 = CYLINDRICAL_SURFACE ( 'NONE', #8177, 2.999999999999994227 ) ;
#9351 = DIRECTION ( 'NONE',  ( 1.000000000000000000, -3.894295420493990102E-17, -3.894295420493974695E-17 ) ) ;
#9352 = ORIENTED_EDGE ( 'NONE', *, *, #7534, .F. ) ;
#9353 = EDGE_CURVE ( 'NONE', #351, #3692, #6336, .T. ) ;
#9354 = CARTESIAN_POINT ( 'NONE',  ( -198.7659039148544764, 76.52168707601310871, 158.7207935539340156 ) ) ;
#9355 = LINE ( 'NONE', #1393, #2497 ) ;
#9356 = VECTOR ( 'NONE', #457, 1000.000000000000000 ) ;
#9357 = FACE_OUTER_BOUND ( 'NONE', #4075, .T. ) ;
#9358 = VERTEX_POINT ( 'NONE', #4034 ) ;
#9359 = AXIS2_PLACEMENT_3D ( 'NONE', #10366, #9316, #7730 ) ;
#9360 = ORIENTED_EDGE ( 'NONE', *, *, #8834, .F. ) ;
#9361 = CYLINDRICAL_SURFACE ( 'NONE', #1751, 12.90485361670298836 ) ;
#9362 = CIRCLE ( 'NONE', #7301, 12.90484428405759587 ) ;
#9363 = ADVANCED_FACE ( 'NONE', ( #551 ), #6524, .T. ) ;
#9364 = CARTESIAN_POINT ( 'NONE',  ( 94.65692456833890844, 137.7344255771870110, 207.1115330082739661 ) ) ;
#9365 = CIRCLE ( 'NONE', #6926, 12.90484428405769712 ) ;
#9366 = ORIENTED_EDGE ( 'NONE', *, *, #10415, .F. ) ;
#9367 = VECTOR ( 'NONE', #1162, 1000.000000000000000 ) ;
#9368 = DIRECTION ( 'NONE',  ( 1.000000000000000000, -2.318449469649669936E-17, 0.000000000000000000 ) ) ;
#9369 = LINE ( 'NONE', #6508, #11418 ) ;
#9370 = AXIS2_PLACEMENT_3D ( 'NONE', #1713, #11273, #3341 ) ;
#9371 = CIRCLE ( 'NONE', #7684, 12.90500640869139737 ) ;
#9372 = CIRCLE ( 'NONE', #4372, 4.999999999999900524 ) ;
#9373 = FACE_OUTER_BOUND ( 'NONE', #3114, .T. ) ;
#9374 = CARTESIAN_POINT ( 'NONE',  ( 288.8209915161129970, 160.0000188689220124, 123.7207936689849959 ) ) ;
#9375 = LINE ( 'NONE', #7669, #2401 ) ;
#9376 = EDGE_CURVE ( 'NONE', #10499, #9634, #378, .T. ) ;
#9377 = EDGE_LOOP ( 'NONE', ( #11342, #5950, #546, #5875 ) ) ;
#9378 = ORIENTED_EDGE ( 'NONE', *, *, #8105, .F. ) ;
#9379 = ORIENTED_EDGE ( 'NONE', *, *, #1283, .T. ) ;
#9380 = LINE ( 'NONE', #10033, #6954 ) ;
#9381 = CIRCLE ( 'NONE', #2323, 3.000000000000002665 ) ;
#9382 = ORIENTED_EDGE ( 'NONE', *, *, #8023, .F. ) ;
#9383 = DIRECTION ( 'NONE',  ( 1.000000000000000000, 0.000000000000000000, 0.000000000000000000 ) ) ;
#9384 = AXIS2_PLACEMENT_3D ( 'NONE', #3698, #1948, #1080 ) ;
#9385 = AXIS2_PLACEMENT_3D ( 'NONE', #10341, #7641, #4107 ) ;
#9386 = DIRECTION ( 'NONE',  ( 0.000000000000000000, 0.000000000000000000, -1.000000000000000000 ) ) ;
#9387 = VECTOR ( 'NONE', #8135, 1000.000000000000000 ) ;
#9388 = EDGE_CURVE ( 'NONE', #6768, #3837, #3972, .T. ) ;
#9389 = CARTESIAN_POINT ( 'NONE',  ( -117.8761103101919474, 75.94778589934922763, 208.6132126426211642 ) ) ;
#9390 = CARTESIAN_POINT ( 'NONE',  ( -269.8896011046559806, 62.15238189787612555, 207.2563274598667533 ) ) ;
#9391 = AXIS2_PLACEMENT_3D ( 'NONE', #9603, #7130, #9661 ) ;
#9392 = AXIS2_PLACEMENT_3D ( 'NONE', #8620, #722, #1529 ) ;
#9393 = LINE ( 'NONE', #1480, #6726 ) ;
#9394 = EDGE_CURVE ( 'NONE', #2175, #2322, #10091, .T. ) ;
#9395 = VERTEX_POINT ( 'NONE', #9437 ) ;
#9396 = VERTEX_POINT ( 'NONE', #2111 ) ;
#9397 = DIRECTION ( 'NONE',  ( 0.000000000000000000, 0.000000000000000000, -1.000000000000000000 ) ) ;
#9398 = EDGE_LOOP ( 'NONE', ( #429, #5603, #4786, #1621 ) ) ;
#9399 = CARTESIAN_POINT ( 'NONE',  ( -282.3921928459963624, 55.10804795676806833, 183.7207935539340156 ) ) ;
#9400 = DIRECTION ( 'NONE',  ( 0.000000000000000000, 0.000000000000000000, -1.000000000000000000 ) ) ;
#9401 = ORIENTED_EDGE ( 'NONE', *, *, #2641, .T. ) ;
#9402 = DIRECTION ( 'NONE',  ( 0.000000000000000000, 0.000000000000000000, -1.000000000000000000 ) ) ;
#9403 = CARTESIAN_POINT ( 'NONE',  ( -135.5343000258999950, 90.89100265412585600, 207.2563274598667533 ) ) ;
#9404 = EDGE_CURVE ( 'NONE', #6523, #6166, #1473, .T. ) ;
#9405 = CARTESIAN_POINT ( 'NONE',  ( -196.5440377493686981, 117.6996686611357177, 207.8912791208979911 ) ) ;
#9406 = AXIS2_PLACEMENT_3D ( 'NONE', #5480, #9142, #10838 ) ;
#9407 = VERTEX_POINT ( 'NONE', #7443 ) ;
#9408 = CARTESIAN_POINT ( 'NONE',  ( -76.36832169484550548, 89.42653656005849427, 158.7207935539340156 ) ) ;
#9409 = CARTESIAN_POINT ( 'NONE',  ( -134.7493367092509970, 89.42653656005859375, 158.7207935539340156 ) ) ;
#9410 = DIRECTION ( 'NONE',  ( -1.000000000000000000, -4.342824285326370048E-16, 2.991839073662610075E-16 ) ) ;
#9411 = DIRECTION ( 'NONE',  ( 0.000000000000000000, 0.000000000000000000, 1.000000000000000000 ) ) ;
#9412 = EDGE_LOOP ( 'NONE', ( #8059, #9687, #2890, #1525 ) ) ;
#9413 = DIRECTION ( 'NONE',  ( -1.000000000000000000, -1.104968027632495817E-16, 1.104968027632493845E-16 ) ) ;
#9414 = LINE ( 'NONE', #4939, #2991 ) ;
#9415 = EDGE_LOOP ( 'NONE', ( #10373, #7032, #4497, #1060 ) ) ;
#9416 = CARTESIAN_POINT ( 'NONE',  ( 98.64489001653309685, 22.12077956539260271, 155.7207935539340156 ) ) ;
#9417 = FACE_OUTER_BOUND ( 'NONE', #11481, .T. ) ;
#9418 = EDGE_CURVE ( 'NONE', #5846, #954, #3753, .T. ) ;
#9419 = CYLINDRICAL_SURFACE ( 'NONE', #2019, 12.90484428405759587 ) ;
#9420 = ORIENTED_EDGE ( 'NONE', *, *, #7544, .T. ) ;
#9421 = CYLINDRICAL_SURFACE ( 'NONE', #8026, 5.000000000000012434 ) ;
#9422 = CARTESIAN_POINT ( 'NONE',  ( 194.0581480874770079, 98.63017898587490606, 208.0186497902789995 ) ) ;
#9423 = ORIENTED_EDGE ( 'NONE', *, *, #6733, .T. ) ;
#9424 = DIRECTION ( 'NONE',  ( 0.000000000000000000, 0.000000000000000000, -1.000000000000000000 ) ) ;
#9425 = DIRECTION ( 'NONE',  ( -1.000000000000000000, -1.690036120998889850E-16, 0.000000000000000000 ) ) ;
#9426 = SURFACE_STYLE_FILL_AREA ( #11185 ) ;
#9427 = EDGE_CURVE ( 'NONE', #8790, #10487, #4964, .T. ) ;
#9428 = AXIS2_PLACEMENT_3D ( 'NONE', #4586, #5443, #7171 ) ;
#9429 = CARTESIAN_POINT ( 'NONE',  ( -121.8444924251933941, 76.52169263033799496, 158.7207935539340156 ) ) ;
#9430 = DIRECTION ( 'NONE',  ( -1.000000000000000000, -2.357670551379990086E-15, 0.000000000000000000 ) ) ;
#9431 = ORIENTED_EDGE ( 'NONE', *, *, #1071, .T. ) ;
#9432 = ORIENTED_EDGE ( 'NONE', *, *, #9185, .T. ) ;
#9433 = ORIENTED_EDGE ( 'NONE', *, *, #6386, .F. ) ;
#9434 = AXIS2_PLACEMENT_3D ( 'NONE', #9976, #3811, #9915 ) ;
#9435 = CIRCLE ( 'NONE', #4433, 3.000000000000000888 ) ;
#9436 = ORIENTED_EDGE ( 'NONE', *, *, #5578, .F. ) ;
#9437 = CARTESIAN_POINT ( 'NONE',  ( -218.8657760620120314, 9.215927124023419736, 143.7207935539339871 ) ) ;
#9438 = CIRCLE ( 'NONE', #1510, 4.999999999999997335 ) ;
#9439 = DIRECTION ( 'NONE',  ( -3.259958546737109864E-16, 1.000000000000000000, 3.259958546737109864E-16 ) ) ;
#9440 = CARTESIAN_POINT ( 'NONE',  ( -218.8657760620120314, 9.215927124023419736, 158.7207935539340156 ) ) ;
#9441 = ADVANCED_FACE ( 'NONE', ( #432 ), #3212, .T. ) ;
#9442 = DIRECTION ( 'NONE',  ( 1.000000000000000000, 0.000000000000000000, 0.000000000000000000 ) ) ;
#9443 = CIRCLE ( 'NONE', #8513, 4.999999999999893419 ) ;
#9444 = CARTESIAN_POINT ( 'NONE',  ( -261.1789894103999359, 76.32125139236450195, 183.7207935539340156 ) ) ;
#9445 = ORIENTED_EDGE ( 'NONE', *, *, #5917, .T. ) ;
#9446 = ORIENTED_EDGE ( 'NONE', *, *, #4024, .F. ) ;
#9447 = FACE_BOUND ( 'NONE', #5739, .T. ) ;
#9448 = ORIENTED_EDGE ( 'NONE', *, *, #9967, .F. ) ;
#9449 = LINE ( 'NONE', #4156, #4691 ) ;
#9450 = CARTESIAN_POINT ( 'NONE',  ( 286.3755255649210198, 63.97203097781829939, 186.0517147346710090 ) ) ;
#9451 = ORIENTED_EDGE ( 'NONE', *, *, #4604, .F. ) ;
#9452 = CARTESIAN_POINT ( 'NONE',  ( 200.0055239799104640, 73.71164087175017698, 208.5830554954050626 ) ) ;
#9453 = DIRECTION ( 'NONE',  ( 0.000000000000000000, 0.000000000000000000, -1.000000000000000000 ) ) ;
#9454 = DIRECTION ( 'NONE',  ( 0.000000000000000000, -1.000000000000000000, 0.000000000000000000 ) ) ;
#9455 = AXIS2_PLACEMENT_3D ( 'NONE', #10588, #6318, #9719 ) ;
#9456 = EDGE_CURVE ( 'NONE', #11081, #4140, #1269, .T. ) ;
#9457 = VERTEX_POINT ( 'NONE', #4853 ) ;
#9458 = CARTESIAN_POINT ( 'NONE',  ( -40.43682098388670454, 35.90431442206534740, 157.8421138974936468 ) ) ;
#9459 = DIRECTION ( 'NONE',  ( 0.000000000000000000, 0.000000000000000000, -1.000000000000000000 ) ) ;
#9460 = DIRECTION ( 'NONE',  ( 0.000000000000000000, 0.000000000000000000, 1.000000000000000000 ) ) ;
#9461 = EDGE_CURVE ( 'NONE', #6741, #5005, #4314, .T. ) ;
#9462 = DIRECTION ( 'NONE',  ( -1.000000000000000000, 0.000000000000000000, 0.000000000000000000 ) ) ;
#9463 = ORIENTED_EDGE ( 'NONE', *, *, #8193, .T. ) ;
#9464 = CARTESIAN_POINT ( 'NONE',  ( -134.7493367092509970, 76.52169227600100498, 208.7207935539339871 ) ) ;
#9465 = ORIENTED_EDGE ( 'NONE', *, *, #1831, .T. ) ;
#9466 = DIRECTION ( 'NONE',  ( 0.000000000000000000, 0.000000000000000000, -1.000000000000000000 ) ) ;
#9467 = ORIENTED_EDGE ( 'NONE', *, *, #10889, .F. ) ;
#9468 = AXIS2_PLACEMENT_3D ( 'NONE', #2337, #7788, #4083 ) ;
#9469 = DIRECTION ( 'NONE',  ( 0.7071067811865484609, -0.7071067811865465735, 0.000000000000000000 ) ) ;
#9470 = CARTESIAN_POINT ( 'NONE',  ( -62.68753156123731429, 110.9465026855470029, 158.7207935539340156 ) ) ;
#9471 = FACE_OUTER_BOUND ( 'NONE', #7736, .T. ) ;
#9472 = ORIENTED_EDGE ( 'NONE', *, *, #10472, .T. ) ;
#9473 = EDGE_CURVE ( 'NONE', #5808, #7708, #3866, .T. ) ;
#9474 = EDGE_CURVE ( 'NONE', #6816, #5675, #10259, .T. ) ;
#9475 = FACE_OUTER_BOUND ( 'NONE', #4625, .T. ) ;
#9476 = ADVANCED_FACE ( 'NONE', ( #7391 ), #5818, .F. ) ;
#9477 = ORIENTED_EDGE ( 'NONE', *, *, #3426, .F. ) ;
#9478 = ORIENTED_EDGE ( 'NONE', *, *, #3291, .T. ) ;
#9479 = AXIS2_PLACEMENT_3D ( 'NONE', #3217, #5837, #8739 ) ;
#9480 = CARTESIAN_POINT ( 'NONE',  ( -269.8896026611329830, 35.90431442206535451, 157.8421138974936468 ) ) ;
#9481 = CARTESIAN_POINT ( 'NONE',  ( -67.11072929121860398, 22.12078129034019724, 155.7207935539340156 ) ) ;
#9482 = CARTESIAN_POINT ( 'NONE',  ( -62.68753156123731429, 110.9465026855470029, 183.7207935539340156 ) ) ;
#9483 = DIRECTION ( 'NONE',  ( 0.000000000000000000, 0.000000000000000000, 1.000000000000000000 ) ) ;
#9484 = DIRECTION ( 'NONE',  ( 1.000000000000000000, -1.188474749415029953E-15, 0.000000000000000000 ) ) ;
#9485 = CARTESIAN_POINT ( 'NONE',  ( -269.8896011046559806, 58.61684799194339490, 203.7207935539339871 ) ) ;
#9486 = ORIENTED_EDGE ( 'NONE', *, *, #138, .F. ) ;
#9487 = ORIENTED_EDGE ( 'NONE', *, *, #8457, .T. ) ;
#9488 = EDGE_LOOP ( 'NONE', ( #10902, #3579, #1558 ) ) ;
#9489 = ORIENTED_EDGE ( 'NONE', *, *, #7606, .F. ) ;
#9490 = CARTESIAN_POINT ( 'NONE',  ( -218.8657760620120314, 9.215927124023419736, 158.7207935539340156 ) ) ;
#9491 = CIRCLE ( 'NONE', #9121, 17.90484428405758521 ) ;
#9492 = AXIS2_PLACEMENT_3D ( 'NONE', #9243, #8359, #524 ) ;
#9493 = CARTESIAN_POINT ( 'NONE',  ( -290.5120024005752839, 100.6623124045493256, 204.9440291620272205 ) ) ;
#9494 = DIRECTION ( 'NONE',  ( 0.000000000000000000, 1.000000000000000000, 0.000000000000000000 ) ) ;
#9495 = VECTOR ( 'NONE', #6819, 1000.000000000000000 ) ;
#9496 = AXIS2_PLACEMENT_3D ( 'NONE', #8637, #1542, #11499 ) ;
#9497 = CYLINDRICAL_SURFACE ( 'NONE', #8548, 12.90485382080079901 ) ;
#9498 = VERTEX_POINT ( 'NONE', #1644 ) ;
#9499 = ORIENTED_EDGE ( 'NONE', *, *, #7399, .F. ) ;
#9500 = DIRECTION ( 'NONE',  ( 0.9999999999999995559, 2.745767245451495601E-08, 0.000000000000000000 ) ) ;
#9501 = EDGE_CURVE ( 'NONE', #2223, #2622, #3379, .T. ) ;
#9502 = ORIENTED_EDGE ( 'NONE', *, *, #2661, .F. ) ;
#9503 = DIRECTION ( 'NONE',  ( 0.9999999999999982236, 5.974482312985478612E-08, 0.000000000000000000 ) ) ;
#9504 = DIRECTION ( 'NONE',  ( -1.000000000000000000, 2.948799262674744912E-18, 2.948799262674739905E-18 ) ) ;
#9505 = EDGE_LOOP ( 'NONE', ( #4336, #1131, #3683, #5865 ) ) ;
#9506 = CARTESIAN_POINT ( 'NONE',  ( 200.0054698517657812, 73.34613425332349834, 208.5983512004381453 ) ) ;
#9507 = DIRECTION ( 'NONE',  ( 1.000000000000000000, -3.632510143678719152E-17, 0.000000000000000000 ) ) ;
#9508 = VECTOR ( 'NONE', #2354, 1000.000000000000000 ) ;
#9509 = CARTESIAN_POINT ( 'NONE',  ( 94.27497874787417231, 117.7886075539282729, 207.7863162251972255 ) ) ;
#9510 = ORIENTED_EDGE ( 'NONE', *, *, #2775, .T. ) ;
#9511 = CARTESIAN_POINT ( 'NONE',  ( -101.0028839111329972, 76.52169227600100498, 203.7207935539339871 ) ) ;
#9512 = DIRECTION ( 'NONE',  ( 0.000000000000000000, 0.000000000000000000, -1.000000000000000000 ) ) ;
#9513 = FACE_OUTER_BOUND ( 'NONE', #4695, .T. ) ;
#9514 = CARTESIAN_POINT ( 'NONE',  ( -45.45299509106060043, 75.12078285217289420, 183.7207935539340156 ) ) ;
#9515 = ORIENTED_EDGE ( 'NONE', *, *, #8328, .T. ) ;
#9516 = EDGE_CURVE ( 'NONE', #10653, #9761, #2395, .T. ) ;
#9517 = CIRCLE ( 'NONE', #9341, 12.90500640869139737 ) ;
#9518 = DIRECTION ( 'NONE',  ( 0.000000000000000000, 0.000000000000000000, -1.000000000000000000 ) ) ;
#9519 = ORIENTED_EDGE ( 'NONE', *, *, #1088, .T. ) ;
#9520 = DIRECTION ( 'NONE',  ( 0.000000000000000000, 1.000000000000000000, 0.000000000000000000 ) ) ;
#9521 = VERTEX_POINT ( 'NONE', #8736 ) ;
#9522 = CARTESIAN_POINT ( 'NONE',  ( -62.68753156005781335, 96.57703018278830598, 207.2563274598667817 ) ) ;
#9523 = CARTESIAN_POINT ( 'NONE',  ( 166.9408770293939881, 75.99039290906260646, 208.5371495342991466 ) ) ;
#9524 = DIRECTION ( 'NONE',  ( -7.113514023918722135E-11, 1.000000000000000000, 0.000000000000000000 ) ) ;
#9525 = CIRCLE ( 'NONE', #4517, 15.90484874797840575 ) ;
#9526 = EDGE_LOOP ( 'NONE', ( #1318, #11038, #1869, #64, #10628, #2429 ) ) ;
#9527 = EDGE_CURVE ( 'NONE', #2096, #4041, #219, .T. ) ;
#9528 = DIRECTION ( 'NONE',  ( 0.000000000000000000, 0.000000000000000000, -1.000000000000000000 ) ) ;
#9529 = CARTESIAN_POINT ( 'NONE',  ( -185.8610559998519705, 22.12077808834190051, 158.7207935539340156 ) ) ;
#9530 = ADVANCED_FACE ( 'NONE', ( #10488 ), #4324, .T. ) ;
#9531 = VERTEX_POINT ( 'NONE', #2513 ) ;
#9532 = AXIS2_PLACEMENT_3D ( 'NONE', #1666, #11286, #1548 ) ;
#9533 = VERTEX_POINT ( 'NONE', #606 ) ;
#9534 = ADVANCED_FACE ( 'NONE', ( #2626 ), #8792, .F. ) ;
#9535 = CARTESIAN_POINT ( 'NONE',  ( -152.7366447448729900, 9.215927124023419736, 158.7207935539340156 ) ) ;
#9536 = CARTESIAN_POINT ( 'NONE',  ( -97.17898941040009220, 160.0000189074180241, 123.7207935680309987 ) ) ;
#9537 = ADVANCED_FACE ( 'NONE', ( #7030 ), #3389, .F. ) ;
#9538 = CARTESIAN_POINT ( 'NONE',  ( -109.4328880310060157, 63.61684799194339490, 183.7207935539340156 ) ) ;
#9539 = AXIS2_PLACEMENT_3D ( 'NONE', #2564, #8014, #5303 ) ;
#9540 = DIRECTION ( 'NONE',  ( -1.000000000000000000, 0.000000000000000000, 0.000000000000000000 ) ) ;
#9541 = AXIS2_PLACEMENT_3D ( 'NONE', #9722, #1747, #5296 ) ;
#9542 = DIRECTION ( 'NONE',  ( 0.9999999999999982236, -5.974482224770970270E-08, 1.749485260308541517E-16 ) ) ;
#9543 = CARTESIAN_POINT ( 'NONE',  ( 288.8209915161129970, 76.31311457647559848, 155.7225283289029960 ) ) ;
#9544 = ORIENTED_EDGE ( 'NONE', *, *, #369, .F. ) ;
#9545 = VERTEX_POINT ( 'NONE', #2573 ) ;
#9546 = ORIENTED_EDGE ( 'NONE', *, *, #2435, .F. ) ;
#9547 = ADVANCED_FACE ( 'NONE', ( #6112 ), #1528, .T. ) ;
#9548 = AXIS2_PLACEMENT_3D ( 'NONE', #4188, #6619, #7721 ) ;
#9549 = VERTEX_POINT ( 'NONE', #10374 ) ;
#9550 = CARTESIAN_POINT ( 'NONE',  ( 287.3715242252919779, 98.96093578246220090, 207.2709217018240224 ) ) ;
#9551 = AXIS2_PLACEMENT_3D ( 'NONE', #2652, #745, #2539 ) ;
#9552 = CARTESIAN_POINT ( 'NONE',  ( 132.3913249411490085, 76.52169227600100498, 183.7207935539340156 ) ) ;
#9553 = TOROIDAL_SURFACE ( 'NONE', #8621, 33.00000000000000000, 3.000000000000000000 ) ;
#9554 = EDGE_CURVE ( 'NONE', #8021, #6756, #2443, .T. ) ;
#9555 = CARTESIAN_POINT ( 'NONE',  ( -117.8761103101920042, 70.53189430591488929, 208.7207935539339871 ) ) ;
#9556 = AXIS2_PLACEMENT_3D ( 'NONE', #10635, #2546, #6197 ) ;
#9557 = VECTOR ( 'NONE', #3738, 1000.000000000000000 ) ;
#9558 = CARTESIAN_POINT ( 'NONE',  ( 150.3786849975589917, 63.61684799194339490, 148.7207935539339871 ) ) ;
#9559 = CIRCLE ( 'NONE', #9191, 3.000000000000002665 ) ;
#9560 = B_SPLINE_CURVE_WITH_KNOTS ( 'NONE', 3,
 ( #4227, #6824, #11281, #3527, #2645, #7867, #11446, #3469, #9637, #9696, #6933, #7755, #4285, #9753, #9574, #11333, #5954 ),
 .UNSPECIFIED., .F., .F.,
 ( 4, 2, 2, 1, 1, 1, 1, 1, 2, 2, 4 ),
 ( 0.000000000000000000, 0.1250000000000192346, 0.1875000000000288658, 0.2187500000000316136, 0.2343750000000351386, 0.2421875000000348610, 0.2460937500000367484, 0.2480468750000355271, 0.2490234375000349443, 0.2500000000000343059, 0.5000000000000000000 ),
 .UNSPECIFIED. ) ;
#9561 = CARTESIAN_POINT ( 'NONE',  ( 150.3786849975589917, 22.12078094482420099, 158.7207935539340156 ) ) ;
#9562 = ORIENTED_EDGE ( 'NONE', *, *, #3553, .T. ) ;
#9563 = ORIENTED_EDGE ( 'NONE', *, *, #8370, .F. ) ;
#9564 = DIRECTION ( 'NONE',  ( 0.000000000000000000, 0.000000000000000000, -1.000000000000000000 ) ) ;
#9565 = CIRCLE ( 'NONE', #9384, 12.90484791500049511 ) ;
#9566 = TOROIDAL_SURFACE ( 'NONE', #6031, 17.90484886281040033, 5.000000000000000000 ) ;
#9567 = ORIENTED_EDGE ( 'NONE', *, *, #8815, .T. ) ;
#9568 = DIRECTION ( 'NONE',  ( -0.9999999999999982236, 5.974481946206379345E-08, 0.000000000000000000 ) ) ;
#9569 = CARTESIAN_POINT ( 'NONE',  ( -291.1789894103999927, 76.31311457647569796, 155.7225283289029960 ) ) ;
#9570 = VERTEX_POINT ( 'NONE', #3332 ) ;
#9571 = CARTESIAN_POINT ( 'NONE',  ( 200.0054587343136347, 70.19489562597965460, 208.7207935539339871 ) ) ;
#9572 = CARTESIAN_POINT ( 'NONE',  ( 132.3913249411490085, 89.42653656005859375, 158.7207935539340156 ) ) ;
#9573 = AXIS2_PLACEMENT_3D ( 'NONE', #2838, #3892, #4712 ) ;
#9574 = CARTESIAN_POINT ( 'NONE',  ( -117.8761401639165598, 78.80481208474363086, 208.6417866575604876 ) ) ;
#9575 = AXIS2_PLACEMENT_3D ( 'NONE', #4507, #8033, #3636 ) ;
#9576 = ORIENTED_EDGE ( 'NONE', *, *, #4783, .F. ) ;
#9577 = CARTESIAN_POINT ( 'NONE',  ( -261.1789894103999359, 76.32125139236450195, 203.7207935539339871 ) ) ;
#9578 = AXIS2_PLACEMENT_3D ( 'NONE', #2631, #7795, #3516 ) ;
#9579 = ADVANCED_FACE ( 'NONE', ( #8088 ), #2683, .F. ) ;
#9580 = AXIS2_PLACEMENT_3D ( 'NONE', #9814, #7168, #10159 ) ;
#9581 = AXIS2_PLACEMENT_3D ( 'NONE', #2910, #4605, #8953 ) ;
#9582 = DIRECTION ( 'NONE',  ( 1.000000000000000000, -1.450581500941730042E-16, -1.450581500941730042E-16 ) ) ;
#9583 = CARTESIAN_POINT ( 'NONE',  ( 216.5078370698039976, 76.52169227600100498, 208.7207935539339871 ) ) ;
#9584 = VERTEX_POINT ( 'NONE', #9024 ) ;
#9585 = DIRECTION ( 'NONE',  ( -1.000000000000000000, 0.000000000000000000, 0.000000000000000000 ) ) ;
#9586 = VERTEX_POINT ( 'NONE', #5534 ) ;
#9587 = FACE_OUTER_BOUND ( 'NONE', #7314, .T. ) ;
#9588 = VERTEX_POINT ( 'NONE', #9082 ) ;
#9589 = PLANE ( 'NONE',  #5038 ) ;
#9590 = ORIENTED_EDGE ( 'NONE', *, *, #8769, .F. ) ;
#9591 = AXIS2_PLACEMENT_3D ( 'NONE', #8979, #8104, #2815 ) ;
#9592 = CIRCLE ( 'NONE', #9025, 3.000000000004119816 ) ;
#9593 = CARTESIAN_POINT ( 'NONE',  ( 38.07888031005860086, 38.02563476562500000, 155.7207935539340156 ) ) ;
#9594 = CARTESIAN_POINT ( 'NONE',  ( -40.43682098388670454, 35.02563476562500000, 135.7207935539339871 ) ) ;
#9595 =( BOUNDED_CURVE ( )  B_SPLINE_CURVE ( 3, ( #4214, #7739, #11319, #3515 ),
 .UNSPECIFIED., .F., .F. ) 
 B_SPLINE_CURVE_WITH_KNOTS ( ( 4, 4 ),
 ( 4.237237467387745760, 4.712388980384689674 ),
 .UNSPECIFIED. ) 
 CURVE ( )  GEOMETRIC_REPRESENTATION_ITEM ( )  RATIONAL_B_SPLINE_CURVE ( ( 1.000000000000000000, 0.9812742460539125577, 0.9812742460539125577, 1.000000000000000000 ) ) 
 REPRESENTATION_ITEM ( '' )  );
#9596 = CARTESIAN_POINT ( 'NONE',  ( 284.5249733846098934, 79.20903498541517251, 208.6711308759061012 ) ) ;
#9597 = VERTEX_POINT ( 'NONE', #10723 ) ;
#9598 = EDGE_CURVE ( 'NONE', #2403, #3414, #5368, .T. ) ;
#9599 = ADVANCED_FACE ( 'NONE', ( #13 ), #7150, .T. ) ;
#9600 = DIRECTION ( 'NONE',  ( -1.000000000000000000, 3.073900420430730319E-15, 0.000000000000000000 ) ) ;
#9601 = DIRECTION ( 'NONE',  ( 0.000000000000000000, 1.000000000000000000, 0.000000000000000000 ) ) ;
#9602 = ORIENTED_EDGE ( 'NONE', *, *, #3942, .F. ) ;
#9603 = CARTESIAN_POINT ( 'NONE',  ( -269.8896026611329830, 6.215927124023419736, 155.7207935539340156 ) ) ;
#9604 = ORIENTED_EDGE ( 'NONE', *, *, #1081, .F. ) ;
#9605 = LINE ( 'NONE', #9535, #10114 ) ;
#9606 = DIRECTION ( 'NONE',  ( 0.000000000000000000, 0.000000000000000000, 1.000000000000000000 ) ) ;
#9607 = DIRECTION ( 'NONE',  ( -1.000000000000000000, 0.000000000000000000, 0.000000000000000000 ) ) ;
#9608 = EDGE_CURVE ( 'NONE', #7618, #9634, #6518, .T. ) ;
#9609 = CARTESIAN_POINT ( 'NONE',  ( -110.0223875045780062, 6.215927124023419736, 158.7207935539340156 ) ) ;
#9610 = CARTESIAN_POINT ( 'NONE',  ( 288.8209915161129970, 76.32125139236430300, 155.7207935539340156 ) ) ;
#9611 = CARTESIAN_POINT ( 'NONE',  ( 288.6795121208280648, 72.58333606329860288, 156.9961388009899963 ) ) ;
#9612 = ORIENTED_EDGE ( 'NONE', *, *, #4051, .T. ) ;
#9613 = EDGE_CURVE ( 'NONE', #2808, #8291, #8962, .T. ) ;
#9614 = ORIENTED_EDGE ( 'NONE', *, *, #10593, .T. ) ;
#9615 = VERTEX_POINT ( 'NONE', #7085 ) ;
#9616 = ORIENTED_EDGE ( 'NONE', *, *, #2133, .T. ) ;
#9617 = DIRECTION ( 'NONE',  ( 0.000000000000000000, 0.000000000000000000, -1.000000000000000000 ) ) ;
#9618 = SHAPE_DEFINITION_REPRESENTATION ( #4894, #4277 ) ;
#9619 = DIRECTION ( 'NONE',  ( 0.000000000000000000, 0.000000000000000000, 1.000000000000000000 ) ) ;
#9620 =( BOUNDED_CURVE ( )  B_SPLINE_CURVE ( 3, ( #4382, #11478, #10599, #2737 ),
 .UNSPECIFIED., .F., .F. ) 
 B_SPLINE_CURVE_WITH_KNOTS ( ( 4, 4 ),
 ( -8.881784197001250351E-16, 1.570796326794895004 ),
 .UNSPECIFIED. ) 
 CURVE ( )  GEOMETRIC_REPRESENTATION_ITEM ( )  RATIONAL_B_SPLINE_CURVE ( ( 1.000000000000000000, 0.8047378541243652705, 0.8047378541243652705, 1.000000000000000000 ) ) 
 REPRESENTATION_ITEM ( '' )  );
#9621 = CARTESIAN_POINT ( 'NONE',  ( -286.9865465038010370, 76.40477074807428437, 208.6551479177050226 ) ) ;
#9622 = DIRECTION ( 'NONE',  ( 0.000000000000000000, 0.000000000000000000, -1.000000000000000000 ) ) ;
#9623 = AXIS2_PLACEMENT_3D ( 'NONE', #8869, #2642, #909 ) ;
#9624 = CIRCLE ( 'NONE', #8134, 15.90485382080079901 ) ;
#9625 = LINE ( 'NONE', #613, #426 ) ;
#9626 = ORIENTED_EDGE ( 'NONE', *, *, #8029, .T. ) ;
#9627 = EDGE_CURVE ( 'NONE', #1075, #7114, #10168, .T. ) ;
#9628 = ORIENTED_EDGE ( 'NONE', *, *, #5230, .T. ) ;
#9629 = DIRECTION ( 'NONE',  ( 0.000000000000000000, 0.000000000000000000, -1.000000000000000000 ) ) ;
#9630 = EDGE_CURVE ( 'NONE', #1146, #10075, #11009, .T. ) ;
#9631 = AXIS2_PLACEMENT_3D ( 'NONE', #10949, #2965, #6501 ) ;
#9632 = VERTEX_POINT ( 'NONE', #3824 ) ;
#9633 = CARTESIAN_POINT ( 'NONE',  ( -289.1330152136220022, 60.29947687527599953, 158.6011665095539911 ) ) ;
#9634 = VERTEX_POINT ( 'NONE', #3759 ) ;
#9635 = CARTESIAN_POINT ( 'NONE',  ( 200.0054640250043008, 73.25881834974667584, 208.6020964543917842 ) ) ;
#9636 = CARTESIAN_POINT ( 'NONE',  ( -67.96416759490981008, 6.215927124023430395, 158.7207935539340156 ) ) ;
#9637 = CARTESIAN_POINT ( 'NONE',  ( -117.8761086150635720, 80.06642613453334434, 208.6766022719584441 ) ) ;
#9638 = TOROIDAL_SURFACE ( 'NONE', #9255, 17.90500640869139914, 5.000000000000000000 ) ;
#9639 = CIRCLE ( 'NONE', #3882, 3.000000000000002665 ) ;
#9640 = VERTEX_POINT ( 'NONE', #4588 ) ;
#9641 = DIRECTION ( 'NONE',  ( 0.000000000000000000, 0.000000000000000000, 1.000000000000000000 ) ) ;
#9642 = DIRECTION ( 'NONE',  ( -2.489558328007871275E-08, 0.7071067811865477948, 0.7071067811865469066 ) ) ;
#9643 = CARTESIAN_POINT ( 'NONE',  ( 287.5946836638165109, 67.34494470413338263, 183.7207935539341008 ) ) ;
#9644 = ORIENTED_EDGE ( 'NONE', *, *, #7796, .F. ) ;
#9645 = LINE ( 'NONE', #8879, #3049 ) ;
#9646 = ORIENTED_EDGE ( 'NONE', *, *, #6734, .F. ) ;
#9647 = CARTESIAN_POINT ( 'NONE',  ( -96.88896028798825455, 137.6084634025482103, 207.4418644038726711 ) ) ;
#9648 = ORIENTED_EDGE ( 'NONE', *, *, #3897, .F. ) ;
#9649 = DIRECTION ( 'NONE',  ( 1.000000000000000000, -2.688482178977771415E-16, 0.000000000000000000 ) ) ;
#9650 = ORIENTED_EDGE ( 'NONE', *, *, #25, .T. ) ;
#9651 = CARTESIAN_POINT ( 'NONE',  ( 166.9415142125876628, 82.11032989010413985, 208.7048567786035846 ) ) ;
#9652 = DIRECTION ( 'NONE',  ( 0.000000000000000000, 0.000000000000000000, -1.000000000000000000 ) ) ;
#9653 = EDGE_CURVE ( 'NONE', #7070, #4714, #10447, .T. ) ;
#9654 = FACE_OUTER_BOUND ( 'NONE', #282, .T. ) ;
#9655 = AXIS2_PLACEMENT_3D ( 'NONE', #5334, #8710, #1793 ) ;
#9656 = ORIENTED_EDGE ( 'NONE', *, *, #6387, .T. ) ;
#9657 = CARTESIAN_POINT ( 'NONE',  ( 132.3913249411490085, 63.61684799194339490, 183.7207935539340156 ) ) ;
#9658 = CYLINDRICAL_SURFACE ( 'NONE', #5091, 5.000000000000021316 ) ;
#9659 = DIRECTION ( 'NONE',  ( -1.000000000000000000, -7.558965274043620048E-16, 0.000000000000000000 ) ) ;
#9660 =( BOUNDED_CURVE ( )  B_SPLINE_CURVE ( 3, ( #9236, #3944, #7466, #10227 ),
 .UNSPECIFIED., .F., .F. ) 
 B_SPLINE_CURVE_WITH_KNOTS ( ( 4, 4 ),
 ( 5.315636896936951850, 5.497787143782132624 ),
 .UNSPECIFIED. ) 
 CURVE ( )  GEOMETRIC_REPRESENTATION_ITEM ( )  RATIONAL_B_SPLINE_CURVE ( ( 1.000000000000000000, 0.9972370179274304691, 0.9972370179274304691, 1.000000000000000000 ) ) 
 REPRESENTATION_ITEM ( '' )  );
#9661 = DIRECTION ( 'NONE',  ( 0.000000000000000000, 1.000000000000000000, 0.000000000000000000 ) ) ;
#9662 = ORIENTED_EDGE ( 'NONE', *, *, #2803, .T. ) ;
#9663 = CARTESIAN_POINT ( 'NONE',  ( 74.59984302520778954, 6.215927124023419736, 155.7207935539340156 ) ) ;
#9664 = EDGE_CURVE ( 'NONE', #4636, #935, #8773, .T. ) ;
#9665 = CARTESIAN_POINT ( 'NONE',  ( -45.45299509255220727, 93.02577972412109375, 203.7207935539339871 ) ) ;
#9666 = CARTESIAN_POINT ( 'NONE',  ( -282.3921928459963624, 55.10804795676806833, 186.7207935539340156 ) ) ;
#9667 = CARTESIAN_POINT ( 'NONE',  ( -134.7493362426759802, 6.215927124023390427, 158.7207935539340156 ) ) ;
#9668 = CARTESIAN_POINT ( 'NONE',  ( -30.26300430297849786, 93.04149627685561086, 203.7207935539339871 ) ) ;
#9669 = CIRCLE ( 'NONE', #5022, 12.90484428405759587 ) ;
#9670 = CARTESIAN_POINT ( 'NONE',  ( -30.26300430297849786, 128.8515090942379970, 203.7207935539339871 ) ) ;
#9671 = ORIENTED_EDGE ( 'NONE', *, *, #6262, .T. ) ;
#9672 = VERTEX_POINT ( 'NONE', #2770 ) ;
#9673 = VERTEX_POINT ( 'NONE', #102 ) ;
#9674 = EDGE_CURVE ( 'NONE', #4636, #2281, #2946, .T. ) ;
#9675 = ORIENTED_EDGE ( 'NONE', *, *, #9914, .T. ) ;
#9676 = CARTESIAN_POINT ( 'NONE',  ( 288.8209915161129970, 98.89977624330870754, 204.8427909302159833 ) ) ;
#9677 = ADVANCED_FACE ( 'NONE', ( #8167 ), #6308, .T. ) ;
#9678 = PRODUCT_CONTEXT ( 'NONE', #856, 'mechanical' ) ;
#9679 = DIRECTION ( 'NONE',  ( 0.000000000000000000, -1.000000000000000000, 0.000000000000000000 ) ) ;
#9680 = CARTESIAN_POINT ( 'NONE',  ( -134.7493367092509970, 76.52169227600100498, 183.7207935539340156 ) ) ;
#9681 = EDGE_CURVE ( 'NONE', #10590, #8431, #8951, .T. ) ;
#9682 = AXIS2_PLACEMENT_3D ( 'NONE', #11166, #6887, #3185 ) ;
#9683 = CARTESIAN_POINT ( 'NONE',  ( 287.9157768324098470, 68.94629864748529258, 158.7214185431792828 ) ) ;
#9684 = CARTESIAN_POINT ( 'NONE',  ( -269.8896026611329830, 9.215927124023419736, 155.7207935539340156 ) ) ;
#9685 = ORIENTED_EDGE ( 'NONE', *, *, #3713, .F. ) ;
#9686 = CIRCLE ( 'NONE', #10245, 12.90484428405759587 ) ;
#9687 = ORIENTED_EDGE ( 'NONE', *, *, #1603, .F. ) ;
#9688 = CARTESIAN_POINT ( 'NONE',  ( -285.7244439558550084, 59.07246415508239323, 186.7207935539340156 ) ) ;
#9689 = AXIS2_PLACEMENT_3D ( 'NONE', #10693, #9823, #8937 ) ;
#9690 = EDGE_CURVE ( 'NONE', #1330, #6439, #2082, .T. ) ;
#9691 = ORIENTED_EDGE ( 'NONE', *, *, #9353, .F. ) ;
#9692 = CARTESIAN_POINT ( 'NONE',  ( -286.1733397558580236, 58.75701234172819909, 159.4744286127549913 ) ) ;
#9693 = EDGE_CURVE ( 'NONE', #2322, #4799, #3760, .T. ) ;
#9694 = CARTESIAN_POINT ( 'NONE',  ( 200.0056572179688601, 75.43000015886686072, 208.5281762621625887 ) ) ;
#9695 = CARTESIAN_POINT ( 'NONE',  ( -101.0028879108200073, 22.12077956539249968, 155.7207935539340156 ) ) ;
#9696 = CARTESIAN_POINT ( 'NONE',  ( -117.8761114077385770, 80.02037797015526621, 208.6753337589181001 ) ) ;
#9697 = VERTEX_POINT ( 'NONE', #10862 ) ;
#9698 = DIRECTION ( 'NONE',  ( -1.000000000000000000, -6.409534987526679801E-16, 0.000000000000000000 ) ) ;
#9699 = AXIS2_PLACEMENT_3D ( 'NONE', #2343, #6638, #4907 ) ;
#9700 = ADVANCED_FACE ( 'NONE', ( #2998 ), #2824, .T. ) ;
#9701 = DIRECTION ( 'NONE',  ( 0.000000000000000000, 0.000000000000000000, -1.000000000000000000 ) ) ;
#9702 = CARTESIAN_POINT ( 'NONE',  ( -290.9218633578392428, 122.0395267274122659, 158.7207935539340156 ) ) ;
#9703 = VERTEX_POINT ( 'NONE', #10749 ) ;
#9704 = CARTESIAN_POINT ( 'NONE',  ( 283.4364776611418506, 22.12078094482419743, 158.7207935539340156 ) ) ;
#9705 = ORIENTED_EDGE ( 'NONE', *, *, #561, .F. ) ;
#9706 = CARTESIAN_POINT ( 'NONE',  ( -83.01555633544920454, 76.52169227600100498, 183.7207935539340156 ) ) ;
#9707 = ORIENTED_EDGE ( 'NONE', *, *, #9950, .T. ) ;
#9708 = VECTOR ( 'NONE', #8344, 1000.000000000000000 ) ;
#9709 = DIRECTION ( 'NONE',  ( 0.000000000000000000, 1.000000000000000000, 0.000000000000000000 ) ) ;
#9710 = ORIENTED_EDGE ( 'NONE', *, *, #6617, .T. ) ;
#9711 = CARTESIAN_POINT ( 'NONE',  ( -96.63297664216138116, 117.7886075539282729, 207.7863162251971971 ) ) ;
#9712 = DIRECTION ( 'NONE',  ( -8.029132914089132921E-15, 0.7191424945381000855, -0.6948626285457570884 ) ) ;
#9713 = DIRECTION ( 'NONE',  ( -3.779482637021810024E-16, 1.000000000000000000, 3.779482637021810024E-16 ) ) ;
#9714 = VERTEX_POINT ( 'NONE', #6427 ) ;
#9715 = ADVANCED_FACE ( 'NONE', ( #9988 ), #4875, .T. ) ;
#9716 = VECTOR ( 'NONE', #5083, 1000.000000000000000 ) ;
#9717 = CARTESIAN_POINT ( 'NONE',  ( -185.8610559998539884, 76.52168743035018394, 158.7207935539340156 ) ) ;
#9718 = FACE_OUTER_BOUND ( 'NONE', #4972, .T. ) ;
#9719 = DIRECTION ( 'NONE',  ( 1.000000000000000000, -2.901163001883460083E-16, 0.000000000000000000 ) ) ;
#9720 = LINE ( 'NONE', #5292, #5299 ) ;
#9721 = VERTEX_POINT ( 'NONE', #5391 ) ;
#9722 = CARTESIAN_POINT ( 'NONE',  ( -269.8896026611329830, 22.12078094482420099, 158.7207935539340156 ) ) ;
#9723 = CYLINDRICAL_SURFACE ( 'NONE', #10185, 12.90500640869139737 ) ;
#9724 = DIRECTION ( 'NONE',  ( -0.7071067811865469066, -0.7071067811865481278, 0.000000000000000000 ) ) ;
#9725 = EDGE_CURVE ( 'NONE', #3918, #7483, #1896, .T. ) ;
#9726 = VECTOR ( 'NONE', #6714, 1000.000000000000000 ) ;
#9727 = CARTESIAN_POINT ( 'NONE',  ( -290.8704381473270928, 0.3085512630730165018, 157.2719855041262917 ) ) ;
#9728 = DIRECTION ( 'NONE',  ( 0.000000000000000000, 0.000000000000000000, -1.000000000000000000 ) ) ;
#9729 = CARTESIAN_POINT ( 'NONE',  ( 283.3664460615639769, 59.07246415507690074, 161.0475951281640050 ) ) ;
#9730 = ORIENTED_EDGE ( 'NONE', *, *, #3180, .F. ) ;
#9731 = VERTEX_POINT ( 'NONE', #1144 ) ;
#9732 = EDGE_LOOP ( 'NONE', ( #4409, #3331, #1397, #7881 ) ) ;
#9733 = ORIENTED_EDGE ( 'NONE', *, *, #4773, .T. ) ;
#9734 = DIRECTION ( 'NONE',  ( -1.000000000000000000, 4.250985102559089721E-17, 0.000000000000000000 ) ) ;
#9735 = AXIS2_PLACEMENT_3D ( 'NONE', #8609, #1467, #11190 ) ;
#9736 = CARTESIAN_POINT ( 'NONE',  ( -94.67898941040009220, 135.3984925249600053, 208.7207935539339871 ) ) ;
#9737 = DIRECTION ( 'NONE',  ( -0.7071067811865470176, 0.4913420766378104876, 0.5085105345273041033 ) ) ;
#9738 = EDGE_CURVE ( 'NONE', #8615, #2857, #3945, .T. ) ;
#9739 = CARTESIAN_POINT ( 'NONE',  ( 288.0902209916829975, 69.74005044523980246, 158.7207935535700187 ) ) ;
#9740 = DIRECTION ( 'NONE',  ( -1.224646799147353207E-16, 1.000000000000000000, 0.000000000000000000 ) ) ;
#9741 = AXIS2_PLACEMENT_3D ( 'NONE', #8363, #11234, #4017 ) ;
#9742 = VERTEX_POINT ( 'NONE', #1033 ) ;
#9743 = EDGE_LOOP ( 'NONE', ( #4106, #5476, #8415, #7744, #11111 ) ) ;
#9744 = CARTESIAN_POINT ( 'NONE',  ( 150.3786849975589917, 35.02563476562500000, 138.7207935539339871 ) ) ;
#9745 = AXIS2_PLACEMENT_3D ( 'NONE', #6304, #3591, #6252 ) ;
#9746 = ORIENTED_EDGE ( 'NONE', *, *, #1603, .T. ) ;
#9747 = AXIS2_PLACEMENT_3D ( 'NONE', #10196, #2165, #7430 ) ;
#9748 = CARTESIAN_POINT ( 'NONE',  ( -286.1789894103999927, 130.1411954946499918, 208.7207935539339871 ) ) ;
#9749 = EDGE_CURVE ( 'NONE', #2350, #5154, #159, .T. ) ;
#9750 = CIRCLE ( 'NONE', #4542, 2.999999999999999112 ) ;
#9751 = FACE_OUTER_BOUND ( 'NONE', #6668, .T. ) ;
#9752 = DIRECTION ( 'NONE',  ( 2.036635194594239902E-16, -1.000000000000000000, 0.000000000000000000 ) ) ;
#9753 = CARTESIAN_POINT ( 'NONE',  ( -117.8761129651529558, 79.97889631430956570, 208.6741896174226838 ) ) ;
#9754 = ORIENTED_EDGE ( 'NONE', *, *, #5313, .F. ) ;
#9755 = CARTESIAN_POINT ( 'NONE',  ( -83.01557558817088989, 38.02563398808280226, 155.7207935539340156 ) ) ;
#9756 = VECTOR ( 'NONE', #8973, 1000.000000000000000 ) ;
#9757 = EDGE_CURVE ( 'NONE', #9177, #5703, #1345, .T. ) ;
#9758 = AXIS2_PLACEMENT_3D ( 'NONE', #10407, #10235, #7596 ) ;
#9759 = CIRCLE ( 'NONE', #1211, 12.90499687194819600 ) ;
#9760 = CARTESIAN_POINT ( 'NONE',  ( -62.68753156017800876, 123.8515090942380112, 158.7207935539340156 ) ) ;
#9761 = VERTEX_POINT ( 'NONE', #6480 ) ;
#9762 = CARTESIAN_POINT ( 'NONE',  ( -152.7366433887729897, 76.52169227600100498, 208.7207935539339871 ) ) ;
#9763 = DIRECTION ( 'NONE',  ( -1.000000000000000000, 2.125492551279555030E-17, -2.125492551279544861E-17 ) ) ;
#9764 = ORIENTED_EDGE ( 'NONE', *, *, #9036, .F. ) ;
#9765 = DIRECTION ( 'NONE',  ( -6.264543381974626643E-07, -0.9999999999997436495, 3.464102065147723581E-07 ) ) ;
#9766 = EDGE_CURVE ( 'NONE', #9847, #10499, #5425, .T. ) ;
#9767 = VERTEX_POINT ( 'NONE', #9164 ) ;
#9768 = CIRCLE ( 'NONE', #7319, 12.90485404368839895 ) ;
#9769 = CARTESIAN_POINT ( 'NONE',  ( 166.9414807452743617, 81.21249271585270435, 208.6731374414381150 ) ) ;
#9770 = DIRECTION ( 'NONE',  ( -1.000000000000000000, 3.372392848055450117E-16, 0.000000000000000000 ) ) ;
#9771 = CARTESIAN_POINT ( 'NONE',  ( 98.64490509033210230, 76.52169227600100498, 208.7207935539339871 ) ) ;
#9772 = AXIS2_PLACEMENT_3D ( 'NONE', #5903, #8404, #5034 ) ;
#9773 = AXIS2_PLACEMENT_3D ( 'NONE', #344, #7293, #5513 ) ;
#9774 = ORIENTED_EDGE ( 'NONE', *, *, #7026, .T. ) ;
#9775 = DIRECTION ( 'NONE',  ( 1.000000000000000000, 4.452580259935949960E-17, 0.000000000000000000 ) ) ;
#9776 = CIRCLE ( 'NONE', #8459, 3.000000000003340439 ) ;
#9777 = DIRECTION ( 'NONE',  ( -1.000000000000000000, -6.974437143599260226E-16, 0.000000000000000000 ) ) ;
#9778 = CIRCLE ( 'NONE', #4756, 5.000000000000004441 ) ;
#9779 = CARTESIAN_POINT ( 'NONE',  ( 194.8209915161129118, 99.79547549475024937, 206.8926963090960385 ) ) ;
#9780 = DIRECTION ( 'NONE',  ( 1.000000000000000000, 2.036635194594239902E-16, 0.000000000000000000 ) ) ;
#9781 = EDGE_CURVE ( 'NONE', #11509, #2579, #6156, .T. ) ;
#9782 = ORIENTED_EDGE ( 'NONE', *, *, #11176, .F. ) ;
#9783 = CARTESIAN_POINT ( 'NONE',  ( 150.3786849975589917, 9.215927124023428618, 158.7207935539340156 ) ) ;
#9784 = CARTESIAN_POINT ( 'NONE',  ( -218.8657760620120314, 22.12078094482420099, 158.7207935539340156 ) ) ;
#9785 = CIRCLE ( 'NONE', #8847, 3.000000000000039080 ) ;
#9786 = AXIS2_PLACEMENT_3D ( 'NONE', #4674, #484, #2166 ) ;
#9787 = CARTESIAN_POINT ( 'NONE',  ( 80.65757751464829539, 76.52169227600100498, 203.7207935539339871 ) ) ;
#9788 = CARTESIAN_POINT ( 'NONE',  ( 38.07888031005860086, 38.02563476562500000, 158.7207935539340156 ) ) ;
#9789 = CARTESIAN_POINT ( 'NONE',  ( 285.4349763923639784, 62.30419548123899887, 161.4008675976479878 ) ) ;
#9790 = ORIENTED_EDGE ( 'NONE', *, *, #2207, .T. ) ;
#9791 = ORIENTED_EDGE ( 'NONE', *, *, #608, .T. ) ;
#9792 = ORIENTED_EDGE ( 'NONE', *, *, #2463, .F. ) ;
#9793 = CARTESIAN_POINT ( 'NONE',  ( -83.01555633544920454, 76.52169227600100498, 208.7207935539339871 ) ) ;
#9794 = ORIENTED_EDGE ( 'NONE', *, *, #11360, .T. ) ;
#9795 = CARTESIAN_POINT ( 'NONE',  ( -288.8915087133676138, 61.31081975677894036, 183.7207935539340440 ) ) ;
#9796 = ADVANCED_FACE ( 'NONE', ( #4814 ), #618, .F. ) ;
#9797 = ORIENTED_EDGE ( 'NONE', *, *, #4094, .F. ) ;
#9798 = CARTESIAN_POINT ( 'NONE',  ( 48.73295426496270011, 6.215924776715159084, 158.7207935539340156 ) ) ;
#9799 = DIRECTION ( 'NONE',  ( -9.251858538542850737E-15, 1.000000000000000000, 0.000000000000000000 ) ) ;
#9800 = EDGE_CURVE ( 'NONE', #121, #8313, #5733, .T. ) ;
#9801 = CARTESIAN_POINT ( 'NONE',  ( -202.3634084657721530, 79.74973916820431441, 208.6005954103869726 ) ) ;
#9802 = DIRECTION ( 'NONE',  ( 0.000000000000000000, 0.000000000000000000, -1.000000000000000000 ) ) ;
#9803 = ORIENTED_EDGE ( 'NONE', *, *, #8484, .T. ) ;
#9804 = ORIENTED_EDGE ( 'NONE', *, *, #534, .T. ) ;
#9805 = CARTESIAN_POINT ( 'NONE',  ( 43.09501647949219461, 88.02577972412109375, 158.7207935539340156 ) ) ;
#9806 = ORIENTED_EDGE ( 'NONE', *, *, #5401, .T. ) ;
#9807 = CARTESIAN_POINT ( 'NONE',  ( 74.59984302520778954, 6.215927124023419736, 158.7207935539340156 ) ) ;
#9808 = EDGE_CURVE ( 'NONE', #2392, #3025, #7250, .T. ) ;
#9809 = CARTESIAN_POINT ( 'NONE',  ( -291.1789894103999359, 157.3691431105517040, 123.7207935539339729 ) ) ;
#9810 = DIRECTION ( 'NONE',  ( 1.387778780781442323E-15, 0.7071067811865460184, 0.7071067811865487940 ) ) ;
#9811 = EDGE_CURVE ( 'NONE', #1698, #8447, #17, .T. ) ;
#9812 = CARTESIAN_POINT ( 'NONE',  ( -62.68753156123731429, 110.9465026855470029, 158.7207935539340156 ) ) ;
#9813 = CARTESIAN_POINT ( 'NONE',  ( -62.68753155976759928, 128.8515090942379970, 203.7207935539339871 ) ) ;
#9814 = CARTESIAN_POINT ( 'NONE',  ( 60.32955169677730112, 110.9465026855470029, 188.7207935539340156 ) ) ;
#9815 = CIRCLE ( 'NONE', #9428, 17.90484428405758521 ) ;
#9816 = ORIENTED_EDGE ( 'NONE', *, *, #5001, .F. ) ;
#9817 = CARTESIAN_POINT ( 'NONE',  ( -83.01558317658980002, 22.12078010271740069, 155.7207935539340156 ) ) ;
#9818 = CARTESIAN_POINT ( 'NONE',  ( -110.0223875045780062, 6.215927124023419736, 155.7207935539340156 ) ) ;
#9819 = VERTEX_POINT ( 'NONE', #6595 ) ;
#9820 = CYLINDRICAL_SURFACE ( 'NONE', #8182, 12.90484428405759587 ) ;
#9821 = ORIENTED_EDGE ( 'NONE', *, *, #10609, .T. ) ;
#9822 = VECTOR ( 'NONE', #593, 1000.000000000000000 ) ;
#9823 = DIRECTION ( 'NONE',  ( 0.000000000000000000, 0.000000000000000000, -1.000000000000000000 ) ) ;
#9824 = CARTESIAN_POINT ( 'NONE',  ( -291.1789894103999927, 99.48037732825460466, 203.7207935539339871 ) ) ;
#9825 = EDGE_CURVE ( 'NONE', #4714, #9672, #10270, .T. ) ;
#9826 = EDGE_CURVE ( 'NONE', #10154, #4651, #4045, .T. ) ;
#9827 = CARTESIAN_POINT ( 'NONE',  ( 150.3786849975589917, 76.52169227600100498, 158.7207935539340156 ) ) ;
#9828 = EDGE_LOOP ( 'NONE', ( #1093, #4397, #5171, #4553 ) ) ;
#9829 = EDGE_CURVE ( 'NONE', #935, #7732, #6704, .T. ) ;
#9830 = DIRECTION ( 'NONE',  ( -1.000000000000000000, 0.000000000000000000, 0.000000000000000000 ) ) ;
#9831 = DIRECTION ( 'NONE',  ( 1.000000000000000000, -3.073900420430730319E-15, 0.000000000000000000 ) ) ;
#9832 = DIRECTION ( 'NONE',  ( 0.000000000000000000, 0.000000000000000000, -1.000000000000000000 ) ) ;
#9833 = LINE ( 'NONE', #10643, #4004 ) ;
#9834 = ORIENTED_EDGE ( 'NONE', *, *, #4399, .T. ) ;
#9835 = LINE ( 'NONE', #8129, #535 ) ;
#9836 = DIRECTION ( 'NONE',  ( 0.000000000000000000, -0.7071067811865460184, 0.7071067811865487940 ) ) ;
#9837 = EDGE_CURVE ( 'NONE', #1967, #392, #7579, .T. ) ;
#9838 = CARTESIAN_POINT ( 'NONE',  ( -289.7141012682481573, 97.65103357956519403, 207.2559555430613898 ) ) ;
#9839 = AXIS2_PLACEMENT_3D ( 'NONE', #760, #1806, #7953 ) ;
#9840 = ADVANCED_FACE ( 'NONE', ( #4865 ), #5787, .T. ) ;
#9841 = EDGE_CURVE ( 'NONE', #2724, #7058, #8399, .T. ) ;
#9842 = CARTESIAN_POINT ( 'NONE',  ( 288.0887584690793801, 150.0021021401165626, 132.3629551537952409 ) ) ;
#9843 = CARTESIAN_POINT ( 'NONE',  ( 258.8209915161129970, 76.32125139236430300, 208.7207935539339871 ) ) ;
#9844 = LINE ( 'NONE', #5414, #1676 ) ;
#9845 = ORIENTED_EDGE ( 'NONE', *, *, #2567, .T. ) ;
#9846 = ORIENTED_EDGE ( 'NONE', *, *, #8321, .T. ) ;
#9847 = VERTEX_POINT ( 'NONE', #7521 ) ;
#9848 = FACE_OUTER_BOUND ( 'NONE', #9488, .T. ) ;
#9849 = ORIENTED_EDGE ( 'NONE', *, *, #3574, .T. ) ;
#9850 = CARTESIAN_POINT ( 'NONE',  ( -288.1789894103999927, 57.34758543135419728, 183.7207935539340156 ) ) ;
#9851 = CIRCLE ( 'NONE', #6301, 30.00000000000001066 ) ;
#9852 = CARTESIAN_POINT ( 'NONE',  ( 216.5078353881840201, 9.215927124023419736, 158.7207935539340156 ) ) ;
#9853 = DIRECTION ( 'NONE',  ( 0.000000000000000000, 0.000000000000000000, -1.000000000000000000 ) ) ;
#9854 = EDGE_CURVE ( 'NONE', #10843, #8115, #5677, .T. ) ;
#9855 = CARTESIAN_POINT ( 'NONE',  ( -218.8657760620120314, 58.61684799194339490, 203.7207935539339871 ) ) ;
#9856 = CARTESIAN_POINT ( 'NONE',  ( 75.18934249877949583, 63.61684799194319595, 158.7207935539340156 ) ) ;
#9857 = ORIENTED_EDGE ( 'NONE', *, *, #11348, .T. ) ;
#9858 = ORIENTED_EDGE ( 'NONE', *, *, #3489, .T. ) ;
#9859 = CARTESIAN_POINT ( 'NONE',  ( 48.73295307159440171, 58.61684799194339490, 203.7207935539339871 ) ) ;
#9860 = VERTEX_POINT ( 'NONE', #11099 ) ;
#9861 = CARTESIAN_POINT ( 'NONE',  ( -290.9218633578392428, 158.2624955198341468, 123.7207935539339729 ) ) ;
#9862 = CARTESIAN_POINT ( 'NONE',  ( -121.8444924251933941, 76.52169263033799496, 158.7207935539340156 ) ) ;
#9863 = CARTESIAN_POINT ( 'NONE',  ( -269.8896026611329830, 9.215927124023419736, 143.7207935539339871 ) ) ;
#9864 = DIRECTION ( 'NONE',  ( -1.000000000000000000, -8.166978204826590244E-11, 0.000000000000000000 ) ) ;
#9865 = LINE ( 'NONE', #3702, #8077 ) ;
#9866 = EDGE_CURVE ( 'NONE', #4960, #7977, #9228, .T. ) ;
#9867 = ORIENTED_EDGE ( 'NONE', *, *, #3426, .T. ) ;
#9868 = CARTESIAN_POINT ( 'NONE',  ( -75.59253796992871344, 110.9465026855470029, 183.7207935539340156 ) ) ;
#9869 = ORIENTED_EDGE ( 'NONE', *, *, #649, .F. ) ;
#9870 = DIRECTION ( 'NONE',  ( 0.000000000000000000, 0.000000000000000000, -1.000000000000000000 ) ) ;
#9871 = CYLINDRICAL_SURFACE ( 'NONE', #11369, 2.500000000000011990 ) ;
#9872 = VERTEX_POINT ( 'NONE', #3932 ) ;
#9873 = FACE_OUTER_BOUND ( 'NONE', #4509, .T. ) ;
#9874 = DIRECTION ( 'NONE',  ( -1.000000000000000000, -5.068136534518710031E-16, 2.607372337629699853E-16 ) ) ;
#9875 = AXIS2_PLACEMENT_3D ( 'NONE', #4640, #9051, #2889 ) ;
#9876 = DIRECTION ( 'NONE',  ( 4.688749442782618508E-16, -0.7191424945380946454, 0.6948626285457626395 ) ) ;
#9877 = VECTOR ( 'NONE', #10288, 1000.000000000000000 ) ;
#9878 = VERTEX_POINT ( 'NONE', #1431 ) ;
#9879 = DIRECTION ( 'NONE',  ( 1.001151856892051962E-16, 1.000000000000000000, 1.001151856892039882E-16 ) ) ;
#9880 = EDGE_CURVE ( 'NONE', #5029, #3476, #5899, .T. ) ;
#9881 = AXIS2_PLACEMENT_3D ( 'NONE', #5191, #9617, #4388 ) ;
#9882 = CARTESIAN_POINT ( 'NONE',  ( 288.0887584690794370, 122.7232690600045544, 158.7207935539340156 ) ) ;
#9883 = DIRECTION ( 'NONE',  ( 8.208269194420983972E-11, 1.000000000000000000, 0.000000000000000000 ) ) ;
#9884 = ORIENTED_EDGE ( 'NONE', *, *, #7642, .F. ) ;
#9885 = DIRECTION ( 'NONE',  ( 0.000000000000000000, 0.000000000000000000, 1.000000000000000000 ) ) ;
#9886 = FACE_OUTER_BOUND ( 'NONE', #8329, .T. ) ;
#9887 = EDGE_CURVE ( 'NONE', #7825, #4902, #11385, .T. ) ;
#9888 = CARTESIAN_POINT ( 'NONE',  ( 94.82099151611291177, 118.5318284406267964, 206.7463431772706315 ) ) ;
#9889 = VECTOR ( 'NONE', #8572, 1000.000000000000000 ) ;
#9890 = EDGE_CURVE ( 'NONE', #7438, #3918, #6342, .T. ) ;
#9891 = CARTESIAN_POINT ( 'NONE',  ( -269.8896026611329830, 22.12078094482420099, 155.7207935539340156 ) ) ;
#9892 = CARTESIAN_POINT ( 'NONE',  ( -51.09094142913819780, 90.89100265412585600, 207.2563274598667533 ) ) ;
#9893 = DIRECTION ( 'NONE',  ( 0.000000000000000000, 0.000000000000000000, -1.000000000000000000 ) ) ;
#9894 = ORIENTED_EDGE ( 'NONE', *, *, #2154, .T. ) ;
#9895 = B_SPLINE_CURVE_WITH_KNOTS ( 'NONE', 3,
 ( #8337, #6583, #3216, #8390, #383, #4911, #11146, #4856, #7510, #11267, #8456, #6642, #500, #11091, #10262 ),
 .UNSPECIFIED., .F., .F.,
 ( 4, 2, 2, 1, 1, 1, 2, 2, 4 ),
 ( 0.000000000000000000, 0.2499999999999179545, 0.3749999999998771538, 0.4374999999998567257, 0.4687499999998496758, 0.4843749999998461231, 0.4921874999998443467, 0.4999999999998425704, 1.000000000000000000 ),
 .UNSPECIFIED. ) ;
#9896 = VERTEX_POINT ( 'NONE', #4099 ) ;
#9897 = ORIENTED_EDGE ( 'NONE', *, *, #7112, .F. ) ;
#9898 = LINE ( 'NONE', #2797, #7645 ) ;
#9899 = AXIS2_PLACEMENT_3D ( 'NONE', #6237, #8918, #6982 ) ;
#9900 = CARTESIAN_POINT ( 'NONE',  ( -83.01557558817088989, 38.02563398808280226, 155.7207935539340156 ) ) ;
#9901 = EDGE_CURVE ( 'NONE', #4218, #3983, #9449, .T. ) ;
#9902 = CARTESIAN_POINT ( 'NONE',  ( -95.18947186078852951, 135.9089749753484568, 208.7207935539339587 ) ) ;
#9903 = FACE_OUTER_BOUND ( 'NONE', #7401, .T. ) ;
#9904 = LINE ( 'NONE', #10082, #8061 ) ;
#9905 = DIRECTION ( 'NONE',  ( 1.000000000000000000, 0.000000000000000000, 0.000000000000000000 ) ) ;
#9906 = CARTESIAN_POINT ( 'NONE',  ( 183.5030736399810110, 76.52168743035359455, 203.7207935539339871 ) ) ;
#9907 = VERTEX_POINT ( 'NONE', #5030 ) ;
#9908 = ORIENTED_EDGE ( 'NONE', *, *, #6424, .T. ) ;
#9909 = ORIENTED_EDGE ( 'NONE', *, *, #9811, .T. ) ;
#9910 = CARTESIAN_POINT ( 'NONE',  ( -185.8610559998519705, 22.12077808834190051, 158.7207935539340156 ) ) ;
#9911 = AXIS2_PLACEMENT_3D ( 'NONE', #5040, #10396, #6940 ) ;
#9912 = ORIENTED_EDGE ( 'NONE', *, *, #9516, .T. ) ;
#9913 = DIRECTION ( 'NONE',  ( 0.000000000000000000, 0.000000000000000000, -1.000000000000000000 ) ) ;
#9914 = EDGE_CURVE ( 'NONE', #323, #3792, #7830, .T. ) ;
#9915 = DIRECTION ( 'NONE',  ( 0.000000000000000000, 0.000000000000000000, 1.000000000000000000 ) ) ;
#9916 = CARTESIAN_POINT ( 'NONE',  ( -289.1789920717250197, 160.0000186157149926, 123.7207935539339871 ) ) ;
#9917 = DIRECTION ( 'NONE',  ( -1.000000000000000000, 3.159943663115390253E-16, 0.000000000000000000 ) ) ;
#9918 = CARTESIAN_POINT ( 'NONE',  ( -218.8657760620120314, 90.89100265412587021, 207.2563274598667533 ) ) ;
#9919 = EDGE_CURVE ( 'NONE', #4871, #8867, #2270, .T. ) ;
#9920 = AXIS2_PLACEMENT_3D ( 'NONE', #9209, #8376, #422 ) ;
#9921 = DIRECTION ( 'NONE',  ( 1.000000000000000000, 6.974437143599260226E-16, 0.000000000000000000 ) ) ;
#9922 = AXIS2_PLACEMENT_3D ( 'NONE', #7153, #4558, #5817 ) ;
#9923 = ORIENTED_EDGE ( 'NONE', *, *, #3147, .F. ) ;
#9924 = FACE_OUTER_BOUND ( 'NONE', #11324, .T. ) ;
#9925 = CIRCLE ( 'NONE', #10860, 12.90500640869139737 ) ;
#9926 = ORIENTED_EDGE ( 'NONE', *, *, #6248, .T. ) ;
#9927 = CARTESIAN_POINT ( 'NONE',  ( 216.5078370686659923, 94.42653656005860796, 203.7207935539339871 ) ) ;
#9928 = DIRECTION ( 'NONE',  ( -6.974437143599260226E-16, 1.000000000000000000, 0.000000000000000000 ) ) ;
#9929 = ORIENTED_EDGE ( 'NONE', *, *, #5908, .T. ) ;
#9930 = DIRECTION ( 'NONE',  ( 1.000000000000000000, -1.635284895191439853E-16, 0.000000000000000000 ) ) ;
#9931 = FACE_OUTER_BOUND ( 'NONE', #10484, .T. ) ;
#9932 = CARTESIAN_POINT ( 'NONE',  ( -20.80790996551509764, 35.02563476562500000, 155.7207935539340156 ) ) ;
#9933 = EDGE_CURVE ( 'NONE', #10585, #7674, #9328, .T. ) ;
#9934 = ORIENTED_EDGE ( 'NONE', *, *, #8900, .F. ) ;
#9935 = CIRCLE ( 'NONE', #6210, 5.000000000000004441 ) ;
#9936 = CARTESIAN_POINT ( 'NONE',  ( 43.09501647949219461, 75.12078285217289420, 208.7207935539339871 ) ) ;
#9937 = CIRCLE ( 'NONE', #7872, 5.000000000000004441 ) ;
#9938 = DIRECTION ( 'NONE',  ( 0.000000000000000000, 0.000000000000000000, -1.000000000000000000 ) ) ;
#9939 = CARTESIAN_POINT ( 'NONE',  ( -62.68753156017800876, 123.8515090942380112, 158.7207935539340156 ) ) ;
#9940 = VERTEX_POINT ( 'NONE', #677 ) ;
#9941 = TOROIDAL_SURFACE ( 'NONE', #5655, 15.90485382080079901, 3.000000000000000000 ) ;
#9942 = CARTESIAN_POINT ( 'NONE',  ( 285.8209915161120307, 57.34758543134790187, 158.7207935539340156 ) ) ;
#9943 = CARTESIAN_POINT ( 'NONE',  ( -289.4070544644075653, 64.32491699336998181, 158.7221428967974077 ) ) ;
#9944 = ORIENTED_EDGE ( 'NONE', *, *, #5168, .F. ) ;
#9945 = VECTOR ( 'NONE', #682, 1000.000000000000000 ) ;
#9946 = AXIS2_PLACEMENT_3D ( 'NONE', #3124, #2248, #623 ) ;
#9947 = CARTESIAN_POINT ( 'NONE',  ( -202.3634169808140086, 83.46831689458659298, 208.7207935539339871 ) ) ;
#9948 = CARTESIAN_POINT ( 'NONE',  ( -261.1789894103999359, 76.32125139236450195, 186.7207935539340156 ) ) ;
#9949 = FACE_OUTER_BOUND ( 'NONE', #10356, .T. ) ;
#9950 = EDGE_CURVE ( 'NONE', #4993, #1818, #8141, .T. ) ;
#9951 = CIRCLE ( 'NONE', #11256, 12.90485382080079901 ) ;
#9952 = VECTOR ( 'NONE', #203, 1000.000000000000000 ) ;
#9953 = AXIS2_PLACEMENT_3D ( 'NONE', #1531, #724, #5942 ) ;
#9954 = CARTESIAN_POINT ( 'NONE',  ( -101.0029026989032417, 8.337246719237613846, 157.8421140558189961 ) ) ;
#9955 = DIRECTION ( 'NONE',  ( 1.000000000000000000, 0.000000000000000000, 0.000000000000000000 ) ) ;
#9956 = CARTESIAN_POINT ( 'NONE',  ( -97.17898941040009220, 146.6537969942370125, 183.7207935539340156 ) ) ;
#9957 = EDGE_LOOP ( 'NONE', ( #7152, #9782, #7633, #8466 ) ) ;
#9958 = ORIENTED_EDGE ( 'NONE', *, *, #11215, .T. ) ;
#9959 = ORIENTED_EDGE ( 'NONE', *, *, #595, .F. ) ;
#9960 = CARTESIAN_POINT ( 'NONE',  ( 115.5181150157410173, 71.38594851619157566, 208.7207935539339871 ) ) ;
#9961 = CARTESIAN_POINT ( 'NONE',  ( -289.4072868494609452, 64.33664705139402429, 183.7207935539340156 ) ) ;
#9962 = EDGE_CURVE ( 'NONE', #791, #3412, #1001, .T. ) ;
#9963 = ORIENTED_EDGE ( 'NONE', *, *, #5000, .F. ) ;
#9964 = FACE_BOUND ( 'NONE', #6631, .T. ) ;
#9965 = CARTESIAN_POINT ( 'NONE',  ( 286.9586831980510055, 60.90248989012660275, 158.5608305757910159 ) ) ;
#9966 = DIRECTION ( 'NONE',  ( 0.000000000000000000, 0.000000000000000000, -1.000000000000000000 ) ) ;
#9967 = EDGE_CURVE ( 'NONE', #6166, #5702, #237, .T. ) ;
#9968 = CARTESIAN_POINT ( 'NONE',  ( -291.1789894103999927, -1.776356839400250149E-14, 123.7207935539339871 ) ) ;
#9969 = DIRECTION ( 'NONE',  ( 0.000000000000000000, 0.000000000000000000, -1.000000000000000000 ) ) ;
#9970 = ORIENTED_EDGE ( 'NONE', *, *, #8118, .T. ) ;
#9971 = ORIENTED_EDGE ( 'NONE', *, *, #3392, .F. ) ;
#9972 = ORIENTED_EDGE ( 'NONE', *, *, #1587, .F. ) ;
#9973 = EDGE_LOOP ( 'NONE', ( #1357, #63, #3156, #162 ) ) ;
#9974 = CARTESIAN_POINT ( 'NONE',  ( -287.4590363253500414, 61.75600183137490262, 161.4815394651750182 ) ) ;
#9975 = AXIS2_PLACEMENT_3D ( 'NONE', #7298, #2422, #3241 ) ;
#9976 = CARTESIAN_POINT ( 'NONE',  ( 61.00001335144039416, 75.12078285217289420, 203.7207935539339871 ) ) ;
#9977 = CARTESIAN_POINT ( 'NONE',  ( -45.45299509213570133, 88.02577972412109375, 158.7207935539340156 ) ) ;
#9978 = EDGE_CURVE ( 'NONE', #2866, #9531, #10774, .T. ) ;
#9979 = DIRECTION ( 'NONE',  ( -1.000000000000000000, 1.482415794407639913E-15, 2.939410449926109953E-16 ) ) ;
#9980 = DIRECTION ( 'NONE',  ( -0.9999999999999982236, 5.974482207276109579E-08, 0.000000000000000000 ) ) ;
#9981 = EDGE_CURVE ( 'NONE', #569, #4319, #8012, .T. ) ;
#9982 = EDGE_CURVE ( 'NONE', #3677, #10523, #4501, .T. ) ;
#9983 = EDGE_CURVE ( 'NONE', #8557, #2339, #5616, .T. ) ;
#9984 = CARTESIAN_POINT ( 'NONE',  ( -40.43682098388670454, 6.215927124023430395, 155.7207935539340156 ) ) ;
#9985 = ORIENTED_EDGE ( 'NONE', *, *, #125, .F. ) ;
#9986 = DIRECTION ( 'NONE',  ( 0.000000000000000000, 0.000000000000000000, -1.000000000000000000 ) ) ;
#9987 = ORIENTED_EDGE ( 'NONE', *, *, #8458, .F. ) ;
#9988 = FACE_OUTER_BOUND ( 'NONE', #8984, .T. ) ;
#9989 = DIRECTION ( 'NONE',  ( 1.000000000000000000, 6.974437143599260226E-16, 0.000000000000000000 ) ) ;
#9990 = ORIENTED_EDGE ( 'NONE', *, *, #4926, .F. ) ;
#9991 = CARTESIAN_POINT ( 'NONE',  ( 216.5078370698039976, 76.52169227600100498, 203.7207935539339871 ) ) ;
#9992 = DIRECTION ( 'NONE',  ( 1.000000000000000000, -3.552713678800570349E-15, 0.000000000000000000 ) ) ;
#9993 = CARTESIAN_POINT ( 'NONE',  ( -290.3003223957577461, 65.69607095445942946, 157.8421299108588869 ) ) ;
#9994 = ORIENTED_EDGE ( 'NONE', *, *, #9933, .F. ) ;
#9995 = B_SPLINE_CURVE_WITH_KNOTS ( 'NONE', 3,
 ( #2474, #6018, #1667, #4111, #7874, #2537, #2365, #6078, #3300 ),
 .UNSPECIFIED., .F., .F.,
 ( 4, 2, 1, 1, 1, 4 ),
 ( 0.000000000000000000, 0.001255615498354057747, 0.2010044923986338550, 0.4007533692989134755, 0.5006278077490581291, 0.5464289972028076869 ),
 .UNSPECIFIED. ) ;
#9996 = AXIS2_PLACEMENT_3D ( 'NONE', #9855, #3573, #10727 ) ;
#9997 =( BOUNDED_CURVE ( )  B_SPLINE_CURVE ( 3, ( #3364, #8714, #9711, #3540 ),
 .UNSPECIFIED., .F., .F. ) 
 B_SPLINE_CURVE_WITH_KNOTS ( ( 4, 4 ),
 ( 2.356194490192341284, 2.521099352788973569 ),
 .UNSPECIFIED. ) 
 CURVE ( )  GEOMETRIC_REPRESENTATION_ITEM ( )  RATIONAL_B_SPLINE_CURVE ( ( 1.000000000000000000, 0.9977351490747971008, 0.9977351490747971008, 1.000000000000000000 ) ) 
 REPRESENTATION_ITEM ( '' )  );
#9998 = CARTESIAN_POINT ( 'NONE',  ( 39.73928928375249825, 94.42653656005860796, 203.7207935539339871 ) ) ;
#9999 = VECTOR ( 'NONE', #10539, 1000.000000000000000 ) ;
#10000 = AXIS2_PLACEMENT_3D ( 'NONE', #1082, #8219, #9917 ) ;
#10001 = CARTESIAN_POINT ( 'NONE',  ( 43.09501647949219461, 57.21578598022470175, 208.7207935539339871 ) ) ;
#10002 = ORIENTED_EDGE ( 'NONE', *, *, #8952, .F. ) ;
#10003 = EDGE_CURVE ( 'NONE', #6492, #7618, #9898, .T. ) ;
#10004 = FACE_OUTER_BOUND ( 'NONE', #9743, .T. ) ;
#10005 = CARTESIAN_POINT ( 'NONE',  ( -40.43682098388680402, 22.12078094482420099, 158.7207935539340156 ) ) ;
#10006 = ORIENTED_EDGE ( 'NONE', *, *, #740, .F. ) ;
#10007 = CIRCLE ( 'NONE', #11496, 2.999999999999999112 ) ;
#10008 = CARTESIAN_POINT ( 'NONE',  ( -97.17898941039999272, 118.9074145751319946, 206.2207935539339871 ) ) ;
#10009 = DIRECTION ( 'NONE',  ( -0.5310885545960915000, -0.8473163206129304958, 0.000000000000000000 ) ) ;
#10010 = DIRECTION ( 'NONE',  ( -1.000000000000000000, -8.330758305419290752E-11, 0.000000000000000000 ) ) ;
#10011 = VECTOR ( 'NONE', #1505, 1000.000000000000000 ) ;
#10012 = AXIS2_PLACEMENT_3D ( 'NONE', #2077, #1207, #3710 ) ;
#10013 = CARTESIAN_POINT ( 'NONE',  ( 284.6287314839043461, 76.52170188199450251, 208.6551184275427033 ) ) ;
#10014 = FACE_OUTER_BOUND ( 'NONE', #9006, .T. ) ;
#10015 = CARTESIAN_POINT ( 'NONE',  ( -110.0223875045780062, 58.61684799194339490, 203.7207935539339871 ) ) ;
#10016 = EDGE_CURVE ( 'NONE', #315, #2724, #10638, .T. ) ;
#10017 = ORIENTED_EDGE ( 'NONE', *, *, #1504, .F. ) ;
#10018 = EDGE_LOOP ( 'NONE', ( #5651, #10861, #7523, #8155 ) ) ;
#10019 = EDGE_LOOP ( 'NONE', ( #9563, #1061, #5032, #2182 ) ) ;
#10020 = DIRECTION ( 'NONE',  ( 1.000000000000000000, 6.630299199421770504E-16, 0.000000000000000000 ) ) ;
#10021 = ORIENTED_EDGE ( 'NONE', *, *, #313, .F. ) ;
#10022 = CARTESIAN_POINT ( 'NONE',  ( -290.6731400015703457, 70.74034139597188187, 158.2923972200624974 ) ) ;
#10023 = VECTOR ( 'NONE', #6945, 1000.000000000000114 ) ;
#10024 = DIRECTION ( 'NONE',  ( -0.000000000000000000, -1.000000000000000000, -0.000000000000000000 ) ) ;
#10025 = DIRECTION ( 'NONE',  ( -1.000000000000000000, 0.000000000000000000, 0.000000000000000000 ) ) ;
#10026 = DIRECTION ( 'NONE',  ( -9.251858538542973800E-15, 1.000000000000000000, 0.000000000000000000 ) ) ;
#10027 = LINE ( 'NONE', #3035, #5197 ) ;
#10028 = ADVANCED_FACE ( 'NONE', ( #9848 ), #6004, .F. ) ;
#10029 = ORIENTED_EDGE ( 'NONE', *, *, #1113, .F. ) ;
#10030 = EDGE_CURVE ( 'NONE', #11138, #1072, #3201, .T. ) ;
#10031 = ORIENTED_EDGE ( 'NONE', *, *, #11348, .F. ) ;
#10032 = ORIENTED_EDGE ( 'NONE', *, *, #3018, .T. ) ;
#10033 = CARTESIAN_POINT ( 'NONE',  ( -110.0223875045780062, 63.61684799194339490, 203.7207935539339871 ) ) ;
#10034 = AXIS2_PLACEMENT_3D ( 'NONE', #7613, #8499, #544 ) ;
#10035 = EDGE_LOOP ( 'NONE', ( #11426, #6866, #8397, #2329 ) ) ;
#10036 = CARTESIAN_POINT ( 'NONE',  ( 258.8209915161129970, 76.32125139236430300, 183.7207935539340156 ) ) ;
#10037 = DIRECTION ( 'NONE',  ( -1.000000000000000000, 0.000000000000000000, 0.000000000000000000 ) ) ;
#10038 = DIRECTION ( 'NONE',  ( 1.000000000000000000, 2.209936055264990155E-16, 0.000000000000000000 ) ) ;
#10039 = LINE ( 'NONE', #9863, #3122 ) ;
#10040 = DIRECTION ( 'NONE',  ( 0.000000000000000000, 0.000000000000000000, -1.000000000000000000 ) ) ;
#10041 = CARTESIAN_POINT ( 'NONE',  ( -202.3632766654011732, 72.69601969454824086, 208.6267733466056313 ) ) ;
#10042 = EDGE_LOOP ( 'NONE', ( #101, #2532, #6269, #1701, #959 ) ) ;
#10043 = EDGE_CURVE ( 'NONE', #9731, #8805, #7749, .T. ) ;
#10044 = DIRECTION ( 'NONE',  ( 0.000000000000000000, -1.000000000000000000, 0.000000000000000000 ) ) ;
#10045 = AXIS2_PLACEMENT_3D ( 'NONE', #10920, #5728, #2067 ) ;
#10046 = ORIENTED_EDGE ( 'NONE', *, *, #4259, .T. ) ;
#10047 = DIRECTION ( 'NONE',  ( 0.9999999999999982236, 5.974481946206388609E-08, 0.000000000000000000 ) ) ;
#10048 = CARTESIAN_POINT ( 'NONE',  ( -196.2632047425535120, 117.4188356543205174, 208.1721121277132340 ) ) ;
#10049 = ORIENTED_EDGE ( 'NONE', *, *, #235, .T. ) ;
#10050 = DIRECTION ( 'NONE',  ( 0.000000000000000000, 0.000000000000000000, -1.000000000000000000 ) ) ;
#10051 = CARTESIAN_POINT ( 'NONE',  ( 143.8209962844850054, 115.8346203221669981, 206.2207935539339871 ) ) ;
#10052 = EDGE_CURVE ( 'NONE', #10751, #9721, #4697, .T. ) ;
#10053 = CARTESIAN_POINT ( 'NONE',  ( -218.8657760620120314, 38.02563476562500000, 158.7207935539340156 ) ) ;
#10054 = ORIENTED_EDGE ( 'NONE', *, *, #6876, .F. ) ;
#10055 = DIRECTION ( 'NONE',  ( 1.000000000000000000, 0.000000000000000000, 0.000000000000000000 ) ) ;
#10056 = CARTESIAN_POINT ( 'NONE',  ( -152.7366433896910110, 63.61684799194339490, 148.7207935539339871 ) ) ;
#10057 = CARTESIAN_POINT ( 'NONE',  ( -76.95782184600820131, 38.02563476562500000, 155.7207935539340156 ) ) ;
#10058 = ORIENTED_EDGE ( 'NONE', *, *, #9837, .F. ) ;
#10059 = DIRECTION ( 'NONE',  ( -1.000000000000000000, 0.000000000000000000, 0.000000000000000000 ) ) ;
#10060 = TOROIDAL_SURFACE ( 'NONE', #8754, 17.90484428405759942, 5.000000000000000000 ) ;
#10061 = LINE ( 'NONE', #2030, #8640 ) ;
#10062 = VERTEX_POINT ( 'NONE', #731 ) ;
#10063 = VECTOR ( 'NONE', #1332, 1000.000000000000000 ) ;
#10064 = DIRECTION ( 'NONE',  ( 0.000000000000000000, 0.000000000000000000, -1.000000000000000000 ) ) ;
#10065 = DIRECTION ( 'NONE',  ( -1.000000000000000000, -1.274272494262450050E-16, 0.000000000000000000 ) ) ;
#10066 = EDGE_CURVE ( 'NONE', #6433, #10828, #4279, .T. ) ;
#10067 = CARTESIAN_POINT ( 'NONE',  ( -290.4522445523670058, 69.44562112274829246, 182.9671094615829929 ) ) ;
#10068 = VECTOR ( 'NONE', #3919, 1000.000000000000000 ) ;
#10069 = EDGE_CURVE ( 'NONE', #8615, #2540, #4910, .T. ) ;
#10070 = AXIS2_PLACEMENT_3D ( 'NONE', #11102, #3227, #11039 ) ;
#10071 = EDGE_CURVE ( 'NONE', #3650, #8169, #7306, .T. ) ;
#10072 = CARTESIAN_POINT ( 'NONE',  ( 166.9408758486519844, 69.71895142776051557, 208.7207935539339871 ) ) ;
#10073 = ORIENTED_EDGE ( 'NONE', *, *, #9757, .F. ) ;
#10074 = VERTEX_POINT ( 'NONE', #7148 ) ;
#10075 = VERTEX_POINT ( 'NONE', #1868 ) ;
#10076 = DIRECTION ( 'NONE',  ( -5.394356612897332845E-16, 0.8135917325371639919, 0.5814365767194009660 ) ) ;
#10077 = AXIS2_PLACEMENT_3D ( 'NONE', #1371, #4976, #563 ) ;
#10078 = ORIENTED_EDGE ( 'NONE', *, *, #4571, .T. ) ;
#10079 = DIRECTION ( 'NONE',  ( 0.000000000000000000, 0.000000000000000000, -1.000000000000000000 ) ) ;
#10080 = EDGE_CURVE ( 'NONE', #3792, #2146, #2619, .T. ) ;
#10081 = CARTESIAN_POINT ( 'NONE',  ( 283.8209915161129970, 96.89302241451059672, 208.7207935539339871 ) ) ;
#10082 = CARTESIAN_POINT ( 'NONE',  ( 74.59984302520778954, 8.337247467583061677, 157.8421138974936468 ) ) ;
#10083 = DIRECTION ( 'NONE',  ( -1.000000000000000000, -1.226859343532393077E-08, 0.000000000000000000 ) ) ;
#10084 = CARTESIAN_POINT ( 'NONE',  ( 216.5078353881840201, 35.02563476562500000, 155.7207935539340156 ) ) ;
#10085 = VECTOR ( 'NONE', #1651, 1000.000000000000000 ) ;
#10086 = EDGE_LOOP ( 'NONE', ( #3863, #3402, #7856, #547, #1534 ) ) ;
#10087 = EDGE_LOOP ( 'NONE', ( #1774, #7145, #5936, #9352 ) ) ;
#10088 = VERTEX_POINT ( 'NONE', #1988 ) ;
#10089 = DIRECTION ( 'NONE',  ( 0.000000000000000000, 0.000000000000000000, 1.000000000000000000 ) ) ;
#10090 = ORIENTED_EDGE ( 'NONE', *, *, #7271, .F. ) ;
#10091 = LINE ( 'NONE', #5775, #226 ) ;
#10092 = VECTOR ( 'NONE', #10187, 1000.000000000000000 ) ;
#10093 = DIRECTION ( 'NONE',  ( 1.075392853016842325E-15, -1.000000000000000000, 0.000000000000000000 ) ) ;
#10094 = CARTESIAN_POINT ( 'NONE',  ( -269.8896011036019900, 76.52169227600100498, 158.7207935539340156 ) ) ;
#10095 = FACE_OUTER_BOUND ( 'NONE', #4594, .T. ) ;
#10096 = ADVANCED_FACE ( 'NONE', ( #5706 ), #11008, .T. ) ;
#10097 = CARTESIAN_POINT ( 'NONE',  ( -83.01558317658980002, 22.12078010271740069, 158.7207935539340156 ) ) ;
#10098 = DIRECTION ( 'NONE',  ( 1.000000000000000000, 0.000000000000000000, 0.000000000000000000 ) ) ;
#10099 = VECTOR ( 'NONE', #8353, 1000.000000000000000 ) ;
#10100 = ORIENTED_EDGE ( 'NONE', *, *, #11350, .F. ) ;
#10101 =( BOUNDED_CURVE ( )  B_SPLINE_CURVE ( 3, ( #10338, #1436, #11040, #2358 ),
 .UNSPECIFIED., .F., .F. ) 
 B_SPLINE_CURVE_WITH_KNOTS ( ( 4, 4 ),
 ( 5.497787143782137065, 5.662692006378779119 ),
 .UNSPECIFIED. ) 
 CURVE ( )  GEOMETRIC_REPRESENTATION_ITEM ( )  RATIONAL_B_SPLINE_CURVE ( ( 1.000000000000000000, 0.9977351490747967677, 0.9977351490747967677, 1.000000000000000000 ) ) 
 REPRESENTATION_ITEM ( '' )  );
#10102 = FACE_BOUND ( 'NONE', #5547, .T. ) ;
#10103 = ORIENTED_EDGE ( 'NONE', *, *, #4500, .F. ) ;
#10104 = CARTESIAN_POINT ( 'NONE',  ( 65.60616299700279797, 94.42653656005880691, 208.7207935539339871 ) ) ;
#10105 = CARTESIAN_POINT ( 'NONE',  ( 216.5078353881840201, 9.215927124023419736, 143.7207935539339871 ) ) ;
#10106 = ORIENTED_EDGE ( 'NONE', *, *, #7866, .T. ) ;
#10107 = DIRECTION ( 'NONE',  ( 2.002303713784079765E-16, 1.000000000000000000, 0.000000000000000000 ) ) ;
#10108 = DIRECTION ( 'NONE',  ( 1.000000000000000000, 1.075393666311713415E-15, 0.000000000000000000 ) ) ;
#10109 = LINE ( 'NONE', #10985, #8504 ) ;
#10110 = EDGE_CURVE ( 'NONE', #9083, #3805, #5533, .T. ) ;
#10111 = ORIENTED_EDGE ( 'NONE', *, *, #5892, .T. ) ;
#10112 = AXIS2_PLACEMENT_3D ( 'NONE', #60, #2676, #6223 ) ;
#10113 = DIRECTION ( 'NONE',  ( 1.000000000000000000, -1.159224734824834043E-17, -1.159224734824834043E-17 ) ) ;
#10114 = VECTOR ( 'NONE', #1569, 1000.000000000000000 ) ;
#10115 = LINE ( 'NONE', #9409, #2845 ) ;
#10116 = EDGE_CURVE ( 'NONE', #8778, #3792, #1253, .T. ) ;
#10117 = LINE ( 'NONE', #9238, #1942 ) ;
#10118 = ORIENTED_EDGE ( 'NONE', *, *, #5433, .F. ) ;
#10119 = DIRECTION ( 'NONE',  ( 0.000000000000000000, 0.000000000000000000, -1.000000000000000000 ) ) ;
#10120 = SURFACE_SIDE_STYLE ('',( #4778 ) ) ;
#10121 = ORIENTED_EDGE ( 'NONE', *, *, #5529, .F. ) ;
#10122 = AXIS2_PLACEMENT_3D ( 'NONE', #9514, #3357, #2420 ) ;
#10123 = DIRECTION ( 'NONE',  ( 3.029124098583790169E-17, 1.000000000000000000, 0.000000000000000000 ) ) ;
#10124 = DIRECTION ( 'NONE',  ( -0.000000000000000000, -1.000000000000000000, -0.000000000000000000 ) ) ;
#10125 = CIRCLE ( 'NONE', #468, 12.90485382080080967 ) ;
#10126 = CARTESIAN_POINT ( 'NONE',  ( -290.0911711285129400, 68.15211644497220789, 184.4010608957179898 ) ) ;
#10127 = AXIS2_PLACEMENT_3D ( 'NONE', #1068, #6459, #2804 ) ;
#10128 = VECTOR ( 'NONE', #10668, 1000.000000000000000 ) ;
#10129 = EDGE_CURVE ( 'NONE', #2236, #6820, #1120, .T. ) ;
#10130 = AXIS2_PLACEMENT_3D ( 'NONE', #10526, #3541, #6029 ) ;
#10131 = DIRECTION ( 'NONE',  ( -1.000000000000000000, 0.000000000000000000, 0.000000000000000000 ) ) ;
#10132 = ADVANCED_FACE ( 'NONE', ( #245 ), #8199, .F. ) ;
#10133 = AXIS2_PLACEMENT_3D ( 'NONE', #9511, #7585, #4930 ) ;
#10134 = FACE_OUTER_BOUND ( 'NONE', #6531, .T. ) ;
#10135 = ORIENTED_EDGE ( 'NONE', *, *, #2287, .T. ) ;
#10136 = ORIENTED_EDGE ( 'NONE', *, *, #5112, .F. ) ;
#10137 = EDGE_LOOP ( 'NONE', ( #10666, #5715, #3522, #6348 ) ) ;
#10138 = LINE ( 'NONE', #2162, #1006 ) ;
#10139 = AXIS2_PLACEMENT_3D ( 'NONE', #4251, #8382, #703 ) ;
#10140 = DIRECTION ( 'NONE',  ( 0.000000000000000000, 0.000000000000000000, -1.000000000000000000 ) ) ;
#10141 = AXIS2_PLACEMENT_3D ( 'NONE', #2650, #7107, #10684 ) ;
#10142 = FACE_OUTER_BOUND ( 'NONE', #1338, .T. ) ;
#10143 = AXIS2_PLACEMENT_3D ( 'NONE', #7310, #10767, #10823 ) ;
#10144 = DIRECTION ( 'NONE',  ( -1.000000000000000000, -8.208367319184731110E-11, 0.000000000000000000 ) ) ;
#10145 = CARTESIAN_POINT ( 'NONE',  ( 170.5982247771706000, 76.52168707601647668, 133.7207935539339871 ) ) ;
#10146 = DIRECTION ( 'NONE',  ( 0.000000000000000000, 0.000000000000000000, 1.000000000000000000 ) ) ;
#10147 = ORIENTED_EDGE ( 'NONE', *, *, #534, .F. ) ;
#10148 = EDGE_LOOP ( 'NONE', ( #6241, #919, #7672, #9465 ) ) ;
#10149 = ORIENTED_EDGE ( 'NONE', *, *, #8525, .T. ) ;
#10150 = LINE ( 'NONE', #2108, #10692 ) ;
#10151 =( GEOMETRIC_REPRESENTATION_CONTEXT ( 3 ) GLOBAL_UNCERTAINTY_ASSIGNED_CONTEXT ( ( #4182 ) ) GLOBAL_UNIT_ASSIGNED_CONTEXT ( ( #10551, #1764, #8683 ) ) REPRESENTATION_CONTEXT ( 'NONE', 'WORKASPACE' ) );
#10152 = CIRCLE ( 'NONE', #1236, 3.000000000000002665 ) ;
#10153 = EDGE_CURVE ( 'NONE', #4086, #3226, #3852, .T. ) ;
#10154 = VERTEX_POINT ( 'NONE', #6451 ) ;
#10155 = CARTESIAN_POINT ( 'NONE',  ( -185.8610559998519705, 22.12077808834190051, 146.7207935539339871 ) ) ;
#10156 = CARTESIAN_POINT ( 'NONE',  ( -110.0223875045780062, 58.61684799194339490, 208.7207935539339871 ) ) ;
#10157 = DIRECTION ( 'NONE',  ( 0.000000000000000000, 0.000000000000000000, -1.000000000000000000 ) ) ;
#10158 = CARTESIAN_POINT ( 'NONE',  ( -289.3167313324741485, 97.44610020501770009, 207.6519842700399465 ) ) ;
#10159 = DIRECTION ( 'NONE',  ( 2.150760312442448859E-15, -1.000000000000000000, 0.000000000000000000 ) ) ;
#10160 = ORIENTED_EDGE ( 'NONE', *, *, #5567, .T. ) ;
#10161 = ORIENTED_EDGE ( 'NONE', *, *, #7231, .T. ) ;
#10162 = DIRECTION ( 'NONE',  ( 0.000000000000000000, 0.000000000000000000, -1.000000000000000000 ) ) ;
#10163 = EDGE_CURVE ( 'NONE', #7651, #322, #10138, .T. ) ;
#10164 = ORIENTED_EDGE ( 'NONE', *, *, #6305, .F. ) ;
#10165 = CARTESIAN_POINT ( 'NONE',  ( 280.9213803538910383, 64.63481424415580534, 208.7207935539339871 ) ) ;
#10166 = DIRECTION ( 'NONE',  ( -2.775557561562879518E-15, -0.7071067811865475727, 0.7071067811865475727 ) ) ;
#10167 = ORIENTED_EDGE ( 'NONE', *, *, #9630, .F. ) ;
#10168 = B_SPLINE_CURVE_WITH_KNOTS ( 'NONE', 3,
 ( #9850, #3565, #8022, #1870, #10775, #8911, #9795, #5420, #2799, #3681, #4612, #10658, #1002, #6230, #1819, #4556, #2854, #9961, #7201, #946, #1925, #5473, #5310, #8142 ),
 .UNSPECIFIED., .F., .F.,
 ( 4, 1, 1, 1, 1, 2, 2, 1, 1, 1, 1, 1, 1, 1, 1, 2, 2, 4 ),
 ( 0.000000000000000000, 0.1250000000017943425, 0.1875000000026915137, 0.2187500000031406266, 0.2343750000033650027, 0.2421875000034767189, 0.2500000000035884073, 0.3750000000053568261, 0.4375000000062392314, 0.4687500000066782135, 0.4843750000068885453, 0.4921875000069937389, 0.4960937500070646822, 0.4980468750070871087, 0.4990234375071083139, 0.4995117187571035955, 0.5000000000070987660, 1.000000000000000000 ),
 .UNSPECIFIED. ) ;
#10169 = DIRECTION ( 'NONE',  ( 1.000000000000000000, -7.105427357601030258E-15, 0.000000000000000000 ) ) ;
#10170 = CARTESIAN_POINT ( 'NONE',  ( 196.4079233357452949, 22.12077844267353655, 158.7207935539340156 ) ) ;
#10171 = CARTESIAN_POINT ( 'NONE',  ( -269.8896026611329830, 35.02563476562500000, 143.7207935539339871 ) ) ;
#10172 = ORIENTED_EDGE ( 'NONE', *, *, #8604, .F. ) ;
#10173 = CARTESIAN_POINT ( 'NONE',  ( -261.1789894103999359, 76.32125139236450195, 186.7207935539340156 ) ) ;
#10174 = CARTESIAN_POINT ( 'NONE',  ( -134.7493367092509970, 63.61684799194339490, 183.7207935539340156 ) ) ;
#10175 = CARTESIAN_POINT ( 'NONE',  ( -218.8657760620120314, 63.61684799194339490, 150.7207935539340156 ) ) ;
#10176 = ORIENTED_EDGE ( 'NONE', *, *, #10755, .T. ) ;
#10177 = ADVANCED_FACE ( 'NONE', ( #5587 ), #9137, .T. ) ;
#10178 = CARTESIAN_POINT ( 'NONE',  ( -147.6541809933085574, 76.52169192166401501, 148.7207935539339871 ) ) ;
#10179 = ADVANCED_FACE ( 'NONE', ( #4789 ), #8318, .F. ) ;
#10180 = VERTEX_POINT ( 'NONE', #9480 ) ;
#10181 = DIRECTION ( 'NONE',  ( 1.000000000000000000, -3.029124098583790169E-17, 0.000000000000000000 ) ) ;
#10182 = CARTESIAN_POINT ( 'NONE',  ( 132.3913249411490085, 63.61684799194339490, 158.7207935539340156 ) ) ;
#10183 = DIRECTION ( 'NONE',  ( 0.000000000000000000, 0.000000000000000000, -1.000000000000000000 ) ) ;
#10184 = EDGE_CURVE ( 'NONE', #7222, #9457, #592, .T. ) ;
#10185 = AXIS2_PLACEMENT_3D ( 'NONE', #11358, #2669, #1689 ) ;
#10186 = ORIENTED_EDGE ( 'NONE', *, *, #9829, .T. ) ;
#10187 = DIRECTION ( 'NONE',  ( 0.000000000000000000, 0.000000000000000000, -1.000000000000000000 ) ) ;
#10188 = CIRCLE ( 'NONE', #7567, 4.999999999999997335 ) ;
#10189 = DIRECTION ( 'NONE',  ( -1.000000000000000000, -3.226180998935116381E-15, 0.000000000000000000 ) ) ;
#10190 = ORIENTED_EDGE ( 'NONE', *, *, #8759, .T. ) ;
#10191 = ORIENTED_EDGE ( 'NONE', *, *, #10043, .F. ) ;
#10192 = CARTESIAN_POINT ( 'NONE',  ( 115.5181124200183262, 79.98097899013296797, 208.6742448671922148 ) ) ;
#10193 = AXIS2_PLACEMENT_3D ( 'NONE', #6787, #2206, #6671 ) ;
#10194 = CIRCLE ( 'NONE', #3500, 5.000000000000282441 ) ;
#10195 = ADVANCED_FACE ( 'NONE', ( #1513 ), #3146, .T. ) ;
#10196 = CARTESIAN_POINT ( 'NONE',  ( 27.90500640869139914, 93.04149627685549717, 203.7207935539339871 ) ) ;
#10197 = EDGE_CURVE ( 'NONE', #3015, #4537, #3260, .T. ) ;
#10198 = PLANE ( 'NONE',  #494 ) ;
#10199 = LINE ( 'NONE', #10365, #11278 ) ;
#10200 = CARTESIAN_POINT ( 'NONE',  ( 150.3786849975589917, 22.12078094482420099, 155.7207935539340156 ) ) ;
#10201 = FACE_OUTER_BOUND ( 'NONE', #9166, .T. ) ;
#10202 = EDGE_LOOP ( 'NONE', ( #9958, #2316, #3340, #9546 ) ) ;
#10203 = ORIENTED_EDGE ( 'NONE', *, *, #9170, .F. ) ;
#10204 = ORIENTED_EDGE ( 'NONE', *, *, #1750, .F. ) ;
#10205 = DIRECTION ( 'NONE',  ( 1.000000000000000000, 0.000000000000000000, 0.000000000000000000 ) ) ;
#10206 = VERTEX_POINT ( 'NONE', #10471 ) ;
#10207 = CARTESIAN_POINT ( 'NONE',  ( -83.01555633544920454, 62.15238189787611844, 207.2563274598667533 ) ) ;
#10208 = DIRECTION ( 'NONE',  ( -1.000000000000000000, -7.850368250202428929E-14, 0.000000000000000000 ) ) ;
#10209 = ADVANCED_FACE ( 'NONE', ( #10360 ), #7662, .F. ) ;
#10210 = CARTESIAN_POINT ( 'NONE',  ( -117.8761103101920185, 76.52169227600100498, 208.6132126426211926 ) ) ;
#10211 = DIRECTION ( 'NONE',  ( 1.000000000000000000, 0.000000000000000000, 0.000000000000000000 ) ) ;
#10212 = CARTESIAN_POINT ( 'NONE',  ( -76.95782184600820131, 38.02563476562500000, 158.7207935539340156 ) ) ;
#10213 = ORIENTED_EDGE ( 'NONE', *, *, #2327, .T. ) ;
#10214 = ORIENTED_EDGE ( 'NONE', *, *, #2345, .F. ) ;
#10215 = FACE_OUTER_BOUND ( 'NONE', #10035, .T. ) ;
#10216 = ORIENTED_EDGE ( 'NONE', *, *, #9139, .F. ) ;
#10217 = DIRECTION ( 'NONE',  ( -1.000000000000000000, 0.000000000000000000, 0.000000000000000000 ) ) ;
#10218 = CARTESIAN_POINT ( 'NONE',  ( -152.7366447448729900, 38.02563476562500000, 155.7207935539340156 ) ) ;
#10219 = ORIENTED_EDGE ( 'NONE', *, *, #1549, .F. ) ;
#10220 = DIRECTION ( 'NONE',  ( 1.000000000000000000, 0.000000000000000000, 0.000000000000000000 ) ) ;
#10221 = DIRECTION ( 'NONE',  ( 0.000000000000000000, 0.000000000000000000, 1.000000000000000000 ) ) ;
#10222 = CARTESIAN_POINT ( 'NONE',  ( -288.6789894103999927, 108.1447414584200004, 170.3489578191650082 ) ) ;
#10223 = AXIS2_PLACEMENT_3D ( 'NONE', #3326, #4138, #10310 ) ;
#10224 = EDGE_LOOP ( 'NONE', ( #9436, #6712, #9323, #4354 ) ) ;
#10225 = DIRECTION ( 'NONE',  ( -1.000000000000000000, 0.000000000000000000, 0.000000000000000000 ) ) ;
#10226 = EDGE_CURVE ( 'NONE', #3414, #8316, #5059, .T. ) ;
#10227 = CARTESIAN_POINT ( 'NONE',  ( 94.08875846907928064, 137.1662594779273832, 207.9885605069003702 ) ) ;
#10228 = DIRECTION ( 'NONE',  ( 0.000000000000000000, 0.000000000000000000, -1.000000000000000000 ) ) ;
#10229 = CARTESIAN_POINT ( 'NONE',  ( 267.5316238403320312, 76.52169227600100498, 203.7207935539339871 ) ) ;
#10230 = ORIENTED_EDGE ( 'NONE', *, *, #9388, .T. ) ;
#10231 = CARTESIAN_POINT ( 'NONE',  ( 141.3850021362299856, 22.12078094482420099, 138.7207935539339871 ) ) ;
#10232 = CARTESIAN_POINT ( 'NONE',  ( -196.9218633578391575, 99.15302781463638837, 207.5134535124275885 ) ) ;
#10233 = ORIENTED_EDGE ( 'NONE', *, *, #6876, .T. ) ;
#10234 = CARTESIAN_POINT ( 'NONE',  ( -83.01557454183537743, 8.337246337010469688, 157.8421136735920811 ) ) ;
#10235 = DIRECTION ( 'NONE',  ( 0.000000000000000000, 0.000000000000000000, -1.000000000000000000 ) ) ;
#10236 = DIRECTION ( 'NONE',  ( -3.520767011262992537E-08, 0.9999999999988892219, 1.490124375741666648E-06 ) ) ;
#10237 = ADVANCED_FACE ( 'NONE', ( #8603 ), #6678, .T. ) ;
#10238 = VECTOR ( 'NONE', #6719, 1000.000000000000000 ) ;
#10239 = ORIENTED_EDGE ( 'NONE', *, *, #4648, .F. ) ;
#10240 = CARTESIAN_POINT ( 'NONE',  ( 143.8209962844850054, 96.89302241451051145, 208.7207935539339871 ) ) ;
#10241 = CIRCLE ( 'NONE', #9492, 12.90484428405759587 ) ;
#10242 = DIRECTION ( 'NONE',  ( -1.000000000000000000, -5.242698834279470015E-16, 2.697178306448664943E-16 ) ) ;
#10243 = EDGE_LOOP ( 'NONE', ( #10100, #10287, #4003, #7411 ) ) ;
#10244 = DIRECTION ( 'NONE',  ( 1.000000000000000000, 0.000000000000000000, 0.000000000000000000 ) ) ;
#10245 = AXIS2_PLACEMENT_3D ( 'NONE', #9337, #1432, #11100 ) ;
#10246 = DIRECTION ( 'NONE',  ( 1.182933032942884815E-14, 1.000000000000000000, 0.000000000000000000 ) ) ;
#10247 = AXIS2_PLACEMENT_3D ( 'NONE', #11330, #4282, #5264 ) ;
#10248 = EDGE_CURVE ( 'NONE', #7053, #8518, #3045, .T. ) ;
#10249 = CARTESIAN_POINT ( 'NONE',  ( -101.0028839111329972, 94.42653656005860796, 203.7207935539339871 ) ) ;
#10250 = PLANE ( 'NONE',  #635 ) ;
#10251 = DIRECTION ( 'NONE',  ( 0.9999999999999995559, -2.453707228868790626E-08, 4.301571643946534541E-15 ) ) ;
#10252 = VERTEX_POINT ( 'NONE', #2269 ) ;
#10253 = VECTOR ( 'NONE', #7793, 1000.000000000000000 ) ;
#10254 = EDGE_CURVE ( 'NONE', #3327, #3480, #7608, .T. ) ;
#10255 = ORIENTED_EDGE ( 'NONE', *, *, #1620, .F. ) ;
#10256 = ORIENTED_EDGE ( 'NONE', *, *, #5872, .F. ) ;
#10257 = CYLINDRICAL_SURFACE ( 'NONE', #7137, 2.500000000000010658 ) ;
#10258 = ORIENTED_EDGE ( 'NONE', *, *, #7280, .F. ) ;
#10259 = LINE ( 'NONE', #2284, #6709 ) ;
#10260 = CARTESIAN_POINT ( 'NONE',  ( -289.1789920717250197, 160.0000186157149926, 123.7207935539339871 ) ) ;
#10261 = CARTESIAN_POINT ( 'NONE',  ( 43.09501647949220882, 60.75131988615731160, 207.2563274598667249 ) ) ;
#10262 = CARTESIAN_POINT ( 'NONE',  ( 200.0054576442690006, 76.52168743035379350, 208.5200739500569682 ) ) ;
#10263 = VECTOR ( 'NONE', #3987, 1000.000000000000000 ) ;
#10264 = DIRECTION ( 'NONE',  ( -0.000000000000000000, 1.000000000000000000, 0.000000000000000000 ) ) ;
#10265 = ORIENTED_EDGE ( 'NONE', *, *, #4136, .F. ) ;
#10266 = ADVANCED_FACE ( 'NONE', ( #1407 ), #6905, .F. ) ;
#10267 = EDGE_LOOP ( 'NONE', ( #2268, #4628, #999, #3913, #1182, #3508, #9379, #10921, #4775, #9934, #5505, #9614, #10032, #2821, #1999, #4087, #3940, #4950, #9562, #4877, #3657, #1527 ) ) ;
#10268 = CARTESIAN_POINT ( 'NONE',  ( -284.5104163399587378, 66.41047522466288910, 208.7207935539339587 ) ) ;
#10269 = VERTEX_POINT ( 'NONE', #8670 ) ;
#10270 = LINE ( 'NONE', #11275, #6527 ) ;
#10271 = CARTESIAN_POINT ( 'NONE',  ( -109.4328880310060157, 63.61684799194339490, 158.7207935539340156 ) ) ;
#10272 = ORIENTED_EDGE ( 'NONE', *, *, #8146, .F. ) ;
#10273 = LINE ( 'NONE', #6598, #597 ) ;
#10274 = DIRECTION ( 'NONE',  ( 0.000000000000000000, 0.000000000000000000, 1.000000000000000000 ) ) ;
#10275 = VECTOR ( 'NONE', #19, 1000.000000000000000 ) ;
#10276 = CYLINDRICAL_SURFACE ( 'NONE', #7563, 2.500000000000012434 ) ;
#10277 = ADVANCED_FACE ( 'NONE', ( #6043 ), #6848, .T. ) ;
#10278 = ORIENTED_EDGE ( 'NONE', *, *, #10153, .T. ) ;
#10279 = CARTESIAN_POINT ( 'NONE',  ( -218.8657760620120314, 35.02563476562500000, 143.7207935539339871 ) ) ;
#10280 = AXIS2_PLACEMENT_3D ( 'NONE', #9146, #5649, #1178 ) ;
#10281 = DIRECTION ( 'NONE',  ( 0.000000000000000000, 0.000000000000000000, -1.000000000000000000 ) ) ;
#10282 = CYLINDRICAL_SURFACE ( 'NONE', #7704, 12.90499687194819600 ) ;
#10283 = DIRECTION ( 'NONE',  ( -1.000000000000000000, -2.209936055264990155E-16, 0.000000000000000000 ) ) ;
#10284 = ORIENTED_EDGE ( 'NONE', *, *, #7863, .T. ) ;
#10285 = DIRECTION ( 'NONE',  ( 0.000000000000000000, 0.000000000000000000, -1.000000000000000000 ) ) ;
#10286 = CARTESIAN_POINT ( 'NONE',  ( 170.5982247771706000, 76.52168707601647668, 203.7207935539339871 ) ) ;
#10287 = ORIENTED_EDGE ( 'NONE', *, *, #10827, .F. ) ;
#10288 = DIRECTION ( 'NONE',  ( 0.000000000000000000, 0.000000000000000000, -1.000000000000000000 ) ) ;
#10289 = CARTESIAN_POINT ( 'NONE',  ( 166.9410504671014905, 74.39676460386790779, 208.5725414247358458 ) ) ;
#10290 = ADVANCED_FACE ( 'NONE', ( #10417 ), #2439, .T. ) ;
#10291 = AXIS2_PLACEMENT_3D ( 'NONE', #7143, #3022, #5700 ) ;
#10292 = CARTESIAN_POINT ( 'NONE',  ( -194.6789894103999927, 115.8346203221669981, 208.7207935539339871 ) ) ;
#10293 = ORIENTED_EDGE ( 'NONE', *, *, #8795, .F. ) ;
#10294 = AXIS2_PLACEMENT_3D ( 'NONE', #6445, #8136, #10894 ) ;
#10295 = DIRECTION ( 'NONE',  ( -1.000000000000000000, 0.000000000000000000, 0.000000000000000000 ) ) ;
#10296 = CIRCLE ( 'NONE', #267, 5.000000000000004441 ) ;
#10297 = DIRECTION ( 'NONE',  ( 1.000000000000000000, 6.519917093474220715E-16, 0.000000000000000000 ) ) ;
#10298 = VECTOR ( 'NONE', #3854, 1000.000000000000000 ) ;
#10299 = ORIENTED_EDGE ( 'NONE', *, *, #11148, .T. ) ;
#10300 = AXIS2_PLACEMENT_3D ( 'NONE', #4077, #4021, #6731 ) ;
#10301 = CARTESIAN_POINT ( 'NONE',  ( 242.0197304550679860, 76.52169227600100498, 150.7207935539340156 ) ) ;
#10302 = EDGE_CURVE ( 'NONE', #10558, #8988, #9605, .T. ) ;
#10303 = CARTESIAN_POINT ( 'NONE',  ( 288.8209915161131107, 121.1461743181299937, 158.7207935539340156 ) ) ;
#10304 = CARTESIAN_POINT ( 'NONE',  ( -169.2986456436778440, 74.66343438559259482, 208.5644033140931697 ) ) ;
#10305 = AXIS2_PLACEMENT_3D ( 'NONE', #11207, #3222, #10978 ) ;
#10306 = AXIS2_PLACEMENT_3D ( 'NONE', #3766, #8235, #1749 ) ;
#10307 = CIRCLE ( 'NONE', #3055, 15.90485382080079901 ) ;
#10308 = CARTESIAN_POINT ( 'NONE',  ( -269.8896026611329830, 38.02563476562500000, 155.7207935539340156 ) ) ;
#10309 = DIRECTION ( 'NONE',  ( 4.163336342344419857E-15, 1.000000000000000000, 0.000000000000000000 ) ) ;
#10310 = DIRECTION ( 'NONE',  ( 0.000000000000000000, 1.000000000000000000, 0.000000000000000000 ) ) ;
#10311 = ORIENTED_EDGE ( 'NONE', *, *, #2628, .F. ) ;
#10312 = VERTEX_POINT ( 'NONE', #11357 ) ;
#10313 = EDGE_LOOP ( 'NONE', ( #676, #3311, #11326, #1808, #3418, #5415 ) ) ;
#10314 = VECTOR ( 'NONE', #3969, 1000.000000000000000 ) ;
#10315 = ADVANCED_FACE ( 'NONE', ( #479 ), #3200, .T. ) ;
#10316 = ORIENTED_EDGE ( 'NONE', *, *, #8398, .F. ) ;
#10317 = CARTESIAN_POINT ( 'NONE',  ( -42.09728588704358287, 35.90431608917906203, 157.8421138974936468 ) ) ;
#10318 = TOROIDAL_SURFACE ( 'NONE', #3997, 17.90484428405759942, 5.000000000000000000 ) ;
#10319 = AXIS2_PLACEMENT_3D ( 'NONE', #10173, #4985, #9289 ) ;
#10320 = LINE ( 'NONE', #3213, #3647 ) ;
#10321 = AXIS2_PLACEMENT_3D ( 'NONE', #1443, #7706, #5157 ) ;
#10322 = CARTESIAN_POINT ( 'NONE',  ( -117.8759991593870495, 73.79613165449076462, 208.6542033686492061 ) ) ;
#10323 = FACE_OUTER_BOUND ( 'NONE', #3691, .T. ) ;
#10324 = EDGE_CURVE ( 'NONE', #7647, #11274, #2330, .T. ) ;
#10325 = CIRCLE ( 'NONE', #302, 5.000000000000004441 ) ;
#10326 = AXIS2_PLACEMENT_3D ( 'NONE', #3161, #11200, #5831 ) ;
#10327 = AXIS2_PLACEMENT_3D ( 'NONE', #8285, #2008, #7396 ) ;
#10328 = CARTESIAN_POINT ( 'NONE',  ( 168.2835292816166088, 76.52169227600100498, 203.7207935539339871 ) ) ;
#10329 = ORIENTED_EDGE ( 'NONE', *, *, #6965, .F. ) ;
#10330 = ORIENTED_EDGE ( 'NONE', *, *, #6424, .F. ) ;
#10331 = CARTESIAN_POINT ( 'NONE',  ( 38.07888031005860086, 9.215927124023428618, 135.7207935539339871 ) ) ;
#10332 = EDGE_LOOP ( 'NONE', ( #1616, #6231, #9990 ) ) ;
#10333 = CARTESIAN_POINT ( 'NONE',  ( 284.6281423443959966, 76.32125139236430300, 208.6552142433770030 ) ) ;
#10334 = CARTESIAN_POINT ( 'NONE',  ( 285.0865932334529589, 57.86366793866239533, 183.7207935539329924 ) ) ;
#10335 = ORIENTED_EDGE ( 'NONE', *, *, #5816, .T. ) ;
#10336 = ADVANCED_FACE ( 'NONE', ( #8779 ), #123, .T. ) ;
#10337 = CARTESIAN_POINT ( 'NONE',  ( 288.0887584690794370, 122.7232690600045544, 183.7207935539340156 ) ) ;
#10338 = CARTESIAN_POINT ( 'NONE',  ( 194.0887584690793801, 117.6023872751333812, 207.9885605069003702 ) ) ;
#10339 = DIRECTION ( 'NONE',  ( -0.9999999999999996669, -2.745767250262608000E-08, 0.000000000000000000 ) ) ;
#10340 = VERTEX_POINT ( 'NONE', #1809 ) ;
#10341 = CARTESIAN_POINT ( 'NONE',  ( -101.0029031638499930, 38.02563291343300023, 155.7207935539340156 ) ) ;
#10342 = EDGE_CURVE ( 'NONE', #4461, #5203, #6007, .T. ) ;
#10343 = EDGE_CURVE ( 'NONE', #5429, #7978, #5096, .T. ) ;
#10344 = DIRECTION ( 'NONE',  ( 0.000000000000000000, 0.000000000000000000, -1.000000000000000000 ) ) ;
#10345 = PLANE ( 'NONE',  #9015 ) ;
#10346 = CARTESIAN_POINT ( 'NONE',  ( -269.8896011036019900, 76.52169227600100498, 208.7207935539339871 ) ) ;
#10347 = ORIENTED_EDGE ( 'NONE', *, *, #1861, .T. ) ;
#10348 = CARTESIAN_POINT ( 'NONE',  ( 60.32955169677730112, 98.04149627685548296, 208.7207935539339871 ) ) ;
#10349 = ORIENTED_EDGE ( 'NONE', *, *, #8952, .T. ) ;
#10350 = DIRECTION ( 'NONE',  ( 1.000000000000000000, 0.000000000000000000, 0.000000000000000000 ) ) ;
#10351 = ORIENTED_EDGE ( 'NONE', *, *, #3907, .F. ) ;
#10352 = CARTESIAN_POINT ( 'NONE',  ( 94.82099151611289756, 134.9871293177949951, 183.7207935539340156 ) ) ;
#10353 = CARTESIAN_POINT ( 'NONE',  ( -286.1789894103999927, 97.53309778349310477, 208.6585721642087208 ) ) ;
#10354 = UNCERTAINTY_MEASURE_WITH_UNIT (LENGTH_MEASURE( 1.000000000000000082E-05 ), #2904, 'distance_accuracy_value', 'NONE');
#10355 = DIRECTION ( 'NONE',  ( -8.326672684687951457E-15, -1.000000000000000000, 0.000000000000000000 ) ) ;
#10356 = EDGE_LOOP ( 'NONE', ( #8340, #10414, #2028, #9908 ) ) ;
#10357 = ADVANCED_FACE ( 'NONE', ( #9886 ), #8845, .T. ) ;
#10358 = CARTESIAN_POINT ( 'NONE',  ( -286.1789894103999927, 83.95400533632779627, 208.7207935539339871 ) ) ;
#10359 = ORIENTED_EDGE ( 'NONE', *, *, #10066, .T. ) ;
#10360 = FACE_OUTER_BOUND ( 'NONE', #5652, .T. ) ;
#10361 = CARTESIAN_POINT ( 'NONE',  ( 38.07888031005860086, 35.02563476562500000, 135.7207935539339871 ) ) ;
#10362 = DIRECTION ( 'NONE',  ( -0.7071067811865475727, 0.000000000000000000, 0.7071067811865475727 ) ) ;
#10363 = EDGE_CURVE ( 'NONE', #6346, #690, #6153, .T. ) ;
#10364 = AXIS2_PLACEMENT_3D ( 'NONE', #6288, #1876, #5196 ) ;
#10365 = CARTESIAN_POINT ( 'NONE',  ( -146.1789941787719727, 46.32125139236439537, 203.7207935539339871 ) ) ;
#10366 = CARTESIAN_POINT ( 'NONE',  ( -152.7366447448729900, 22.12078094482420099, 158.7207935539340156 ) ) ;
#10367 = DIRECTION ( 'NONE',  ( 0.000000000000000000, 0.000000000000000000, 1.000000000000000000 ) ) ;
#10368 = EDGE_LOOP ( 'NONE', ( #9034, #1599, #4917, #1840 ) ) ;
#10369 = ORIENTED_EDGE ( 'NONE', *, *, #4898, .F. ) ;
#10370 = ORIENTED_EDGE ( 'NONE', *, *, #3504, .T. ) ;
#10371 = AXIS2_PLACEMENT_3D ( 'NONE', #7392, #2331, #4751 ) ;
#10372 = CIRCLE ( 'NONE', #6644, 17.90499687194819955 ) ;
#10373 = ORIENTED_EDGE ( 'NONE', *, *, #9738, .T. ) ;
#10374 = CARTESIAN_POINT ( 'NONE',  ( -152.7366433896910110, 63.61684799194339490, 158.7207935539340156 ) ) ;
#10375 = CARTESIAN_POINT ( 'NONE',  ( 284.6287314839043461, 76.52170188199450251, 208.6551184275427033 ) ) ;
#10376 = DIRECTION ( 'NONE',  ( 0.000000000000000000, 0.000000000000000000, -1.000000000000000000 ) ) ;
#10377 = LINE ( 'NONE', #8686, #3266 ) ;
#10378 = CIRCLE ( 'NONE', #4621, 12.90484428405759587 ) ;
#10379 = ADVANCED_FACE ( 'NONE', ( #2556 ), #936, .F. ) ;
#10380 = EDGE_CURVE ( 'NONE', #3703, #10382, #9925, .T. ) ;
#10381 = DIRECTION ( 'NONE',  ( -1.000000000000000000, 0.000000000000000000, 0.000000000000000000 ) ) ;
#10382 = VERTEX_POINT ( 'NONE', #5406 ) ;
#10383 = ORIENTED_EDGE ( 'NONE', *, *, #3261, .T. ) ;
#10384 = DIRECTION ( 'NONE',  ( -7.558965274043620048E-16, 1.000000000000000000, 0.000000000000000000 ) ) ;
#10385 = ORIENTED_EDGE ( 'NONE', *, *, #25, .F. ) ;
#10386 = DIRECTION ( 'NONE',  ( -6.409534987526679801E-16, 1.000000000000000000, 0.000000000000000000 ) ) ;
#10387 = FACE_OUTER_BOUND ( 'NONE', #7240, .T. ) ;
#10388 = ORIENTED_EDGE ( 'NONE', *, *, #9664, .F. ) ;
#10389 = DIRECTION ( 'NONE',  ( 0.000000000000000000, 0.000000000000000000, -1.000000000000000000 ) ) ;
#10390 = CARTESIAN_POINT ( 'NONE',  ( 193.2578371301650293, 97.82986802856252950, 208.5386201858095490 ) ) ;
#10391 = CARTESIAN_POINT ( 'NONE',  ( -286.8845242880009891, 97.16738986521680488, 208.7207935539339871 ) ) ;
#10392 = AXIS2_PLACEMENT_3D ( 'NONE', #1511, #11236, #4952 ) ;
#10393 = EDGE_LOOP ( 'NONE', ( #3550, #4155, #10657, #11232, #5800 ) ) ;
#10394 = DIRECTION ( 'NONE',  ( -0.9999999999999996669, -2.745767250262608000E-08, 0.000000000000000000 ) ) ;
#10395 = ADVANCED_FACE ( 'NONE', ( #3607 ), #4312, .T. ) ;
#10396 = DIRECTION ( 'NONE',  ( 1.000000000000000000, 0.000000000000000000, 0.000000000000000000 ) ) ;
#10397 = CARTESIAN_POINT ( 'NONE',  ( -202.3634190205779930, 69.57506281176510754, 208.7207935539339871 ) ) ;
#10398 = PLANE ( 'NONE',  #4733 ) ;
#10399 = ORIENTED_EDGE ( 'NONE', *, *, #3441, .F. ) ;
#10400 = DIRECTION ( 'NONE',  ( 1.000000000000000000, -7.750856465236719541E-16, 0.000000000000000000 ) ) ;
#10401 = ORIENTED_EDGE ( 'NONE', *, *, #8239, .T. ) ;
#10402 = DIRECTION ( 'NONE',  ( 1.000000000000000000, 6.974437143599260226E-16, 0.000000000000000000 ) ) ;
#10403 = ADVANCED_FACE ( 'NONE', ( #2612 ), #8949, .F. ) ;
#10404 = EDGE_LOOP ( 'NONE', ( #2837, #4426, #4016, #2656 ) ) ;
#10405 = CIRCLE ( 'NONE', #3337, 5.000000000000004441 ) ;
#10406 = DIRECTION ( 'NONE',  ( -1.000000000000000000, 8.601340485944210462E-16, 0.000000000000000000 ) ) ;
#10407 = CARTESIAN_POINT ( 'NONE',  ( -185.8610559998539884, 76.52168743035018394, 203.7207935539339871 ) ) ;
#10408 =( BOUNDED_CURVE ( )  B_SPLINE_CURVE ( 3, ( #7583, #4927, #9405, #8472 ),
 .UNSPECIFIED., .F., .F. ) 
 B_SPLINE_CURVE_WITH_KNOTS ( ( 4, 4 ),
 ( 3.762085954390600229, 3.926990816987241839 ),
 .UNSPECIFIED. ) 
 CURVE ( )  GEOMETRIC_REPRESENTATION_ITEM ( )  RATIONAL_B_SPLINE_CURVE ( ( 1.000000000000000000, 0.9977351490747967677, 0.9977351490747967677, 1.000000000000000000 ) ) 
 REPRESENTATION_ITEM ( '' )  );
#10409 = LINE ( 'NONE', #7542, #717 ) ;
#10410 = ORIENTED_EDGE ( 'NONE', *, *, #9023, .T. ) ;
#10411 = EDGE_CURVE ( 'NONE', #4801, #1985, #7837, .T. ) ;
#10412 = CARTESIAN_POINT ( 'NONE',  ( -134.7493362426759802, 38.02563476562500000, 158.7207935539340156 ) ) ;
#10413 = PLANE ( 'NONE',  #3791 ) ;
#10414 = ORIENTED_EDGE ( 'NONE', *, *, #9473, .F. ) ;
#10415 = EDGE_CURVE ( 'NONE', #10470, #377, #9750, .T. ) ;
#10416 = VERTEX_POINT ( 'NONE', #10764 ) ;
#10417 = FACE_OUTER_BOUND ( 'NONE', #8602, .T. ) ;
#10418 = CARTESIAN_POINT ( 'NONE',  ( 132.3913192749020027, 9.215927124023428618, 138.7207935539339871 ) ) ;
#10419 = CARTESIAN_POINT ( 'NONE',  ( -169.2988339896410537, 73.43911267092516937, 208.6075206409437897 ) ) ;
#10420 = B_SPLINE_CURVE_WITH_KNOTS ( 'NONE', 3,
 ( #4179, #6196, #9651, #9769, #1677, #11401, #3308, #6838, #7005, #5224, #1617, #2657, #8829, #805, #10580 ),
 .UNSPECIFIED., .F., .F.,
 ( 4, 2, 2, 1, 1, 1, 2, 2, 4 ),
 ( 0.000000000000000000, 0.1250000000000203448, 0.1875000000000305589, 0.2187500000000357492, 0.2343750000000399125, 0.2421875000000418832, 0.2460937500000428824, 0.2500000000000438538, 0.4999999999999991673 ),
 .UNSPECIFIED. ) ;
#10421 = CYLINDRICAL_SURFACE ( 'NONE', #1234, 12.90500640869139737 ) ;
#10422 = CARTESIAN_POINT ( 'NONE',  ( 288.3616786350777943, 98.22497064502540809, 206.1468362212165459 ) ) ;
#10423 = CARTESIAN_POINT ( 'NONE',  ( -15.13150215148919919, 98.04149627685548296, 183.7207935539340156 ) ) ;
#10424 = EDGE_LOOP ( 'NONE', ( #1765, #5123, #7497, #2777, #1998, #6574 ) ) ;
#10425 = EDGE_LOOP ( 'NONE', ( #4419, #1828, #3785, #7418 ) ) ;
#10426 = ORIENTED_EDGE ( 'NONE', *, *, #6884, .T. ) ;
#10427 = VERTEX_POINT ( 'NONE', #2786 ) ;
#10428 = CARTESIAN_POINT ( 'NONE',  ( -101.0028839111329972, 76.52169227600100498, 158.7207935539340156 ) ) ;
#10429 = AXIS2_PLACEMENT_3D ( 'NONE', #6890, #6026, #9649 ) ;
#10430 = EDGE_CURVE ( 'NONE', #6492, #4321, #5646, .T. ) ;
#10431 = CARTESIAN_POINT ( 'NONE',  ( 94.33874376900476477, 137.4162447778529099, 207.7385752069749003 ) ) ;
#10432 =( BOUNDED_CURVE ( )  B_SPLINE_CURVE ( 3, ( #8780, #2734, #4374, #4313 ),
 .UNSPECIFIED., .F., .F. ) 
 B_SPLINE_CURVE_WITH_KNOTS ( ( 4, 4 ),
 ( 2.045947839791859124, 2.356194490192341284 ),
 .UNSPECIFIED. ) 
 CURVE ( )  GEOMETRIC_REPRESENTATION_ITEM ( )  RATIONAL_B_SPLINE_CURVE ( ( 1.000000000000000000, 0.9919949895361628300, 0.9919949895361628300, 1.000000000000000000 ) ) 
 REPRESENTATION_ITEM ( '' )  );
#10433 = CARTESIAN_POINT ( 'NONE',  ( -286.9861299235289493, 76.32125139236450195, 208.6552159306729948 ) ) ;
#10434 = CIRCLE ( 'NONE', #3186, 4.999999999999893419 ) ;
#10435 = CARTESIAN_POINT ( 'NONE',  ( 216.5078370686659923, 94.42653656005860796, 208.7207935539339871 ) ) ;
#10436 = ORIENTED_EDGE ( 'NONE', *, *, #6273, .T. ) ;
#10437 = VERTEX_POINT ( 'NONE', #6100 ) ;
#10438 = DIRECTION ( 'NONE',  ( -6.630299199421770504E-16, 1.000000000000000000, 0.000000000000000000 ) ) ;
#10439 = VERTEX_POINT ( 'NONE', #4373 ) ;
#10440 = DIRECTION ( 'NONE',  ( -1.000000000000000000, 0.000000000000000000, 0.000000000000000000 ) ) ;
#10441 = CARTESIAN_POINT ( 'NONE',  ( -291.1789867425089824, 76.30575257978340176, 155.7260805710350269 ) ) ;
#10442 = ORIENTED_EDGE ( 'NONE', *, *, #6711, .T. ) ;
#10443 = ADVANCED_FACE ( 'NONE', ( #1687 ), #6323, .T. ) ;
#10444 = CARTESIAN_POINT ( 'NONE',  ( 43.09501647949219461, 75.12078285217289420, 203.7207935539339871 ) ) ;
#10445 = CARTESIAN_POINT ( 'NONE',  ( -169.2988431220707071, 79.73973277126755477, 208.6129398702976800 ) ) ;
#10446 = ADVANCED_FACE ( 'NONE', ( #817 ), #10591, .F. ) ;
#10447 = CIRCLE ( 'NONE', #5248, 3.000000000004119816 ) ;
#10448 = CARTESIAN_POINT ( 'NONE',  ( 94.18603985508163134, 117.6996686611356893, 207.8912791208980479 ) ) ;
#10449 = ORIENTED_EDGE ( 'NONE', *, *, #3845, .T. ) ;
#10450 = DIRECTION ( 'NONE',  ( 0.000000000000000000, 0.000000000000000000, 1.000000000000000000 ) ) ;
#10451 = DIRECTION ( 'NONE',  ( 0.000000000000000000, -0.7071067811865486830, 0.7071067811865463515 ) ) ;
#10452 = CARTESIAN_POINT ( 'NONE',  ( 287.7646232061372871, 68.20869469681329633, 183.7207935539339303 ) ) ;
#10453 = VERTEX_POINT ( 'NONE', #7956 ) ;
#10454 = DIRECTION ( 'NONE',  ( 1.000000000000000000, -1.075393666311713415E-15, 0.000000000000000000 ) ) ;
#10455 = ORIENTED_EDGE ( 'NONE', *, *, #8795, .T. ) ;
#10456 = AXIS2_PLACEMENT_3D ( 'NONE', #4395, #9740, #4448 ) ;
#10457 = DIRECTION ( 'NONE',  ( 1.110223024625157172E-14, 1.000000000000000000, 0.000000000000000000 ) ) ;
#10458 = ORIENTED_EDGE ( 'NONE', *, *, #132, .F. ) ;
#10459 = VERTEX_POINT ( 'NONE', #11529 ) ;
#10460 = CARTESIAN_POINT ( 'NONE',  ( -288.6789894103999927, 109.8818980297850061, 172.1468140555100206 ) ) ;
#10461 = DIRECTION ( 'NONE',  ( 1.000000000000000000, -1.835214905568969478E-16, 0.000000000000000000 ) ) ;
#10462 = EDGE_CURVE ( 'NONE', #10528, #801, #5459, .T. ) ;
#10463 = CARTESIAN_POINT ( 'NONE',  ( 284.5496709014714156, 78.87298166346738526, 208.6674906525830409 ) ) ;
#10464 = VERTEX_POINT ( 'NONE', #8130 ) ;
#10465 = EDGE_CURVE ( 'NONE', #9703, #4290, #4716, .T. ) ;
#10466 = DIRECTION ( 'NONE',  ( 0.000000000000000000, 0.000000000000000000, 1.000000000000000000 ) ) ;
#10467 = FACE_OUTER_BOUND ( 'NONE', #10927, .T. ) ;
#10468 = AXIS2_PLACEMENT_3D ( 'NONE', #857, #4846, #11015 ) ;
#10469 = DIRECTION ( 'NONE',  ( 0.000000000000000000, 0.000000000000000000, -1.000000000000000000 ) ) ;
#10470 = VERTEX_POINT ( 'NONE', #3843 ) ;
#10471 = CARTESIAN_POINT ( 'NONE',  ( -198.7659039148544764, 76.52168707601310871, 183.7207935539340156 ) ) ;
#10472 = EDGE_CURVE ( 'NONE', #5218, #373, #5631, .T. ) ;
#10473 = CARTESIAN_POINT ( 'NONE',  ( 283.8209915161129970, 74.74094335415090029, 208.7207935539339871 ) ) ;
#10474 = CARTESIAN_POINT ( 'NONE',  ( -169.2988468513506461, 70.33038306402269768, 208.7207935539339587 ) ) ;
#10475 = EDGE_CURVE ( 'NONE', #5714, #4076, #10819, .T. ) ;
#10476 = CIRCLE ( 'NONE', #5456, 29.99999999999999645 ) ;
#10477 = EDGE_CURVE ( 'NONE', #3111, #10899, #2862, .T. ) ;
#10478 = EDGE_CURVE ( 'NONE', #771, #10732, #5523, .T. ) ;
#10479 = DIRECTION ( 'NONE',  ( 0.000000000000000000, 0.000000000000000000, -1.000000000000000000 ) ) ;
#10480 = VECTOR ( 'NONE', #10065, 1000.000000000000000 ) ;
#10481 = CARTESIAN_POINT ( 'NONE',  ( 92.72072205597480377, 116.2343508620288901, 208.7207935539339871 ) ) ;
#10482 = CARTESIAN_POINT ( 'NONE',  ( -83.01555633544920454, 63.61684799194339490, 203.7207935539339871 ) ) ;
#10483 = ORIENTED_EDGE ( 'NONE', *, *, #9749, .F. ) ;
#10484 = EDGE_LOOP ( 'NONE', ( #8121, #9420, #1118, #11226, #2136, #11049 ) ) ;
#10485 = ORIENTED_EDGE ( 'NONE', *, *, #8617, .T. ) ;
#10486 = VECTOR ( 'NONE', #1229, 1000.000000000000000 ) ;
#10487 = VERTEX_POINT ( 'NONE', #8187 ) ;
#10488 = FACE_OUTER_BOUND ( 'NONE', #10019, .T. ) ;
#10489 = AXIS2_PLACEMENT_3D ( 'NONE', #4113, #7646, #11221 ) ;
#10490 = COLOUR_RGB ( '',0.7921568627450980005, 0.8196078431372548767, 0.9333333333333333481 ) ;
#10491 = CARTESIAN_POINT ( 'NONE',  ( 65.60616299700279797, 94.42653656005880691, 203.7207935539339871 ) ) ;
#10492 = CIRCLE ( 'NONE', #3434, 12.90485382080080967 ) ;
#10493 = DIRECTION ( 'NONE',  ( 1.000000000000000000, -1.635284895191439853E-16, 0.000000000000000000 ) ) ;
#10494 = CARTESIAN_POINT ( 'NONE',  ( -76.95782184600820131, 35.02563476562500000, 155.7207935539340156 ) ) ;
#10495 = AXIS2_PLACEMENT_3D ( 'NONE', #1130, #10731, #10845 ) ;
#10496 = CARTESIAN_POINT ( 'NONE',  ( -76.95782116841721177, 94.42653656005850848, 208.7207935539339871 ) ) ;
#10497 = EDGE_CURVE ( 'NONE', #3388, #866, #3896, .T. ) ;
#10498 = ORIENTED_EDGE ( 'NONE', *, *, #2980, .F. ) ;
#10499 = VERTEX_POINT ( 'NONE', #5697 ) ;
#10500 = CARTESIAN_POINT ( 'NONE',  ( 203.6029927857464088, 76.52169227600100498, 203.7207935539339871 ) ) ;
#10501 = AXIS2_PLACEMENT_3D ( 'NONE', #4338, #9752, #8810 ) ;
#10502 = CIRCLE ( 'NONE', #7690, 17.90500640869139914 ) ;
#10503 = ORIENTED_EDGE ( 'NONE', *, *, #10755, .F. ) ;
#10504 = CARTESIAN_POINT ( 'NONE',  ( -291.1785103360849689, 75.00242324095310664, 156.0019761893420025 ) ) ;
#10505 = VERTEX_POINT ( 'NONE', #2961 ) ;
#10506 = EDGE_CURVE ( 'NONE', #197, #1847, #7303, .T. ) ;
#10507 = DIRECTION ( 'NONE',  ( 2.025046796916284173E-15, -0.7191424945380936462, 0.6948626285457636387 ) ) ;
#10508 = DIRECTION ( 'NONE',  ( 0.000000000000000000, 0.000000000000000000, 1.000000000000000000 ) ) ;
#10509 = CARTESIAN_POINT ( 'NONE',  ( 267.5316238403320312, 76.52169227600100498, 203.7207935539339871 ) ) ;
#10510 = VECTOR ( 'NONE', #10469, 1000.000000000000000 ) ;
#10511 = VERTEX_POINT ( 'NONE', #9010 ) ;
#10512 = DIRECTION ( 'NONE',  ( -5.551115123125785858E-15, 1.000000000000000000, 0.000000000000000000 ) ) ;
#10513 = AXIS2_PLACEMENT_3D ( 'NONE', #206, #4754, #10040 ) ;
#10514 = DIRECTION ( 'NONE',  ( 1.000000000000000000, -1.579971831557694880E-16, -1.579971831557694880E-16 ) ) ;
#10515 = DIRECTION ( 'NONE',  ( -6.974437143599260226E-16, 1.000000000000000000, 0.000000000000000000 ) ) ;
#10516 = EDGE_CURVE ( 'NONE', #4960, #6922, #3251, .T. ) ;
#10517 = VERTEX_POINT ( 'NONE', #3017 ) ;
#10518 = FACE_OUTER_BOUND ( 'NONE', #2221, .T. ) ;
#10519 = ORIENTED_EDGE ( 'NONE', *, *, #884, .T. ) ;
#10520 = DIRECTION ( 'NONE',  ( 1.000000000000000000, 2.036635194594239902E-16, 0.000000000000000000 ) ) ;
#10521 = ORIENTED_EDGE ( 'NONE', *, *, #3352, .F. ) ;
#10522 = DIRECTION ( 'NONE',  ( 9.747022401918829411E-18, 1.000000000000000000, 0.000000000000000000 ) ) ;
#10523 = VERTEX_POINT ( 'NONE', #1224 ) ;
#10524 = VECTOR ( 'NONE', #4364, 1000.000000000000000 ) ;
#10525 = CARTESIAN_POINT ( 'NONE',  ( 286.9753630236992876, 101.1723201123231775, 205.4718561443873170 ) ) ;
#10526 = CARTESIAN_POINT ( 'NONE',  ( 150.3786849975589917, 76.52169227600100498, 203.7207935539339871 ) ) ;
#10527 = PLANE ( 'NONE',  #11503 ) ;
#10528 = VERTEX_POINT ( 'NONE', #2150 ) ;
#10529 = DIRECTION ( 'NONE',  ( 0.000000000000000000, 0.000000000000000000, 1.000000000000000000 ) ) ;
#10530 = EDGE_CURVE ( 'NONE', #8790, #11238, #6391, .T. ) ;
#10531 = EDGE_CURVE ( 'NONE', #9521, #6081, #10307, .T. ) ;
#10532 = DIRECTION ( 'NONE',  ( 0.000000000000000000, -0.7071067811865475727, 0.7071067811865475727 ) ) ;
#10533 = DIRECTION ( 'NONE',  ( 3.073900420430730319E-15, 1.000000000000000000, 0.000000000000000000 ) ) ;
#10534 = CARTESIAN_POINT ( 'NONE',  ( 267.5316238403320312, 35.90431442206535451, 157.8421138974936468 ) ) ;
#10535 = ORIENTED_EDGE ( 'NONE', *, *, #5358, .F. ) ;
#10536 = CIRCLE ( 'NONE', #5514, 3.000000000000002665 ) ;
#10537 = DIRECTION ( 'NONE',  ( -1.226857608440687559E-08, 1.000000000000000000, 0.000000000000000000 ) ) ;
#10538 = EDGE_CURVE ( 'NONE', #6972, #2390, #833, .T. ) ;
#10539 = DIRECTION ( 'NONE',  ( 6.519917093474220715E-16, -1.000000000000000000, 0.000000000000000000 ) ) ;
#10540 = CARTESIAN_POINT ( 'NONE',  ( -169.2986649142939086, 75.46125819137188273, 208.5444167209118120 ) ) ;
#10541 = CARTESIAN_POINT ( 'NONE',  ( -30.26300430297849786, 110.9465026855470029, 143.7207935539339871 ) ) ;
#10542 = CARTESIAN_POINT ( 'NONE',  ( 150.3786849975589917, 58.61684799194339490, 203.7207935539339871 ) ) ;
#10543 = CARTESIAN_POINT ( 'NONE',  ( 286.9639712068239987, 65.71489396903400859, 160.3587592028100062 ) ) ;
#10544 = ORIENTED_EDGE ( 'NONE', *, *, #10343, .F. ) ;
#10545 = ORIENTED_EDGE ( 'NONE', *, *, #10415, .T. ) ;
#10546 = ORIENTED_EDGE ( 'NONE', *, *, #1151, .F. ) ;
#10547 = EDGE_LOOP ( 'NONE', ( #8109, #1975, #5332, #6303 ) ) ;
#10548 = DIRECTION ( 'NONE',  ( 4.301574665246853659E-15, -1.000000000000000000, 0.000000000000000000 ) ) ;
#10549 = EDGE_CURVE ( 'NONE', #1434, #7369, #3627, .T. ) ;
#10550 = ADVANCED_FACE ( 'NONE', ( #10885 ), #4781, .F. ) ;
#10551 =( LENGTH_UNIT ( ) NAMED_UNIT ( * ) SI_UNIT ( .MILLI., .METRE. ) );
#10552 = FACE_OUTER_BOUND ( 'NONE', #8961, .T. ) ;
#10553 = CARTESIAN_POINT ( 'NONE',  ( -286.9867076297548465, 76.48828666329005443, 208.6551222068470963 ) ) ;
#10554 = CARTESIAN_POINT ( 'NONE',  ( -97.01492246262618835, 137.7344255771860162, 207.1115330082739661 ) ) ;
#10555 = TOROIDAL_SURFACE ( 'NONE', #1632, 17.90499687194819600, 5.000000000000000000 ) ;
#10556 = AXIS2_PLACEMENT_3D ( 'NONE', #568, #5904, #9454 ) ;
#10557 = DIRECTION ( 'NONE',  ( 0.000000000000000000, 0.000000000000000000, 1.000000000000000000 ) ) ;
#10558 = VERTEX_POINT ( 'NONE', #9244 ) ;
#10559 = EDGE_LOOP ( 'NONE', ( #2241, #7359, #335, #3276 ) ) ;
#10560 = CARTESIAN_POINT ( 'NONE',  ( -30.26300430297849786, 110.9465026855470029, 203.7207935539339871 ) ) ;
#10561 = CIRCLE ( 'NONE', #5170, 5.000000000000004441 ) ;
#10562 = ORIENTED_EDGE ( 'NONE', *, *, #5709, .T. ) ;
#10563 = CARTESIAN_POINT ( 'NONE',  ( -289.7373444324800289, 62.77935529064619402, 158.3000852872550013 ) ) ;
#10564 = ADVANCED_FACE ( 'NONE', ( #6382 ), #8245, .F. ) ;
#10565 = CARTESIAN_POINT ( 'NONE',  ( 200.0054660589135551, 73.29375453702559184, 208.6005953981261598 ) ) ;
#10566 = CARTESIAN_POINT ( 'NONE',  ( -146.1789941787719727, 43.32125139236440248, 186.7207935539340156 ) ) ;
#10567 = CARTESIAN_POINT ( 'NONE',  ( -62.68753155976759928, 93.04149627685561086, 208.7207935539339871 ) ) ;
#10568 = VECTOR ( 'NONE', #11349, 1000.000000000000000 ) ;
#10569 = ORIENTED_EDGE ( 'NONE', *, *, #8321, .F. ) ;
#10570 = DIRECTION ( 'NONE',  ( -8.330653612515482894E-11, 1.000000000000000000, 0.000000000000000000 ) ) ;
#10571 = CARTESIAN_POINT ( 'NONE',  ( 280.0341949517094235, 55.10804795676789780, 186.7207935539340156 ) ) ;
#10572 = FACE_OUTER_BOUND ( 'NONE', #11528, .T. ) ;
#10573 = ORIENTED_EDGE ( 'NONE', *, *, #7656, .T. ) ;
#10574 = CARTESIAN_POINT ( 'NONE',  ( -134.7493367092509970, 76.52169227600100498, 203.7207935539339871 ) ) ;
#10575 = ORIENTED_EDGE ( 'NONE', *, *, #4956, .T. ) ;
#10576 = DIRECTION ( 'NONE',  ( -8.167399816904201767E-11, 1.000000000000000000, 0.000000000000000000 ) ) ;
#10577 = ORIENTED_EDGE ( 'NONE', *, *, #2345, .T. ) ;
#10578 = DIRECTION ( 'NONE',  ( -1.000000000000000000, 3.632510143678719152E-17, 0.000000000000000000 ) ) ;
#10579 = VERTEX_POINT ( 'NONE', #2907 ) ;
#10580 = CARTESIAN_POINT ( 'NONE',  ( 166.9408770293940165, 76.52168743035359455, 208.5371495342994024 ) ) ;
#10581 = CARTESIAN_POINT ( 'NONE',  ( 98.64490509033210230, 76.52169227600100498, 153.7207935539340156 ) ) ;
#10582 = LINE ( 'NONE', #2776, #6460 ) ;
#10583 = AXIS2_PLACEMENT_3D ( 'NONE', #2541, #6192, #3479 ) ;
#10584 = ADVANCED_FACE ( 'NONE', ( #1110 ), #7492, .T. ) ;
#10585 = VERTEX_POINT ( 'NONE', #233 ) ;
#10586 = CARTESIAN_POINT ( 'NONE',  ( -146.1789941787719727, 117.8685996535100031, 207.6743849957320265 ) ) ;
#10587 = DIRECTION ( 'NONE',  ( -0.9999999999999996669, -2.745767261192185469E-08, 0.000000000000000000 ) ) ;
#10588 = CARTESIAN_POINT ( 'NONE',  ( -101.0028839111329972, 89.42653656005859375, 183.7207935539340156 ) ) ;
#10589 = LINE ( 'NONE', #11527, #9201 ) ;
#10590 = VERTEX_POINT ( 'NONE', #2319 ) ;
#10591 = CYLINDRICAL_SURFACE ( 'NONE', #9541, 12.90485382080079901 ) ;
#10592 = CARTESIAN_POINT ( 'NONE',  ( 288.1002856065886704, 66.62431563263115208, 157.6843635925719980 ) ) ;
#10593 = EDGE_CURVE ( 'NONE', #7114, #9457, #4547, .T. ) ;
#10594 = DIRECTION ( 'NONE',  ( 0.7071067811865475727, 0.000000000000000000, 0.7071067811865475727 ) ) ;
#10595 = CARTESIAN_POINT ( 'NONE',  ( 288.5638654635522471, 158.2624955198345447, 123.7207935539339729 ) ) ;
#10596 = ADVANCED_FACE ( 'NONE', ( #6893 ), #11347, .F. ) ;
#10597 = CARTESIAN_POINT ( 'NONE',  ( -152.7366447448729900, 38.02563476562500000, 158.7207935539340156 ) ) ;
#10598 = AXIS2_PLACEMENT_3D ( 'NONE', #3819, #3050, #5669 ) ;
#10599 = CARTESIAN_POINT ( 'NONE',  ( -288.6789894103999927, 99.70189648182018516, 206.9831158843462333 ) ) ;
#10600 = ORIENTED_EDGE ( 'NONE', *, *, #10477, .T. ) ;
#10601 = ORIENTED_EDGE ( 'NONE', *, *, #4654, .F. ) ;
#10602 = EDGE_LOOP ( 'NONE', ( #8752, #4323, #10633, #10293, #3184 ) ) ;
#10603 = ORIENTED_EDGE ( 'NONE', *, *, #2129, .F. ) ;
#10604 = CARTESIAN_POINT ( 'NONE',  ( 285.9351275793119953, 97.34975805660688764, 208.4185269062170107 ) ) ;
#10605 = EDGE_CURVE ( 'NONE', #9198, #7955, #6016, .T. ) ;
#10606 = CARTESIAN_POINT ( 'NONE',  ( -185.8610559998519705, 22.12077808834190051, 155.7207935539340156 ) ) ;
#10607 = DIRECTION ( 'NONE',  ( 0.000000000000000000, 0.000000000000000000, -1.000000000000000000 ) ) ;
#10608 = DIRECTION ( 'NONE',  ( -1.000000000000000000, 4.362752391243203476E-16, 0.000000000000000000 ) ) ;
#10609 = EDGE_CURVE ( 'NONE', #11238, #7213, #286, .T. ) ;
#10610 = CARTESIAN_POINT ( 'NONE',  ( 65.60616016387930927, 38.02563476562500000, 155.7207935539340156 ) ) ;
#10611 = VERTEX_POINT ( 'NONE', #2205 ) ;
#10612 = AXIS2_PLACEMENT_3D ( 'NONE', #8826, #11399, #10632 ) ;
#10613 = ORIENTED_EDGE ( 'NONE', *, *, #1141, .T. ) ;
#10614 = CARTESIAN_POINT ( 'NONE',  ( -196.4161459817640036, 98.63017898587470711, 208.0186497902789995 ) ) ;
#10615 = CIRCLE ( 'NONE', #26, 4.999999999999893419 ) ;
#10616 = ORIENTED_EDGE ( 'NONE', *, *, #7835, .F. ) ;
#10617 = CARTESIAN_POINT ( 'NONE',  ( -291.0367795716060186, 72.58208691418228398, 156.9961504421270035 ) ) ;
#10618 = CARTESIAN_POINT ( 'NONE',  ( 39.73928928375250536, 90.89100265412585600, 207.2563274598667533 ) ) ;
#10619 = FACE_OUTER_BOUND ( 'NONE', #1169, .T. ) ;
#10620 = CARTESIAN_POINT ( 'NONE',  ( -289.7295220090750263, 98.96093574119321090, 207.2709214905419799 ) ) ;
#10621 = ORIENTED_EDGE ( 'NONE', *, *, #10549, .T. ) ;
#10622 = CARTESIAN_POINT ( 'NONE',  ( 216.5078370686659923, 89.42653656005859375, 183.7207935539340156 ) ) ;
#10623 = AXIS2_PLACEMENT_3D ( 'NONE', #6351, #9913, #961 ) ;
#10624 = CIRCLE ( 'NONE', #35, 12.90485382080079901 ) ;
#10625 = EDGE_CURVE ( 'NONE', #3360, #7922, #2359, .T. ) ;
#10626 = DIRECTION ( 'NONE',  ( -1.000000000000000000, 2.318450818158519635E-17, 0.000000000000000000 ) ) ;
#10627 = DIRECTION ( 'NONE',  ( 0.000000000000000000, 0.000000000000000000, 1.000000000000000000 ) ) ;
#10628 = ORIENTED_EDGE ( 'NONE', *, *, #7494, .F. ) ;
#10629 = DIRECTION ( 'NONE',  ( 1.000000000000000000, 0.000000000000000000, 0.000000000000000000 ) ) ;
#10630 = DIRECTION ( 'NONE',  ( -1.000000000000000000, 0.000000000000000000, 0.000000000000000000 ) ) ;
#10631 = ORIENTED_EDGE ( 'NONE', *, *, #6636, .T. ) ;
#10632 = DIRECTION ( 'NONE',  ( -1.000000000000000000, 3.029120467170619751E-17, 0.000000000000000000 ) ) ;
#10633 = ORIENTED_EDGE ( 'NONE', *, *, #4783, .T. ) ;
#10634 = DIRECTION ( 'NONE',  ( 0.000000000000000000, 0.000000000000000000, -1.000000000000000000 ) ) ;
#10635 = CARTESIAN_POINT ( 'NONE',  ( -218.8657760620120314, 22.12078094482420099, 158.7207935539340156 ) ) ;
#10636 = DIRECTION ( 'NONE',  ( 1.000000000000000000, 0.000000000000000000, 0.000000000000000000 ) ) ;
#10637 = ORIENTED_EDGE ( 'NONE', *, *, #2399, .T. ) ;
#10638 = CIRCLE ( 'NONE', #2644, 12.90484428405760120 ) ;
#10639 = CARTESIAN_POINT ( 'NONE',  ( 80.65757751464845171, 90.89100265412588442, 207.2563274598667533 ) ) ;
#10640 = DIRECTION ( 'NONE',  ( -5.897598525349479809E-18, -1.000000000000000000, 0.000000000000000000 ) ) ;
#10641 = EDGE_CURVE ( 'NONE', #10898, #5320, #5749, .T. ) ;
#10642 = CARTESIAN_POINT ( 'NONE',  ( 119.4864806570913061, 76.52169192166401501, 158.7207935539340156 ) ) ;
#10643 = CARTESIAN_POINT ( 'NONE',  ( -67.96416759490981008, 9.215927124023439276, 155.7207935539340156 ) ) ;
#10644 = EDGE_LOOP ( 'NONE', ( #4890, #11034, #6687, #2467 ) ) ;
#10645 = DIRECTION ( 'NONE',  ( -1.000000000000000000, -6.403948672269339736E-16, 0.000000000000000000 ) ) ;
#10646 = CARTESIAN_POINT ( 'NONE',  ( 288.8209900386809750, 76.30497789300710565, 155.7242630661160092 ) ) ;
#10647 = DIRECTION ( 'NONE',  ( 1.000000000000000000, -6.425975681558509432E-17, 0.000000000000000000 ) ) ;
#10648 = CIRCLE ( 'NONE', #9160, 12.90484969578129437 ) ;
#10649 = DIRECTION ( 'NONE',  ( -0.9999999999999998890, 1.226857397668939727E-08, -3.872322412532718981E-17 ) ) ;
#10650 = CYLINDRICAL_SURFACE ( 'NONE', #10112, 12.90484428405759587 ) ;
#10651 = CARTESIAN_POINT ( 'NONE',  ( 284.1019790883130440, 60.11914600153819777, 161.7207935539339871 ) ) ;
#10652 = ADVANCED_FACE ( 'NONE', ( #9417 ), #1451, .F. ) ;
#10653 = VERTEX_POINT ( 'NONE', #8486 ) ;
#10654 = ORIENTED_EDGE ( 'NONE', *, *, #10302, .T. ) ;
#10655 = EDGE_LOOP ( 'NONE', ( #6239, #9213, #5550, #2172 ) ) ;
#10656 = DIRECTION ( 'NONE',  ( 0.000000000000000000, 0.000000000000000000, 1.000000000000000000 ) ) ;
#10657 = ORIENTED_EDGE ( 'NONE', *, *, #9653, .T. ) ;
#10658 = CARTESIAN_POINT ( 'NONE',  ( -289.3610064729700184, 64.06615189608230310, 183.7207935539340724 ) ) ;
#10659 = CIRCLE ( 'NONE', #2292, 3.000000000000002665 ) ;
#10660 = B_SPLINE_CURVE_WITH_KNOTS ( 'NONE', 3,
 ( #9824, #1850, #5396, #8938, #2951 ),
 .UNSPECIFIED., .F., .F.,
 ( 4, 1, 4 ),
 ( 0.000000000000000000, 0.4285714285714273264, 0.4999906634317182741 ),
 .UNSPECIFIED. ) ;
#10661 = DIRECTION ( 'NONE',  ( 6.425975681558509432E-17, 1.000000000000000000, 0.000000000000000000 ) ) ;
#10662 = LINE ( 'NONE', #10494, #5352 ) ;
#10663 = CARTESIAN_POINT ( 'NONE',  ( -83.01555633544920454, 89.42653656005859375, 203.7207935539339871 ) ) ;
#10664 = ADVANCED_FACE ( 'NONE', ( #5051 ), #4882, .T. ) ;
#10665 = CIRCLE ( 'NONE', #3609, 30.00000000000001066 ) ;
#10666 = ORIENTED_EDGE ( 'NONE', *, *, #6901, .F. ) ;
#10667 = VERTEX_POINT ( 'NONE', #8593 ) ;
#10668 = DIRECTION ( 'NONE',  ( 1.000000000000000000, -7.788590840987949389E-17, 0.000000000000000000 ) ) ;
#10669 = AXIS2_PLACEMENT_3D ( 'NONE', #9817, #6425, #10745 ) ;
#10670 = ORIENTED_EDGE ( 'NONE', *, *, #11468, .T. ) ;
#10671 = TOROIDAL_SURFACE ( 'NONE', #8806, 33.00000000000000000, 3.000000000000000000 ) ;
#10672 = DIRECTION ( 'NONE',  ( 0.7071067811865475727, 0.000000000000000000, 0.7071067811865475727 ) ) ;
#10673 = VECTOR ( 'NONE', #11182, 1000.000000000000000 ) ;
#10674 = CARTESIAN_POINT ( 'NONE',  ( -286.1789894103999927, 97.82984857679468860, 208.5385722673235023 ) ) ;
#10675 = CARTESIAN_POINT ( 'NONE',  ( -291.1789894103999927, 120.1792166382100078, 183.7207935539340156 ) ) ;
#10676 = VECTOR ( 'NONE', #5820, 1000.000000000000000 ) ;
#10677 = EDGE_CURVE ( 'NONE', #7618, #9697, #7689, .T. ) ;
#10678 = DIRECTION ( 'NONE',  ( 4.301574665246853659E-15, -1.000000000000000000, 0.000000000000000000 ) ) ;
#10679 = ORIENTED_EDGE ( 'NONE', *, *, #218, .T. ) ;
#10680 = CARTESIAN_POINT ( 'NONE',  ( -45.45299509255220727, 93.02577972412109375, 203.7207935539339871 ) ) ;
#10681 = TOROIDAL_SURFACE ( 'NONE', #10305, 15.90485382080079901, 3.000000000000000000 ) ;
#10682 = TOROIDAL_SURFACE ( 'NONE', #8250, 15.90485382080079901, 3.000000000000000000 ) ;
#10683 = AXIS2_PLACEMENT_3D ( 'NONE', #8117, #166, #10108 ) ;
#10684 = DIRECTION ( 'NONE',  ( 0.000000000000000000, -1.000000000000000000, 0.000000000000000000 ) ) ;
#10685 = VERTEX_POINT ( 'NONE', #4997 ) ;
#10686 = EDGE_CURVE ( 'NONE', #9767, #9847, #4180, .T. ) ;
#10687 = DIRECTION ( 'NONE',  ( 0.000000000000000000, 0.000000000000000000, -1.000000000000000000 ) ) ;
#10688 = CARTESIAN_POINT ( 'NONE',  ( 80.65757769388380893, 38.02563398808290174, 155.7207935539340156 ) ) ;
#10689 = ORIENTED_EDGE ( 'NONE', *, *, #3421, .F. ) ;
#10690 = DIRECTION ( 'NONE',  ( 1.075393666311713415E-15, -1.000000000000000000, 0.000000000000000000 ) ) ;
#10691 = ORIENTED_EDGE ( 'NONE', *, *, #10988, .F. ) ;
#10692 = VECTOR ( 'NONE', #2174, 1000.000000000000000 ) ;
#10693 = CARTESIAN_POINT ( 'NONE',  ( -134.7493362426759802, 22.12078094482420099, 155.7207935539340156 ) ) ;
#10694 = DIRECTION ( 'NONE',  ( -3.372392848055450117E-16, -1.000000000000000000, 0.000000000000000000 ) ) ;
#10695 = EDGE_CURVE ( 'NONE', #2700, #6740, #9355, .T. ) ;
#10696 = CARTESIAN_POINT ( 'NONE',  ( 284.4562525073814072, 79.96638192046302152, 208.6804057835485366 ) ) ;
#10697 = AXIS2_PLACEMENT_3D ( 'NONE', #10566, #2588, #11500 ) ;
#10698 = EDGE_CURVE ( 'NONE', #9742, #9225, #11170, .T. ) ;
#10699 = VECTOR ( 'NONE', #5778, 1000.000000000000000 ) ;
#10700 = ORIENTED_EDGE ( 'NONE', *, *, #5327, .T. ) ;
#10701 = AXIS2_PLACEMENT_3D ( 'NONE', #8929, #10627, #6302 ) ;
#10702 = CIRCLE ( 'NONE', #2516, 3.000000000000002665 ) ;
#10703 = DIRECTION ( 'NONE',  ( 0.000000000000000000, 0.000000000000000000, -1.000000000000000000 ) ) ;
#10704 = CARTESIAN_POINT ( 'NONE',  ( -172.9562080848534720, 76.52168778468727339, 183.7207935539340156 ) ) ;
#10705 = AXIS2_PLACEMENT_3D ( 'NONE', #7432, #4023, #3856 ) ;
#10706 = FACE_OUTER_BOUND ( 'NONE', #10224, .T. ) ;
#10707 = CARTESIAN_POINT ( 'NONE',  ( 132.3913249411490085, 76.52169227600100498, 183.7207935539340156 ) ) ;
#10708 = ORIENTED_EDGE ( 'NONE', *, *, #8769, .T. ) ;
#10709 = DIRECTION ( 'NONE',  ( 1.000000000000000000, 0.000000000000000000, 0.000000000000000000 ) ) ;
#10710 = DIRECTION ( 'NONE',  ( 0.000000000000000000, 0.000000000000000000, -1.000000000000000000 ) ) ;
#10711 = DIRECTION ( 'NONE',  ( 0.000000000000000000, -0.7071067811865486830, 0.7071067811865463515 ) ) ;
#10712 = VECTOR ( 'NONE', #1348, 1000.000000000000000 ) ;
#10713 = VECTOR ( 'NONE', #4532, 1000.000000000000000 ) ;
#10714 = DIRECTION ( 'NONE',  ( 0.000000000000000000, 0.000000000000000000, -1.000000000000000000 ) ) ;
#10715 = ADVANCED_FACE ( 'NONE', ( #6949 ), #1396, .T. ) ;
#10716 = CYLINDRICAL_SURFACE ( 'NONE', #8234, 2.999999999999991562 ) ;
#10717 = CARTESIAN_POINT ( 'NONE',  ( 288.8209899497859965, 76.30575297298069870, 155.7260813108020159 ) ) ;
#10718 = EDGE_LOOP ( 'NONE', ( #7001, #9230, #4693 ) ) ;
#10719 = EDGE_LOOP ( 'NONE', ( #11382, #396 ) ) ;
#10720 = VERTEX_POINT ( 'NONE', #4528 ) ;
#10721 = DIRECTION ( 'NONE',  ( 0.000000000000000000, 0.000000000000000000, -1.000000000000000000 ) ) ;
#10722 = EDGE_LOOP ( 'NONE', ( #2376, #2160, #8613, #7159 ) ) ;
#10723 = CARTESIAN_POINT ( 'NONE',  ( 216.5078370686659923, 63.61684799194339490, 158.7207935539340156 ) ) ;
#10724 = FACE_OUTER_BOUND ( 'NONE', #11515, .T. ) ;
#10725 = ADVANCED_FACE ( 'NONE', ( #8055 ), #471, .T. ) ;
#10726 = DIRECTION ( 'NONE',  ( 0.000000000000000000, 0.000000000000000000, -1.000000000000000000 ) ) ;
#10727 = DIRECTION ( 'NONE',  ( 0.000000000000000000, 1.000000000000000000, 0.000000000000000000 ) ) ;
#10728 = DIRECTION ( 'NONE',  ( -8.029132914089134498E-15, 0.7191424945381000855, -0.6948626285457570884 ) ) ;
#10729 = ORIENTED_EDGE ( 'NONE', *, *, #4216, .T. ) ;
#10730 = ORIENTED_EDGE ( 'NONE', *, *, #6199, .T. ) ;
#10731 = DIRECTION ( 'NONE',  ( 0.000000000000000000, 0.000000000000000000, -1.000000000000000000 ) ) ;
#10732 = VERTEX_POINT ( 'NONE', #9594 ) ;
#10733 = CARTESIAN_POINT ( 'NONE',  ( -291.1789894103999927, 76.31385428700569662, 155.7242631038740228 ) ) ;
#10734 = CARTESIAN_POINT ( 'NONE',  ( 65.60616299700279797, 94.42653656005880691, 203.7207935539339871 ) ) ;
#10735 = CARTESIAN_POINT ( 'NONE',  ( 258.8209915161129970, 46.32125139236429590, 186.7207935539340156 ) ) ;
#10736 = CYLINDRICAL_SURFACE ( 'NONE', #164, 5.000000000000012434 ) ;
#10737 = EDGE_CURVE ( 'NONE', #2943, #4055, #6939, .T. ) ;
#10738 = ADVANCED_FACE ( 'NONE', ( #979 ), #8830, .T. ) ;
#10739 = DIRECTION ( 'NONE',  ( 1.000000000000000000, 0.000000000000000000, 0.000000000000000000 ) ) ;
#10740 = AXIS2_PLACEMENT_3D ( 'NONE', #8334, #7444, #5008 ) ;
#10741 = AXIS2_PLACEMENT_3D ( 'NONE', #241, #5528, #3784 ) ;
#10742 = DIRECTION ( 'NONE',  ( 0.9999999999999995559, 2.745767267742075190E-08, 0.000000000000000000 ) ) ;
#10743 = ORIENTED_EDGE ( 'NONE', *, *, #4315, .F. ) ;
#10744 = EDGE_CURVE ( 'NONE', #5560, #9521, #5282, .T. ) ;
#10745 = DIRECTION ( 'NONE',  ( 0.9999999999999972244, 7.467046275912837221E-08, 0.000000000000000000 ) ) ;
#10746 = CARTESIAN_POINT ( 'NONE',  ( -202.3634392485359683, 80.42304590545695930, 208.6296734557836317 ) ) ;
#10747 = B_SPLINE_CURVE_WITH_KNOTS ( 'NONE', 3,
 ( #11373, #8737, #10553, #7740, #9621, #11320, #10433 ),
 .UNSPECIFIED., .F., .F.,
 ( 4, 2, 1, 4 ),
 ( 0.9774627349229485507, 0.9830970511922114685, 0.9887313674614742753, 1.000000000000000000 ),
 .UNSPECIFIED. ) ;
#10748 = EDGE_LOOP ( 'NONE', ( #10503, #1581, #6621, #6504, #6333 ) ) ;
#10749 = CARTESIAN_POINT ( 'NONE',  ( -134.7493367092509970, 63.61684799194339490, 203.7207935539339871 ) ) ;
#10750 = PLANE ( 'NONE',  #1879 ) ;
#10751 = VERTEX_POINT ( 'NONE', #869 ) ;
#10752 = AXIS2_PLACEMENT_3D ( 'NONE', #8010, #57, #8725 ) ;
#10753 = DIRECTION ( 'NONE',  ( -0.000000000000000000, 1.000000000000000000, 0.000000000000000000 ) ) ;
#10754 = CARTESIAN_POINT ( 'NONE',  ( -134.7493362426759802, 9.215927124023428618, 158.7207935539340156 ) ) ;
#10755 = EDGE_CURVE ( 'NONE', #3412, #8127, #3985, .T. ) ;
#10756 = EDGE_LOOP ( 'NONE', ( #9846, #4788, #2548, #1230 ) ) ;
#10757 = FACE_OUTER_BOUND ( 'NONE', #1286, .T. ) ;
#10758 = ADVANCED_FACE ( 'NONE', ( #7944 ), #11517, .F. ) ;
#10759 = DIRECTION ( 'NONE',  ( 0.000000000000000000, 0.000000000000000000, -1.000000000000000000 ) ) ;
#10760 = CARTESIAN_POINT ( 'NONE',  ( 287.9423118596726567, 0.8786796564403585030, 157.8421138974936468 ) ) ;
#10761 = CARTESIAN_POINT ( 'NONE',  ( -288.4850875169356641, 58.98199968984292241, 158.7225813733052746 ) ) ;
#10762 = ORIENTED_EDGE ( 'NONE', *, *, #1941, .T. ) ;
#10763 = DIRECTION ( 'NONE',  ( 1.000000000000000000, 0.000000000000000000, 0.000000000000000000 ) ) ;
#10764 = CARTESIAN_POINT ( 'NONE',  ( 193.4646744694492497, 116.9783032755032508, 208.4438521006772191 ) ) ;
#10765 = CARTESIAN_POINT ( 'NONE',  ( 18.44994068145760124, 6.215927124023430395, 155.7207935539340156 ) ) ;
#10766 = B_SPLINE_CURVE_WITH_KNOTS ( 'NONE', 3,
 ( #1414, #5012, #10422, #8498, #543 ),
 .UNSPECIFIED., .F., .F.,
 ( 4, 1, 4 ),
 ( 0.5000072620828334147, 0.5714285714285698425, 1.000000000000000000 ),
 .UNSPECIFIED. ) ;
#10767 = DIRECTION ( 'NONE',  ( 1.776356839400250070E-15, -1.000000000000000000, 0.000000000000000000 ) ) ;
#10768 = ADVANCED_FACE ( 'NONE', ( #3597 ), #5225, .F. ) ;
#10769 = CARTESIAN_POINT ( 'NONE',  ( 20.95800876617440167, 62.21578598022459516, 203.7207935539339871 ) ) ;
#10770 = DIRECTION ( 'NONE',  ( -1.000000000000000000, 0.000000000000000000, 0.000000000000000000 ) ) ;
#10771 = VERTEX_POINT ( 'NONE', #924 ) ;
#10772 = ORIENTED_EDGE ( 'NONE', *, *, #1710, .T. ) ;
#10773 = ORIENTED_EDGE ( 'NONE', *, *, #847, .T. ) ;
#10774 = LINE ( 'NONE', #9022, #1524 ) ;
#10775 = CARTESIAN_POINT ( 'NONE',  ( -288.7972053107126840, 60.76073300367575314, 183.7207935539340156 ) ) ;
#10776 = EDGE_CURVE ( 'NONE', #2581, #6517, #4417, .T. ) ;
#10777 = VECTOR ( 'NONE', #8208, 1000.000000000000000 ) ;
#10778 =( BOUNDED_CURVE ( )  B_SPLINE_CURVE ( 3, ( #1017, #3809, #8102, #2873 ),
 .UNSPECIFIED., .F., .F. ) 
 B_SPLINE_CURVE_WITH_KNOTS ( ( 4, 4 ),
 ( 5.497787143782137953, 5.514956445201058877 ),
 .UNSPECIFIED. ) 
 CURVE ( )  GEOMETRIC_REPRESENTATION_ITEM ( )  RATIONAL_B_SPLINE_CURVE ( ( 1.000000000000000000, 0.9999754347415965583, 0.9999754347415965583, 1.000000000000000000 ) ) 
 REPRESENTATION_ITEM ( '' )  );
#10779 = DIRECTION ( 'NONE',  ( 0.000000000000000000, 0.000000000000000000, -1.000000000000000000 ) ) ;
#10780 = CARTESIAN_POINT ( 'NONE',  ( 132.3913192749020027, 38.02563476562500000, 155.7207935539340156 ) ) ;
#10781 = CARTESIAN_POINT ( 'NONE',  ( 285.8209915161120307, 57.34758543134790187, 158.7207935539340156 ) ) ;
#10782 = DIRECTION ( 'NONE',  ( 8.208269194420983972E-11, 1.000000000000000000, 0.000000000000000000 ) ) ;
#10783 = ORIENTED_EDGE ( 'NONE', *, *, #2230, .F. ) ;
#10784 = ORIENTED_EDGE ( 'NONE', *, *, #4423, .F. ) ;
#10785 = ORIENTED_EDGE ( 'NONE', *, *, #3353, .F. ) ;
#10786 = CARTESIAN_POINT ( 'NONE',  ( -31.34376578008869885, 123.8515090942380112, 183.7207935539340156 ) ) ;
#10787 = EDGE_CURVE ( 'NONE', #1276, #537, #8903, .T. ) ;
#10788 = ORIENTED_EDGE ( 'NONE', *, *, #6550, .T. ) ;
#10789 = DIRECTION ( 'NONE',  ( 0.000000000000000000, 0.000000000000000000, 1.000000000000000000 ) ) ;
#10790 = DIRECTION ( 'NONE',  ( 1.000000000000000000, 5.480868912904819410E-16, 0.000000000000000000 ) ) ;
#10791 = DIRECTION ( 'NONE',  ( 1.000000000000000000, -3.632510143678719152E-17, 0.000000000000000000 ) ) ;
#10792 = ADVANCED_FACE ( 'NONE', ( #753 ), #3420, .F. ) ;
#10793 = CARTESIAN_POINT ( 'NONE',  ( -15.72100162506089305, 96.57703018278823492, 207.2563274598667533 ) ) ;
#10794 = CIRCLE ( 'NONE', #5768, 4.999999999999997335 ) ;
#10795 = LINE ( 'NONE', #149, #7334 ) ;
#10796 = DIRECTION ( 'NONE',  ( -1.000000000000000000, -1.226857657109169980E-08, -1.316277026091829943E-15 ) ) ;
#10797 = EDGE_LOOP ( 'NONE', ( #4163, #3914, #7376, #5861 ) ) ;
#10798 = DIRECTION ( 'NONE',  ( 0.000000000000000000, 0.000000000000000000, 1.000000000000000000 ) ) ;
#10799 = EDGE_CURVE ( 'NONE', #7968, #6188, #10492, .T. ) ;
#10800 = ORIENTED_EDGE ( 'NONE', *, *, #6245, .T. ) ;
#10801 = CARTESIAN_POINT ( 'NONE',  ( -101.0029031638499930, 38.02563291343300023, 155.7207935539340156 ) ) ;
#10802 = CARTESIAN_POINT ( 'NONE',  ( -83.01555633544920454, 63.61684799194339490, 153.7207935539340156 ) ) ;
#10803 = ORIENTED_EDGE ( 'NONE', *, *, #132, .T. ) ;
#10804 = LINE ( 'NONE', #2828, #10808 ) ;
#10805 = CARTESIAN_POINT ( 'NONE',  ( 132.3913192749020027, 22.12078094482420099, 158.7207935539340156 ) ) ;
#10806 = VECTOR ( 'NONE', #9351, 1000.000000000000000 ) ;
#10807 = CARTESIAN_POINT ( 'NONE',  ( -83.01557525061218712, 22.12077994439439976, 155.7207935539340156 ) ) ;
#10808 = VECTOR ( 'NONE', #9930, 1000.000000000000000 ) ;
#10809 = ORIENTED_EDGE ( 'NONE', *, *, #305, .F. ) ;
#10810 = CARTESIAN_POINT ( 'NONE',  ( 150.3786849975589917, 76.52169227600100498, 183.7207935539340156 ) ) ;
#10811 = AXIS2_PLACEMENT_3D ( 'NONE', #10428, #5252, #11368 ) ;
#10812 = DIRECTION ( 'NONE',  ( 1.000000000000000000, 0.000000000000000000, 0.000000000000000000 ) ) ;
#10813 = ORIENTED_EDGE ( 'NONE', *, *, #8323, .F. ) ;
#10814 = EDGE_CURVE ( 'NONE', #1032, #2452, #2602, .T. ) ;
#10815 = FACE_OUTER_BOUND ( 'NONE', #8976, .T. ) ;
#10816 = CARTESIAN_POINT ( 'NONE',  ( -289.3182435271762643, 63.80896605111075104, 158.7224562539711599 ) ) ;
#10817 = ORIENTED_EDGE ( 'NONE', *, *, #7899, .T. ) ;
#10818 = DIRECTION ( 'NONE',  ( 0.000000000000000000, 0.000000000000000000, -1.000000000000000000 ) ) ;
#10819 = LINE ( 'NONE', #9184, #5461 ) ;
#10820 = CARTESIAN_POINT ( 'NONE',  ( -290.7770656219479974, 69.08193035038830487, 182.2207935535969909 ) ) ;
#10821 = AXIS2_PLACEMENT_3D ( 'NONE', #9900, #134, #6335 ) ;
#10822 = EDGE_CURVE ( 'NONE', #3805, #8016, #7311, .T. ) ;
#10823 = DIRECTION ( 'NONE',  ( 1.000000000000000000, 2.775557561562888984E-15, 0.000000000000000000 ) ) ;
#10824 = PLANE ( 'NONE',  #10294 ) ;
#10825 = CYLINDRICAL_SURFACE ( 'NONE', #3125, 5.000000000000012434 ) ;
#10826 = ORIENTED_EDGE ( 'NONE', *, *, #2939, .F. ) ;
#10827 = EDGE_CURVE ( 'NONE', #5018, #3544, #10660, .T. ) ;
#10828 = VERTEX_POINT ( 'NONE', #5566 ) ;
#10829 = EDGE_LOOP ( 'NONE', ( #7847, #338, #1417, #2526 ) ) ;
#10830 = ADVANCED_FACE ( 'NONE', ( #1097 ), #2875, .T. ) ;
#10831 = CARTESIAN_POINT ( 'NONE',  ( 115.5183774642914045, 75.37700835150434386, 208.6195702594826002 ) ) ;
#10832 = AXIS2_PLACEMENT_3D ( 'NONE', #670, #7743, #3632 ) ;
#10833 = DIRECTION ( 'NONE',  ( -1.000000000000000000, 0.000000000000000000, 0.000000000000000000 ) ) ;
#10834 = EDGE_LOOP ( 'NONE', ( #4978, #1638, #4813, #1051, #6279 ) ) ;
#10835 = EDGE_CURVE ( 'NONE', #2339, #7947, #9937, .T. ) ;
#10836 = CYLINDRICAL_SURFACE ( 'NONE', #7490, 2.500000000000010658 ) ;
#10837 = EDGE_CURVE ( 'NONE', #4993, #4449, #9372, .T. ) ;
#10838 = DIRECTION ( 'NONE',  ( 0.000000000000000000, 0.7071067811865460184, 0.7071067811865487940 ) ) ;
#10839 = CARTESIAN_POINT ( 'NONE',  ( 286.1260733079315060, 58.97650952784122325, 158.7221023790489483 ) ) ;
#10840 = FACE_OUTER_BOUND ( 'NONE', #10368, .T. ) ;
#10841 = CYLINDRICAL_SURFACE ( 'NONE', #4834, 12.90484428405759587 ) ;
#10842 = VERTEX_POINT ( 'NONE', #4818 ) ;
#10843 = VERTEX_POINT ( 'NONE', #9112 ) ;
#10844 = ORIENTED_EDGE ( 'NONE', *, *, #2262, .F. ) ;
#10845 = DIRECTION ( 'NONE',  ( 0.9999999999999972244, 7.467046275912837221E-08, 0.000000000000000000 ) ) ;
#10846 = CIRCLE ( 'NONE', #11417, 15.90485334804940543 ) ;
#10847 = ORIENTED_EDGE ( 'NONE', *, *, #2360, .F. ) ;
#10848 =( BOUNDED_CURVE ( )  B_SPLINE_CURVE ( 3, ( #6875, #9509, #10448, #2531 ),
 .UNSPECIFIED., .F., .F. ) 
 B_SPLINE_CURVE_WITH_KNOTS ( ( 4, 4 ),
 ( 0.6204933008008224338, 0.7853981633974533860 ),
 .UNSPECIFIED. ) 
 CURVE ( )  GEOMETRIC_REPRESENTATION_ITEM ( )  RATIONAL_B_SPLINE_CURVE ( ( 1.000000000000000000, 0.9977351490747971008, 0.9977351490747971008, 1.000000000000000000 ) ) 
 REPRESENTATION_ITEM ( '' )  );
#10849 = CARTESIAN_POINT ( 'NONE',  ( 119.4864806570913061, 76.52169192166401501, 133.7207935539339871 ) ) ;
#10850 = DIRECTION ( 'NONE',  ( -8.818228063756050507E-11, 1.000000000000000000, 0.000000000000000000 ) ) ;
#10851 = LINE ( 'NONE', #10156, #6036 ) ;
#10852 = CARTESIAN_POINT ( 'NONE',  ( -134.7493362426759802, 22.12078094482420099, 158.7207935539340156 ) ) ;
#10853 = CARTESIAN_POINT ( 'NONE',  ( 287.3565254220457632, 74.74094335415090029, 207.2563274598667533 ) ) ;
#10854 = ADVANCED_FACE ( 'NONE', ( #340 ), #1148, .T. ) ;
#10855 = CIRCLE ( 'NONE', #7106, 12.90499687194819600 ) ;
#10856 = VECTOR ( 'NONE', #10283, 1000.000000000000000 ) ;
#10857 = CARTESIAN_POINT ( 'NONE',  ( -134.7493367092509970, 94.42653656005860796, 208.7207935539339871 ) ) ;
#10858 = ORIENTED_EDGE ( 'NONE', *, *, #8581, .F. ) ;
#10859 = DIRECTION ( 'NONE',  ( 1.000000000000000000, -1.835214905568970957E-16, 0.000000000000000000 ) ) ;
#10860 = AXIS2_PLACEMENT_3D ( 'NONE', #2668, #8009, #7898 ) ;
#10861 = ORIENTED_EDGE ( 'NONE', *, *, #1219, .T. ) ;
#10862 = CARTESIAN_POINT ( 'NONE',  ( -70.11072929121860398, 22.12078010271839901, 155.7207935539340156 ) ) ;
#10863 = LINE ( 'NONE', #8052, #7245 ) ;
#10864 = ORIENTED_EDGE ( 'NONE', *, *, #7546, .T. ) ;
#10865 = CARTESIAN_POINT ( 'NONE',  ( -95.82267236373634489, 116.9783032755032508, 208.4438521006772191 ) ) ;
#10866 = CARTESIAN_POINT ( 'NONE',  ( 143.8209962844850054, 3.000000000000000000, 158.7207935539340156 ) ) ;
#10867 = FACE_OUTER_BOUND ( 'NONE', #7605, .T. ) ;
#10868 = AXIS2_PLACEMENT_3D ( 'NONE', #2944, #211, #10044 ) ;
#10869 = EDGE_LOOP ( 'NONE', ( #9433, #4322, #7565, #10483 ) ) ;
#10870 = VECTOR ( 'NONE', #5931, 1000.000000000000000 ) ;
#10871 = DIRECTION ( 'NONE',  ( 1.000000000000000000, 0.000000000000000000, 0.000000000000000000 ) ) ;
#10872 = AXIS2_PLACEMENT_3D ( 'NONE', #4658, #7242, #2841 ) ;
#10873 = EDGE_CURVE ( 'NONE', #1899, #8733, #650, .T. ) ;
#10874 = LINE ( 'NONE', #10056, #10713 ) ;
#10875 = DIRECTION ( 'NONE',  ( 0.9999999999999997780, 2.745767261373882970E-08, 0.000000000000000000 ) ) ;
#10876 = ORIENTED_EDGE ( 'NONE', *, *, #7382, .T. ) ;
#10877 = CIRCLE ( 'NONE', #2891, 17.90484428405759942 ) ;
#10878 = DIRECTION ( 'NONE',  ( -8.167399816904201767E-11, 1.000000000000000000, 0.000000000000000000 ) ) ;
#10879 = DIRECTION ( 'NONE',  ( -1.000000000000000000, 4.362752391243203476E-16, 0.000000000000000000 ) ) ;
#10880 = PRODUCT_DEFINITION ( 'UNKNOWN', '', #1787, #5921 ) ;
#10881 = ORIENTED_EDGE ( 'NONE', *, *, #847, .F. ) ;
#10882 = VECTOR ( 'NONE', #4160, 1000.000000000000000 ) ;
#10883 = AXIS2_PLACEMENT_3D ( 'NONE', #11449, #11389, #8875 ) ;
#10884 = CARTESIAN_POINT ( 'NONE',  ( 183.5030736399640148, 22.12077808833640091, 155.7207935539340156 ) ) ;
#10885 = FACE_OUTER_BOUND ( 'NONE', #3099, .T. ) ;
#10886 = VECTOR ( 'NONE', #4460, 1000.000000000000000 ) ;
#10887 = FACE_OUTER_BOUND ( 'NONE', #6559, .T. ) ;
#10888 = CIRCLE ( 'NONE', #5862, 5.000000000000004441 ) ;
#10889 = EDGE_CURVE ( 'NONE', #11123, #5101, #8631, .T. ) ;
#10890 = EDGE_CURVE ( 'NONE', #7978, #4029, #7887, .T. ) ;
#10891 = CIRCLE ( 'NONE', #10326, 12.90484886281040744 ) ;
#10892 = AXIS2_PLACEMENT_3D ( 'NONE', #11202, #2289, #4807 ) ;
#10893 = FACE_OUTER_BOUND ( 'NONE', #4996, .T. ) ;
#10894 = DIRECTION ( 'NONE',  ( 0.000000000000000000, -1.000000000000000000, 0.000000000000000000 ) ) ;
#10895 = DIRECTION ( 'NONE',  ( 0.000000000000000000, 0.000000000000000000, -1.000000000000000000 ) ) ;
#10896 = ORIENTED_EDGE ( 'NONE', *, *, #850, .T. ) ;
#10897 = EDGE_CURVE ( 'NONE', #10437, #6256, #3828, .T. ) ;
#10898 = VERTEX_POINT ( 'NONE', #7408 ) ;
#10899 = VERTEX_POINT ( 'NONE', #7229 ) ;
#10900 = CARTESIAN_POINT ( 'NONE',  ( -269.8896011046559806, 63.61684799194339490, 158.7207935539340156 ) ) ;
#10901 = AXIS2_PLACEMENT_3D ( 'NONE', #2431, #5231, #5976 ) ;
#10902 = ORIENTED_EDGE ( 'NONE', *, *, #5975, .T. ) ;
#10903 = DIRECTION ( 'NONE',  ( 0.000000000000000000, 0.000000000000000000, -1.000000000000000000 ) ) ;
#10904 = ADVANCED_FACE ( 'NONE', ( #10984 ), #2774, .T. ) ;
#10905 = CARTESIAN_POINT ( 'NONE',  ( 216.5078370686659923, 89.42653656005859375, 158.7207935539340156 ) ) ;
#10906 = CARTESIAN_POINT ( 'NONE',  ( -134.7493367092509970, 94.42653656005860796, 203.7207935539339871 ) ) ;
#10907 = CARTESIAN_POINT ( 'NONE',  ( -101.0028879108200073, 22.12077988203879997, 158.7207935539340156 ) ) ;
#10908 = CYLINDRICAL_SURFACE ( 'NONE', #4458, 2.500000000000010658 ) ;
#10909 = ORIENTED_EDGE ( 'NONE', *, *, #2050, .F. ) ;
#10910 = EDGE_CURVE ( 'NONE', #7291, #5102, #2829, .T. ) ;
#10911 = ORIENTED_EDGE ( 'NONE', *, *, #5192, .F. ) ;
#10912 = ORIENTED_EDGE ( 'NONE', *, *, #4067, .F. ) ;
#10913 = CARTESIAN_POINT ( 'NONE',  ( 198.6029927857463804, 76.52169227600100498, 203.7207935539339871 ) ) ;
#10914 = VERTEX_POINT ( 'NONE', #6484 ) ;
#10915 = DIRECTION ( 'NONE',  ( 0.7071067811865484609, -0.7071067811865465735, 0.000000000000000000 ) ) ;
#10916 = CARTESIAN_POINT ( 'NONE',  ( 216.5078370686659923, 58.61684799194339490, 208.7207935539339871 ) ) ;
#10917 = DIRECTION ( 'NONE',  ( 1.387778780781442323E-15, -0.7071067811865460184, 0.7071067811865487940 ) ) ;
#10918 = CYLINDRICAL_SURFACE ( 'NONE', #3314, 12.90500640869139737 ) ;
#10919 = CARTESIAN_POINT ( 'NONE',  ( 216.5078370686659923, 63.61684799194339490, 183.7207935539340156 ) ) ;
#10920 = CARTESIAN_POINT ( 'NONE',  ( 80.65757751464829539, 76.52169227600100498, 208.7207935539339871 ) ) ;
#10921 = ORIENTED_EDGE ( 'NONE', *, *, #6692, .F. ) ;
#10922 = ADVANCED_FACE ( 'NONE', ( #9931 ), #1964, .T. ) ;
#10923 = CARTESIAN_POINT ( 'NONE',  ( -146.1789941787719727, 43.32125139236440248, 183.7207935539340156 ) ) ;
#10924 = ORIENTED_EDGE ( 'NONE', *, *, #10814, .F. ) ;
#10925 = CARTESIAN_POINT ( 'NONE',  ( -42.09727764129630145, 58.61684799194339490, 203.7207935539339871 ) ) ;
#10926 = DIRECTION ( 'NONE',  ( 1.000000000000000000, -9.747022401918829411E-18, 0.000000000000000000 ) ) ;
#10927 = EDGE_LOOP ( 'NONE', ( #1438, #10956, #10449, #9343 ) ) ;
#10928 = CARTESIAN_POINT ( 'NONE',  ( 216.5078353881840201, 22.12078094482420099, 155.7207935539340156 ) ) ;
#10929 = DIRECTION ( 'NONE',  ( -1.000000000000000000, -1.018319216034379926E-16, 1.018319216034379926E-16 ) ) ;
#10930 = DIRECTION ( 'NONE',  ( -1.226857527254137808E-08, 0.9999999999999998890, -2.150785706034684925E-15 ) ) ;
#10931 = VERTEX_POINT ( 'NONE', #2075 ) ;
#10932 = CYLINDRICAL_SURFACE ( 'NONE', #9773, 2.999999999999989342 ) ;
#10933 = AXIS2_PLACEMENT_3D ( 'NONE', #7604, #7722, #1459 ) ;
#10934 = CIRCLE ( 'NONE', #10364, 12.90485404368839895 ) ;
#10935 = CARTESIAN_POINT ( 'NONE',  ( -67.96416782819719060, 58.61684799194339490, 203.7207935539339871 ) ) ;
#10936 = AXIS2_PLACEMENT_3D ( 'NONE', #646, #7727, #3321 ) ;
#10937 = VECTOR ( 'NONE', #4753, 1000.000000000000000 ) ;
#10938 = DIRECTION ( 'NONE',  ( 0.000000000000000000, 0.000000000000000000, 1.000000000000000000 ) ) ;
#10939 = ORIENTED_EDGE ( 'NONE', *, *, #8731, .F. ) ;
#10940 = DIRECTION ( 'NONE',  ( 0.000000000000000000, 0.000000000000000000, 1.000000000000000000 ) ) ;
#10941 = CARTESIAN_POINT ( 'NONE',  ( -289.4085088206153955, 64.33333430515079954, 158.7221382708229953 ) ) ;
#10942 = EDGE_LOOP ( 'NONE', ( #4096, #8351, #8385, #5704 ) ) ;
#10943 = DIRECTION ( 'NONE',  ( -0.000000000000000000, 1.000000000000000000, 0.000000000000000000 ) ) ;
#10944 = CARTESIAN_POINT ( 'NONE',  ( -134.7493362426759802, 38.02563476562500000, 155.7207935539340156 ) ) ;
#10945 = EDGE_CURVE ( 'NONE', #4552, #10517, #5618, .T. ) ;
#10946 = CARTESIAN_POINT ( 'NONE',  ( -288.9071174014729877, 59.41987402327729484, 183.7207935539340156 ) ) ;
#10947 = VECTOR ( 'NONE', #8232, 1000.000000000000000 ) ;
#10948 = DIRECTION ( 'NONE',  ( 0.000000000000000000, 0.000000000000000000, 1.000000000000000000 ) ) ;
#10949 = CARTESIAN_POINT ( 'NONE',  ( 80.65757751464849434, 94.42653656005860796, 203.7207935539339871 ) ) ;
#10950 = ORIENTED_EDGE ( 'NONE', *, *, #9170, .T. ) ;
#10951 = ORIENTED_EDGE ( 'NONE', *, *, #11104, .F. ) ;
#10952 = ORIENTED_EDGE ( 'NONE', *, *, #6154, .T. ) ;
#10953 = CARTESIAN_POINT ( 'NONE',  ( 115.5181117052122062, 73.08725695717588167, 208.6735589316912183 ) ) ;
#10954 = ADVANCED_FACE ( 'NONE', ( #9168 ), #1206, .F. ) ;
#10955 = AXIS2_PLACEMENT_3D ( 'NONE', #642, #10297, #2437 ) ;
#10956 = ORIENTED_EDGE ( 'NONE', *, *, #7450, .F. ) ;
#10957 = LINE ( 'NONE', #7487, #3981 ) ;
#10958 = DIRECTION ( 'NONE',  ( 0.000000000000000000, 0.000000000000000000, 1.000000000000000000 ) ) ;
#10959 = ADVANCED_FACE ( 'NONE', ( #1265 ), #6539, .T. ) ;
#10960 = CARTESIAN_POINT ( 'NONE',  ( 287.0693986160985105, 64.44841734320830540, 158.7213388626645951 ) ) ;
#10961 = CARTESIAN_POINT ( 'NONE',  ( 43.09501647949219461, 62.21578598022459516, 158.7207935539340156 ) ) ;
#10962 = DIRECTION ( 'NONE',  ( 1.000000000000000000, 0.000000000000000000, 0.000000000000000000 ) ) ;
#10963 = ORIENTED_EDGE ( 'NONE', *, *, #5741, .F. ) ;
#10964 = ORIENTED_EDGE ( 'NONE', *, *, #3671, .F. ) ;
#10965 = EDGE_LOOP ( 'NONE', ( #3966, #5069, #8255, #2598, #10881, #3606 ) ) ;
#10966 = LINE ( 'NONE', #6466, #4755 ) ;
#10967 = CIRCLE ( 'NONE', #5753, 12.90484428405761008 ) ;
#10968 = ADVANCED_FACE ( 'NONE', ( #8993 ), #10318, .T. ) ;
#10969 = ORIENTED_EDGE ( 'NONE', *, *, #6711, .F. ) ;
#10970 = CARTESIAN_POINT ( 'NONE',  ( 286.3209915161129970, 101.2175338996189851, 205.5186497902789995 ) ) ;
#10971 = CARTESIAN_POINT ( 'NONE',  ( 150.3786849975589917, 63.61684799194339490, 183.7207935539340156 ) ) ;
#10972 = CARTESIAN_POINT ( 'NONE',  ( -45.45299509213570133, 62.21578598022459516, 203.7207935539339871 ) ) ;
#10973 = DIRECTION ( 'NONE',  ( 0.000000000000000000, 0.000000000000000000, -1.000000000000000000 ) ) ;
#10974 = CARTESIAN_POINT ( 'NONE',  ( 194.8209915161130255, 160.0000188955729925, 123.7207935534089955 ) ) ;
#10975 = EDGE_CURVE ( 'NONE', #3928, #8741, #4376, .T. ) ;
#10976 = CARTESIAN_POINT ( 'NONE',  ( -202.3628943169613308, 72.01730459149992214, 208.6566652934250783 ) ) ;
#10977 = ORIENTED_EDGE ( 'NONE', *, *, #9109, .T. ) ;
#10978 = DIRECTION ( 'NONE',  ( 1.000000000000000000, 1.835214905568972190E-16, 0.000000000000000000 ) ) ;
#10979 = VERTEX_POINT ( 'NONE', #2243 ) ;
#10980 = DIRECTION ( 'NONE',  ( 1.000000000000000000, -3.212987840779254716E-17, -3.212987840779254716E-17 ) ) ;
#10981 = CARTESIAN_POINT ( 'NONE',  ( -289.1330152136061997, 60.29947687528553502, 158.6011665095595049 ) ) ;
#10982 = ORIENTED_EDGE ( 'NONE', *, *, #5213, .T. ) ;
#10983 = FACE_OUTER_BOUND ( 'NONE', #10602, .T. ) ;
#10984 = FACE_OUTER_BOUND ( 'NONE', #8209, .T. ) ;
#10985 = CARTESIAN_POINT ( 'NONE',  ( -291.1789894103999927, 2.026965439661569908E-14, 158.7207935539340156 ) ) ;
#10986 = ORIENTED_EDGE ( 'NONE', *, *, #11231, .F. ) ;
#10987 = CARTESIAN_POINT ( 'NONE',  ( -30.26300430297849786, 123.8515090942380112, 183.7207935539340156 ) ) ;
#10988 = EDGE_CURVE ( 'NONE', #4293, #8906, #10101, .T. ) ;
#10989 = LINE ( 'NONE', #3008, #1916 ) ;
#10990 = CARTESIAN_POINT ( 'NONE',  ( 132.3913243105560014, 89.42653656005859375, 183.7207935539340156 ) ) ;
#10991 = ORIENTED_EDGE ( 'NONE', *, *, #2672, .F. ) ;
#10992 = DIRECTION ( 'NONE',  ( -0.000000000000000000, -1.000000000000000000, -0.000000000000000000 ) ) ;
#10993 = AXIS2_PLACEMENT_3D ( 'NONE', #8654, #10522, #6255 ) ;
#10994 = CARTESIAN_POINT ( 'NONE',  ( -289.2231316285095772, 63.25262241911421057, 158.7227404824822656 ) ) ;
#10995 = EDGE_LOOP ( 'NONE', ( #4405, #8690, #8735, #11205, #6760 ) ) ;
#10996 = CIRCLE ( 'NONE', #3557, 17.90499687194819955 ) ;
#10997 = PLANE ( 'NONE',  #3926 ) ;
#10998 = DIRECTION ( 'NONE',  ( 0.000000000000000000, 0.000000000000000000, -1.000000000000000000 ) ) ;
#10999 = CARTESIAN_POINT ( 'NONE',  ( -172.9562080848534720, 76.52168778468727339, 158.7207935539340156 ) ) ;
#11000 = TOROIDAL_SURFACE ( 'NONE', #3937, 17.90484428405759942, 5.000000000000000000 ) ;
#11001 = AXIS2_PLACEMENT_3D ( 'NONE', #5790, #2189, #9339 ) ;
#11002 = EDGE_CURVE ( 'NONE', #4903, #8256, #6219, .T. ) ;
#11003 = CARTESIAN_POINT ( 'NONE',  ( -218.8657760620120314, 63.61684799194339490, 158.7207935539340156 ) ) ;
#11004 = DIRECTION ( 'NONE',  ( -5.974482020221200890E-08, -0.9999999999999982236, 0.000000000000000000 ) ) ;
#11005 = ORIENTED_EDGE ( 'NONE', *, *, #8815, .F. ) ;
#11006 = ORIENTED_EDGE ( 'NONE', *, *, #7262, .T. ) ;
#11007 = ORIENTED_EDGE ( 'NONE', *, *, #8160, .F. ) ;
#11008 = CYLINDRICAL_SURFACE ( 'NONE', #822, 2.500000000000003109 ) ;
#11009 = CIRCLE ( 'NONE', #6898, 12.90500640869140092 ) ;
#11010 = CYLINDRICAL_SURFACE ( 'NONE', #7121, 12.90484428405759587 ) ;
#11011 = CARTESIAN_POINT ( 'NONE',  ( -101.0028839111329972, 63.61684799194339490, 153.7207935539340156 ) ) ;
#11012 = EDGE_CURVE ( 'NONE', #8855, #3066, #7138, .T. ) ;
#11013 = EDGE_CURVE ( 'NONE', #2421, #5846, #3062, .T. ) ;
#11014 = CARTESIAN_POINT ( 'NONE',  ( -203.7659039148544764, 76.52168743035018394, 203.7207935539339871 ) ) ;
#11015 = DIRECTION ( 'NONE',  ( -7.113514023918722135E-11, 1.000000000000000000, 0.000000000000000000 ) ) ;
#11016 = DIRECTION ( 'NONE',  ( -3.779482637021810024E-16, 1.000000000000000000, 3.779482637021810024E-16 ) ) ;
#11017 = VECTOR ( 'NONE', #5427, 1000.000000000000000 ) ;
#11018 = VERTEX_POINT ( 'NONE', #8471 ) ;
#11019 = EDGE_LOOP ( 'NONE', ( #5378, #9150, #3950, #5614 ) ) ;
#11020 = EDGE_LOOP ( 'NONE', ( #5769, #11007, #9080, #9707 ) ) ;
#11021 = CARTESIAN_POINT ( 'NONE',  ( -269.8896026611329830, 22.12078094482420099, 143.7207935539339871 ) ) ;
#11022 = ORIENTED_EDGE ( 'NONE', *, *, #8044, .F. ) ;
#11023 = CARTESIAN_POINT ( 'NONE',  ( 170.5982247771706000, 76.52168707601647668, 183.7207935539340156 ) ) ;
#11024 = CIRCLE ( 'NONE', #7465, 5.000000000000004441 ) ;
#11025 = CARTESIAN_POINT ( 'NONE',  ( -30.26300430297849786, 123.8515090942380112, 143.7207935539339871 ) ) ;
#11026 = CARTESIAN_POINT ( 'NONE',  ( -269.8896026611329830, 22.12078094482420099, 155.7207935539340156 ) ) ;
#11027 = CARTESIAN_POINT ( 'NONE',  ( 288.8209915161129970, 76.32125139236430300, 203.7207935539339871 ) ) ;
#11028 = EDGE_CURVE ( 'NONE', #1157, #5937, #1952, .T. ) ;
#11029 = DIRECTION ( 'NONE',  ( 0.000000000000000000, 0.000000000000000000, -1.000000000000000000 ) ) ;
#11030 = CIRCLE ( 'NONE', #10468, 12.90484428405759587 ) ;
#11031 = ORIENTED_EDGE ( 'NONE', *, *, #9664, .T. ) ;
#11032 = EDGE_LOOP ( 'NONE', ( #5852, #8707, #8302, #9489 ) ) ;
#11033 = FACE_BOUND ( 'NONE', #5794, .T. ) ;
#11034 = ORIENTED_EDGE ( 'NONE', *, *, #8178, .F. ) ;
#11035 = CARTESIAN_POINT ( 'NONE',  ( 216.5078353881840201, 35.02563476562500000, 158.7207935539340156 ) ) ;
#11036 = CARTESIAN_POINT ( 'NONE',  ( 286.4065498416259743, 63.48463582172199438, 184.5711252090449648 ) ) ;
#11037 = EDGE_CURVE ( 'NONE', #10075, #351, #8576, .T. ) ;
#11038 = ORIENTED_EDGE ( 'NONE', *, *, #10129, .T. ) ;
#11039 = DIRECTION ( 'NONE',  ( 0.9999999999999957812, 9.225865808988583535E-08, 0.000000000000000000 ) ) ;
#11040 = CARTESIAN_POINT ( 'NONE',  ( 194.2749787478742576, 117.7886075539282587, 207.7863162251971403 ) ) ;
#11041 = LINE ( 'NONE', #3175, #5727 ) ;
#11042 = ORIENTED_EDGE ( 'NONE', *, *, #7086, .T. ) ;
#11043 = VECTOR ( 'NONE', #3911, 1000.000000000000000 ) ;
#11044 = DIRECTION ( 'NONE',  ( 0.9999999999999995559, 2.745767267742054676E-08, 0.000000000000000000 ) ) ;
#11045 = ADVANCED_FACE ( 'NONE', ( #2190 ), #2411, .F. ) ;
#11046 = AXIS2_PLACEMENT_3D ( 'NONE', #8495, #538, #5980 ) ;
#11047 = CARTESIAN_POINT ( 'NONE',  ( -134.7493367092509970, 76.52169227600100498, 158.7207935539340156 ) ) ;
#11048 = FACE_OUTER_BOUND ( 'NONE', #2460, .T. ) ;
#11049 = ORIENTED_EDGE ( 'NONE', *, *, #5592, .T. ) ;
#11050 = DIRECTION ( 'NONE',  ( 1.879260063302629812E-16, 1.000000000000000000, 0.000000000000000000 ) ) ;
#11051 = CIRCLE ( 'NONE', #6012, 3.000000000000002665 ) ;
#11052 = LINE ( 'NONE', #6836, #1782 ) ;
#11053 = ADVANCED_FACE ( 'NONE', ( #11156 ), #7696, .F. ) ;
#11054 = ORIENTED_EDGE ( 'NONE', *, *, #3353, .T. ) ;
#11055 = EDGE_CURVE ( 'NONE', #9819, #5585, #6599, .T. ) ;
#11056 = CIRCLE ( 'NONE', #5093, 4.999999999999997335 ) ;
#11057 = CARTESIAN_POINT ( 'NONE',  ( -134.7493362426759802, 35.02563476562500000, 158.7207935539340156 ) ) ;
#11058 = DIRECTION ( 'NONE',  ( 0.000000000000000000, -1.000000000000000000, 0.000000000000000000 ) ) ;
#11059 = AXIS2_PLACEMENT_3D ( 'NONE', #6641, #10973, #5833 ) ;
#11060 = CARTESIAN_POINT ( 'NONE',  ( -289.1789920717250197, 160.0000186157149926, 123.7207935539339871 ) ) ;
#11061 = AXIS2_PLACEMENT_3D ( 'NONE', #6258, #4300, #7116 ) ;
#11062 = CIRCLE ( 'NONE', #6019, 5.000000000000004441 ) ;
#11063 = AXIS2_PLACEMENT_3D ( 'NONE', #1483, #2525, #5027 ) ;
#11064 = DIRECTION ( 'NONE',  ( 1.000000000000000000, -9.747022401918829411E-18, 0.000000000000000000 ) ) ;
#11065 = CIRCLE ( 'NONE', #4560, 4.999999999999997335 ) ;
#11066 = DIRECTION ( 'NONE',  ( 1.000000000000000000, 2.357670551379990086E-15, 0.000000000000000000 ) ) ;
#11067 = VERTEX_POINT ( 'NONE', #7582 ) ;
#11068 = EDGE_CURVE ( 'NONE', #5029, #8882, #8452, .T. ) ;
#11069 = VERTEX_POINT ( 'NONE', #6708 ) ;
#11070 = CARTESIAN_POINT ( 'NONE',  ( 143.8209962844850054, 135.3984925249610001, 206.2207935539339871 ) ) ;
#11071 = CIRCLE ( 'NONE', #1983, 12.90485334804940720 ) ;
#11072 = VECTOR ( 'NONE', #9780, 1000.000000000000000 ) ;
#11073 = CARTESIAN_POINT ( 'NONE',  ( -218.8657760620120314, 89.42653656005859375, 150.7207935539340156 ) ) ;
#11074 = CIRCLE ( 'NONE', #1041, 12.90484428405761008 ) ;
#11075 = AXIS2_PLACEMENT_3D ( 'NONE', #5041, #5960, #8583 ) ;
#11076 = CARTESIAN_POINT ( 'NONE',  ( -288.1789894103999927, 57.34758543135419728, 183.7207935539340156 ) ) ;
#11077 = CIRCLE ( 'NONE', #3642, 12.90484886281040744 ) ;
#11078 = CARTESIAN_POINT ( 'NONE',  ( 216.5078353881840201, 22.12078094482420099, 158.7207935539340156 ) ) ;
#11079 = CARTESIAN_POINT ( 'NONE',  ( -152.7366433896910110, 63.61684799194339490, 183.7207935539340156 ) ) ;
#11080 = DIRECTION ( 'NONE',  ( 0.000000000000000000, 0.000000000000000000, -1.000000000000000000 ) ) ;
#11081 = VERTEX_POINT ( 'NONE', #10390 ) ;
#11082 = ORIENTED_EDGE ( 'NONE', *, *, #881, .T. ) ;
#11083 = EDGE_LOOP ( 'NONE', ( #5441, #2041, #7064, #2827 ) ) ;
#11084 = LINE ( 'NONE', #5717, #10314 ) ;
#11085 = CIRCLE ( 'NONE', #1047, 12.90484791500049511 ) ;
#11086 = ORIENTED_EDGE ( 'NONE', *, *, #11089, .T. ) ;
#11087 = CARTESIAN_POINT ( 'NONE',  ( 286.3209915161129970, 150.5109035198869947, 132.8895350538220157 ) ) ;
#11088 = DIRECTION ( 'NONE',  ( 0.000000000000000000, 0.000000000000000000, -1.000000000000000000 ) ) ;
#11089 = EDGE_CURVE ( 'NONE', #6999, #8313, #7525, .T. ) ;
#11090 = CARTESIAN_POINT ( 'NONE',  ( 80.65757730362400935, 6.215925900706809060, 155.7207935539340156 ) ) ;
#11091 = CARTESIAN_POINT ( 'NONE',  ( 200.0054576442688017, 77.61570958778938234, 208.5200739500569398 ) ) ;
#11092 = EDGE_CURVE ( 'NONE', #8262, #3650, #2301, .T. ) ;
#11093 = CARTESIAN_POINT ( 'NONE',  ( -269.8896011046559806, 58.61684799194339490, 203.7207935539339871 ) ) ;
#11094 = ORIENTED_EDGE ( 'NONE', *, *, #10695, .T. ) ;
#11095 = ORIENTED_EDGE ( 'NONE', *, *, #1629, .F. ) ;
#11096 = FACE_BOUND ( 'NONE', #4885, .T. ) ;
#11097 = AXIS2_PLACEMENT_3D ( 'NONE', #1277, #8181, #10878 ) ;
#11098 = ORIENTED_EDGE ( 'NONE', *, *, #385, .F. ) ;
#11099 = CARTESIAN_POINT ( 'NONE',  ( 267.5316238403320312, 63.61684799194339490, 183.7207935539340156 ) ) ;
#11100 = DIRECTION ( 'NONE',  ( -1.000000000000000000, 0.000000000000000000, 0.000000000000000000 ) ) ;
#11101 = VERTEX_POINT ( 'NONE', #3936 ) ;
#11102 = CARTESIAN_POINT ( 'NONE',  ( 98.64489001653309685, 22.12077988203889944, 155.7207935539340156 ) ) ;
#11103 = DIRECTION ( 'NONE',  ( 0.000000000000000000, 0.000000000000000000, -1.000000000000000000 ) ) ;
#11104 = EDGE_CURVE ( 'NONE', #7536, #10585, #5849, .T. ) ;
#11105 = CARTESIAN_POINT ( 'NONE',  ( -31.93326525366060764, 125.3159751883052593, 207.2563274598667533 ) ) ;
#11106 = VERTEX_POINT ( 'NONE', #9284 ) ;
#11107 = EDGE_CURVE ( 'NONE', #9396, #5079, #960, .T. ) ;
#11108 = CARTESIAN_POINT ( 'NONE',  ( 194.8209915161130255, 123.7770500765000037, 183.7207935539340156 ) ) ;
#11109 = CYLINDRICAL_SURFACE ( 'NONE', #1044, 2.999999999999991562 ) ;
#11110 = CARTESIAN_POINT ( 'NONE',  ( 286.3209915161129970, 123.7770500765000037, 158.7207935539340156 ) ) ;
#11111 = ORIENTED_EDGE ( 'NONE', *, *, #5692, .F. ) ;
#11112 = CARTESIAN_POINT ( 'NONE',  ( 114.5497433645824970, 22.12078134939932639, 155.7207935539340156 ) ) ;
#11113 = CARTESIAN_POINT ( 'NONE',  ( -97.12369053507053707, 137.8431936496308197, 206.8262925440598679 ) ) ;
#11114 = ORIENTED_EDGE ( 'NONE', *, *, #8999, .F. ) ;
#11115 = DIRECTION ( 'NONE',  ( 0.000000000000000000, 0.000000000000000000, 1.000000000000000000 ) ) ;
#11116 = DIRECTION ( 'NONE',  ( -1.000000000000000000, 8.176424475957199265E-17, -8.176424475957199265E-17 ) ) ;
#11117 = ADVANCED_FACE ( 'NONE', ( #3119 ), #788, .F. ) ;
#11118 = B_SPLINE_CURVE_WITH_KNOTS ( 'NONE', 3,
 ( #8461, #3109, #2013, #8221, #6645, #2942, #1310, #332, #10041, #3874, #10976, #1255, #2883, #437, #2993 ),
 .UNSPECIFIED., .F., .F.,
 ( 4, 2, 2, 1, 1, 1, 2, 2, 4 ),
 ( 0.4999996309107997416, 0.7499998154554263774, 0.7539060683389359196, 0.7578123212224454619, 0.7656248269894621039, 0.7812498385234977194, 0.8124998615915690614, 0.8749999077277117454, 1.000000000000000000 ),
 .UNSPECIFIED. ) ;
#11119 = DIRECTION ( 'NONE',  ( 0.9999999999999993339, 3.520767085281777270E-08, 1.346322611574195300E-28 ) ) ;
#11120 = ADVANCED_FACE ( 'NONE', ( #7865 ), #11445, .F. ) ;
#11121 = AXIS2_PLACEMENT_3D ( 'NONE', #11279, #3292, #6821 ) ;
#11122 = AXIS2_PLACEMENT_3D ( 'NONE', #11201, #4806, #2989 ) ;
#11123 = VERTEX_POINT ( 'NONE', #3468 ) ;
#11124 = DIRECTION ( 'NONE',  ( 0.000000000000000000, 0.000000000000000000, 1.000000000000000000 ) ) ;
#11125 = VECTOR ( 'NONE', #1116, 1000.000000000000000 ) ;
#11126 = CARTESIAN_POINT ( 'NONE',  ( -269.8896026611329830, 22.12078094482420099, 158.7207935539340156 ) ) ;
#11127 = VERTEX_POINT ( 'NONE', #1781 ) ;
#11128 = DIRECTION ( 'NONE',  ( 0.000000000000000000, 0.000000000000000000, 1.000000000000000000 ) ) ;
#11129 = AXIS2_PLACEMENT_3D ( 'NONE', #1913, #3723, #5460 ) ;
#11130 = CIRCLE ( 'NONE', #10012, 15.90485382080081322 ) ;
#11131 = CARTESIAN_POINT ( 'NONE',  ( -291.1789866413979553, 76.30645708986949671, 155.7277326296729996 ) ) ;
#11132 = DIRECTION ( 'NONE',  ( 0.000000000000000000, 0.000000000000000000, 1.000000000000000000 ) ) ;
#11133 = EDGE_CURVE ( 'NONE', #9068, #3476, #6770, .T. ) ;
#11134 = CARTESIAN_POINT ( 'NONE',  ( 150.3786849975589917, 9.215927124023428618, 158.7207935539340156 ) ) ;
#11135 = PLANE ( 'NONE',  #9735 ) ;
#11136 = CARTESIAN_POINT ( 'NONE',  ( -218.8657760620120314, 63.61684799194339490, 183.7207935539340156 ) ) ;
#11137 = ORIENTED_EDGE ( 'NONE', *, *, #1629, .T. ) ;
#11138 = VERTEX_POINT ( 'NONE', #7926 ) ;
#11139 = VERTEX_POINT ( 'NONE', #8870 ) ;
#11140 = CARTESIAN_POINT ( 'NONE',  ( 288.8209915161129970, 160.0000188829669980, 148.7207935403629904 ) ) ;
#11141 = ORIENTED_EDGE ( 'NONE', *, *, #11189, .F. ) ;
#11142 = DIRECTION ( 'NONE',  ( 0.9999999999999995559, 2.745767245451495601E-08, 0.000000000000000000 ) ) ;
#11143 = AXIS2_PLACEMENT_3D ( 'NONE', #5276, #8881, #11397 ) ;
#11144 = CARTESIAN_POINT ( 'NONE',  ( 48.73295307159440171, 62.15238189787613265, 207.2563274598667533 ) ) ;
#11145 = CARTESIAN_POINT ( 'NONE',  ( 288.8209915161129970, 160.0000189074180241, 148.7207935680310129 ) ) ;
#11146 = CARTESIAN_POINT ( 'NONE',  ( 200.0055925881594874, 80.34729554305278043, 208.6267757699025935 ) ) ;
#11147 = FACE_OUTER_BOUND ( 'NONE', #7658, .T. ) ;
#11148 = EDGE_CURVE ( 'NONE', #11497, #2143, #409, .T. ) ;
#11149 = VERTEX_POINT ( 'NONE', #910 ) ;
#11150 = ORIENTED_EDGE ( 'NONE', *, *, #1025, .F. ) ;
#11151 = VERTEX_POINT ( 'NONE', #7754 ) ;
#11152 = DIRECTION ( 'NONE',  ( 0.000000000000000000, 0.000000000000000000, -1.000000000000000000 ) ) ;
#11153 = DIRECTION ( 'NONE',  ( 0.000000000000000000, 0.000000000000000000, -1.000000000000000000 ) ) ;
#11154 = ORIENTED_EDGE ( 'NONE', *, *, #591, .T. ) ;
#11155 = CARTESIAN_POINT ( 'NONE',  ( -45.45299509213570133, 57.21578598022460227, 208.7207935539339871 ) ) ;
#11156 = FACE_OUTER_BOUND ( 'NONE', #3159, .T. ) ;
#11157 = DIRECTION ( 'NONE',  ( 0.000000000000000000, 0.000000000000000000, 1.000000000000000000 ) ) ;
#11158 = ORIENTED_EDGE ( 'NONE', *, *, #11305, .F. ) ;
#11159 = ADVANCED_FACE ( 'NONE', ( #6009 ), #7101, .F. ) ;
#11160 = AXIS2_PLACEMENT_3D ( 'NONE', #4039, #5893, #10381 ) ;
#11161 = FACE_OUTER_BOUND ( 'NONE', #3188, .T. ) ;
#11162 = CARTESIAN_POINT ( 'NONE',  ( 14.99999999999990052, 110.9465026855470029, 203.7207935539339871 ) ) ;
#11163 = ADVANCED_FACE ( 'NONE', ( #6126 ), #1605, .F. ) ;
#11164 = DIRECTION ( 'NONE',  ( 0.7071067811865521247, 0.000000000000000000, 0.7071067811865427988 ) ) ;
#11165 = ORIENTED_EDGE ( 'NONE', *, *, #9329, .T. ) ;
#11166 = CARTESIAN_POINT ( 'NONE',  ( -134.7493362426759802, 22.12078094482420099, 158.7207935539340156 ) ) ;
#11167 = DIRECTION ( 'NONE',  ( 1.000000000000000000, 0.000000000000000000, 0.000000000000000000 ) ) ;
#11168 = ORIENTED_EDGE ( 'NONE', *, *, #1726, .T. ) ;
#11169 = DIRECTION ( 'NONE',  ( -6.264543342102989047E-07, 0.9999999999986936006, 1.490124533022081604E-06 ) ) ;
#11170 = LINE ( 'NONE', #3191, #6759 ) ;
#11171 = DIRECTION ( 'NONE',  ( 0.000000000000000000, 0.000000000000000000, -1.000000000000000000 ) ) ;
#11172 = ORIENTED_EDGE ( 'NONE', *, *, #4720, .F. ) ;
#11173 = AXIS2_PLACEMENT_3D ( 'NONE', #5914, #9518, #2201 ) ;
#11174 = ADVANCED_FACE ( 'NONE', ( #10619 ), #2643, .T. ) ;
#11175 = VECTOR ( 'NONE', #8573, 1000.000000000000000 ) ;
#11176 = EDGE_CURVE ( 'NONE', #1991, #4101, #5208, .T. ) ;
#11177 = ORIENTED_EDGE ( 'NONE', *, *, #6305, .T. ) ;
#11178 = FACE_OUTER_BOUND ( 'NONE', #5883, .T. ) ;
#11179 = AXIS2_PLACEMENT_3D ( 'NONE', #6669, #579, #9469 ) ;
#11180 = CARTESIAN_POINT ( 'NONE',  ( 286.9587247948488198, 97.44609681336378060, 207.6519908243291752 ) ) ;
#11181 = VERTEX_POINT ( 'NONE', #5152 ) ;
#11182 = DIRECTION ( 'NONE',  ( 1.000000000000000000, -3.313307049615620357E-15, 2.394066291848865380E-16 ) ) ;
#11183 = EDGE_CURVE ( 'NONE', #6400, #9396, #11302, .T. ) ;
#11184 = DIRECTION ( 'NONE',  ( -0.9999999999999998890, 1.226856706247115296E-08, 0.000000000000000000 ) ) ;
#11185 = FILL_AREA_STYLE ('',( #5983 ) ) ;
#11186 = AXIS2_PLACEMENT_3D ( 'NONE', #1205, #8403, #5736 ) ;
#11187 =( BOUNDED_CURVE ( )  B_SPLINE_CURVE ( 3, ( #8015, #8787, #3615, #7144 ),
 .UNSPECIFIED., .F., .F. ) 
 B_SPLINE_CURVE_WITH_KNOTS ( ( 4, 4 ),
 ( 4.712388980384689674, 5.332882281185542084 ),
 .UNSPECIFIED. ) 
 CURVE ( )  GEOMETRIC_REPRESENTATION_ITEM ( )  RATIONAL_B_SPLINE_CURVE ( ( 1.000000000000000000, 0.9681721987222410286, 0.9681721987222410286, 1.000000000000000000 ) ) 
 REPRESENTATION_ITEM ( '' )  );
#11188 = CARTESIAN_POINT ( 'NONE',  ( 267.5316238403320312, 89.42653656005859375, 183.7207935539340156 ) ) ;
#11189 = EDGE_CURVE ( 'NONE', #6439, #7291, #4559, .T. ) ;
#11190 = DIRECTION ( 'NONE',  ( 1.000000000000000000, 0.000000000000000000, 0.000000000000000000 ) ) ;
#11191 = DIRECTION ( 'NONE',  ( 0.000000000000000000, 1.000000000000000000, 0.000000000000000000 ) ) ;
#11192 = ORIENTED_EDGE ( 'NONE', *, *, #10641, .T. ) ;
#11193 = VECTOR ( 'NONE', #8087, 1000.000000000000000 ) ;
#11194 = ORIENTED_EDGE ( 'NONE', *, *, #4126, .T. ) ;
#11195 = VERTEX_POINT ( 'NONE', #2530 ) ;
#11196 = ORIENTED_EDGE ( 'NONE', *, *, #8315, .T. ) ;
#11197 = CARTESIAN_POINT ( 'NONE',  ( 284.9415300847060166, 98.80730842118319401, 207.8475006425840093 ) ) ;
#11198 = EDGE_CURVE ( 'NONE', #630, #1000, #6072, .T. ) ;
#11199 = ADVANCED_FACE ( 'NONE', ( #4513 ), #2113, .F. ) ;
#11200 = DIRECTION ( 'NONE',  ( 0.000000000000000000, 0.000000000000000000, -1.000000000000000000 ) ) ;
#11201 = CARTESIAN_POINT ( 'NONE',  ( 92.32099151611291177, 119.8311360573549962, 206.2207935539339871 ) ) ;
#11202 = CARTESIAN_POINT ( 'NONE',  ( 288.8209915161129970, 160.0000188689220124, 148.7207936689850101 ) ) ;
#11203 = AXIS2_PLACEMENT_3D ( 'NONE', #1924, #4222, #8634 ) ;
#11204 = DIRECTION ( 'NONE',  ( 0.000000000000000000, -0.7071067811865460184, 0.7071067811865487940 ) ) ;
#11205 = ORIENTED_EDGE ( 'NONE', *, *, #2398, .T. ) ;
#11206 = VERTEX_POINT ( 'NONE', #10972 ) ;
#11207 = CARTESIAN_POINT ( 'NONE',  ( -218.8657760620120314, 22.12078094482420099, 155.7207935539340156 ) ) ;
#11208 = ORIENTED_EDGE ( 'NONE', *, *, #7450, .T. ) ;
#11209 = CARTESIAN_POINT ( 'NONE',  ( 284.6162869367418011, 74.29877815815751774, 208.6571534988052008 ) ) ;
#11210 = CARTESIAN_POINT ( 'NONE',  ( -152.7366433896910110, 94.42653656005860796, 203.7207935539339871 ) ) ;
#11211 = ORIENTED_EDGE ( 'NONE', *, *, #4315, .T. ) ;
#11212 = FACE_OUTER_BOUND ( 'NONE', #416, .T. ) ;
#11213 = CARTESIAN_POINT ( 'NONE',  ( 13.36300373077400039, 123.8515090942380112, 203.7207935539339871 ) ) ;
#11214 = CARTESIAN_POINT ( 'NONE',  ( -152.7366433887729897, 76.52169227600100498, 203.7207935539339871 ) ) ;
#11215 = EDGE_CURVE ( 'NONE', #10269, #1032, #2877, .T. ) ;
#11216 = EDGE_LOOP ( 'NONE', ( #7615, #9626, #492, #6883 ) ) ;
#11217 = CARTESIAN_POINT ( 'NONE',  ( -152.7366433887729897, 76.52169227600100498, 183.7207935539340156 ) ) ;
#11218 = AXIS2_PLACEMENT_3D ( 'NONE', #1297, #3858, #5712 ) ;
#11219 = CARTESIAN_POINT ( 'NONE',  ( 132.3913192749020027, 22.12078094482420099, 155.7207935539340156 ) ) ;
#11220 = DIRECTION ( 'NONE',  ( -1.000000000000000000, 7.788590840987949389E-17, 0.000000000000000000 ) ) ;
#11221 = DIRECTION ( 'NONE',  ( -7.113514023918722135E-11, 1.000000000000000000, 0.000000000000000000 ) ) ;
#11222 = EDGE_LOOP ( 'NONE', ( #6859, #3529, #5307, #4236 ) ) ;
#11223 = DIRECTION ( 'NONE',  ( 0.000000000000000000, 0.000000000000000000, -1.000000000000000000 ) ) ;
#11224 = VERTEX_POINT ( 'NONE', #2006 ) ;
#11225 = DIRECTION ( 'NONE',  ( 0.000000000000000000, 0.000000000000000000, -1.000000000000000000 ) ) ;
#11226 = ORIENTED_EDGE ( 'NONE', *, *, #5345, .T. ) ;
#11227 = DIRECTION ( 'NONE',  ( 1.000000000000000000, 0.000000000000000000, 0.000000000000000000 ) ) ;
#11228 = CARTESIAN_POINT ( 'NONE',  ( 166.9410599152558916, 75.46123492630661644, 208.5444136008167391 ) ) ;
#11229 = AXIS2_PLACEMENT_3D ( 'NONE', #3847, #5467, #3726 ) ;
#11230 = CARTESIAN_POINT ( 'NONE',  ( 27.90500640869130322, 110.9465026855470029, 188.7207935539340156 ) ) ;
#11231 = EDGE_CURVE ( 'NONE', #6999, #716, #8871, .T. ) ;
#11232 = ORIENTED_EDGE ( 'NONE', *, *, #6182, .T. ) ;
#11233 = VECTOR ( 'NONE', #9777, 1000.000000000000000 ) ;
#11234 = DIRECTION ( 'NONE',  ( -1.000000000000000000, 1.226857397668939892E-08, -3.872322412532719597E-17 ) ) ;
#11235 = AXIS2_PLACEMENT_3D ( 'NONE', #38, #9162, #5442 ) ;
#11236 = DIRECTION ( 'NONE',  ( 0.000000000000000000, 0.000000000000000000, 1.000000000000000000 ) ) ;
#11237 = AXIS2_PLACEMENT_3D ( 'NONE', #11486, #9619, #9679 ) ;
#11238 = VERTEX_POINT ( 'NONE', #8217 ) ;
#11239 = AXIS2_PLACEMENT_3D ( 'NONE', #2733, #55, #9836 ) ;
#11240 = CARTESIAN_POINT ( 'NONE',  ( 216.5078370698039976, 76.52169227600100498, 183.7207935539340156 ) ) ;
#11241 = CIRCLE ( 'NONE', #7680, 3.000000000000002665 ) ;
#11242 = CARTESIAN_POINT ( 'NONE',  ( 132.3913243105560014, 63.61684799194339490, 148.7207935539339871 ) ) ;
#11243 = ADVANCED_FACE ( 'NONE', ( #4752 ), #263, .T. ) ;
#11244 = EDGE_CURVE ( 'NONE', #890, #5599, #3750, .T. ) ;
#11245 = CARTESIAN_POINT ( 'NONE',  ( -286.1789894103999927, 130.1411954946499918, 203.7207935539339871 ) ) ;
#11246 = AXIS2_PLACEMENT_3D ( 'NONE', #4398, #9564, #3397 ) ;
#11247 =( GEOMETRIC_REPRESENTATION_CONTEXT ( 3 ) GLOBAL_UNCERTAINTY_ASSIGNED_CONTEXT ( ( #8594 ) ) GLOBAL_UNIT_ASSIGNED_CONTEXT ( ( #7783, #3439, #6966 ) ) REPRESENTATION_CONTEXT ( 'NONE', 'WORKASPACE' ) );
#11248 = AXIS2_PLACEMENT_3D ( 'NONE', #4592, #9232, #3884 ) ;
#11249 = VECTOR ( 'NONE', #9344, 1000.000000000000000 ) ;
#11250 = DIRECTION ( 'NONE',  ( -1.000000000000000000, 0.000000000000000000, 0.000000000000000000 ) ) ;
#11251 = CARTESIAN_POINT ( 'NONE',  ( -288.6789894103999927, 101.2175338996189851, 205.5186497902789995 ) ) ;
#11252 = DIRECTION ( 'NONE',  ( 0.000000000000000000, 0.000000000000000000, -1.000000000000000000 ) ) ;
#11253 = VERTEX_POINT ( 'NONE', #7275 ) ;
#11254 = ORIENTED_EDGE ( 'NONE', *, *, #10744, .T. ) ;
#11255 = ORIENTED_EDGE ( 'NONE', *, *, #10641, .F. ) ;
#11256 = AXIS2_PLACEMENT_3D ( 'NONE', #6319, #1974, #120 ) ;
#11257 = ORIENTED_EDGE ( 'NONE', *, *, #1440, .T. ) ;
#11258 = CARTESIAN_POINT ( 'NONE',  ( 288.8209915161129970, 99.87019435130740419, 204.1242315499560220 ) ) ;
#11259 = AXIS2_PLACEMENT_3D ( 'NONE', #9695, #1717, #5265 ) ;
#11260 = CIRCLE ( 'NONE', #7894, 5.000000000000282441 ) ;
#11261 = CARTESIAN_POINT ( 'NONE',  ( 284.6287328630793354, 76.50618139931735584, 208.6551186074295572 ) ) ;
#11262 = ADVANCED_FACE ( 'NONE', ( #3812 ), #8158, .F. ) ;
#11263 = AXIS2_PLACEMENT_3D ( 'NONE', #209, #4635, #8819 ) ;
#11264 = EDGE_CURVE ( 'NONE', #1369, #71, #7701, .T. ) ;
#11265 = DIRECTION ( 'NONE',  ( 0.000000000000000000, 0.000000000000000000, -1.000000000000000000 ) ) ;
#11266 =( BOUNDED_CURVE ( )  B_SPLINE_CURVE ( 3, ( #5526, #9075, #4546, #6327 ),
 .UNSPECIFIED., .F., .F. ) 
 B_SPLINE_CURVE_WITH_KNOTS ( ( 4, 4 ),
 ( 2.356194490192355939, 3.141592653589794892 ),
 .UNSPECIFIED. ) 
 CURVE ( )  GEOMETRIC_REPRESENTATION_ITEM ( )  RATIONAL_B_SPLINE_CURVE ( ( 1.000000000000000000, 0.9492530216741923432, 0.9492530216741923432, 1.000000000000000000 ) ) 
 REPRESENTATION_ITEM ( '' )  );
#11267 = CARTESIAN_POINT ( 'NONE',  ( 200.0054625480642017, 79.89494339606466156, 208.6068732128624674 ) ) ;
#11268 = EDGE_CURVE ( 'NONE', #6925, #5079, #6471, .T. ) ;
#11269 = VECTOR ( 'NONE', #3814, 999.9999999999998863 ) ;
#11270 = DIRECTION ( 'NONE',  ( 1.000000000000000000, 1.274272494262450050E-16, 0.000000000000000000 ) ) ;
#11271 = VERTEX_POINT ( 'NONE', #964 ) ;
#11272 = ORIENTED_EDGE ( 'NONE', *, *, #9527, .F. ) ;
#11273 = DIRECTION ( 'NONE',  ( 0.000000000000000000, 0.000000000000000000, 1.000000000000000000 ) ) ;
#11274 = VERTEX_POINT ( 'NONE', #10735 ) ;
#11275 = CARTESIAN_POINT ( 'NONE',  ( 48.73295419027594733, 8.337245120274797472, 157.8421138974936468 ) ) ;
#11276 = DIRECTION ( 'NONE',  ( 1.000000000000000000, 0.000000000000000000, 0.000000000000000000 ) ) ;
#11277 = ORIENTED_EDGE ( 'NONE', *, *, #4604, .T. ) ;
#11278 = VECTOR ( 'NONE', #5064, 1000.000000000000000 ) ;
#11279 = CARTESIAN_POINT ( 'NONE',  ( -152.7366447448729900, 22.12078094482420099, 155.7207935539340156 ) ) ;
#11280 = DIRECTION ( 'NONE',  ( 0.000000000000000000, 0.000000000000000000, -1.000000000000000000 ) ) ;
#11281 = CARTESIAN_POINT ( 'NONE',  ( -117.8759547636054066, 81.66063543401243408, 208.7147326422377773 ) ) ;
#11282 = CIRCLE ( 'NONE', #9786, 15.90485382080078480 ) ;
#11283 = ORIENTED_EDGE ( 'NONE', *, *, #2151, .F. ) ;
#11284 = CARTESIAN_POINT ( 'NONE',  ( 183.5030736399640148, 22.12077808833640091, 158.7207935539340156 ) ) ;
#11285 = ADVANCED_FACE ( 'NONE', ( #4578 ), #6418, .F. ) ;
#11286 = DIRECTION ( 'NONE',  ( 0.000000000000000000, 0.000000000000000000, -1.000000000000000000 ) ) ;
#11287 = CARTESIAN_POINT ( 'NONE',  ( -198.7659039148544764, 76.52168707601310871, 183.7207935539340156 ) ) ;
#11288 = LINE ( 'NONE', #11510, #4359 ) ;
#11289 = ORIENTED_EDGE ( 'NONE', *, *, #6797, .F. ) ;
#11290 = LINE ( 'NONE', #4115, #5220 ) ;
#11291 = ORIENTED_EDGE ( 'NONE', *, *, #93, .T. ) ;
#11292 = CARTESIAN_POINT ( 'NONE',  ( 258.8209915161129970, 47.78571748643159367, 207.2563274598667817 ) ) ;
#11293 = ORIENTED_EDGE ( 'NONE', *, *, #10248, .T. ) ;
#11294 = CARTESIAN_POINT ( 'NONE',  ( -51.09095215924970290, 6.215924776715099576, 155.7207935539340156 ) ) ;
#11295 = CARTESIAN_POINT ( 'NONE',  ( 166.9408770293940165, 76.52168743035359455, 208.5371495342994024 ) ) ;
#11296 = CARTESIAN_POINT ( 'NONE',  ( 98.64490509033210230, 89.42653656005859375, 153.7207935539340156 ) ) ;
#11297 = VERTEX_POINT ( 'NONE', #1886 ) ;
#11298 = PLANE ( 'NONE',  #11461 ) ;
#11299 = CARTESIAN_POINT ( 'NONE',  ( -286.9867453118910703, 77.19545793629389152, 208.6551243703589762 ) ) ;
#11300 = EDGE_CURVE ( 'NONE', #8884, #6999, #5553, .T. ) ;
#11301 = VERTEX_POINT ( 'NONE', #5435 ) ;
#11302 =( BOUNDED_CURVE ( )  B_SPLINE_CURVE ( 3, ( #10675, #4226, #8698, #736 ),
 .UNSPECIFIED., .F., .F. ) 
 B_SPLINE_CURVE_WITH_KNOTS ( ( 4, 4 ),
 ( 4.712388980384689674, 5.497787143781942554 ),
 .UNSPECIFIED. ) 
 CURVE ( )  GEOMETRIC_REPRESENTATION_ITEM ( )  RATIONAL_B_SPLINE_CURVE ( ( 1.000000000000000000, 0.9492530216742161020, 0.9492530216742161020, 1.000000000000000000 ) ) 
 REPRESENTATION_ITEM ( '' )  );
#11303 = VERTEX_POINT ( 'NONE', #3869 ) ;
#11304 = DIRECTION ( 'NONE',  ( -8.818228063756050507E-11, 1.000000000000000000, 0.000000000000000000 ) ) ;
#11305 = EDGE_CURVE ( 'NONE', #5101, #11123, #9565, .T. ) ;
#11306 = CARTESIAN_POINT ( 'NONE',  ( 280.4364681243895916, 76.52169227600094814, 203.7207935539339871 ) ) ;
#11307 = CARTESIAN_POINT ( 'NONE',  ( -169.2988211562674792, 73.55743111535250023, 208.6028500224636559 ) ) ;
#11308 = DIRECTION ( 'NONE',  ( 0.000000000000000000, 0.000000000000000000, 1.000000000000000000 ) ) ;
#11309 = CARTESIAN_POINT ( 'NONE',  ( 286.3209915161129402, 99.70189648182017095, 206.9831158843462617 ) ) ;
#11310 = DIRECTION ( 'NONE',  ( -0.9999999999999995559, -2.745767245451495601E-08, 0.000000000000000000 ) ) ;
#11311 = ADVANCED_FACE ( 'NONE', ( #1020 ), #7216, .T. ) ;
#11312 = ORIENTED_EDGE ( 'NONE', *, *, #8731, .T. ) ;
#11313 = ORIENTED_EDGE ( 'NONE', *, *, #2580, .F. ) ;
#11314 = ORIENTED_EDGE ( 'NONE', *, *, #595, .T. ) ;
#11315 = AXIS2_PLACEMENT_3D ( 'NONE', #11145, #3044, #382 ) ;
#11316 = ORIENTED_EDGE ( 'NONE', *, *, #5752, .F. ) ;
#11317 = CARTESIAN_POINT ( 'NONE',  ( 286.9904358551939936, 100.5504622009269866, 206.1587550429640032 ) ) ;
#11318 = FACE_OUTER_BOUND ( 'NONE', #733, .T. ) ;
#11319 = CARTESIAN_POINT ( 'NONE',  ( -195.0787199502618989, 116.2343508620288901, 208.7207935539339871 ) ) ;
#11320 = CARTESIAN_POINT ( 'NONE',  ( -286.9863257573235842, 76.35465967813965449, 208.6551838974630755 ) ) ;
#11321 = DIRECTION ( 'NONE',  ( 1.000000000000000000, 0.000000000000000000, 0.000000000000000000 ) ) ;
#11322 = EDGE_CURVE ( 'NONE', #7180, #5564, #6353, .T. ) ;
#11323 = ORIENTED_EDGE ( 'NONE', *, *, #3323, .T. ) ;
#11324 = EDGE_LOOP ( 'NONE', ( #11482, #7799, #5447, #520, #2538 ) ) ;
#11325 = DIRECTION ( 'NONE',  ( 0.000000000000000000, 0.000000000000000000, -1.000000000000000000 ) ) ;
#11326 = ORIENTED_EDGE ( 'NONE', *, *, #9981, .F. ) ;
#11327 = CARTESIAN_POINT ( 'NONE',  ( 150.3786849975589917, 22.12078094482420099, 155.7207935539340156 ) ) ;
#11328 = CARTESIAN_POINT ( 'NONE',  ( -290.1958620142300447, 66.75436516742260551, 158.0011309426170101 ) ) ;
#11329 = ORIENTED_EDGE ( 'NONE', *, *, #5327, .F. ) ;
#11330 = CARTESIAN_POINT ( 'NONE',  ( -101.0029027735899945, 6.215926533998620052, 155.7207935539340156 ) ) ;
#11331 = CARTESIAN_POINT ( 'NONE',  ( -169.2988383760194040, 79.85312400105908637, 208.6175273280911711 ) ) ;
#11332 = EDGE_CURVE ( 'NONE', #9049, #10931, #10851, .T. ) ;
#11333 = CARTESIAN_POINT ( 'NONE',  ( -117.8761103101920042, 77.66950502930458811, 208.6132126426212210 ) ) ;
#11334 = AXIS2_PLACEMENT_3D ( 'NONE', #3548, #4475, #3491 ) ;
#11335 = ORIENTED_EDGE ( 'NONE', *, *, #7246, .T. ) ;
#11336 = DIRECTION ( 'NONE',  ( 1.000000000000000000, -6.425975681558509432E-17, 0.000000000000000000 ) ) ;
#11337 = CYLINDRICAL_SURFACE ( 'NONE', #4531, 2.999999999999994227 ) ;
#11338 = DIRECTION ( 'NONE',  ( 0.000000000000000000, 0.000000000000000000, -1.000000000000000000 ) ) ;
#11339 = DIRECTION ( 'NONE',  ( 3.186777658167159699E-16, -0.5814365767194009660, 0.8135917325371639919 ) ) ;
#11340 = VERTEX_POINT ( 'NONE', #11025 ) ;
#11341 = CARTESIAN_POINT ( 'NONE',  ( -67.96416759490981008, 6.215927124023430395, 155.7207935539340156 ) ) ;
#11342 = ORIENTED_EDGE ( 'NONE', *, *, #5835, .F. ) ;
#11343 = FACE_OUTER_BOUND ( 'NONE', #10995, .T. ) ;
#11344 = VERTEX_POINT ( 'NONE', #8335 ) ;
#11345 = CIRCLE ( 'NONE', #7784, 12.90499687194819600 ) ;
#11346 = CARTESIAN_POINT ( 'NONE',  ( 287.5800421550098349, 100.9982799115948637, 205.2917346369699203 ) ) ;
#11347 = CYLINDRICAL_SURFACE ( 'NONE', #7132, 12.90484428405769712 ) ;
#11348 = EDGE_CURVE ( 'NONE', #392, #3223, #1307, .T. ) ;
#11349 = DIRECTION ( 'NONE',  ( 0.000000000000000000, 0.000000000000000000, -1.000000000000000000 ) ) ;
#11350 = EDGE_CURVE ( 'NONE', #3544, #7186, #4854, .T. ) ;
#11351 = ORIENTED_EDGE ( 'NONE', *, *, #3780, .F. ) ;
#11352 = DIRECTION ( 'NONE',  ( -1.000000000000000000, -1.690036120998889850E-16, 0.000000000000000000 ) ) ;
#11353 = DIRECTION ( 'NONE',  ( 0.000000000000000000, 0.000000000000000000, -1.000000000000000000 ) ) ;
#11354 = ORIENTED_EDGE ( 'NONE', *, *, #10226, .T. ) ;
#11355 = CARTESIAN_POINT ( 'NONE',  ( -134.7493367092509970, 76.52169227600100498, 208.7207935539339871 ) ) ;
#11356 = EDGE_LOOP ( 'NONE', ( #9685, #8758, #10385, #2045, #444, #2623 ) ) ;
#11357 = CARTESIAN_POINT ( 'NONE',  ( 98.64490509033210230, 63.61684799194339490, 203.7207935539339871 ) ) ;
#11358 = CARTESIAN_POINT ( 'NONE',  ( -30.26300430297849786, 110.9465026855470029, 183.7207935539340156 ) ) ;
#11359 = CARTESIAN_POINT ( 'NONE',  ( -45.45299509213570133, 88.02577972412109375, 183.7207935539340156 ) ) ;
#11360 = EDGE_CURVE ( 'NONE', #8447, #1181, #6774, .T. ) ;
#11361 = LINE ( 'NONE', #3445, #680 ) ;
#11362 = DIRECTION ( 'NONE',  ( -0.9999999999999994449, -3.520767142054672750E-08, 5.677289445057447713E-16 ) ) ;
#11363 = CARTESIAN_POINT ( 'NONE',  ( 288.3908867425869857, 68.48977035478340269, 157.3499438883119979 ) ) ;
#11364 = ORIENTED_EDGE ( 'NONE', *, *, #9890, .F. ) ;
#11365 = ORIENTED_EDGE ( 'NONE', *, *, #5625, .T. ) ;
#11366 = ORIENTED_EDGE ( 'NONE', *, *, #1257, .T. ) ;
#11367 = ORIENTED_EDGE ( 'NONE', *, *, #4562, .F. ) ;
#11368 = DIRECTION ( 'NONE',  ( -1.075393666311713415E-15, 1.000000000000000000, 0.000000000000000000 ) ) ;
#11369 = AXIS2_PLACEMENT_3D ( 'NONE', #2947, #2071, #2826 ) ;
#11370 = VECTOR ( 'NONE', #7883, 1000.000000000000000 ) ;
#11371 = LINE ( 'NONE', #6918, #4545 ) ;
#11372 = EDGE_CURVE ( 'NONE', #6803, #7789, #10891, .T. ) ;
#11373 = CARTESIAN_POINT ( 'NONE',  ( -286.9867190623451734, 76.52169255418573357, 208.6551201160943947 ) ) ;
#11374 = TOROIDAL_SURFACE ( 'NONE', #9699, 15.90484969578129970, 3.000000000000000000 ) ;
#11375 = FACE_OUTER_BOUND ( 'NONE', #8734, .T. ) ;
#11376 = ORIENTED_EDGE ( 'NONE', *, *, #7899, .F. ) ;
#11377 = ORIENTED_EDGE ( 'NONE', *, *, #1783, .T. ) ;
#11378 = CARTESIAN_POINT ( 'NONE',  ( -196.1845252459833944, 98.39855825009372836, 208.2424504897412305 ) ) ;
#11379 = ORIENTED_EDGE ( 'NONE', *, *, #706, .T. ) ;
#11380 = CARTESIAN_POINT ( 'NONE',  ( -134.7493367092509970, 76.52169227600100498, 148.7207935539339871 ) ) ;
#11381 = CARTESIAN_POINT ( 'NONE',  ( -291.1789864161759738, 76.30624586405640741, 155.7272371998509755 ) ) ;
#11382 = ORIENTED_EDGE ( 'NONE', *, *, #3633, .F. ) ;
#11383 = CARTESIAN_POINT ( 'NONE',  ( 200.0061080940530474, 72.01847428711390364, 208.6581386389327690 ) ) ;
#11384 = CARTESIAN_POINT ( 'NONE',  ( 27.90500640869139914, 128.8515090942379970, 203.7207935539339871 ) ) ;
#11385 = CIRCLE ( 'NONE', #1718, 5.000000000000004441 ) ;
#11386 = CARTESIAN_POINT ( 'NONE',  ( -12.35799789428710227, 110.9465026855470029, 208.7207935539339871 ) ) ;
#11387 = EDGE_CURVE ( 'NONE', #361, #4936, #7677, .T. ) ;
#11388 = ORIENTED_EDGE ( 'NONE', *, *, #2416, .T. ) ;
#11389 = DIRECTION ( 'NONE',  ( 0.000000000000000000, 0.000000000000000000, 1.000000000000000000 ) ) ;
#11390 = DIRECTION ( 'NONE',  ( 1.000000000000000000, -1.294835018885023861E-17, -1.294835018885023861E-17 ) ) ;
#11391 = LINE ( 'NONE', #11287, #299 ) ;
#11392 = ORIENTED_EDGE ( 'NONE', *, *, #3103, .F. ) ;
#11393 = EDGE_CURVE ( 'NONE', #798, #3635, #8277, .T. ) ;
#11394 = DIRECTION ( 'NONE',  ( 0.000000000000000000, 0.000000000000000000, -1.000000000000000000 ) ) ;
#11395 = EDGE_LOOP ( 'NONE', ( #2351, #9026, #5973, #5897, #6450 ) ) ;
#11396 = VECTOR ( 'NONE', #1126, 1000.000000000000000 ) ;
#11397 = DIRECTION ( 'NONE',  ( -1.075393666311713415E-15, -1.000000000000000000, 0.000000000000000000 ) ) ;
#11398 = ORIENTED_EDGE ( 'NONE', *, *, #3345, .F. ) ;
#11399 = DIRECTION ( 'NONE',  ( -3.029120467170619751E-17, -1.000000000000000000, 0.000000000000000000 ) ) ;
#11400 = ORIENTED_EDGE ( 'NONE', *, *, #9598, .T. ) ;
#11401 = CARTESIAN_POINT ( 'NONE',  ( 166.9411233072627567, 80.46734902111455767, 208.6428777393505527 ) ) ;
#11402 = CARTESIAN_POINT ( 'NONE',  ( -288.6789894103999927, 123.7770500765000037, 158.7207935539340156 ) ) ;
#11403 = DIRECTION ( 'NONE',  ( 0.000000000000000000, 0.000000000000000000, -1.000000000000000000 ) ) ;
#11404 = VERTEX_POINT ( 'NONE', #7568 ) ;
#11405 = ADVANCED_FACE ( 'NONE', ( #1251 ), #3973, .F. ) ;
#11406 = CARTESIAN_POINT ( 'NONE',  ( -56.34167480468759948, 22.12078094482420099, 155.7207935539340156 ) ) ;
#11407 = EDGE_CURVE ( 'NONE', #1160, #9320, #9776, .T. ) ;
#11408 = CARTESIAN_POINT ( 'NONE',  ( 287.6136514746066837, 123.4070113925963739, 158.7207935539340156 ) ) ;
#11409 = EDGE_CURVE ( 'NONE', #9349, #10590, #10320, .T. ) ;
#11410 = PLANE ( 'NONE',  #9274 ) ;
#11411 = AXIS2_PLACEMENT_3D ( 'NONE', #4407, #5214, #10626 ) ;
#11412 = CARTESIAN_POINT ( 'NONE',  ( -288.1789894103999927, 57.34758543135419728, 158.7207935539340156 ) ) ;
#11413 = ORIENTED_EDGE ( 'NONE', *, *, #3651, .F. ) ;
#11414 = DIRECTION ( 'NONE',  ( -1.000000000000000000, -1.226857657109169980E-08, -1.316277026091829943E-15 ) ) ;
#11415 = FACE_OUTER_BOUND ( 'NONE', #2678, .T. ) ;
#11416 = CARTESIAN_POINT ( 'NONE',  ( -169.2986738819246284, 74.39680872069570228, 208.5725431376541508 ) ) ;
#11417 = AXIS2_PLACEMENT_3D ( 'NONE', #10907, #8271, #10083 ) ;
#11418 = VECTOR ( 'NONE', #3148, 1000.000000000000000 ) ;
#11419 = CYLINDRICAL_SURFACE ( 'NONE', #862, 12.90484886281040744 ) ;
#11420 = EDGE_CURVE ( 'NONE', #1761, #5901, #497, .T. ) ;
#11421 = AXIS2_PLACEMENT_3D ( 'NONE', #1912, #1859, #11472 ) ;
#11422 = DIRECTION ( 'NONE',  ( 1.000000000000000000, 7.105427357601009747E-15, 0.000000000000000000 ) ) ;
#11423 = CARTESIAN_POINT ( 'NONE',  ( 284.3996607128430014, 59.72667359567990530, 159.6341585758780184 ) ) ;
#11424 = VERTEX_POINT ( 'NONE', #9325 ) ;
#11425 = ORIENTED_EDGE ( 'NONE', *, *, #10071, .F. ) ;
#11426 = ORIENTED_EDGE ( 'NONE', *, *, #1768, .T. ) ;
#11427 = EDGE_LOOP ( 'NONE', ( #2018, #9134, #3154, #1639 ) ) ;
#11428 = CARTESIAN_POINT ( 'NONE',  ( 288.1598219761830251, 100.0664055523670015, 205.9473687993379940 ) ) ;
#11429 = VECTOR ( 'NONE', #3011, 1000.000000000000000 ) ;
#11430 = FACE_OUTER_BOUND ( 'NONE', #7272, .T. ) ;
#11431 = AXIS2_PLACEMENT_3D ( 'NONE', #4706, #10113, #1210 ) ;
#11432 = DIRECTION ( 'NONE',  ( -1.000000000000000000, 4.873511200959409313E-18, -4.873511200959409313E-18 ) ) ;
#11433 = LINE ( 'NONE', #3391, #4570 ) ;
#11434 = DIRECTION ( 'NONE',  ( 0.000000000000000000, 0.000000000000000000, -1.000000000000000000 ) ) ;
#11435 = AXIS2_PLACEMENT_3D ( 'NONE', #7921, #6815, #6121 ) ;
#11436 = CARTESIAN_POINT ( 'NONE',  ( -45.45299509213570133, 60.75131988615733292, 207.2563274598667533 ) ) ;
#11437 = EDGE_LOOP ( 'NONE', ( #527, #4252, #1733, #8085 ) ) ;
#11438 = ORIENTED_EDGE ( 'NONE', *, *, #6189, .F. ) ;
#11439 = CARTESIAN_POINT ( 'NONE',  ( -195.6158350244519113, 97.82986802856224529, 208.5386201858095490 ) ) ;
#11440 = AXIS2_PLACEMENT_3D ( 'NONE', #6075, #2647, #2591 ) ;
#11441 = EDGE_CURVE ( 'NONE', #4311, #6492, #3265, .T. ) ;
#11442 = EDGE_LOOP ( 'NONE', ( #4671, #9032, #3618, #8653, #10600 ) ) ;
#11443 = FACE_OUTER_BOUND ( 'NONE', #7879, .T. ) ;
#11444 = DIRECTION ( 'NONE',  ( 0.000000000000000000, 0.000000000000000000, -1.000000000000000000 ) ) ;
#11445 = PLANE ( 'NONE',  #10501 ) ;
#11446 = CARTESIAN_POINT ( 'NONE',  ( -117.8760732210880207, 80.34269479548642323, 208.6841542676894505 ) ) ;
#11447 = CIRCLE ( 'NONE', #6407, 15.90485382080079901 ) ;
#11448 = ORIENTED_EDGE ( 'NONE', *, *, #11322, .F. ) ;
#11449 = CARTESIAN_POINT ( 'NONE',  ( 267.5316238403320312, 76.52169227600100498, 158.7207935539340156 ) ) ;
#11450 = AXIS2_PLACEMENT_3D ( 'NONE', #966, #1137, #8927 ) ;
#11451 = DIRECTION ( 'NONE',  ( -1.000000000000000000, 0.000000000000000000, 0.000000000000000000 ) ) ;
#11452 = CARTESIAN_POINT ( 'NONE',  ( 132.3913249411490085, 76.52169227600100498, 148.7207935539339871 ) ) ;
#11453 = ORIENTED_EDGE ( 'NONE', *, *, #8509, .T. ) ;
#11454 = CARTESIAN_POINT ( 'NONE',  ( 94.82099151611289756, 136.5016367987730064, 181.6015757153489858 ) ) ;
#11455 = VERTEX_POINT ( 'NONE', #5776 ) ;
#11456 = EDGE_CURVE ( 'NONE', #11067, #9407, #4908, .T. ) ;
#11457 = DIRECTION ( 'NONE',  ( 1.075393666311713415E-15, -1.000000000000000000, 0.000000000000000000 ) ) ;
#11458 = ORIENTED_EDGE ( 'NONE', *, *, #561, .T. ) ;
#11459 = PLANE ( 'NONE',  #10612 ) ;
#11460 = ORIENTED_EDGE ( 'NONE', *, *, #8783, .F. ) ;
#11461 = AXIS2_PLACEMENT_3D ( 'NONE', #6207, #1560, #9775 ) ;
#11462 = CARTESIAN_POINT ( 'NONE',  ( -290.4467563633665463, 122.7232690600038012, 158.7207935539340156 ) ) ;
#11463 = CARTESIAN_POINT ( 'NONE',  ( 284.4247368073768598, 80.26143987059737128, 208.6843036406193335 ) ) ;
#11464 = ORIENTED_EDGE ( 'NONE', *, *, #4423, .T. ) ;
#11465 = EDGE_CURVE ( 'NONE', #5564, #5808, #2344, .T. ) ;
#11466 = DIRECTION ( 'NONE',  ( -1.000000000000000000, 6.425975681558509432E-17, 0.000000000000000000 ) ) ;
#11467 = DIRECTION ( 'NONE',  ( 7.788590840987949389E-17, 1.000000000000000000, 0.000000000000000000 ) ) ;
#11468 = EDGE_CURVE ( 'NONE', #5690, #6365, #7512, .T. ) ;
#11469 = DIRECTION ( 'NONE',  ( 0.9999999999999997780, 2.745767261373882970E-08, 0.000000000000000000 ) ) ;
#11470 = FACE_OUTER_BOUND ( 'NONE', #5090, .T. ) ;
#11471 = VERTEX_POINT ( 'NONE', #8508 ) ;
#11472 = DIRECTION ( 'NONE',  ( -1.000000000000000000, 5.376964357955537309E-15, 0.000000000000000000 ) ) ;
#11473 = CARTESIAN_POINT ( 'NONE',  ( 288.8209915161129970, 157.1217411417439962, 123.7207935539339871 ) ) ;
#11474 = ADVANCED_FACE ( 'NONE', ( #553 ), #4089, .T. ) ;
#11475 = CARTESIAN_POINT ( 'NONE',  ( 27.90500640869139914, 123.8515090942380112, 188.7207935539340156 ) ) ;
#11476 = CARTESIAN_POINT ( 'NONE',  ( -134.7493362426759802, 6.215927124023390427, 155.7207935539340156 ) ) ;
#11477 = CARTESIAN_POINT ( 'NONE',  ( 48.73295426496270011, 6.215924776715159084, 155.7207935539340156 ) ) ;
#11478 = CARTESIAN_POINT ( 'NONE',  ( -287.6434555044672265, 98.63017898587457921, 208.0186497902789995 ) ) ;
#11479 = ORIENTED_EDGE ( 'NONE', *, *, #6499, .F. ) ;
#11480 = ORIENTED_EDGE ( 'NONE', *, *, #9125, .T. ) ;
#11481 = EDGE_LOOP ( 'NONE', ( #8930, #3668, #8446, #5488 ) ) ;
#11482 = ORIENTED_EDGE ( 'NONE', *, *, #4873, .T. ) ;
#11483 = CARTESIAN_POINT ( 'NONE',  ( 287.9799120507360044, 98.24343334518560766, 206.9225798431480143 ) ) ;
#11484 = ORIENTED_EDGE ( 'NONE', *, *, #3587, .F. ) ;
#11485 = EDGE_CURVE ( 'NONE', #6756, #10842, #5020, .T. ) ;
#11486 = CARTESIAN_POINT ( 'NONE',  ( 267.5316238403320312, 76.52169227600100498, 183.7207935539340156 ) ) ;
#11487 = VECTOR ( 'NONE', #835, 1000.000000000000000 ) ;
#11488 = CARTESIAN_POINT ( 'NONE',  ( -56.34167480468759948, 22.12078094482420099, 158.7207935539340156 ) ) ;
#11489 = LINE ( 'NONE', #3459, #3495 ) ;
#11490 = AXIS2_PLACEMENT_3D ( 'NONE', #4479, #7782, #10711 ) ;
#11491 = TOROIDAL_SURFACE ( 'NONE', #6454, 17.90484428405759942, 5.000000000000000000 ) ;
#11492 = LINE ( 'NONE', #9856, #11017 ) ;
#11493 = ORIENTED_EDGE ( 'NONE', *, *, #2360, .T. ) ;
#11494 = ORIENTED_EDGE ( 'NONE', *, *, #2787, .T. ) ;
#11495 = LINE ( 'NONE', #8803, #5289 ) ;
#11496 = AXIS2_PLACEMENT_3D ( 'NONE', #7189, #10763, #1911 ) ;
#11497 = VERTEX_POINT ( 'NONE', #6861 ) ;
#11498 = CARTESIAN_POINT ( 'NONE',  ( -289.8733940966289993, 67.08009995736368580, 158.6347598030889969 ) ) ;
#11499 = DIRECTION ( 'NONE',  ( -1.000000000000000000, 1.188474749415029953E-15, 0.000000000000000000 ) ) ;
#11500 = DIRECTION ( 'NONE',  ( 0.000000000000000000, 0.7071067811865510144, -0.7071067811865440200 ) ) ;
#11501 = CARTESIAN_POINT ( 'NONE',  ( -290.7214020246750010, 100.7804654532650090, 205.0663093133530026 ) ) ;
#11502 = CIRCLE ( 'NONE', #7756, 12.90500640869139737 ) ;
#11503 = AXIS2_PLACEMENT_3D ( 'NONE', #6030, #8660, #2547 ) ;
#11504 = ORIENTED_EDGE ( 'NONE', *, *, #2661, .T. ) ;
#11505 = DIRECTION ( 'NONE',  ( 0.000000000000000000, 0.000000000000000000, 1.000000000000000000 ) ) ;
#11506 = EDGE_CURVE ( 'NONE', #5964, #4523, #5311, .T. ) ;
#11507 = LINE ( 'NONE', #8756, #3031 ) ;
#11508 = CYLINDRICAL_SURFACE ( 'NONE', #10141, 12.90484428405759587 ) ;
#11509 = VERTEX_POINT ( 'NONE', #775 ) ;
#11510 = CARTESIAN_POINT ( 'NONE',  ( -196.4467563633663758, 114.5107393763349961, 207.9885605069003702 ) ) ;
#11511 = VERTEX_POINT ( 'NONE', #2396 ) ;
#11512 = DIRECTION ( 'NONE',  ( 0.000000000000000000, 1.000000000000000000, 0.000000000000000000 ) ) ;
#11513 = ORIENTED_EDGE ( 'NONE', *, *, #938, .F. ) ;
#11514 = DIRECTION ( 'NONE',  ( 0.000000000000000000, 0.000000000000000000, -1.000000000000000000 ) ) ;
#11515 = EDGE_LOOP ( 'NONE', ( #3465, #4061, #3240, #2667, #6227, #744 ) ) ;
#11516 = DIRECTION ( 'NONE',  ( 0.000000000000000000, 0.000000000000000000, -1.000000000000000000 ) ) ;
#11517 = PLANE ( 'NONE',  #11061 ) ;
#11518 = CARTESIAN_POINT ( 'NONE',  ( 285.8209915161120307, 57.34758543134790187, 183.7207935539340156 ) ) ;
#11519 = CIRCLE ( 'NONE', #1655, 2.999999999999999112 ) ;
#11520 = ORIENTED_EDGE ( 'NONE', *, *, #9310, .F. ) ;
#11521 = ADVANCED_FACE ( 'NONE', ( #11430 ), #3514, .T. ) ;
#11522 = ADVANCED_FACE ( 'NONE', ( #11318 ), #303, .T. ) ;
#11523 = DIRECTION ( 'NONE',  ( 0.000000000000000000, 0.000000000000000000, 1.000000000000000000 ) ) ;
#11524 = CARTESIAN_POINT ( 'NONE',  ( -286.1789894103999927, 76.32125139236450195, 203.7207935539339871 ) ) ;
#11525 = CIRCLE ( 'NONE', #10034, 3.000000000000002665 ) ;
#11526 = CARTESIAN_POINT ( 'NONE',  ( 193.8265273516964839, 98.39855825009395573, 208.2424504897412589 ) ) ;
#11527 = CARTESIAN_POINT ( 'NONE',  ( -269.8896026611329830, 9.215927124023419736, 158.7207935539340156 ) ) ;
#11528 = EDGE_LOOP ( 'NONE', ( #1445, #7859, #4664, #3593 ) ) ;
#11529 = CARTESIAN_POINT ( 'NONE',  ( -282.7944453876595503, 76.52169227600100498, 203.7207935539339871 ) ) ;
#11530 = DIRECTION ( 'NONE',  ( 0.000000000000000000, 0.000000000000000000, 1.000000000000000000 ) ) ;
ENDSEC;
END-ISO-10303-21;
