ISO-10303-21;
HEADER;
FILE_DESCRIPTION (( 'STEP AP214' ),
    '1' );
FILE_NAME ('Hanger200.STEP',
    '2026-09-13T18:28:29',
    ( '' ),
    ( '' ),
    'SwSTEP 2.0',
    'SolidWorks 2025',
    '' );
FILE_SCHEMA (( 'AUTOMOTIVE_DESIGN' ));
ENDSEC;

DATA;
#1 =( BOUNDED_CURVE ( )  B_SPLINE_CURVE ( 3, ( #8957, #356, #8384, #6833 ),
 .UNSPECIFIED., .F., .F. ) 
 B_SPLINE_CURVE_WITH_KNOTS ( ( 4, 4 ),
 ( 0.6204933008008219897, 0.7853981633974529419 ),
 .UNSPECIFIED. ) 
 CURVE ( )  GEOMETRIC_REPRESENTATION_ITEM ( )  RATIONAL_B_SPLINE_CURVE ( ( 1.000000000000000000, 0.9977351490747969898, 0.9977351490747969898, 1.000000000000000000 ) ) 
 REPRESENTATION_ITEM ( '' )  );
#2 = DIRECTION ( 'NONE',  ( -6.264543342102989047E-07, 0.9999999999986936006, 1.490124533022081604E-06 ) ) ;
#3 = ORIENTED_EDGE ( 'NONE', *, *, #9095, .T. ) ;
#4 = DIRECTION ( 'NONE',  ( -0.9999999999999995559, -2.745767258921879090E-08, 0.000000000000000000 ) ) ;
#5 = ORIENTED_EDGE ( 'NONE', *, *, #1109, .T. ) ;
#6 = DIRECTION ( 'NONE',  ( 1.000000000000000000, 0.000000000000000000, 0.000000000000000000 ) ) ;
#7 = ORIENTED_EDGE ( 'NONE', *, *, #6338, .F. ) ;
#8 = CARTESIAN_POINT ( 'NONE',  ( 193.2578371301650009, 97.82986802856250108, 183.5386201858094921 ) ) ;
#9 = DIRECTION ( 'NONE',  ( 0.000000000000000000, 0.000000000000000000, -1.000000000000000000 ) ) ;
#10 = ORIENTED_EDGE ( 'NONE', *, *, #93, .F. ) ;
#11 = DIRECTION ( 'NONE',  ( 0.000000000000000000, 0.000000000000000000, 1.000000000000000000 ) ) ;
#12 = EDGE_CURVE ( 'NONE', #1987, #6091, #1164, .T. ) ;
#13 = CARTESIAN_POINT ( 'NONE',  ( 80.65757769388380893, 38.02563398808290174, 155.7207935539340156 ) ) ;
#14 = ORIENTED_EDGE ( 'NONE', *, *, #5111, .T. ) ;
#15 = ORIENTED_EDGE ( 'NONE', *, *, #604, .T. ) ;
#16 = CIRCLE ( 'NONE', #1554, 17.90500640869139914 ) ;
#17 = DIRECTION ( 'NONE',  ( 0.000000000000000000, 1.000000000000000000, 0.000000000000000000 ) ) ;
#18 = VECTOR ( 'NONE', #5085, 999.9999999999998863 ) ;
#19 = FACE_OUTER_BOUND ( 'NONE', #6867, .T. ) ;
#20 = VERTEX_POINT ( 'NONE', #1162 ) ;
#21 = CARTESIAN_POINT ( 'NONE',  ( -269.8896026611329830, 6.215927124023419736, 155.7207935539340156 ) ) ;
#22 = CYLINDRICAL_SURFACE ( 'NONE', #3844, 5.000000000000001776 ) ;
#23 = EDGE_CURVE ( 'NONE', #4728, #1533, #3777, .T. ) ;
#24 = CARTESIAN_POINT ( 'NONE',  ( 288.8209915161129970, 76.32125139236430300, 155.7207935539340156 ) ) ;
#25 = CIRCLE ( 'NONE', #6455, 5.000000000000004441 ) ;
#26 = CARTESIAN_POINT ( 'NONE',  ( 43.09501647949219461, 93.02577972412109375, 178.7207935539339871 ) ) ;
#27 = VERTEX_POINT ( 'NONE', #8789 ) ;
#28 = VERTEX_POINT ( 'NONE', #1397 ) ;
#29 = FACE_OUTER_BOUND ( 'NONE', #8664, .T. ) ;
#30 = TOROIDAL_SURFACE ( 'NONE', #6925, 17.90499687194819600, 5.000000000000000000 ) ;
#31 = EDGE_CURVE ( 'NONE', #3417, #3045, #2095, .T. ) ;
#32 = CARTESIAN_POINT ( 'NONE',  ( 94.08875846907929485, 119.8311360573549962, 182.9885605069005123 ) ) ;
#33 = DIRECTION ( 'NONE',  ( 0.000000000000000000, 0.000000000000000000, -1.000000000000000000 ) ) ;
#34 = AXIS2_PLACEMENT_3D ( 'NONE', #6467, #8555, #1251 ) ;
#35 = CYLINDRICAL_SURFACE ( 'NONE', #1875, 5.000000000000021316 ) ;
#36 = FACE_OUTER_BOUND ( 'NONE', #7250, .T. ) ;
#37 = ORIENTED_EDGE ( 'NONE', *, *, #5117, .F. ) ;
#38 = DIRECTION ( 'NONE',  ( 1.000000000000000000, 1.098116863085339802E-16, 0.000000000000000000 ) ) ;
#39 = LINE ( 'NONE', #5758, #6263 ) ;
#40 = CARTESIAN_POINT ( 'NONE',  ( -169.2988478788419968, 76.52168743035039711, 183.5371530072550001 ) ) ;
#41 = CARTESIAN_POINT ( 'NONE',  ( -288.5118701424320307, 63.90658025026668554, 160.4291576048120191 ) ) ;
#42 = ORIENTED_EDGE ( 'NONE', *, *, #75, .F. ) ;
#43 = EDGE_LOOP ( 'NONE', ( #1985, #6022 ) ) ;
#44 = CARTESIAN_POINT ( 'NONE',  ( -261.1789894103999359, 76.32125139236450195, 161.7207935539339871 ) ) ;
#45 = DIRECTION ( 'NONE',  ( 1.000000000000000000, 0.000000000000000000, 0.000000000000000000 ) ) ;
#46 = CIRCLE ( 'NONE', #2515, 12.90484874797840398 ) ;
#47 = ADVANCED_FACE ( 'NONE', ( #4950 ), #2130, .T. ) ;
#48 = EDGE_CURVE ( 'NONE', #4219, #505, #1537, .T. ) ;
#49 = CARTESIAN_POINT ( 'NONE',  ( 284.9415300847060166, 98.80730842118319401, 182.8475006425839808 ) ) ;
#50 = ORIENTED_EDGE ( 'NONE', *, *, #2662, .F. ) ;
#51 = DIRECTION ( 'NONE',  ( 0.000000000000000000, 0.7071067811865495711, 0.7071067811865454633 ) ) ;
#52 = VERTEX_POINT ( 'NONE', #625 ) ;
#53 = CARTESIAN_POINT ( 'NONE',  ( -289.4070542073265528, 64.32491569442866819, 158.7221429397766030 ) ) ;
#54 = ORIENTED_EDGE ( 'NONE', *, *, #1760, .T. ) ;
#55 = TOROIDAL_SURFACE ( 'NONE', #3895, 17.90484428405759942, 5.000000000000000000 ) ;
#56 = CARTESIAN_POINT ( 'NONE',  ( 80.65757735632510617, 22.12077759886840056, 142.8159395102457836 ) ) ;
#57 = CIRCLE ( 'NONE', #6623, 17.90499687194819955 ) ;
#58 = DIRECTION ( 'NONE',  ( 8.330697243152932491E-11, -1.000000000000000000, 0.000000000000000000 ) ) ;
#59 = CIRCLE ( 'NONE', #6959, 12.90484791500049511 ) ;
#60 = CARTESIAN_POINT ( 'NONE',  ( -291.1789894103999927, 160.0000189074170294, 123.7207935680309987 ) ) ;
#61 = ORIENTED_EDGE ( 'NONE', *, *, #7433, .F. ) ;
#62 = CARTESIAN_POINT ( 'NONE',  ( -146.1789941787719727, 98.63017898587470711, 183.0186497902790279 ) ) ;
#63 = LINE ( 'NONE', #8131, #4127 ) ;
#64 = VERTEX_POINT ( 'NONE', #4997 ) ;
#65 = EDGE_LOOP ( 'NONE', ( #1010, #9072 ) ) ;
#66 = EDGE_CURVE ( 'NONE', #8477, #410, #425, .T. ) ;
#67 = PLANE ( 'NONE',  #3638 ) ;
#68 = CIRCLE ( 'NONE', #251, 5.000000000000004441 ) ;
#69 = DIRECTION ( 'NONE',  ( -1.000000000000000000, 1.635284895191439853E-16, 0.000000000000000000 ) ) ;
#70 = CARTESIAN_POINT ( 'NONE',  ( -205.9609222412110228, 22.12078094482420099, 155.7207935539340156 ) ) ;
#71 = ORIENTED_EDGE ( 'NONE', *, *, #9317, .F. ) ;
#72 = CARTESIAN_POINT ( 'NONE',  ( -101.0029027735899945, 6.215926533998620052, 155.7207935539340156 ) ) ;
#73 = CARTESIAN_POINT ( 'NONE',  ( 192.3209915161129970, 114.5107393763349961, 181.2207935539339871 ) ) ;
#74 = DIRECTION ( 'NONE',  ( -6.519917093474220715E-16, 1.000000000000000000, 0.000000000000000000 ) ) ;
#75 = EDGE_CURVE ( 'NONE', #8517, #3618, #9384, .T. ) ;
#76 = DIRECTION ( 'NONE',  ( 0.9999999999999995559, 2.745767258921879090E-08, 0.000000000000000000 ) ) ;
#77 = ORIENTED_EDGE ( 'NONE', *, *, #3967, .F. ) ;
#78 = AXIS2_PLACEMENT_3D ( 'NONE', #3564, #2128, #5900 ) ;
#79 = ORIENTED_EDGE ( 'NONE', *, *, #5304, .T. ) ;
#80 = ORIENTED_EDGE ( 'NONE', *, *, #2780, .F. ) ;
#81 = DIRECTION ( 'NONE',  ( 0.000000000000000000, 1.000000000000000000, 0.000000000000000000 ) ) ;
#82 = LINE ( 'NONE', #3015, #4772 ) ;
#83 = SPHERICAL_SURFACE ( 'NONE', #8653, 12.90485350637260176 ) ;
#84 = CARTESIAN_POINT ( 'NONE',  ( -101.0029030371120058, 35.90431283853584432, 157.8421141661560227 ) ) ;
#85 = CARTESIAN_POINT ( 'NONE',  ( 192.3209915161129970, 115.8346203221669981, 183.7207935539340156 ) ) ;
#86 = ADVANCED_FACE ( 'NONE', ( #5045 ), #5812, .T. ) ;
#87 = VERTEX_POINT ( 'NONE', #7935 ) ;
#88 = CYLINDRICAL_SURFACE ( 'NONE', #5873, 2.500000000000000888 ) ;
#89 = EDGE_CURVE ( 'NONE', #5679, #6879, #8699, .T. ) ;
#90 = ADVANCED_FACE ( 'NONE', ( #7986 ), #6435, .T. ) ;
#91 = DIRECTION ( 'NONE',  ( 0.000000000000000000, 0.000000000000000000, -1.000000000000000000 ) ) ;
#92 = FACE_OUTER_BOUND ( 'NONE', #386, .T. ) ;
#93 = EDGE_CURVE ( 'NONE', #2823, #1607, #3320, .T. ) ;
#94 = CARTESIAN_POINT ( 'NONE',  ( -286.7563278619839480, 59.72674714129849605, 159.6323088940620210 ) ) ;
#95 = ORIENTED_EDGE ( 'NONE', *, *, #9296, .T. ) ;
#96 = CARTESIAN_POINT ( 'NONE',  ( 286.3209915161129970, 160.0000188687020000, 123.7207935539339871 ) ) ;
#97 = VECTOR ( 'NONE', #8715, 1000.000000000000000 ) ;
#98 = LINE ( 'NONE', #2356, #7997 ) ;
#99 = ADVANCED_FACE ( 'NONE', ( #6477 ), #2850, .T. ) ;
#100 = CARTESIAN_POINT ( 'NONE',  ( 193.2578371301650009, 97.82986802856250108, 183.5386201858094921 ) ) ;
#101 = EDGE_LOOP ( 'NONE', ( #6345, #6902 ) ) ;
#102 = CARTESIAN_POINT ( 'NONE',  ( -67.96416759490981008, 6.215927124023430395, 155.7207935539340156 ) ) ;
#103 = ORIENTED_EDGE ( 'NONE', *, *, #3283, .T. ) ;
#104 = CARTESIAN_POINT ( 'NONE',  ( -110.0223875045780062, 6.215927124023419736, 155.7207935539340156 ) ) ;
#105 = ORIENTED_EDGE ( 'NONE', *, *, #7302, .T. ) ;
#106 = DIRECTION ( 'NONE',  ( 0.000000000000000000, 0.7071067811865490160, 0.7071067811865461294 ) ) ;
#107 = EDGE_CURVE ( 'NONE', #115, #3735, #5763, .T. ) ;
#108 = DIRECTION ( 'NONE',  ( 0.9999999999999982236, 5.974481946206379345E-08, 0.000000000000000000 ) ) ;
#109 = DIRECTION ( 'NONE',  ( 1.000000000000000000, -4.362752391243203476E-16, 0.000000000000000000 ) ) ;
#110 = ORIENTED_EDGE ( 'NONE', *, *, #3459, .T. ) ;
#111 = VECTOR ( 'NONE', #3916, 1000.000000000000000 ) ;
#112 = CARTESIAN_POINT ( 'NONE',  ( 65.60616299700279797, 94.42653656005880691, 183.7207935539340156 ) ) ;
#113 = CARTESIAN_POINT ( 'NONE',  ( -261.1789894103999359, 76.32125139236450195, 158.7207935539340156 ) ) ;
#114 = ORIENTED_EDGE ( 'NONE', *, *, #554, .F. ) ;
#115 = VERTEX_POINT ( 'NONE', #7113 ) ;
#116 = CARTESIAN_POINT ( 'NONE',  ( -134.7493367092509970, 62.15238189787610423, 182.2563274598670091 ) ) ;
#117 =( BOUNDED_CURVE ( )  B_SPLINE_CURVE ( 3, ( #3983, #6708, #8971, #5460 ),
 .UNSPECIFIED., .F., .F. ) 
 B_SPLINE_CURVE_WITH_KNOTS ( ( 4, 4 ),
 ( 2.045947839791860012, 2.356194490192339952 ),
 .UNSPECIFIED. ) 
 CURVE ( )  GEOMETRIC_REPRESENTATION_ITEM ( )  RATIONAL_B_SPLINE_CURVE ( ( 1.000000000000000000, 0.9919949895361630521, 0.9919949895361630521, 1.000000000000000000 ) ) 
 REPRESENTATION_ITEM ( '' )  );
#118 = CARTESIAN_POINT ( 'NONE',  ( -287.8576901617375370, 57.57337152830422866, 158.7207935539339587 ) ) ;
#119 = DIRECTION ( 'NONE',  ( 3.520767011262991876E-08, 0.9999999999988892219, 1.490124283223080768E-06 ) ) ;
#120 = CARTESIAN_POINT ( 'NONE',  ( 60.32955169677730112, 110.9465026855470029, 163.7207935539339871 ) ) ;
#121 = AXIS2_PLACEMENT_3D ( 'NONE', #7817, #9263, #2736 ) ;
#122 = DIRECTION ( 'NONE',  ( 0.000000000000000000, 0.000000000000000000, 1.000000000000000000 ) ) ;
#123 = EDGE_CURVE ( 'NONE', #2988, #2264, #2756, .T. ) ;
#124 = ORIENTED_EDGE ( 'NONE', *, *, #6366, .F. ) ;
#125 = EDGE_LOOP ( 'NONE', ( #1319, #781, #2050, #1490 ) ) ;
#126 = VERTEX_POINT ( 'NONE', #8029 ) ;
#127 = AXIS2_PLACEMENT_3D ( 'NONE', #5096, #3573, #6484 ) ;
#128 = DIRECTION ( 'NONE',  ( 0.000000000000000000, 0.000000000000000000, 1.000000000000000000 ) ) ;
#129 = CARTESIAN_POINT ( 'NONE',  ( -143.7429904937749825, 22.12078094482420099, 138.7207935539339871 ) ) ;
#130 = DIRECTION ( 'NONE',  ( -4.688749442782618508E-16, 0.7191424945380946454, -0.6948626285457626395 ) ) ;
#131 = DIRECTION ( 'NONE',  ( -1.000000000000000000, -2.036635194594239902E-16, 0.000000000000000000 ) ) ;
#132 = CIRCLE ( 'NONE', #2136, 12.90485404368839895 ) ;
#133 = CARTESIAN_POINT ( 'NONE',  ( 286.4065498416259743, 63.48463582172199438, 159.5711252090449932 ) ) ;
#134 = EDGE_CURVE ( 'NONE', #3012, #8266, #3470, .T. ) ;
#135 = ORIENTED_EDGE ( 'NONE', *, *, #4667, .F. ) ;
#136 = DIRECTION ( 'NONE',  ( 0.9999999999999998890, 1.226856837129686445E-08, 0.000000000000000000 ) ) ;
#137 = CARTESIAN_POINT ( 'NONE',  ( 283.8209915161129970, 97.78744984316969635, 183.5556906318415713 ) ) ;
#138 = DIRECTION ( 'NONE',  ( 0.9999999999999995559, 2.745767247960928976E-08, 0.000000000000000000 ) ) ;
#139 = CARTESIAN_POINT ( 'NONE',  ( -289.8585258626559948, 67.45596301292809471, 159.6696933349839753 ) ) ;
#140 = ORIENTED_EDGE ( 'NONE', *, *, #3030, .T. ) ;
#141 = LINE ( 'NONE', #2934, #18 ) ;
#142 = ADVANCED_FACE ( 'NONE', ( #5680 ), #6392, .T. ) ;
#143 = ADVANCED_FACE ( 'NONE', ( #9334 ), #3082, .T. ) ;
#144 = AXIS2_PLACEMENT_3D ( 'NONE', #685, #8094, #1366 ) ;
#145 = CARTESIAN_POINT ( 'NONE',  ( 284.4114867081290186, 97.80763904815100318, 183.6145670104010321 ) ) ;
#146 = ORIENTED_EDGE ( 'NONE', *, *, #8257, .F. ) ;
#147 = DIRECTION ( 'NONE',  ( 0.000000000000000000, 0.000000000000000000, 1.000000000000000000 ) ) ;
#148 = VERTEX_POINT ( 'NONE', #1692 ) ;
#149 = CARTESIAN_POINT ( 'NONE',  ( -134.7493362426759802, 38.02563476562500000, 155.7207935539340156 ) ) ;
#150 = DIRECTION ( 'NONE',  ( 1.000000000000000000, 1.075393666311713415E-15, 0.000000000000000000 ) ) ;
#151 = FACE_OUTER_BOUND ( 'NONE', #1268, .T. ) ;
#152 = VECTOR ( 'NONE', #6645, 1000.000000000000000 ) ;
#153 = CYLINDRICAL_SURFACE ( 'NONE', #1423, 5.000000000000001776 ) ;
#154 = ORIENTED_EDGE ( 'NONE', *, *, #6041, .F. ) ;
#155 = EDGE_CURVE ( 'NONE', #3661, #1823, #8835, .T. ) ;
#156 = DIRECTION ( 'NONE',  ( -1.000000000000000000, -8.450180604994439389E-17, 8.450180604994468971E-17 ) ) ;
#157 = CARTESIAN_POINT ( 'NONE',  ( -134.7493367092509970, 76.52169227600100498, 178.7207935539339871 ) ) ;
#158 = ORIENTED_EDGE ( 'NONE', *, *, #7049, .F. ) ;
#159 = ORIENTED_EDGE ( 'NONE', *, *, #9260, .F. ) ;
#160 = DIRECTION ( 'NONE',  ( 1.000000000000000000, -3.635332587912099138E-15, 0.000000000000000000 ) ) ;
#161 = EDGE_CURVE ( 'NONE', #3606, #5482, #9325, .T. ) ;
#162 = B_SPLINE_CURVE_WITH_KNOTS ( 'NONE', 3,
 ( #7837, #6385, #6201, #1895, #397, #4813, #9186, #9237, #5678, #4766, #6247, #3468, #9332, #2754, #2617, #1938, #5533 ),
 .UNSPECIFIED., .F., .F.,
 ( 4, 2, 2, 1, 1, 1, 1, 1, 2, 2, 4 ),
 ( 0.000000000000000000, 0.2500000000000022760, 0.3750000000000064393, 0.4375000000000113243, 0.4687500000000165978, 0.4843750000000193734, 0.4921875000000208167, 0.4960937500000242584, 0.4980468750000258682, 0.5000000000000274225, 1.000000000000000000 ),
 .UNSPECIFIED. ) ;
#163 = CARTESIAN_POINT ( 'NONE',  ( 216.5078370686659923, 63.61684799194339490, 178.7207935539339871 ) ) ;
#164 = DIRECTION ( 'NONE',  ( -0.9999999999999997780, -2.745767261373882970E-08, 0.000000000000000000 ) ) ;
#165 = CARTESIAN_POINT ( 'NONE',  ( -196.4264354200234663, 98.64046842413362981, 183.0087077465684615 ) ) ;
#166 = AXIS2_PLACEMENT_3D ( 'NONE', #5158, #3739, #6553 ) ;
#167 = DIRECTION ( 'NONE',  ( 5.914660793751095536E-15, 1.000000000000000000, 0.000000000000000000 ) ) ;
#168 = EDGE_CURVE ( 'NONE', #3923, #4519, #3853, .T. ) ;
#169 = EDGE_CURVE ( 'NONE', #1275, #5679, #6000, .T. ) ;
#170 = VECTOR ( 'NONE', #6818, 1000.000000000000000 ) ;
#171 = ORIENTED_EDGE ( 'NONE', *, *, #4677, .F. ) ;
#172 = ORIENTED_EDGE ( 'NONE', *, *, #6052, .T. ) ;
#173 = ORIENTED_EDGE ( 'NONE', *, *, #8683, .T. ) ;
#174 = DIRECTION ( 'NONE',  ( -1.000000000000000000, -1.226857528067280007E-08, -2.580592422852214794E-17 ) ) ;
#175 = DIRECTION ( 'NONE',  ( 6.425975681558509432E-17, 1.000000000000000000, 0.000000000000000000 ) ) ;
#176 = VECTOR ( 'NONE', #6121, 1000.000000000000000 ) ;
#177 = FACE_OUTER_BOUND ( 'NONE', #4395, .T. ) ;
#178 = DIRECTION ( 'NONE',  ( 0.000000000000000000, 0.000000000000000000, -1.000000000000000000 ) ) ;
#179 = LINE ( 'NONE', #4738, #6006 ) ;
#180 = CARTESIAN_POINT ( 'NONE',  ( -30.26300430297849786, 110.9465026855470029, 178.7207935539339871 ) ) ;
#181 = ORIENTED_EDGE ( 'NONE', *, *, #869, .T. ) ;
#182 = DIRECTION ( 'NONE',  ( -1.000000000000000000, -6.371362471312260112E-17, 6.371362471312240391E-17 ) ) ;
#183 = AXIS2_PLACEMENT_3D ( 'NONE', #8924, #2348, #3886 ) ;
#184 = DIRECTION ( 'NONE',  ( 0.000000000000000000, 0.000000000000000000, -1.000000000000000000 ) ) ;
#185 = CARTESIAN_POINT ( 'NONE',  ( -67.96416782819719060, 63.61684799194339490, 178.7207935539339871 ) ) ;
#186 = DIRECTION ( 'NONE',  ( 0.000000000000000000, -0.7071067811865475727, 0.7071067811865475727 ) ) ;
#187 = ORIENTED_EDGE ( 'NONE', *, *, #5946, .T. ) ;
#188 = CARTESIAN_POINT ( 'NONE',  ( 288.8209915161129970, 157.1217411417439962, 123.7207935539339871 ) ) ;
#189 = EDGE_CURVE ( 'NONE', #1448, #1067, #256, .T. ) ;
#190 = CARTESIAN_POINT ( 'NONE',  ( 143.8209962844850054, -1.665334536937729762E-14, 155.7207935539340156 ) ) ;
#191 = EDGE_LOOP ( 'NONE', ( #863, #823, #5689, #8859 ) ) ;
#192 = DIRECTION ( 'NONE',  ( 0.000000000000000000, 0.000000000000000000, -1.000000000000000000 ) ) ;
#193 = EDGE_LOOP ( 'NONE', ( #7578, #2000, #3600, #7027 ) ) ;
#194 = CARTESIAN_POINT ( 'NONE',  ( -40.43682098388680402, 22.12078094482420099, 155.7207935539340156 ) ) ;
#195 = CYLINDRICAL_SURFACE ( 'NONE', #2046, 5.000000000000007105 ) ;
#196 = CARTESIAN_POINT ( 'NONE',  ( -290.0911711285032766, 68.15211644493714971, 159.4010608956175759 ) ) ;
#197 = CIRCLE ( 'NONE', #355, 3.000000000000002665 ) ;
#198 = VERTEX_POINT ( 'NONE', #8217 ) ;
#199 = DIRECTION ( 'NONE',  ( 0.000000000000000000, 0.000000000000000000, -1.000000000000000000 ) ) ;
#200 = CARTESIAN_POINT ( 'NONE',  ( -196.1845252459832238, 98.39855825009369994, 183.2424504897410600 ) ) ;
#201 = ORIENTED_EDGE ( 'NONE', *, *, #3730, .T. ) ;
#202 = VERTEX_POINT ( 'NONE', #3131 ) ;
#203 = EDGE_CURVE ( 'NONE', #5951, #7105, #6624, .T. ) ;
#204 = FACE_OUTER_BOUND ( 'NONE', #583, .T. ) ;
#205 = ADVANCED_FACE ( 'NONE', ( #8120 ), #763, .T. ) ;
#206 = CIRCLE ( 'NONE', #3130, 12.90485382080080967 ) ;
#207 = CARTESIAN_POINT ( 'NONE',  ( 150.3786849975589917, 22.12078094482420099, 155.7207935539340156 ) ) ;
#208 = ORIENTED_EDGE ( 'NONE', *, *, #2081, .F. ) ;
#209 = EDGE_CURVE ( 'NONE', #1468, #4782, #8268, .T. ) ;
#210 = CARTESIAN_POINT ( 'NONE',  ( 98.64490820428390805, 6.215926533999919457, 155.7207935539340156 ) ) ;
#211 = DIRECTION ( 'NONE',  ( 2.150785743182216738E-15, 1.000000000000000000, 0.000000000000000000 ) ) ;
#212 = FACE_OUTER_BOUND ( 'NONE', #1115, .T. ) ;
#213 = ORIENTED_EDGE ( 'NONE', *, *, #2593, .T. ) ;
#214 = ORIENTED_EDGE ( 'NONE', *, *, #5606, .T. ) ;
#215 = VERTEX_POINT ( 'NONE', #1545 ) ;
#216 = CARTESIAN_POINT ( 'NONE',  ( 287.7766019785025833, 68.26923907436720640, 158.7214316476341196 ) ) ;
#217 = CARTESIAN_POINT ( 'NONE',  ( -202.3634126721110249, 73.25871434316394470, 183.6020963526386538 ) ) ;
#218 = EDGE_CURVE ( 'NONE', #8829, #5290, #3033, .T. ) ;
#219 = DIRECTION ( 'NONE',  ( -0.9999999999999982236, 5.974482020221188978E-08, 0.000000000000000000 ) ) ;
#220 = EDGE_LOOP ( 'NONE', ( #8177, #6373, #7958, #9116, #536, #4144 ) ) ;
#221 = LINE ( 'NONE', #2394, #6279 ) ;
#222 = VECTOR ( 'NONE', #5314, 1000.000000000000000 ) ;
#223 = CARTESIAN_POINT ( 'NONE',  ( -23.31599701963950011, 88.02577972412109375, 178.7207935539339871 ) ) ;
#224 = CARTESIAN_POINT ( 'NONE',  ( -117.8761103101920042, 70.53189430591488929, 183.7207935539340156 ) ) ;
#225 = ORIENTED_EDGE ( 'NONE', *, *, #922, .F. ) ;
#226 = DIRECTION ( 'NONE',  ( 3.186475053172700116E-16, -0.5814365767194009660, 0.8135917325371639919 ) ) ;
#227 = CIRCLE ( 'NONE', #4075, 5.000000000000004441 ) ;
#228 = DIRECTION ( 'NONE',  ( 4.688749442782618508E-16, -0.7191424945380946454, 0.6948626285457626395 ) ) ;
#229 = DIRECTION ( 'NONE',  ( 1.000000000000000000, -7.750856465236719541E-16, 0.000000000000000000 ) ) ;
#230 = ORIENTED_EDGE ( 'NONE', *, *, #4221, .F. ) ;
#231 = DIRECTION ( 'NONE',  ( 0.9999999999999995559, 2.745767267742054676E-08, 0.000000000000000000 ) ) ;
#232 = EDGE_CURVE ( 'NONE', #3306, #1468, #3178, .T. ) ;
#233 = ADVANCED_FACE ( 'NONE', ( #8982 ), #5156, .T. ) ;
#234 = CARTESIAN_POINT ( 'NONE',  ( 43.09501647949219461, 93.02577972412109375, 178.7207935539339871 ) ) ;
#235 = ORIENTED_EDGE ( 'NONE', *, *, #4574, .F. ) ;
#236 = FACE_BOUND ( 'NONE', #1184, .T. ) ;
#237 = CARTESIAN_POINT ( 'NONE',  ( 38.07888031005860086, 9.215927124023428618, 135.7207935539339871 ) ) ;
#238 = CARTESIAN_POINT ( 'NONE',  ( 143.8209962844850054, 136.8167928041950177, 183.2795369371475260 ) ) ;
#239 = DIRECTION ( 'NONE',  ( 0.000000000000000000, 0.000000000000000000, 1.000000000000000000 ) ) ;
#240 = VERTEX_POINT ( 'NONE', #5950 ) ;
#241 = EDGE_LOOP ( 'NONE', ( #158, #8571, #3984, #1773 ) ) ;
#242 = FACE_OUTER_BOUND ( 'NONE', #3428, .T. ) ;
#243 = EDGE_CURVE ( 'NONE', #7362, #5886, #1482, .T. ) ;
#244 = CARTESIAN_POINT ( 'NONE',  ( 216.5078353881840201, 35.02563476562500000, 158.7207935539340156 ) ) ;
#245 = UNCERTAINTY_MEASURE_WITH_UNIT (LENGTH_MEASURE( 1.000000000000000082E-05 ), #5289, 'distance_accuracy_value', 'NONE');
#246 = CARTESIAN_POINT ( 'NONE',  ( -283.2794086392170243, 64.63487171726760039, 183.7207935539340156 ) ) ;
#247 = ORIENTED_EDGE ( 'NONE', *, *, #3385, .T. ) ;
#248 = VECTOR ( 'NONE', #6643, 1000.000000000000000 ) ;
#249 = ORIENTED_EDGE ( 'NONE', *, *, #448, .T. ) ;
#250 = DIRECTION ( 'NONE',  ( -1.000000000000000000, -6.497469208673089999E-16, 2.626221239704050034E-16 ) ) ;
#251 = AXIS2_PLACEMENT_3D ( 'NONE', #7343, #809, #5127 ) ;
#252 = CARTESIAN_POINT ( 'NONE',  ( -45.45299509213570133, 57.21578598022460227, 178.7207935539339871 ) ) ;
#253 = CARTESIAN_POINT ( 'NONE',  ( 196.4079225027914788, 76.52168778469069821, 158.7207935539340156 ) ) ;
#254 = ORIENTED_EDGE ( 'NONE', *, *, #9248, .F. ) ;
#255 = DIRECTION ( 'NONE',  ( 0.000000000000000000, 0.000000000000000000, -1.000000000000000000 ) ) ;
#256 = CIRCLE ( 'NONE', #3633, 17.90484428405758521 ) ;
#257 = CIRCLE ( 'NONE', #6080, 5.000000000000004441 ) ;
#258 = CARTESIAN_POINT ( 'NONE',  ( 287.8839323839324038, 65.35238147511756779, 157.9005677912225565 ) ) ;
#259 = EDGE_CURVE ( 'NONE', #5409, #4878, #7402, .T. ) ;
#260 = ADVANCED_FACE ( 'NONE', ( #6673, #2413, #6811, #236, #2316, #5228, #3176, #6093, #9032, #1489 ), #7588, .F. ) ;
#261 = ADVANCED_FACE ( 'NONE', ( #6139 ), #5308, .T. ) ;
#262 = FACE_OUTER_BOUND ( 'NONE', #1234, .T. ) ;
#263 = AXIS2_PLACEMENT_3D ( 'NONE', #7414, #829, #3772 ) ;
#264 = ORIENTED_EDGE ( 'NONE', *, *, #3412, .T. ) ;
#265 = ORIENTED_EDGE ( 'NONE', *, *, #4348, .T. ) ;
#266 = EDGE_LOOP ( 'NONE', ( #4873, #4559, #7813, #738 ) ) ;
#267 = LINE ( 'NONE', #3927, #176 ) ;
#268 = VECTOR ( 'NONE', #2450, 1000.000000000000000 ) ;
#269 = CARTESIAN_POINT ( 'NONE',  ( 258.8209915161129970, 76.32125139236430300, 161.7207935539339871 ) ) ;
#270 = ORIENTED_EDGE ( 'NONE', *, *, #1979, .F. ) ;
#271 = AXIS2_PLACEMENT_3D ( 'NONE', #4286, #9241, #2086 ) ;
#272 = CARTESIAN_POINT ( 'NONE',  ( -152.7366447448729900, 6.215927124023419736, 158.7207935539340156 ) ) ;
#273 = ADVANCED_FACE ( 'NONE', ( #1738 ), #4660, .T. ) ;
#274 = CARTESIAN_POINT ( 'NONE',  ( 288.8209915161129970, 76.32125139236430300, 155.7207935539340156 ) ) ;
#275 = VERTEX_POINT ( 'NONE', #7937 ) ;
#276 = AXIS2_PLACEMENT_3D ( 'NONE', #4015, #928, #6740 ) ;
#277 = DIRECTION ( 'NONE',  ( -1.000000000000000000, 0.000000000000000000, 0.000000000000000000 ) ) ;
#278 = ORIENTED_EDGE ( 'NONE', *, *, #6951, .T. ) ;
#279 = CARTESIAN_POINT ( 'NONE',  ( 170.5982239441825072, 22.12077773399925107, 158.7207935539340156 ) ) ;
#280 = EDGE_CURVE ( 'NONE', #9433, #6676, #5770, .T. ) ;
#281 = DIRECTION ( 'NONE',  ( 0.000000000000000000, 0.000000000000000000, 1.000000000000000000 ) ) ;
#282 = EDGE_LOOP ( 'NONE', ( #943, #5910, #4564, #6967, #392 ) ) ;
#283 = DIRECTION ( 'NONE',  ( 3.907985046680516628E-15, -0.7191424945380922029, 0.6948626285457651930 ) ) ;
#284 = VECTOR ( 'NONE', #1310, 1000.000000000000000 ) ;
#285 = DIRECTION ( 'NONE',  ( -1.000000000000000000, -3.100342586094671250E-15, 0.000000000000000000 ) ) ;
#286 = ORIENTED_EDGE ( 'NONE', *, *, #6187, .T. ) ;
#287 = ADVANCED_FACE ( 'NONE', ( #7075 ), #495, .T. ) ;
#288 = AXIS2_PLACEMENT_3D ( 'NONE', #7284, #8691, #1536 ) ;
#289 = DIRECTION ( 'NONE',  ( -1.000000000000000000, 0.000000000000000000, 0.000000000000000000 ) ) ;
#290 = DIRECTION ( 'NONE',  ( 0.000000000000000000, 0.3747382456207933310, 0.9271306527502205519 ) ) ;
#291 = CIRCLE ( 'NONE', #6857, 15.90485382080081322 ) ;
#292 = CARTESIAN_POINT ( 'NONE',  ( 43.09501647949219461, 60.75131988615729739, 182.2563274598664975 ) ) ;
#293 = CARTESIAN_POINT ( 'NONE',  ( 288.8209915161129970, 76.32125139236430300, 155.7207935539340156 ) ) ;
#294 = ORIENTED_EDGE ( 'NONE', *, *, #8056, .F. ) ;
#295 = EDGE_LOOP ( 'NONE', ( #1896, #8178, #7568 ) ) ;
#296 = CARTESIAN_POINT ( 'NONE',  ( -286.7195446619657559, 80.79977733038046495, 183.6915689845450856 ) ) ;
#297 = AXIS2_PLACEMENT_3D ( 'NONE', #885, #4500, #6791 ) ;
#298 = DIRECTION ( 'NONE',  ( 0.000000000000000000, 0.000000000000000000, -1.000000000000000000 ) ) ;
#299 = AXIS2_PLACEMENT_3D ( 'NONE', #2191, #5102, #5871 ) ;
#300 = DIRECTION ( 'NONE',  ( 0.000000000000000000, 0.000000000000000000, -1.000000000000000000 ) ) ;
#301 = EDGE_LOOP ( 'NONE', ( #4368, #8903, #3218, #3762 ) ) ;
#302 = ORIENTED_EDGE ( 'NONE', *, *, #6928, .T. ) ;
#303 = DIRECTION ( 'NONE',  ( 0.000000000000000000, 0.000000000000000000, -1.000000000000000000 ) ) ;
#304 = DIRECTION ( 'NONE',  ( -0.7071067811865382469, 0.000000000000000000, 0.7071067811865567876 ) ) ;
#305 = AXIS2_PLACEMENT_3D ( 'NONE', #6480, #7938, #3611 ) ;
#306 = DIRECTION ( 'NONE',  ( 2.362347636401559754E-16, -0.3562957817360009605, 0.9343732208904169667 ) ) ;
#307 = EDGE_LOOP ( 'NONE', ( #930, #3944, #6806, #7082, #5653, #6164 ) ) ;
#308 = DIRECTION ( 'NONE',  ( 0.000000000000000000, 0.000000000000000000, 1.000000000000000000 ) ) ;
#309 = EDGE_CURVE ( 'NONE', #5504, #2170, #7988, .T. ) ;
#310 = CARTESIAN_POINT ( 'NONE',  ( 283.3664460615639769, 59.07246415507690074, 161.0475951281640050 ) ) ;
#311 = CARTESIAN_POINT ( 'NONE',  ( 115.5181503517318333, 80.34277690722925058, 183.6841547367470184 ) ) ;
#312 = EDGE_LOOP ( 'NONE', ( #458, #347, #8244, #5330, #4632, #1174, #103, #1443 ) ) ;
#313 = ORIENTED_EDGE ( 'NONE', *, *, #2368, .T. ) ;
#314 = DIRECTION ( 'NONE',  ( 0.000000000000000000, 1.000000000000000000, 0.000000000000000000 ) ) ;
#315 = EDGE_CURVE ( 'NONE', #5672, #4591, #2396, .T. ) ;
#316 = FACE_OUTER_BOUND ( 'NONE', #101, .T. ) ;
#317 = ORIENTED_EDGE ( 'NONE', *, *, #1240, .T. ) ;
#318 = CARTESIAN_POINT ( 'NONE',  ( 93.46467446944910762, 116.9783032755031940, 183.4438521006775034 ) ) ;
#319 = AXIS2_PLACEMENT_3D ( 'NONE', #7580, #7486, #899 ) ;
#320 = AXIS2_PLACEMENT_3D ( 'NONE', #2126, #9463, #858 ) ;
#321 = CARTESIAN_POINT ( 'NONE',  ( 94.82099151611289756, 118.9074145751319946, 181.2207935539339871 ) ) ;
#322 = ORIENTED_EDGE ( 'NONE', *, *, #3968, .F. ) ;
#323 = ADVANCED_FACE ( 'NONE', ( #4864 ), #4911, .F. ) ;
#324 = CIRCLE ( 'NONE', #6917, 12.90484428405758166 ) ;
#325 = DIRECTION ( 'NONE',  ( -3.808450979535799445E-16, 0.6948626285457626395, 0.7191424945380946454 ) ) ;
#326 = ORIENTED_EDGE ( 'NONE', *, *, #666, .F. ) ;
#327 = COLOUR_RGB ( '',0.7921568627450980005, 0.8196078431372548767, 0.9333333333333333481 ) ;
#328 = DIRECTION ( 'NONE',  ( 0.000000000000000000, 0.000000000000000000, -1.000000000000000000 ) ) ;
#329 = LINE ( 'NONE', #4654, #3634 ) ;
#330 = ORIENTED_EDGE ( 'NONE', *, *, #675, .F. ) ;
#331 = CARTESIAN_POINT ( 'NONE',  ( -269.8896026611329830, 6.215927124023419736, 158.7207935539340156 ) ) ;
#332 = AXIS2_PLACEMENT_3D ( 'NONE', #9101, #1712, #2531 ) ;
#333 = CARTESIAN_POINT ( 'NONE',  ( -261.1789894103999359, 76.32125139236450195, 158.7207935539340156 ) ) ;
#334 = EDGE_LOOP ( 'NONE', ( #1635, #1103, #8960, #1919, #7900 ) ) ;
#335 = DIRECTION ( 'NONE',  ( 0.000000000000000000, 0.000000000000000000, -1.000000000000000000 ) ) ;
#336 = DIRECTION ( 'NONE',  ( 0.7071067811865461294, -0.7071067811865490160, 0.000000000000000000 ) ) ;
#337 = CARTESIAN_POINT ( 'NONE',  ( 200.6029815673829830, 22.12078094482420099, 158.7207935539340156 ) ) ;
#338 = AXIS2_PLACEMENT_3D ( 'NONE', #9474, #5774, #3615 ) ;
#339 = ORIENTED_EDGE ( 'NONE', *, *, #5241, .F. ) ;
#340 = ORIENTED_EDGE ( 'NONE', *, *, #5180, .T. ) ;
#341 = EDGE_CURVE ( 'NONE', #3414, #8708, #4397, .T. ) ;
#342 = EDGE_CURVE ( 'NONE', #3394, #7351, #3433, .T. ) ;
#343 = CARTESIAN_POINT ( 'NONE',  ( -286.9867190623450028, 76.52169255418570515, 183.6551201160945084 ) ) ;
#344 = AXIS2_PLACEMENT_3D ( 'NONE', #6048, #9177, #6239 ) ;
#345 = CARTESIAN_POINT ( 'NONE',  ( -169.2988379700818200, 73.38834097849424154, 183.6095443464420498 ) ) ;
#346 = CARTESIAN_POINT ( 'NONE',  ( -291.1789894103999927, -1.776356839400250149E-14, 158.7207935539340156 ) ) ;
#347 = ORIENTED_EDGE ( 'NONE', *, *, #6147, .F. ) ;
#348 = ORIENTED_EDGE ( 'NONE', *, *, #5186, .F. ) ;
#349 = CARTESIAN_POINT ( 'NONE',  ( -288.6789894103999927, 101.2175338996189851, 180.5186497902789995 ) ) ;
#350 = CARTESIAN_POINT ( 'NONE',  ( 94.08875846907929485, 137.1662594779273832, 182.9885605069005123 ) ) ;
#351 = CARTESIAN_POINT ( 'NONE',  ( -289.7373444324800289, 62.77935529064619402, 158.3000852872550013 ) ) ;
#352 = VERTEX_POINT ( 'NONE', #6301 ) ;
#353 = CARTESIAN_POINT ( 'NONE',  ( 216.5078370686659923, 94.42653656005860796, 183.7207935539340156 ) ) ;
#354 = CARTESIAN_POINT ( 'NONE',  ( -197.1789894103999927, 91.72166796604619776, 189.6939139598069914 ) ) ;
#355 = AXIS2_PLACEMENT_3D ( 'NONE', #9350, #9207, #6938 ) ;
#356 = CARTESIAN_POINT ( 'NONE',  ( 94.27497874787421495, 117.7886075539282729, 182.7863162251970834 ) ) ;
#357 = EDGE_CURVE ( 'NONE', #1945, #2069, #2759, .T. ) ;
#358 = ORIENTED_EDGE ( 'NONE', *, *, #7953, .T. ) ;
#359 = EDGE_LOOP ( 'NONE', ( #5849, #105, #8065, #373, #4418 ) ) ;
#360 = CARTESIAN_POINT ( 'NONE',  ( -200.9609317779545279, 76.52169227600100498, 178.7207935539339871 ) ) ;
#361 = CARTESIAN_POINT ( 'NONE',  ( 258.8209915161129970, 43.32125139236429590, 161.7207935539339871 ) ) ;
#362 = DIRECTION ( 'NONE',  ( -5.551115123125785858E-15, 1.000000000000000000, 0.000000000000000000 ) ) ;
#363 = ORIENTED_EDGE ( 'NONE', *, *, #3924, .F. ) ;
#364 = CARTESIAN_POINT ( 'NONE',  ( -287.4445911277430241, 57.86366793866829994, 158.7207935539340156 ) ) ;
#365 = CIRCLE ( 'NONE', #4202, 5.000000000000282441 ) ;
#366 = VERTEX_POINT ( 'NONE', #4287 ) ;
#367 = CIRCLE ( 'NONE', #2526, 3.000000000000039080 ) ;
#368 = FACE_OUTER_BOUND ( 'NONE', #3937, .T. ) ;
#369 = EDGE_CURVE ( 'NONE', #915, #7791, #7209, .T. ) ;
#370 =( BOUNDED_CURVE ( )  B_SPLINE_CURVE ( 3, ( #7052, #1329, #607, #7867 ),
 .UNSPECIFIED., .F., .T. ) 
 B_SPLINE_CURVE_WITH_KNOTS ( ( 4, 4 ),
 ( 5.497787143782149499, 5.918884813489260210 ),
 .UNSPECIFIED. ) 
 CURVE ( )  GEOMETRIC_REPRESENTATION_ITEM ( )  RATIONAL_B_SPLINE_CURVE ( ( 1.000000000000000000, 0.9852775715801350698, 0.9852775715801350698, 1.000000000000000000 ) ) 
 REPRESENTATION_ITEM ( '' )  );
#371 = DIRECTION ( 'NONE',  ( -1.000000000000000000, -2.036638432068759852E-16, 0.000000000000000000 ) ) ;
#372 = DIRECTION ( 'NONE',  ( -0.9999999999999994449, 3.520767110108422804E-08, 4.167919408217197821E-16 ) ) ;
#373 = ORIENTED_EDGE ( 'NONE', *, *, #1807, .F. ) ;
#374 = DIRECTION ( 'NONE',  ( 4.249959918571765115E-15, -3.464102065148380032E-07, -0.9999999999999400480 ) ) ;
#375 = EDGE_LOOP ( 'NONE', ( #4152, #5023, #5027, #438, #8218, #1110 ) ) ;
#376 = AXIS2_PLACEMENT_3D ( 'NONE', #2337, #1567, #878 ) ;
#377 = CARTESIAN_POINT ( 'NONE',  ( -218.8657760620120314, 9.215927124023419736, 158.7207935539340156 ) ) ;
#378 = AXIS2_PLACEMENT_3D ( 'NONE', #2977, #659, #138 ) ;
#379 = CARTESIAN_POINT ( 'NONE',  ( 29.57527637481700111, 98.04149627685548296, 178.7207935539339871 ) ) ;
#380 = EDGE_LOOP ( 'NONE', ( #5622, #8768, #1116, #2979 ) ) ;
#381 = EDGE_CURVE ( 'NONE', #2266, #3492, #8519, .T. ) ;
#382 = CARTESIAN_POINT ( 'NONE',  ( -152.7366433896910110, 58.61684799194339490, 183.7207935539340156 ) ) ;
#383 = ADVANCED_FACE ( 'NONE', ( #7115 ), #5632, .T. ) ;
#384 = ADVANCED_FACE ( 'NONE', ( #4194 ), #9425, .F. ) ;
#385 = CARTESIAN_POINT ( 'NONE',  ( 132.3913243105560014, 89.42653656005859375, 158.7207935539340156 ) ) ;
#386 = EDGE_LOOP ( 'NONE', ( #50, #2063, #2477, #3830 ) ) ;
#387 = CARTESIAN_POINT ( 'NONE',  ( 285.9881013852573801, 58.19872118175113940, 158.7207935539338166 ) ) ;
#388 = EDGE_CURVE ( 'NONE', #9416, #2544, #6712, .T. ) ;
#389 = CARTESIAN_POINT ( 'NONE',  ( 166.9413514425349945, 80.91424584448854773, 183.6612156563386122 ) ) ;
#390 = CARTESIAN_POINT ( 'NONE',  ( -285.7244439558550084, 59.07246415508239323, 161.7207935539339871 ) ) ;
#391 = DIRECTION ( 'NONE',  ( -1.000000000000000000, 0.000000000000000000, 0.000000000000000000 ) ) ;
#392 = ORIENTED_EDGE ( 'NONE', *, *, #8005, .F. ) ;
#393 = ORIENTED_EDGE ( 'NONE', *, *, #8550, .F. ) ;
#394 = CARTESIAN_POINT ( 'NONE',  ( 287.6136514746069111, 159.6299801850182405, 123.7207935539339587 ) ) ;
#395 = EDGE_CURVE ( 'NONE', #6312, #1138, #5914, .T. ) ;
#396 = CARTESIAN_POINT ( 'NONE',  ( -169.2987444910183967, 73.99492816644739435, 183.5864009065550420 ) ) ;
#397 = CARTESIAN_POINT ( 'NONE',  ( 115.5183295876040290, 74.22934841204998691, 183.6430806879459112 ) ) ;
#398 = ORIENTED_EDGE ( 'NONE', *, *, #2507, .F. ) ;
#399 = EDGE_LOOP ( 'NONE', ( #4474, #7077, #8463, #5811 ) ) ;
#400 = CARTESIAN_POINT ( 'NONE',  ( -289.8459199144251670, 97.71956096992570906, 182.1235280395953566 ) ) ;
#401 = VECTOR ( 'NONE', #2809, 1000.000000000000000 ) ;
#402 = DIRECTION ( 'NONE',  ( 1.000000000000000000, 0.000000000000000000, 0.000000000000000000 ) ) ;
#403 = ORIENTED_EDGE ( 'NONE', *, *, #3754, .F. ) ;
#404 = CARTESIAN_POINT ( 'NONE',  ( 150.3786849975589917, 22.12078094482420099, 155.7207935539340156 ) ) ;
#405 = CIRCLE ( 'NONE', #8229, 4.999999999999997335 ) ;
#406 = CARTESIAN_POINT ( 'NONE',  ( -290.3003097539594819, 0.8786796564403600573, 157.8421138974935047 ) ) ;
#407 = EDGE_CURVE ( 'NONE', #6609, #5856, #3982, .T. ) ;
#408 = LINE ( 'NONE', #2768, #430 ) ;
#409 = EDGE_LOOP ( 'NONE', ( #563, #3734, #8761, #5804, #4698 ) ) ;
#410 = VERTEX_POINT ( 'NONE', #8 ) ;
#411 = DIRECTION ( 'NONE',  ( 0.000000000000000000, 0.7071067811865453523, 0.7071067811865495711 ) ) ;
#412 = CARTESIAN_POINT ( 'NONE',  ( -56.34167480468759237, 22.12078094482420099, 155.7207935539340156 ) ) ;
#413 = CARTESIAN_POINT ( 'NONE',  ( -261.1789894103999359, 51.32125139236450195, 178.7207935539339871 ) ) ;
#414 = ORIENTED_EDGE ( 'NONE', *, *, #1113, .F. ) ;
#415 = CARTESIAN_POINT ( 'NONE',  ( -269.8896011046559806, 89.42653656005859375, 158.7207935539340156 ) ) ;
#416 = EDGE_LOOP ( 'NONE', ( #3722, #326, #6317, #8812 ) ) ;
#417 = DIRECTION ( 'NONE',  ( -8.330653612515482894E-11, 1.000000000000000000, 0.000000000000000000 ) ) ;
#418 = CARTESIAN_POINT ( 'NONE',  ( -286.1789894103999927, 98.36709992864629726, 183.2728467075930041 ) ) ;
#419 = VECTOR ( 'NONE', #6780, 1000.000000000000000 ) ;
#420 = CARTESIAN_POINT ( 'NONE',  ( 39.73928928375249825, 94.42653656005860796, 178.7207935539339871 ) ) ;
#421 = EDGE_LOOP ( 'NONE', ( #7928, #4966, #3, #6066, #7521 ) ) ;
#422 = CARTESIAN_POINT ( 'NONE',  ( -94.67898941040009220, 135.3984925249600053, 183.7207935539340156 ) ) ;
#423 = VECTOR ( 'NONE', #5046, 1000.000000000000000 ) ;
#424 = FACE_OUTER_BOUND ( 'NONE', #409, .T. ) ;
#425 =( BOUNDED_CURVE ( )  B_SPLINE_CURVE ( 3, ( #3659, #8613, #578, #8656 ),
 .UNSPECIFIED., .F., .F. ) 
 B_SPLINE_CURVE_WITH_KNOTS ( ( 4, 4 ),
 ( 0.8025674648163240166, 1.186681895805600018 ),
 .UNSPECIFIED. ) 
 CURVE ( )  GEOMETRIC_REPRESENTATION_ITEM ( )  RATIONAL_B_SPLINE_CURVE ( ( 1.000000000000000000, 0.9877424226396449569, 0.9877424226396449569, 1.000000000000000000 ) ) 
 REPRESENTATION_ITEM ( '' )  );
#426 = CARTESIAN_POINT ( 'NONE',  ( -169.2988486628447902, 82.71305575693858714, 183.7207935539340156 ) ) ;
#427 = VERTEX_POINT ( 'NONE', #2945 ) ;
#428 = DIRECTION ( 'NONE',  ( 8.603041249769795435E-15, 1.000000000000000000, 0.000000000000000000 ) ) ;
#429 = EDGE_CURVE ( 'NONE', #6068, #5415, #6005, .T. ) ;
#430 = VECTOR ( 'NONE', #587, 1000.000000000000000 ) ;
#431 = DIRECTION ( 'NONE',  ( 0.000000000000000000, -1.000000000000000000, 0.000000000000000000 ) ) ;
#432 = ORIENTED_EDGE ( 'NONE', *, *, #203, .F. ) ;
#433 = CARTESIAN_POINT ( 'NONE',  ( 287.0513981865757955, 64.34441510070243453, 158.7213635164357584 ) ) ;
#434 = DIRECTION ( 'NONE',  ( 0.000000000000000000, 0.000000000000000000, -1.000000000000000000 ) ) ;
#435 = AXIS2_PLACEMENT_3D ( 'NONE', #4339, #7260, #6585 ) ;
#436 = CARTESIAN_POINT ( 'NONE',  ( 98.64489001653309685, 22.12077988203889944, 155.7207935539340156 ) ) ;
#437 = ORIENTED_EDGE ( 'NONE', *, *, #4468, .T. ) ;
#438 = ORIENTED_EDGE ( 'NONE', *, *, #1213, .T. ) ;
#439 = EDGE_CURVE ( 'NONE', #6638, #7063, #7957, .T. ) ;
#440 = CARTESIAN_POINT ( 'NONE',  ( 192.3209915161129970, 115.8346203221669981, 183.7207935539340156 ) ) ;
#441 = CARTESIAN_POINT ( 'NONE',  ( -169.2988468513523230, 70.33039152311721409, 183.7207935539340724 ) ) ;
#442 = VECTOR ( 'NONE', #5989, 1000.000000000000000 ) ;
#443 = CARTESIAN_POINT ( 'NONE',  ( -218.8657760620120314, 35.02563476562500000, 143.7207935539339871 ) ) ;
#444 = ORIENTED_EDGE ( 'NONE', *, *, #4686, .T. ) ;
#445 = AXIS2_PLACEMENT_3D ( 'NONE', #2276, #5332, #8279 ) ;
#446 = ORIENTED_EDGE ( 'NONE', *, *, #2508, .T. ) ;
#447 = DIRECTION ( 'NONE',  ( 0.000000000000000000, 0.000000000000000000, -1.000000000000000000 ) ) ;
#448 = EDGE_CURVE ( 'NONE', #5236, #6131, #9185, .T. ) ;
#449 = CARTESIAN_POINT ( 'NONE',  ( 150.3786849975589917, 94.42653656005860796, 178.7207935539339871 ) ) ;
#450 = CIRCLE ( 'NONE', #3521, 3.000000000000007994 ) ;
#451 = CARTESIAN_POINT ( 'NONE',  ( -83.01558317658980002, 22.12078010271740069, 155.7207935539340156 ) ) ;
#452 = ORIENTED_EDGE ( 'NONE', *, *, #6199, .T. ) ;
#453 = LINE ( 'NONE', #2530, #8803 ) ;
#454 = FACE_OUTER_BOUND ( 'NONE', #5789, .T. ) ;
#455 = VECTOR ( 'NONE', #7476, 1000.000000000000000 ) ;
#456 = VERTEX_POINT ( 'NONE', #3812 ) ;
#457 = EDGE_CURVE ( 'NONE', #4681, #1448, #5034, .T. ) ;
#458 = ORIENTED_EDGE ( 'NONE', *, *, #5337, .F. ) ;
#459 = DIRECTION ( 'NONE',  ( 1.000000000000000000, 4.452580259935949960E-17, 0.000000000000000000 ) ) ;
#460 = VECTOR ( 'NONE', #5541, 1000.000000000000000 ) ;
#461 = LINE ( 'NONE', #4020, #4952 ) ;
#462 = CARTESIAN_POINT ( 'NONE',  ( -269.8896011036019900, 76.52169227600100498, 183.7207935539340156 ) ) ;
#463 = ORIENTED_EDGE ( 'NONE', *, *, #9480, .T. ) ;
#464 = CARTESIAN_POINT ( 'NONE',  ( -101.0028879108200073, 22.12077988203879997, 158.7207935539340156 ) ) ;
#465 = EDGE_LOOP ( 'NONE', ( #6559, #959 ) ) ;
#466 = CARTESIAN_POINT ( 'NONE',  ( 200.0054588587060209, 69.57511310246370329, 183.7207935539340156 ) ) ;
#467 = ADVANCED_FACE ( 'NONE', ( #8078 ), #2992, .F. ) ;
#468 = CARTESIAN_POINT ( 'NONE',  ( -290.4467563633670011, 158.9462378524260089, 123.7207935539339871 ) ) ;
#469 = ADVANCED_FACE ( 'NONE', ( #151 ), #891, .T. ) ;
#470 = CARTESIAN_POINT ( 'NONE',  ( 286.3209915161132244, 99.70189648182014253, 181.9831158843462333 ) ) ;
#471 = ORIENTED_EDGE ( 'NONE', *, *, #7190, .T. ) ;
#472 = CARTESIAN_POINT ( 'NONE',  ( -289.9716493688940204, 159.6299801850182689, 123.7207935539341150 ) ) ;
#473 = CARTESIAN_POINT ( 'NONE',  ( 20.95800876617440167, 62.21578598022459516, 178.7207935539339871 ) ) ;
#474 = CARTESIAN_POINT ( 'NONE',  ( 60.32955169677730112, 110.9465026855470029, 178.7207935539339871 ) ) ;
#475 = ORIENTED_EDGE ( 'NONE', *, *, #6311, .T. ) ;
#476 = DIRECTION ( 'NONE',  ( 1.000000000000000000, -1.635284895191439853E-16, 0.000000000000000000 ) ) ;
#477 = AXIS2_PLACEMENT_3D ( 'NONE', #4451, #1424, #1577 ) ;
#478 = ORIENTED_EDGE ( 'NONE', *, *, #8719, .T. ) ;
#479 = DIRECTION ( 'NONE',  ( 2.318449469649669936E-17, 1.000000000000000000, 0.000000000000000000 ) ) ;
#480 = TOROIDAL_SURFACE ( 'NONE', #5219, 17.90484886281040033, 5.000000000000000000 ) ;
#481 = CARTESIAN_POINT ( 'NONE',  ( -196.5440377493687834, 117.6996686611356466, 182.8912791208979911 ) ) ;
#482 = DIRECTION ( 'NONE',  ( 1.000000000000000000, -4.873511200959409313E-18, -4.873511200959409313E-18 ) ) ;
#483 = DIRECTION ( 'NONE',  ( 0.000000000000000000, 0.000000000000000000, 1.000000000000000000 ) ) ;
#484 = ORIENTED_EDGE ( 'NONE', *, *, #8386, .T. ) ;
#485 = ORIENTED_EDGE ( 'NONE', *, *, #7883, .F. ) ;
#486 = CARTESIAN_POINT ( 'NONE',  ( -286.1789894103999927, 98.63017898587460763, 183.0186497902790279 ) ) ;
#487 = AXIS2_PLACEMENT_3D ( 'NONE', #6957, #4752, #4608 ) ;
#488 = EDGE_CURVE ( 'NONE', #4913, #3958, #3364, .T. ) ;
#489 = CARTESIAN_POINT ( 'NONE',  ( -169.2982437421898965, 72.13030107965771265, 183.6625589936526239 ) ) ;
#490 = FACE_OUTER_BOUND ( 'NONE', #9059, .T. ) ;
#491 = ORIENTED_EDGE ( 'NONE', *, *, #9370, .T. ) ;
#492 = VERTEX_POINT ( 'NONE', #8222 ) ;
#493 = CARTESIAN_POINT ( 'NONE',  ( -45.45299509213570133, 88.02577972412109375, 158.7207935539340156 ) ) ;
#494 = AXIS2_PLACEMENT_3D ( 'NONE', #7305, #2856, #585 ) ;
#495 = PLANE ( 'NONE',  #8549 ) ;
#496 = CARTESIAN_POINT ( 'NONE',  ( -202.9609222412110228, 22.12078094482420099, 155.7207935539340156 ) ) ;
#497 = ORIENTED_EDGE ( 'NONE', *, *, #2196, .T. ) ;
#498 = DIRECTION ( 'NONE',  ( 4.475536128753789939E-15, 1.000000000000000000, 0.000000000000000000 ) ) ;
#499 = DIRECTION ( 'NONE',  ( -0.9999999999999996669, -2.745767250262608000E-08, 0.000000000000000000 ) ) ;
#500 = EDGE_CURVE ( 'NONE', #6470, #6073, #2137, .T. ) ;
#501 = DIRECTION ( 'NONE',  ( -1.000000000000000000, 0.000000000000000000, 0.000000000000000000 ) ) ;
#502 = ORIENTED_EDGE ( 'NONE', *, *, #3150, .T. ) ;
#503 = EDGE_CURVE ( 'NONE', #4519, #2411, #8904, .T. ) ;
#504 = EDGE_CURVE ( 'NONE', #1766, #7592, #1976, .T. ) ;
#505 = VERTEX_POINT ( 'NONE', #4476 ) ;
#506 = CYLINDRICAL_SURFACE ( 'NONE', #5417, 2.999999999999997780 ) ;
#507 = DIRECTION ( 'NONE',  ( -1.000000000000000000, -5.242698834279479876E-16, 2.697178306448655082E-16 ) ) ;
#508 = EDGE_CURVE ( 'NONE', #7424, #4878, #6552, .T. ) ;
#509 = CARTESIAN_POINT ( 'NONE',  ( 74.59984302520778954, 9.215927124023419736, 155.7207935539340156 ) ) ;
#510 = ORIENTED_EDGE ( 'NONE', *, *, #6920, .T. ) ;
#511 = CARTESIAN_POINT ( 'NONE',  ( 38.07888031005860086, 22.12078094482420099, 158.7207935539340156 ) ) ;
#512 = VECTOR ( 'NONE', #5957, 1000.000000000000000 ) ;
#513 = LINE ( 'NONE', #1866, #3836 ) ;
#514 = CARTESIAN_POINT ( 'NONE',  ( 132.3913249411490085, 90.89100265412589863, 182.2563274598664975 ) ) ;
#515 = EDGE_CURVE ( 'NONE', #8374, #3414, #1198, .T. ) ;
#516 = CARTESIAN_POINT ( 'NONE',  ( -45.45299509213570133, 88.02577972412109375, 158.7207935539340156 ) ) ;
#517 = ORIENTED_EDGE ( 'NONE', *, *, #2382, .T. ) ;
#518 = AXIS2_PLACEMENT_3D ( 'NONE', #1316, #5645, #5596 ) ;
#519 = CARTESIAN_POINT ( 'NONE',  ( -169.2988467365250074, 69.71898185264200265, 183.7207935539340156 ) ) ;
#520 = EDGE_CURVE ( 'NONE', #7239, #7300, #768, .T. ) ;
#521 = FACE_OUTER_BOUND ( 'NONE', #1698, .T. ) ;
#522 = CARTESIAN_POINT ( 'NONE',  ( 267.5316238403320312, 89.42653656005859375, 150.7207935539340156 ) ) ;
#523 = EDGE_LOOP ( 'NONE', ( #8582, #1572, #7629, #3852, #5474 ) ) ;
#524 = LINE ( 'NONE', #4891, #8004 ) ;
#525 = CARTESIAN_POINT ( 'NONE',  ( 286.5839230405358080, 61.60218829757311454, 158.7218819443853874 ) ) ;
#526 = CIRCLE ( 'NONE', #6496, 5.000000000000004441 ) ;
#527 = DIRECTION ( 'NONE',  ( 0.000000000000000000, 0.000000000000000000, -1.000000000000000000 ) ) ;
#528 = CARTESIAN_POINT ( 'NONE',  ( -289.7145233163330431, 130.1411954946499918, 182.2563274598670091 ) ) ;
#529 = DIRECTION ( 'NONE',  ( 0.000000000000000000, 0.000000000000000000, 1.000000000000000000 ) ) ;
#530 = ORIENTED_EDGE ( 'NONE', *, *, #7841, .T. ) ;
#531 = EDGE_CURVE ( 'NONE', #5588, #7645, #1696, .T. ) ;
#532 = ORIENTED_EDGE ( 'NONE', *, *, #9329, .F. ) ;
#533 = DIRECTION ( 'NONE',  ( 0.000000000000000000, 0.000000000000000000, 1.000000000000000000 ) ) ;
#534 = CIRCLE ( 'NONE', #2230, 25.00000000000001066 ) ;
#535 = DIRECTION ( 'NONE',  ( 0.000000000000000000, 0.000000000000000000, -1.000000000000000000 ) ) ;
#536 = ORIENTED_EDGE ( 'NONE', *, *, #520, .T. ) ;
#537 = DIRECTION ( 'NONE',  ( 2.489558328007868628E-08, 0.7071067811865484609, 0.7071067811865461294 ) ) ;
#538 = CARTESIAN_POINT ( 'NONE',  ( -202.3629036466778359, 81.02615060399129732, 183.6566702400747033 ) ) ;
#539 = DIRECTION ( 'NONE',  ( 0.000000000000000000, 0.4574731813344888320, 0.8892234186972931553 ) ) ;
#540 = DIRECTION ( 'NONE',  ( 0.7071067811865475727, 0.000000000000000000, 0.7071067811865475727 ) ) ;
#541 = EDGE_LOOP ( 'NONE', ( #1380, #6331, #6847, #2455 ) ) ;
#542 = CARTESIAN_POINT ( 'NONE',  ( 200.0061059493811229, 81.32817749345507252, 183.6695357939702546 ) ) ;
#543 = CARTESIAN_POINT ( 'NONE',  ( 115.5181125348541542, 79.98755812158235301, 183.6744264099345969 ) ) ;
#544 = ORIENTED_EDGE ( 'NONE', *, *, #936, .F. ) ;
#545 = VERTEX_POINT ( 'NONE', #8414 ) ;
#546 = ORIENTED_EDGE ( 'NONE', *, *, #1084, .T. ) ;
#547 = CARTESIAN_POINT ( 'NONE',  ( 286.3209915161129970, 148.7737469485219890, 131.0916788174770033 ) ) ;
#548 = DIRECTION ( 'NONE',  ( 0.000000000000000000, 0.000000000000000000, 1.000000000000000000 ) ) ;
#549 = CARTESIAN_POINT ( 'NONE',  ( 111.5497433645820138, 22.12077956539159729, 155.7207935539340156 ) ) ;
#550 = VERTEX_POINT ( 'NONE', #6966 ) ;
#551 = LINE ( 'NONE', #415, #4388 ) ;
#552 = DIRECTION ( 'NONE',  ( 3.259958546737069928E-16, -1.000000000000000000, -3.259958546737109864E-16 ) ) ;
#553 = ADVANCED_FACE ( 'NONE', ( #7546 ), #2419, .F. ) ;
#554 = EDGE_CURVE ( 'NONE', #52, #2459, #5328, .T. ) ;
#555 = CARTESIAN_POINT ( 'NONE',  ( -288.2931252287929738, 97.34975817197920378, 183.4185268474180077 ) ) ;
#556 = CARTESIAN_POINT ( 'NONE',  ( 200.0054658683316688, 73.29375541411258155, 183.6005954022408559 ) ) ;
#557 = ORIENTED_EDGE ( 'NONE', *, *, #1801, .F. ) ;
#558 = DIRECTION ( 'NONE',  ( 0.000000000000000000, 0.000000000000000000, -1.000000000000000000 ) ) ;
#559 = DIRECTION ( 'NONE',  ( -1.000000000000000000, 0.000000000000000000, 0.000000000000000000 ) ) ;
#560 = ADVANCED_FACE ( 'NONE', ( #5473 ), #8273, .T. ) ;
#561 = CIRCLE ( 'NONE', #1175, 5.000000000000004441 ) ;
#562 = CARTESIAN_POINT ( 'NONE',  ( -169.2982133211489213, 82.11030398382925455, 183.7048571735099074 ) ) ;
#563 = ORIENTED_EDGE ( 'NONE', *, *, #6875, .T. ) ;
#564 = CARTESIAN_POINT ( 'NONE',  ( -172.9562080848535004, 76.52168778468728760, 133.7207935539339871 ) ) ;
#565 = AXIS2_PLACEMENT_3D ( 'NONE', #7703, #303, #8284 ) ;
#566 = EDGE_CURVE ( 'NONE', #2183, #5856, #3278, .T. ) ;
#567 = DIRECTION ( 'NONE',  ( 3.186777658167159699E-16, -0.5814365767194009660, 0.8135917325371639919 ) ) ;
#568 = DIRECTION ( 'NONE',  ( -8.208433932565630885E-11, -1.000000000000000000, 0.000000000000000000 ) ) ;
#569 = CARTESIAN_POINT ( 'NONE',  ( -96.33927465171500160, 137.0587777662749147, 183.0960422185517302 ) ) ;
#570 = ORIENTED_EDGE ( 'NONE', *, *, #7862, .T. ) ;
#571 = ORIENTED_EDGE ( 'NONE', *, *, #1359, .T. ) ;
#572 = DIRECTION ( 'NONE',  ( 0.000000000000000000, 0.000000000000000000, -1.000000000000000000 ) ) ;
#573 = CIRCLE ( 'NONE', #5937, 12.90484969578129437 ) ;
#574 = EDGE_CURVE ( 'NONE', #5433, #8362, #7037, .T. ) ;
#575 = ADVANCED_FACE ( 'NONE', ( #1697 ), #8322, .F. ) ;
#576 = CARTESIAN_POINT ( 'NONE',  ( 284.1949906415399596, 98.63017898587500554, 183.0186497902790279 ) ) ;
#577 = VERTEX_POINT ( 'NONE', #293 ) ;
#578 = CARTESIAN_POINT ( 'NONE',  ( 193.5564464956053143, 98.12847739400275771, 183.4179248454073843 ) ) ;
#579 = CARTESIAN_POINT ( 'NONE',  ( -202.3634181646862942, 77.61576153442243253, 183.5200678449675422 ) ) ;
#580 = CIRCLE ( 'NONE', #1821, 5.000000000000004441 ) ;
#581 = DIRECTION ( 'NONE',  ( 0.9999999999999995559, 2.745767245451495601E-08, 0.000000000000000000 ) ) ;
#582 = LINE ( 'NONE', #1647, #5359 ) ;
#583 = EDGE_LOOP ( 'NONE', ( #2421, #8861, #7993, #3792 ) ) ;
#584 = CIRCLE ( 'NONE', #5801, 3.000000000003339551 ) ;
#585 = DIRECTION ( 'NONE',  ( 0.9999999999999995559, 2.745767267742075190E-08, 0.000000000000000000 ) ) ;
#586 = VECTOR ( 'NONE', #3185, 1000.000000000000000 ) ;
#587 = DIRECTION ( 'NONE',  ( -1.000000000000000000, -4.452580259935949960E-17, 0.000000000000000000 ) ) ;
#588 = ORIENTED_EDGE ( 'NONE', *, *, #1538, .T. ) ;
#589 = ORIENTED_EDGE ( 'NONE', *, *, #7687, .F. ) ;
#590 = ORIENTED_EDGE ( 'NONE', *, *, #2966, .F. ) ;
#591 = CARTESIAN_POINT ( 'NONE',  ( -96.09728968963489137, 136.8167928041948187, 183.2795369371475260 ) ) ;
#592 = AXIS2_PLACEMENT_3D ( 'NONE', #4934, #558, #3494 ) ;
#593 = CARTESIAN_POINT ( 'NONE',  ( 39.73928811949450335, 38.02563643273879990, 158.7207935539340156 ) ) ;
#594 = CARTESIAN_POINT ( 'NONE',  ( 267.5316238403320312, 76.52169227600100498, 178.7207935539339871 ) ) ;
#595 = ORIENTED_EDGE ( 'NONE', *, *, #7911, .F. ) ;
#596 = AXIS2_PLACEMENT_3D ( 'NONE', #129, #3114, #2445 ) ;
#597 = CARTESIAN_POINT ( 'NONE',  ( 98.64490509033210230, 58.61684799194339490, 178.7207935539339871 ) ) ;
#598 = DIRECTION ( 'NONE',  ( 1.000000000000000000, -1.450581500941732014E-16, -1.450581500941725851E-16 ) ) ;
#599 = CARTESIAN_POINT ( 'NONE',  ( 288.8209915161129970, 76.32125139236430300, 155.7207935539340156 ) ) ;
#600 = AXIS2_PLACEMENT_3D ( 'NONE', #5607, #1242, #4176 ) ;
#601 = CARTESIAN_POINT ( 'NONE',  ( -101.0029028262910060, 22.12077972371549706, 155.7207935539340156 ) ) ;
#602 = CIRCLE ( 'NONE', #5968, 2.999999999999999112 ) ;
#603 = VERTEX_POINT ( 'NONE', #337 ) ;
#604 = EDGE_CURVE ( 'NONE', #5709, #6823, #9493, .T. ) ;
#605 = FACE_OUTER_BOUND ( 'NONE', #739, .T. ) ;
#606 = CIRCLE ( 'NONE', #3684, 15.90484874797840575 ) ;
#607 = CARTESIAN_POINT ( 'NONE',  ( -96.88896028798824034, 137.6084634025482103, 182.4418644038726995 ) ) ;
#608 = CARTESIAN_POINT ( 'NONE',  ( 38.07888031005860086, 6.215927124023390427, 155.7207935539340156 ) ) ;
#609 = ORIENTED_EDGE ( 'NONE', *, *, #3896, .F. ) ;
#610 = VECTOR ( 'NONE', #3717, 1000.000000000000000 ) ;
#611 = CYLINDRICAL_SURFACE ( 'NONE', #7850, 12.90484874797840398 ) ;
#612 = ADVANCED_FACE ( 'NONE', ( #6240 ), #3667, .T. ) ;
#613 = DIRECTION ( 'NONE',  ( 0.000000000000000000, 1.000000000000000000, 0.000000000000000000 ) ) ;
#614 = EDGE_CURVE ( 'NONE', #915, #8266, #2901, .T. ) ;
#615 = DIRECTION ( 'NONE',  ( 0.000000000000000000, 0.000000000000000000, -1.000000000000000000 ) ) ;
#616 = DIRECTION ( 'NONE',  ( 2.150760312442448859E-15, -1.000000000000000000, 0.000000000000000000 ) ) ;
#617 = DIRECTION ( 'NONE',  ( 0.000000000000000000, 0.000000000000000000, -1.000000000000000000 ) ) ;
#618 = ORIENTED_EDGE ( 'NONE', *, *, #66, .T. ) ;
#619 = VERTEX_POINT ( 'NONE', #2610 ) ;
#620 = CARTESIAN_POINT ( 'NONE',  ( 94.76569264078328558, 137.8431936496307060, 181.8262925440594131 ) ) ;
#621 = VECTOR ( 'NONE', #1970, 1000.000000000000000 ) ;
#622 = CIRCLE ( 'NONE', #1715, 4.999999999999997335 ) ;
#623 = DIRECTION ( 'NONE',  ( 1.000000000000000000, 0.000000000000000000, 0.000000000000000000 ) ) ;
#624 = ORIENTED_EDGE ( 'NONE', *, *, #89, .T. ) ;
#625 = CARTESIAN_POINT ( 'NONE',  ( 280.0341949517094804, 55.10804795676789780, 178.7207935539339871 ) ) ;
#626 = CARTESIAN_POINT ( 'NONE',  ( -202.3631517396528352, 80.57355928651061561, 183.6368341321060598 ) ) ;
#627 = AXIS2_PLACEMENT_3D ( 'NONE', #7416, #7948, #6449 ) ;
#628 = EDGE_CURVE ( 'NONE', #2328, #2932, #6839, .T. ) ;
#629 = DIRECTION ( 'NONE',  ( 1.000000000000000000, -7.715944136329099744E-14, 0.000000000000000000 ) ) ;
#630 = MECHANICAL_DESIGN_GEOMETRIC_PRESENTATION_REPRESENTATION (  '', ( #2946 ), #7384 ) ;
#631 = DIRECTION ( 'NONE',  ( 1.000000000000000000, -1.579971831557699811E-16, -1.579971831557689703E-16 ) ) ;
#632 = ORIENTED_EDGE ( 'NONE', *, *, #7635, .T. ) ;
#633 = DIRECTION ( 'NONE',  ( 0.000000000000000000, 0.000000000000000000, -1.000000000000000000 ) ) ;
#634 = DIRECTION ( 'NONE',  ( 0.000000000000000000, 0.000000000000000000, -1.000000000000000000 ) ) ;
#635 = VERTEX_POINT ( 'NONE', #4991 ) ;
#636 = TOROIDAL_SURFACE ( 'NONE', #5555, 17.90484428405759942, 5.000000000000000000 ) ;
#637 = ORIENTED_EDGE ( 'NONE', *, *, #5197, .F. ) ;
#638 = FACE_OUTER_BOUND ( 'NONE', #7309, .T. ) ;
#639 = DIRECTION ( 'NONE',  ( 0.5310885545960906118, -0.8473163206129310510, 0.000000000000000000 ) ) ;
#640 = ORIENTED_EDGE ( 'NONE', *, *, #4845, .T. ) ;
#641 = CARTESIAN_POINT ( 'NONE',  ( 132.3913249411490085, 89.42653656005859375, 158.7207935539340156 ) ) ;
#642 = CARTESIAN_POINT ( 'NONE',  ( 132.3913243105560014, 89.42653656005859375, 148.7207935539339871 ) ) ;
#643 = ADVANCED_FACE ( 'NONE', ( #3373 ), #7738, .T. ) ;
#644 = CARTESIAN_POINT ( 'NONE',  ( 288.8209903374590226, 76.31325560090999716, 155.7228584628809926 ) ) ;
#645 = CARTESIAN_POINT ( 'NONE',  ( -116.8444924251934083, 76.52169227600100498, 178.7207935539339871 ) ) ;
#646 = EDGE_LOOP ( 'NONE', ( #8564, #1146, #5826, #7838, #4290 ) ) ;
#647 = ORIENTED_EDGE ( 'NONE', *, *, #4640, .F. ) ;
#648 = CARTESIAN_POINT ( 'NONE',  ( 285.8209915161120307, 57.34758543134790187, 158.7207935539340156 ) ) ;
#649 = VECTOR ( 'NONE', #3813, 999.9999999999998863 ) ;
#650 = DIRECTION ( 'NONE',  ( 0.000000000000000000, 0.000000000000000000, 1.000000000000000000 ) ) ;
#651 = DIRECTION ( 'NONE',  ( 1.000000000000000000, 0.000000000000000000, 0.000000000000000000 ) ) ;
#652 = ADVANCED_FACE ( 'NONE', ( #1203 ), #9423, .T. ) ;
#653 = DIRECTION ( 'NONE',  ( -1.000000000000000000, -1.065814103640150121E-14, 0.000000000000000000 ) ) ;
#654 = LINE ( 'NONE', #7643, #3826 ) ;
#655 = VECTOR ( 'NONE', #38, 1000.000000000000000 ) ;
#656 = ORIENTED_EDGE ( 'NONE', *, *, #31, .T. ) ;
#657 = LINE ( 'NONE', #698, #5254 ) ;
#658 = DIRECTION ( 'NONE',  ( -1.000000000000000000, 2.125492551279550099E-17, -2.125492551279550099E-17 ) ) ;
#659 = DIRECTION ( 'NONE',  ( 0.000000000000000000, 0.000000000000000000, -1.000000000000000000 ) ) ;
#660 = ADVANCED_FACE ( 'NONE', ( #5671 ), #7926, .T. ) ;
#661 = CARTESIAN_POINT ( 'NONE',  ( -291.1789866413979553, 76.30645708986949671, 155.7277326296729996 ) ) ;
#662 = EDGE_LOOP ( 'NONE', ( #8387, #3893, #3925, #5227 ) ) ;
#663 = ORIENTED_EDGE ( 'NONE', *, *, #8684, .T. ) ;
#664 = DIRECTION ( 'NONE',  ( -0.9999999999999994449, 3.520767085380017872E-08, -1.644625622528739448E-14 ) ) ;
#665 = CARTESIAN_POINT ( 'NONE',  ( 193.1092247122353456, 116.6228535182894746, 183.6267181024243769 ) ) ;
#666 = EDGE_CURVE ( 'NONE', #5013, #9510, #4060, .T. ) ;
#667 = EDGE_CURVE ( 'NONE', #6730, #2234, #1139, .T. ) ;
#668 = CARTESIAN_POINT ( 'NONE',  ( -117.8761103101920042, 75.94779044836811011, 183.6132126426212210 ) ) ;
#669 = ORIENTED_EDGE ( 'NONE', *, *, #6199, .F. ) ;
#670 = DIRECTION ( 'NONE',  ( 0.000000000000000000, 0.7071067811865490160, 0.7071067811865461294 ) ) ;
#671 = CARTESIAN_POINT ( 'NONE',  ( -134.7493367092509970, 76.52169227600100498, 133.7207935539339871 ) ) ;
#672 = DIRECTION ( 'NONE',  ( -3.520767011262992537E-08, 0.9999999999988892219, 1.490124375741666648E-06 ) ) ;
#673 = ORIENTED_EDGE ( 'NONE', *, *, #369, .T. ) ;
#674 = CIRCLE ( 'NONE', #5747, 17.90500640869140270 ) ;
#675 = EDGE_CURVE ( 'NONE', #2492, #505, #2842, .T. ) ;
#676 = CARTESIAN_POINT ( 'NONE',  ( -196.4467563633664895, 98.66131964795501119, 182.9885605069005123 ) ) ;
#677 = CARTESIAN_POINT ( 'NONE',  ( 285.8209915161129970, 3.000000000000000000, 158.7207935539340156 ) ) ;
#678 = VERTEX_POINT ( 'NONE', #7876 ) ;
#679 = ORIENTED_EDGE ( 'NONE', *, *, #2378, .F. ) ;
#680 = FACE_OUTER_BOUND ( 'NONE', #1245, .T. ) ;
#681 = VECTOR ( 'NONE', #300, 1000.000000000000000 ) ;
#682 = CARTESIAN_POINT ( 'NONE',  ( -67.96416759490981008, 6.215927124023430395, 155.7207935539340156 ) ) ;
#683 = ORIENTED_EDGE ( 'NONE', *, *, #5888, .F. ) ;
#684 = CARTESIAN_POINT ( 'NONE',  ( -290.0641448506059987, 68.05320874732420577, 159.1176861047080138 ) ) ;
#685 = CARTESIAN_POINT ( 'NONE',  ( 132.3913249411490085, 76.52169227600100498, 133.7207935539339871 ) ) ;
#686 = EDGE_CURVE ( 'NONE', #6381, #1945, #3593, .T. ) ;
#687 = FACE_OUTER_BOUND ( 'NONE', #6416, .T. ) ;
#688 = DIRECTION ( 'NONE',  ( 0.000000000000000000, 0.000000000000000000, -1.000000000000000000 ) ) ;
#689 = ORIENTED_EDGE ( 'NONE', *, *, #1654, .F. ) ;
#690 = ORIENTED_EDGE ( 'NONE', *, *, #7433, .T. ) ;
#691 = CARTESIAN_POINT ( 'NONE',  ( -196.4467563633664895, 114.5107393763349961, 182.9885605069005123 ) ) ;
#692 = DIRECTION ( 'NONE',  ( 0.000000000000000000, 0.000000000000000000, 1.000000000000000000 ) ) ;
#693 = CARTESIAN_POINT ( 'NONE',  ( 93.46467446944910762, 116.9783032755031940, 183.4438521006775034 ) ) ;
#694 = DIRECTION ( 'NONE',  ( 1.000000000000000000, -2.688482178977771415E-16, 0.000000000000000000 ) ) ;
#695 = CARTESIAN_POINT ( 'NONE',  ( 285.0865932334529589, 57.86366793866239533, 158.7207935539330208 ) ) ;
#696 = VECTOR ( 'NONE', #8290, 1000.000000000000000 ) ;
#697 = ORIENTED_EDGE ( 'NONE', *, *, #6682, .F. ) ;
#698 = CARTESIAN_POINT ( 'NONE',  ( 39.73928799275660140, 35.90431608917914730, 157.8421138974935047 ) ) ;
#699 = VECTOR ( 'NONE', #7903, 1000.000000000000000 ) ;
#700 = CARTESIAN_POINT ( 'NONE',  ( 150.3786849975589917, 38.02563476562500000, 158.7207935539340156 ) ) ;
#701 = CARTESIAN_POINT ( 'NONE',  ( 288.8209915161129970, 160.0000188689220124, 123.7207936689849959 ) ) ;
#702 = CARTESIAN_POINT ( 'NONE',  ( -286.1789894103999927, 76.32125139236450195, 178.7207935539339871 ) ) ;
#703 = ORIENTED_EDGE ( 'NONE', *, *, #3438, .T. ) ;
#704 = EDGE_CURVE ( 'NONE', #4088, #5482, #4092, .T. ) ;
#705 = AXIS2_PLACEMENT_3D ( 'NONE', #4613, #8073, #7542 ) ;
#706 = EDGE_LOOP ( 'NONE', ( #5209, #3275, #5252, #4572 ) ) ;
#707 = CIRCLE ( 'NONE', #9002, 17.90484428405759942 ) ;
#708 = DIRECTION ( 'NONE',  ( 0.000000000000000000, 0.000000000000000000, 1.000000000000000000 ) ) ;
#709 = DIRECTION ( 'NONE',  ( -1.000000000000000000, 0.000000000000000000, 0.000000000000000000 ) ) ;
#710 = AXIS2_PLACEMENT_3D ( 'NONE', #921, #6924, #9191 ) ;
#711 = CARTESIAN_POINT ( 'NONE',  ( -134.7493367092509970, 76.52169227600100498, 148.7207935539339871 ) ) ;
#712 = ORIENTED_EDGE ( 'NONE', *, *, #5094, .T. ) ;
#713 = DIRECTION ( 'NONE',  ( 4.249959466858620423E-15, 3.464102065148380032E-07, 0.9999999999999400480 ) ) ;
#714 = CARTESIAN_POINT ( 'NONE',  ( -288.8843695500453919, 61.26223266773172327, 158.7228671645841018 ) ) ;
#715 = ORIENTED_EDGE ( 'NONE', *, *, #4170, .F. ) ;
#716 = EDGE_CURVE ( 'NONE', #4591, #7449, #6926, .T. ) ;
#717 = AXIS2_PLACEMENT_3D ( 'NONE', #6173, #7528, #8398 ) ;
#718 = CARTESIAN_POINT ( 'NONE',  ( 284.3593478675495021, 60.48538819498958219, 161.7207935535698482 ) ) ;
#719 = VECTOR ( 'NONE', #6047, 1000.000000000000000 ) ;
#720 = FACE_OUTER_BOUND ( 'NONE', #7686, .T. ) ;
#721 = VERTEX_POINT ( 'NONE', #3508 ) ;
#722 = DIRECTION ( 'NONE',  ( 1.000000000000000000, 0.000000000000000000, 0.000000000000000000 ) ) ;
#723 = CARTESIAN_POINT ( 'NONE',  ( -83.01555633544920454, 58.61684799194339490, 178.7207935539339871 ) ) ;
#724 = EDGE_LOOP ( 'NONE', ( #883, #7107, #4411, #7682 ) ) ;
#725 = AXIS2_PLACEMENT_3D ( 'NONE', #7467, #8189, #881 ) ;
#726 = AXIS2_PLACEMENT_3D ( 'NONE', #5091, #7355, #8749 ) ;
#727 = ORIENTED_EDGE ( 'NONE', *, *, #6224, .T. ) ;
#728 = EDGE_CURVE ( 'NONE', #5461, #5398, #5580, .T. ) ;
#729 = CYLINDRICAL_SURFACE ( 'NONE', #2573, 12.90484428405760120 ) ;
#730 = APPLICATION_PROTOCOL_DEFINITION ( 'draft international standard', 'automotive_design', 1998, #6009 ) ;
#731 = CARTESIAN_POINT ( 'NONE',  ( 258.8209915161129970, 76.32125139236430300, 158.7207935539340156 ) ) ;
#732 = EDGE_LOOP ( 'NONE', ( #2611, #9087, #1474, #2280, #3994 ) ) ;
#733 = CARTESIAN_POINT ( 'NONE',  ( -290.3646726527899773, 67.50292020682719851, 157.8577577499239908 ) ) ;
#734 = FACE_OUTER_BOUND ( 'NONE', #1566, .T. ) ;
#735 = AXIS2_PLACEMENT_3D ( 'NONE', #8036, #1451, #4958 ) ;
#736 = FACE_OUTER_BOUND ( 'NONE', #6231, .T. ) ;
#737 = LINE ( 'NONE', #5831, #1026 ) ;
#738 = ORIENTED_EDGE ( 'NONE', *, *, #969, .F. ) ;
#739 = EDGE_LOOP ( 'NONE', ( #3612, #3751, #8710, #5277 ) ) ;
#740 = CIRCLE ( 'NONE', #6114, 4.999999999999997335 ) ;
#741 = DIRECTION ( 'NONE',  ( 4.198321092175290802E-15, -3.464102061753039993E-07, -0.9999999999999400480 ) ) ;
#742 = CARTESIAN_POINT ( 'NONE',  ( -282.7944564819340485, 22.12078094482420099, 155.7207935539340156 ) ) ;
#743 = ADVANCED_FACE ( 'NONE', ( #4276 ), #5574, .F. ) ;
#744 = B_SPLINE_CURVE_WITH_KNOTS ( 'NONE', 3,
 ( #6692, #2338, #2484, #3052, #9003 ),
 .UNSPECIFIED., .F., .F.,
 ( 4, 1, 4 ),
 ( 0.000000000000000000, 0.1428560339650179201, 1.000000000000000000 ),
 .UNSPECIFIED. ) ;
#745 = EDGE_CURVE ( 'NONE', #1786, #4471, #1252, .T. ) ;
#746 = CARTESIAN_POINT ( 'NONE',  ( 93.10922471223543084, 116.6228535182895456, 183.6267181024246611 ) ) ;
#747 = AXIS2_PLACEMENT_3D ( 'NONE', #8009, #3690, #7275 ) ;
#748 = PRESENTATION_STYLE_ASSIGNMENT (( #2878 ) ) ;
#749 = DIRECTION ( 'NONE',  ( 0.000000000000000000, 0.000000000000000000, 1.000000000000000000 ) ) ;
#750 = ORIENTED_EDGE ( 'NONE', *, *, #3578, .T. ) ;
#751 = CARTESIAN_POINT ( 'NONE',  ( -291.1789894103999927, 76.32125139236450195, 155.7207935539340156 ) ) ;
#752 = AXIS2_PLACEMENT_3D ( 'NONE', #1767, #4691, #6170 ) ;
#753 = DIRECTION ( 'NONE',  ( -1.000000000000000000, 0.000000000000000000, 0.000000000000000000 ) ) ;
#754 = AXIS2_PLACEMENT_3D ( 'NONE', #4866, #1221, #7076 ) ;
#755 = DIRECTION ( 'NONE',  ( -1.075393666311713415E-15, -1.000000000000000000, 0.000000000000000000 ) ) ;
#756 = CARTESIAN_POINT ( 'NONE',  ( -291.0367795716060186, 72.58208691418228398, 156.9961504421270035 ) ) ;
#757 = ORIENTED_EDGE ( 'NONE', *, *, #2334, .T. ) ;
#758 = ORIENTED_EDGE ( 'NONE', *, *, #6453, .T. ) ;
#759 = DIRECTION ( 'NONE',  ( -0.5310885545960910559, -0.8473163206129307179, 0.000000000000000000 ) ) ;
#760 = DIRECTION ( 'NONE',  ( 0.000000000000000000, 0.000000000000000000, -1.000000000000000000 ) ) ;
#761 = CARTESIAN_POINT ( 'NONE',  ( -117.8761141068277993, 73.13299040257864192, 183.6722981548797407 ) ) ;
#762 = VERTEX_POINT ( 'NONE', #4851 ) ;
#763 = CYLINDRICAL_SURFACE ( 'NONE', #1956, 2.999999999999997780 ) ;
#764 = EDGE_LOOP ( 'NONE', ( #403, #1733, #517, #3898 ) ) ;
#765 = CARTESIAN_POINT ( 'NONE',  ( -289.3936473270819647, 64.24727974680853038, 158.7221871309502603 ) ) ;
#766 = ORIENTED_EDGE ( 'NONE', *, *, #2581, .T. ) ;
#767 = CARTESIAN_POINT ( 'NONE',  ( -196.2632047425535120, 117.4188356543205032, 183.1721121277131203 ) ) ;
#768 = LINE ( 'NONE', #5424, #7795 ) ;
#769 = EDGE_CURVE ( 'NONE', #4305, #1126, #206, .T. ) ;
#770 = DIRECTION ( 'NONE',  ( -8.167399816904201767E-11, 1.000000000000000000, 0.000000000000000000 ) ) ;
#771 = EDGE_LOOP ( 'NONE', ( #4268, #7054, #697, #9046, #286, #1341, #1952, #4690 ) ) ;
#772 = VECTOR ( 'NONE', #4854, 1000.000000000000000 ) ;
#773 = LINE ( 'NONE', #2231, #3510 ) ;
#774 = DIRECTION ( 'NONE',  ( -1.000000000000000000, 0.000000000000000000, 0.000000000000000000 ) ) ;
#775 = ORIENTED_EDGE ( 'NONE', *, *, #1760, .F. ) ;
#776 = ORIENTED_EDGE ( 'NONE', *, *, #4478, .F. ) ;
#777 = AXIS2_PLACEMENT_3D ( 'NONE', #4546, #7666, #5353 ) ;
#778 = DIRECTION ( 'NONE',  ( -1.000000000000000000, 0.000000000000000000, 0.000000000000000000 ) ) ;
#779 = CIRCLE ( 'NONE', #5844, 12.90500640869139737 ) ;
#780 = CARTESIAN_POINT ( 'NONE',  ( -285.7244439558550084, 59.07246415508239323, 161.7207935539339871 ) ) ;
#781 = ORIENTED_EDGE ( 'NONE', *, *, #2852, .F. ) ;
#782 = DIRECTION ( 'NONE',  ( 0.000000000000000000, 1.000000000000000000, 0.000000000000000000 ) ) ;
#783 = CARTESIAN_POINT ( 'NONE',  ( 282.1524017737334020, 66.41042447082267586, 183.7207935539340440 ) ) ;
#784 = ADVANCED_FACE ( 'NONE', ( #5620 ), #1910, .T. ) ;
#785 = CARTESIAN_POINT ( 'NONE',  ( 286.3765501539879779, 61.24448724464249949, 158.8116151012280000 ) ) ;
#786 = AXIS2_PLACEMENT_3D ( 'NONE', #7815, #9306, #4215 ) ;
#787 = ADVANCED_FACE ( 'NONE', ( #5716 ), #4897, .T. ) ;
#788 = EDGE_CURVE ( 'NONE', #635, #6577, #4352, .T. ) ;
#789 = CARTESIAN_POINT ( 'NONE',  ( -134.7493367092509970, 76.52169227600100498, 158.7207935539340156 ) ) ;
#790 = ORIENTED_EDGE ( 'NONE', *, *, #8182, .T. ) ;
#791 = ADVANCED_FACE ( 'NONE', ( #6564 ), #5079, .T. ) ;
#792 = ORIENTED_EDGE ( 'NONE', *, *, #8832, .F. ) ;
#793 = ORIENTED_EDGE ( 'NONE', *, *, #3208, .T. ) ;
#794 = FACE_OUTER_BOUND ( 'NONE', #3247, .T. ) ;
#795 = CIRCLE ( 'NONE', #4181, 5.000000000000004441 ) ;
#796 = DIRECTION ( 'NONE',  ( 1.000000000000000000, -2.688482178977771415E-16, 0.000000000000000000 ) ) ;
#797 = CARTESIAN_POINT ( 'NONE',  ( -261.1789894103999359, 76.32125139236450195, 158.7207935539340156 ) ) ;
#798 = EDGE_CURVE ( 'NONE', #3923, #3200, #4780, .T. ) ;
#799 = VECTOR ( 'NONE', #5232, 1000.000000000000000 ) ;
#800 = FACE_OUTER_BOUND ( 'NONE', #7576, .T. ) ;
#801 = LINE ( 'NONE', #4360, #7181 ) ;
#802 = VERTEX_POINT ( 'NONE', #2405 ) ;
#803 = EDGE_CURVE ( 'NONE', #202, #7798, #7698, .T. ) ;
#804 = CARTESIAN_POINT ( 'NONE',  ( -152.7366447448729900, 35.90431442206534740, 157.8421138974935047 ) ) ;
#805 = CARTESIAN_POINT ( 'NONE',  ( -134.7493362426759802, 6.215927124023390427, 158.7207935539340156 ) ) ;
#806 = CARTESIAN_POINT ( 'NONE',  ( 98.64490509033210230, 76.52169227600100498, 158.7207935539340156 ) ) ;
#807 = CARTESIAN_POINT ( 'NONE',  ( -291.1012222505490286, 72.39506839875841138, 156.5579064302509948 ) ) ;
#808 = ORIENTED_EDGE ( 'NONE', *, *, #2996, .F. ) ;
#809 = DIRECTION ( 'NONE',  ( 0.000000000000000000, -1.000000000000000000, 0.000000000000000000 ) ) ;
#810 = DIRECTION ( 'NONE',  ( 0.000000000000000000, 1.000000000000000000, 0.000000000000000000 ) ) ;
#811 = CIRCLE ( 'NONE', #6786, 3.000000000000002665 ) ;
#812 = DIRECTION ( 'NONE',  ( -1.000000000000000000, 5.551115123125780336E-15, 0.000000000000000000 ) ) ;
#813 = ORIENTED_EDGE ( 'NONE', *, *, #6181, .T. ) ;
#814 = DIRECTION ( 'NONE',  ( -3.779482637021810024E-16, 1.000000000000000000, 3.779482637021810024E-16 ) ) ;
#815 = ORIENTED_EDGE ( 'NONE', *, *, #5693, .F. ) ;
#816 = CARTESIAN_POINT ( 'NONE',  ( -202.9609222412110228, 22.12078094482420099, 158.7207935539340156 ) ) ;
#817 = VERTEX_POINT ( 'NONE', #2503 ) ;
#818 = CARTESIAN_POINT ( 'NONE',  ( 98.64489001653309685, 22.12077988203889944, 158.7207935539340156 ) ) ;
#819 = AXIS2_PLACEMENT_3D ( 'NONE', #5325, #1783, #5423 ) ;
#820 = CARTESIAN_POINT ( 'NONE',  ( 132.3913249411490085, 76.52169227600100498, 178.7207935539339871 ) ) ;
#821 = AXIS2_PLACEMENT_3D ( 'NONE', #4130, #7053, #3413 ) ;
#822 = CARTESIAN_POINT ( 'NONE',  ( -30.26300430297849786, 110.9465026855470029, 178.7207935539339871 ) ) ;
#823 = ORIENTED_EDGE ( 'NONE', *, *, #2061, .F. ) ;
#824 = ADVANCED_FACE ( 'NONE', ( #6038 ), #2549, .T. ) ;
#825 = DIRECTION ( 'NONE',  ( 1.000000000000000000, -3.029124098583790169E-17, 0.000000000000000000 ) ) ;
#826 = CARTESIAN_POINT ( 'NONE',  ( -218.8657760620120314, 89.42653656005859375, 158.7207935539340156 ) ) ;
#827 = ORIENTED_EDGE ( 'NONE', *, *, #1726, .F. ) ;
#828 = EDGE_LOOP ( 'NONE', ( #3069, #3358, #77, #7340, #3400, #8341 ) ) ;
#829 = DIRECTION ( 'NONE',  ( 0.000000000000000000, 0.000000000000000000, 1.000000000000000000 ) ) ;
#830 = AXIS2_PLACEMENT_3D ( 'NONE', #6018, #925, #2380 ) ;
#831 = VECTOR ( 'NONE', #228, 1000.000000000000000 ) ;
#832 = DIRECTION ( 'NONE',  ( -1.000000000000000000, 5.376964357955537309E-15, 0.000000000000000000 ) ) ;
#833 = ORIENTED_EDGE ( 'NONE', *, *, #7953, .F. ) ;
#834 = CARTESIAN_POINT ( 'NONE',  ( 48.73295426496270011, 6.215924776715159084, 155.7207935539340156 ) ) ;
#835 = DIRECTION ( 'NONE',  ( -1.000000000000000000, 1.226857419714852030E-08, 6.280255024119369844E-16 ) ) ;
#836 = DIRECTION ( 'NONE',  ( 0.000000000000000000, 0.000000000000000000, -1.000000000000000000 ) ) ;
#837 = ORIENTED_EDGE ( 'NONE', *, *, #704, .T. ) ;
#838 = AXIS2_PLACEMENT_3D ( 'NONE', #7700, #2714, #6343 ) ;
#839 = VERTEX_POINT ( 'NONE', #4700 ) ;
#840 = ORIENTED_EDGE ( 'NONE', *, *, #8150, .T. ) ;
#841 = CYLINDRICAL_SURFACE ( 'NONE', #9498, 12.90485361670298836 ) ;
#842 = DIRECTION ( 'NONE',  ( 0.9999999999999995559, 2.745767267742054676E-08, 0.000000000000000000 ) ) ;
#843 = ADVANCED_FACE ( 'NONE', ( #5463 ), #5414, .T. ) ;
#844 = EDGE_CURVE ( 'NONE', #5103, #6717, #3101, .T. ) ;
#845 = CARTESIAN_POINT ( 'NONE',  ( -269.8896026611329830, 35.02563476562500000, 143.7207935539339871 ) ) ;
#846 = AXIS2_PLACEMENT_3D ( 'NONE', #6640, #1412, #3621 ) ;
#847 = SURFACE_SIDE_STYLE ('',( #9448 ) ) ;
#848 = CARTESIAN_POINT ( 'NONE',  ( -134.7493367092509970, 63.61684799194339490, 148.7207935539339871 ) ) ;
#849 = ORIENTED_EDGE ( 'NONE', *, *, #8465, .T. ) ;
#850 = AXIS2_PLACEMENT_3D ( 'NONE', #1348, #8746, #3517 ) ;
#851 = LINE ( 'NONE', #6660, #2676 ) ;
#852 = EDGE_CURVE ( 'NONE', #5886, #3511, #4319, .T. ) ;
#853 = DIRECTION ( 'NONE',  ( -1.000000000000000000, 0.000000000000000000, 0.000000000000000000 ) ) ;
#854 = DIRECTION ( 'NONE',  ( -1.000000000000000000, 0.000000000000000000, 0.000000000000000000 ) ) ;
#855 = CARTESIAN_POINT ( 'NONE',  ( -285.7244439558550084, 59.07246415508239323, 161.0475951281640050 ) ) ;
#856 = ORIENTED_EDGE ( 'NONE', *, *, #5265, .F. ) ;
#857 = AXIS2_PLACEMENT_3D ( 'NONE', #21, #1321, #782 ) ;
#858 = DIRECTION ( 'NONE',  ( -1.000000000000000000, 4.362752391243206928E-16, 0.000000000000000000 ) ) ;
#859 = EDGE_CURVE ( 'NONE', #1533, #8210, #1959, .T. ) ;
#860 = CARTESIAN_POINT ( 'NONE',  ( 94.82099151611289756, 136.5016367987730064, 156.6015757153489858 ) ) ;
#861 = ORIENTED_EDGE ( 'NONE', *, *, #7941, .T. ) ;
#862 = DIRECTION ( 'NONE',  ( 0.000000000000000000, 0.000000000000000000, -1.000000000000000000 ) ) ;
#863 = ORIENTED_EDGE ( 'NONE', *, *, #6052, .F. ) ;
#864 = DIRECTION ( 'NONE',  ( -1.000000000000000000, -1.274272494262450050E-16, 0.000000000000000000 ) ) ;
#865 = LINE ( 'NONE', #593, #699 ) ;
#866 = DIRECTION ( 'NONE',  ( 1.000000000000000000, -2.589670037770049879E-17, 0.000000000000000000 ) ) ;
#867 = CARTESIAN_POINT ( 'NONE',  ( -288.6789894103999927, 109.8818980297850061, 172.1468140555100206 ) ) ;
#868 = VERTEX_POINT ( 'NONE', #8932 ) ;
#869 = EDGE_CURVE ( 'NONE', #6513, #5496, #3180, .T. ) ;
#870 = EDGE_CURVE ( 'NONE', #1420, #6023, #1645, .T. ) ;
#871 = CIRCLE ( 'NONE', #1337, 12.90500640869140092 ) ;
#872 = CARTESIAN_POINT ( 'NONE',  ( -269.8896026611329830, 22.12078094482420099, 155.7207935539340156 ) ) ;
#873 = DIRECTION ( 'NONE',  ( 0.000000000000000000, 1.000000000000000000, 0.000000000000000000 ) ) ;
#874 = ORIENTED_EDGE ( 'NONE', *, *, #2383, .T. ) ;
#875 = ORIENTED_EDGE ( 'NONE', *, *, #1192, .T. ) ;
#876 = CARTESIAN_POINT ( 'NONE',  ( -134.7493367092509970, 76.52169227600100498, 158.7207935539340156 ) ) ;
#877 = CARTESIAN_POINT ( 'NONE',  ( -218.8657760620120314, 35.02563476562500000, 158.7207935539340156 ) ) ;
#878 = DIRECTION ( 'NONE',  ( 0.000000000000000000, 1.000000000000000000, 0.000000000000000000 ) ) ;
#879 = CARTESIAN_POINT ( 'NONE',  ( 285.3831325883049885, 62.20932243633390613, 160.8788078405870010 ) ) ;
#880 = CIRCLE ( 'NONE', #4892, 12.90485382080079901 ) ;
#881 = DIRECTION ( 'NONE',  ( 1.000000000000000000, -1.635284895191439853E-16, 0.000000000000000000 ) ) ;
#882 = ORIENTED_EDGE ( 'NONE', *, *, #8886, .T. ) ;
#883 = ORIENTED_EDGE ( 'NONE', *, *, #8216, .F. ) ;
#884 = EDGE_LOOP ( 'NONE', ( #5816, #463, #7906, #7676, #7378 ) ) ;
#885 = CARTESIAN_POINT ( 'NONE',  ( 107.6644182205200053, 38.02563476562500000, 155.7207935539340156 ) ) ;
#886 = B_SPLINE_CURVE_WITH_KNOTS ( 'NONE', 3,
 ( #6058, #4054, #9094, #400, #8994 ),
 .UNSPECIFIED., .F., .F.,
 ( 4, 1, 4 ),
 ( 0.000000000000000000, 0.8571475187308307264, 1.000000000000000000 ),
 .UNSPECIFIED. ) ;
#887 = CYLINDRICAL_SURFACE ( 'NONE', #777, 12.90484886281040744 ) ;
#888 = PLANE ( 'NONE',  #1784 ) ;
#889 = CYLINDRICAL_SURFACE ( 'NONE', #183, 2.500000000000000000 ) ;
#890 = AXIS2_PLACEMENT_3D ( 'NONE', #6466, #8062, #3023 ) ;
#891 = TOROIDAL_SURFACE ( 'NONE', #2601, 17.90484428405769535, 5.000000000000000000 ) ;
#892 = DIRECTION ( 'NONE',  ( 0.000000000000000000, -1.000000000000000000, 0.000000000000000000 ) ) ;
#893 = AXIS2_PLACEMENT_3D ( 'NONE', #4381, #5911, #3525 ) ;
#894 = ADVANCED_FACE ( 'NONE', ( #948 ), #3892, .F. ) ;
#895 = ORIENTED_EDGE ( 'NONE', *, *, #2241, .T. ) ;
#896 = FACE_OUTER_BOUND ( 'NONE', #5373, .T. ) ;
#897 = CARTESIAN_POINT ( 'NONE',  ( 216.5078370698039976, 76.52169227600100498, 178.7207935539339871 ) ) ;
#898 = CIRCLE ( 'NONE', #747, 3.000000000000002665 ) ;
#899 = DIRECTION ( 'NONE',  ( 0.000000000000000000, 0.000000000000000000, -1.000000000000000000 ) ) ;
#900 = CARTESIAN_POINT ( 'NONE',  ( 132.3913249411490085, 63.61684799194339490, 158.7207935539340156 ) ) ;
#901 = ORIENTED_EDGE ( 'NONE', *, *, #8344, .T. ) ;
#902 = PLANE ( 'NONE',  #929 ) ;
#903 = EDGE_CURVE ( 'NONE', #9361, #635, #1182, .T. ) ;
#904 = CIRCLE ( 'NONE', #752, 5.000000000000004441 ) ;
#905 = ADVANCED_FACE ( 'NONE', ( #2458 ), #5315, .T. ) ;
#906 = CARTESIAN_POINT ( 'NONE',  ( 192.6430705721278969, 97.21510147052532602, 183.7207935539338450 ) ) ;
#907 = ORIENTED_EDGE ( 'NONE', *, *, #6661, .T. ) ;
#908 = TOROIDAL_SURFACE ( 'NONE', #8439, 15.90485382080079901, 3.000000000000000000 ) ;
#909 = DIRECTION ( 'NONE',  ( 0.000000000000000000, 0.000000000000000000, -1.000000000000000000 ) ) ;
#910 = ORIENTED_EDGE ( 'NONE', *, *, #1920, .F. ) ;
#911 = DIRECTION ( 'NONE',  ( 0.000000000000000000, 0.000000000000000000, 1.000000000000000000 ) ) ;
#912 = DIRECTION ( 'NONE',  ( -1.000000000000000000, -3.141450849044710390E-15, -7.837802976647229661E-16 ) ) ;
#913 = CARTESIAN_POINT ( 'NONE',  ( -288.9577184448997969, 64.49571182199676400, 160.8504574647768948 ) ) ;
#914 = DIRECTION ( 'NONE',  ( 1.000000000000000000, 2.036635194594239902E-16, 0.000000000000000000 ) ) ;
#915 = VERTEX_POINT ( 'NONE', #1732 ) ;
#916 = DIRECTION ( 'NONE',  ( -1.188474749415029953E-15, -1.000000000000000000, 0.000000000000000000 ) ) ;
#917 = CARTESIAN_POINT ( 'NONE',  ( -146.1789941787719727, 45.44257173592409771, 159.5994732103745264 ) ) ;
#918 = ORIENTED_EDGE ( 'NONE', *, *, #8014, .T. ) ;
#919 = PRODUCT ( 'Hanger200', 'Hanger200', '', ( #5917 ) ) ;
#920 = ORIENTED_EDGE ( 'NONE', *, *, #2097, .T. ) ;
#921 = CARTESIAN_POINT ( 'NONE',  ( -286.1789894103999927, 130.1411954946499918, 178.7207935539339871 ) ) ;
#922 = EDGE_CURVE ( 'NONE', #8877, #4767, #329, .T. ) ;
#923 = CARTESIAN_POINT ( 'NONE',  ( 98.64490577848080477, 8.337246719237839443, 157.8421140558199909 ) ) ;
#924 = EDGE_LOOP ( 'NONE', ( #4674, #5118, #5334, #5191, #949, #5905, #1212, #5178, #5174, #1913, #2224, #8723, #3935, #3808, #4946, #8123, #414, #1673, #5169, #8626, #1541, #2273, #4607, #8294, #2938, #10, #6642, #7530, #7040, #3474, #1544, #6105, #6866, #322, #8023, #1507, #931, #3950, #532, #3056, #7400, #1762, #9057, #2360, #8853, #7978, #208, #3765, #3206, #6443, #2049, #1800, #6013, #8482 ) ) ;
#925 = DIRECTION ( 'NONE',  ( 0.9999999999998038236, 6.264543342109938952E-07, 2.757285805449409456E-21 ) ) ;
#926 = CARTESIAN_POINT ( 'NONE',  ( -96.44675636336651792, 137.1662594779263884, 182.9885605069005123 ) ) ;
#927 = AXIS2_PLACEMENT_3D ( 'NONE', #5608, #2695, #4265 ) ;
#928 = DIRECTION ( 'NONE',  ( 0.000000000000000000, 0.000000000000000000, 1.000000000000000000 ) ) ;
#929 = AXIS2_PLACEMENT_3D ( 'NONE', #3894, #1687, #7537 ) ;
#930 = ORIENTED_EDGE ( 'NONE', *, *, #3698, .F. ) ;
#931 = ORIENTED_EDGE ( 'NONE', *, *, #4371, .F. ) ;
#932 = ORIENTED_EDGE ( 'NONE', *, *, #1240, .F. ) ;
#933 = CYLINDRICAL_SURFACE ( 'NONE', #297, 2.999999999999994227 ) ;
#934 = DIRECTION ( 'NONE',  ( 0.000000000000000000, 0.000000000000000000, -1.000000000000000000 ) ) ;
#935 = AXIS2_PLACEMENT_3D ( 'NONE', #462, #9254, #2683 ) ;
#936 = EDGE_CURVE ( 'NONE', #4496, #3661, #7308, .T. ) ;
#937 = CARTESIAN_POINT ( 'NONE',  ( 98.64490526956279837, 38.02563291343319918, 155.7207935539340156 ) ) ;
#938 = VECTOR ( 'NONE', #5710, 1000.000000000000000 ) ;
#939 = ORIENTED_EDGE ( 'NONE', *, *, #2397, .T. ) ;
#940 = CARTESIAN_POINT ( 'NONE',  ( 216.5078370686659923, 58.61684799194339490, 183.7207935539340156 ) ) ;
#941 = DIRECTION ( 'NONE',  ( 1.000000000000000000, 0.000000000000000000, 0.000000000000000000 ) ) ;
#942 = DIRECTION ( 'NONE',  ( 1.000000000000000000, 0.000000000000000000, 0.000000000000000000 ) ) ;
#943 = ORIENTED_EDGE ( 'NONE', *, *, #9047, .T. ) ;
#944 = VECTOR ( 'NONE', #5686, 1000.000000000000000 ) ;
#945 = DIRECTION ( 'NONE',  ( 1.000000000000000000, 5.480868912904819410E-16, 0.000000000000000000 ) ) ;
#946 = EDGE_CURVE ( 'NONE', #5229, #3958, #707, .T. ) ;
#947 = DIRECTION ( 'NONE',  ( -1.000000000000000000, -1.690036120998889850E-16, 0.000000000000000000 ) ) ;
#948 = FACE_OUTER_BOUND ( 'NONE', #5401, .T. ) ;
#949 = ORIENTED_EDGE ( 'NONE', *, *, #3226, .F. ) ;
#950 = DIRECTION ( 'NONE',  ( 0.000000000000000000, 0.000000000000000000, -1.000000000000000000 ) ) ;
#951 = CARTESIAN_POINT ( 'NONE',  ( 283.8209915161129970, 96.89302241451059672, 183.7207935539340156 ) ) ;
#952 = VERTEX_POINT ( 'NONE', #6133 ) ;
#953 = DIRECTION ( 'NONE',  ( 1.000000000000000000, 0.000000000000000000, 0.000000000000000000 ) ) ;
#954 = EDGE_LOOP ( 'NONE', ( #1004, #398, #7388, #3001 ) ) ;
#955 = DIRECTION ( 'NONE',  ( 0.000000000000000000, 0.000000000000000000, 1.000000000000000000 ) ) ;
#956 = CARTESIAN_POINT ( 'NONE',  ( 194.5638654635519345, 99.15302781463725523, 182.5134535124279580 ) ) ;
#957 = CARTESIAN_POINT ( 'NONE',  ( 284.3934696193494460, 80.53568900773528583, 183.6879888454224670 ) ) ;
#958 = CIRCLE ( 'NONE', #3737, 5.000000000000004441 ) ;
#959 = ORIENTED_EDGE ( 'NONE', *, *, #4954, .F. ) ;
#960 = EDGE_CURVE ( 'NONE', #4612, #3500, #3270, .T. ) ;
#961 = EDGE_CURVE ( 'NONE', #5644, #6249, #6955, .T. ) ;
#962 = CARTESIAN_POINT ( 'NONE',  ( 48.73295307159440171, 62.15238189787610423, 182.2563274598670091 ) ) ;
#963 = CARTESIAN_POINT ( 'NONE',  ( -288.6789894103999927, 108.1447414584200004, 170.3489578191650082 ) ) ;
#964 = DIRECTION ( 'NONE',  ( 0.000000000000000000, 0.000000000000000000, -1.000000000000000000 ) ) ;
#965 = EDGE_LOOP ( 'NONE', ( #485, #7015, #5942, #5155 ) ) ;
#966 = AXIS2_PLACEMENT_3D ( 'NONE', #4163, #7085, #1954 ) ;
#967 = ORIENTED_EDGE ( 'NONE', *, *, #1205, .F. ) ;
#968 = CARTESIAN_POINT ( 'NONE',  ( -194.6789894103999927, 114.5107393763349961, 181.2207935539339871 ) ) ;
#969 = EDGE_CURVE ( 'NONE', #1505, #4471, #4800, .T. ) ;
#970 = DIRECTION ( 'NONE',  ( 1.000000000000000000, 0.000000000000000000, 0.000000000000000000 ) ) ;
#971 = CARTESIAN_POINT ( 'NONE',  ( -291.1789894103999927, 99.48037732825460466, 178.7207935539339871 ) ) ;
#972 = ORIENTED_EDGE ( 'NONE', *, *, #3504, .T. ) ;
#973 = CARTESIAN_POINT ( 'NONE',  ( 258.8209915161129970, 43.32125139236429590, 158.7207935539340156 ) ) ;
#974 = CARTESIAN_POINT ( 'NONE',  ( 286.2255346808229888, 58.49893546245590414, 158.7207935539340156 ) ) ;
#975 =( BOUNDED_CURVE ( )  B_SPLINE_CURVE ( 3, ( #9249, #8433, #2677, #4870 ),
 .UNSPECIFIED., .F., .F. ) 
 B_SPLINE_CURVE_WITH_KNOTS ( ( 4, 4 ),
 ( 4.712388980384689674, 5.497787143782069563 ),
 .UNSPECIFIED. ) 
 CURVE ( )  GEOMETRIC_REPRESENTATION_ITEM ( )  RATIONAL_B_SPLINE_CURVE ( ( 1.000000000000000000, 0.9492530216741990046, 0.9492530216741990046, 1.000000000000000000 ) ) 
 REPRESENTATION_ITEM ( '' )  );
#976 = CARTESIAN_POINT ( 'NONE',  ( -150.1954121910410151, 76.52169227600100498, 148.7207935539339871 ) ) ;
#977 = ORIENTED_EDGE ( 'NONE', *, *, #7599, .F. ) ;
#978 = AXIS2_PLACEMENT_3D ( 'NONE', #3602, #6255, #9246 ) ;
#979 = ORIENTED_EDGE ( 'NONE', *, *, #1735, .F. ) ;
#980 = ORIENTED_EDGE ( 'NONE', *, *, #7602, .F. ) ;
#981 = DIRECTION ( 'NONE',  ( 1.000000000000000000, 0.000000000000000000, 0.000000000000000000 ) ) ;
#982 = DIRECTION ( 'NONE',  ( 0.000000000000000000, -0.7071067811865486830, 0.7071067811865463515 ) ) ;
#983 = EDGE_LOOP ( 'NONE', ( #5691, #6111, #4005, #249 ) ) ;
#984 = PLANE ( 'NONE',  #5356 ) ;
#985 = AXIS2_PLACEMENT_3D ( 'NONE', #5123, #2353, #4365 ) ;
#986 = CARTESIAN_POINT ( 'NONE',  ( 288.8205021571391740, 75.00237059301862530, 156.0019822188375542 ) ) ;
#987 = EDGE_CURVE ( 'NONE', #4483, #678, #257, .T. ) ;
#988 = AXIS2_PLACEMENT_3D ( 'NONE', #3228, #6809, #285 ) ;
#989 = CARTESIAN_POINT ( 'NONE',  ( -83.01555633544920454, 89.42653656005859375, 153.7207935539340156 ) ) ;
#990 = VERTEX_POINT ( 'NONE', #522 ) ;
#991 = CARTESIAN_POINT ( 'NONE',  ( -185.8610559998539884, 76.52168743035018394, 178.7207935539339871 ) ) ;
#992 = VERTEX_POINT ( 'NONE', #5517 ) ;
#993 = CARTESIAN_POINT ( 'NONE',  ( 267.5316238403320312, 58.61684799194339490, 183.7207935539340156 ) ) ;
#994 = DIRECTION ( 'NONE',  ( -0.5310885545960910559, -0.8473163206129307179, 0.000000000000000000 ) ) ;
#995 = VERTEX_POINT ( 'NONE', #4080 ) ;
#996 = CARTESIAN_POINT ( 'NONE',  ( -197.1789894103999927, 125.8608434367320115, 156.7073537568699919 ) ) ;
#997 = PRODUCT_DEFINITION_FORMATION_WITH_SPECIFIED_SOURCE ( 'ANY', '', #919, .NOT_KNOWN. ) ;
#998 = CARTESIAN_POINT ( 'NONE',  ( 150.3786849975589917, 94.42653656005860796, 178.7207935539339871 ) ) ;
#999 = ORIENTED_EDGE ( 'NONE', *, *, #8542, .F. ) ;
#1000 = CARTESIAN_POINT ( 'NONE',  ( 216.5078370698039976, 76.52169227600100498, 178.7207935539339871 ) ) ;
#1001 = CARTESIAN_POINT ( 'NONE',  ( -261.1789894103999359, 43.32125139236450195, 161.7207935539339871 ) ) ;
#1002 = ADVANCED_FACE ( 'NONE', ( #7728 ), #6846, .T. ) ;
#1003 = DIRECTION ( 'NONE',  ( 0.000000000000000000, -0.7071067811865486830, 0.7071067811865463515 ) ) ;
#1004 = ORIENTED_EDGE ( 'NONE', *, *, #2368, .F. ) ;
#1005 = ORIENTED_EDGE ( 'NONE', *, *, #4266, .T. ) ;
#1006 = CARTESIAN_POINT ( 'NONE',  ( -165.6414876728304932, 76.52169227600100498, 178.7207935539339871 ) ) ;
#1007 = CYLINDRICAL_SURFACE ( 'NONE', #5179, 2.999999999999997780 ) ;
#1008 = CARTESIAN_POINT ( 'NONE',  ( -218.8657760620120314, 89.42653656005859375, 150.7207935539340156 ) ) ;
#1009 = ORIENTED_EDGE ( 'NONE', *, *, #6233, .T. ) ;
#1010 = ORIENTED_EDGE ( 'NONE', *, *, #1795, .F. ) ;
#1011 = ADVANCED_FACE ( 'NONE', ( #6281 ), #2022, .T. ) ;
#1012 = LINE ( 'NONE', #4580, #1964 ) ;
#1013 = AXIS2_PLACEMENT_3D ( 'NONE', #4009, #1167, #6827 ) ;
#1014 = CARTESIAN_POINT ( 'NONE',  ( -83.01557558817088989, 38.02563398808280226, 158.7207935539340156 ) ) ;
#1015 = CARTESIAN_POINT ( 'NONE',  ( -287.5365173306091151, 57.79906878806650639, 158.7988755239290128 ) ) ;
#1016 = ORIENTED_EDGE ( 'NONE', *, *, #309, .F. ) ;
#1017 = DIRECTION ( 'NONE',  ( -1.000000000000000000, -6.409534987526679801E-16, 0.000000000000000000 ) ) ;
#1018 = CARTESIAN_POINT ( 'NONE',  ( 288.0389828369740144, 69.20172317638130721, 158.9790942226899801 ) ) ;
#1019 = EDGE_CURVE ( 'NONE', #5856, #5601, #6648, .T. ) ;
#1020 = CYLINDRICAL_SURFACE ( 'NONE', #3654, 5.000000000000007105 ) ;
#1021 = AXIS2_PLACEMENT_3D ( 'NONE', #5100, #8040, #2331 ) ;
#1022 = ORIENTED_EDGE ( 'NONE', *, *, #3369, .F. ) ;
#1023 = EDGE_LOOP ( 'NONE', ( #5054, #5673, #9292, #2871, #4769 ) ) ;
#1024 = VECTOR ( 'NONE', #2265, 1000.000000000000000 ) ;
#1025 = CARTESIAN_POINT ( 'NONE',  ( -218.8657760620120314, 76.52169227600100498, 158.7207935539340156 ) ) ;
#1026 = VECTOR ( 'NONE', #7229, 1000.000000000000000 ) ;
#1027 = DIRECTION ( 'NONE',  ( -1.000000000000000000, -8.208367319184731110E-11, 0.000000000000000000 ) ) ;
#1028 = EDGE_LOOP ( 'NONE', ( #3317, #6098, #8331, #8416 ) ) ;
#1029 = DIRECTION ( 'NONE',  ( 1.000000000000000000, -4.200383637731605189E-15, -2.751524910221849965E-16 ) ) ;
#1030 =( BOUNDED_CURVE ( )  B_SPLINE_CURVE ( 3, ( #6913, #4043, #3325, #9083 ),
 .UNSPECIFIED., .F., .F. ) 
 B_SPLINE_CURVE_WITH_KNOTS ( ( 4, 4 ),
 ( 1.206495833104517912, 1.570796326794899889 ),
 .UNSPECIFIED. ) 
 CURVE ( )  GEOMETRIC_REPRESENTATION_ITEM ( )  RATIONAL_B_SPLINE_CURVE ( ( 1.000000000000000000, 0.9889709739195210458, 0.9889709739195210458, 1.000000000000000000 ) ) 
 REPRESENTATION_ITEM ( '' )  );
#1031 = CARTESIAN_POINT ( 'NONE',  ( -30.26300430297849786, 96.57703018278820650, 182.2563274598664975 ) ) ;
#1032 = DIRECTION ( 'NONE',  ( 0.000000000000000000, 0.000000000000000000, -1.000000000000000000 ) ) ;
#1033 = ORIENTED_EDGE ( 'NONE', *, *, #2001, .F. ) ;
#1034 = AXIS2_PLACEMENT_3D ( 'NONE', #1173, #3439, #7031 ) ;
#1035 = DIRECTION ( 'NONE',  ( 0.000000000000000000, 0.000000000000000000, -1.000000000000000000 ) ) ;
#1036 = ORIENTED_EDGE ( 'NONE', *, *, #2797, .T. ) ;
#1037 = EDGE_CURVE ( 'NONE', #1934, #9038, #9315, .T. ) ;
#1038 = EDGE_CURVE ( 'NONE', #2986, #2560, #6494, .T. ) ;
#1039 = LINE ( 'NONE', #3938, #7684 ) ;
#1040 = CARTESIAN_POINT ( 'NONE',  ( -185.8610559998539884, 76.52168743035018394, 178.7207935539339871 ) ) ;
#1041 = ORIENTED_EDGE ( 'NONE', *, *, #2061, .T. ) ;
#1042 = FACE_OUTER_BOUND ( 'NONE', #295, .T. ) ;
#1043 = AXIS2_PLACEMENT_3D ( 'NONE', #244, #4481, #825 ) ;
#1044 = CARTESIAN_POINT ( 'NONE',  ( -97.01492246262618835, 137.7344255771860162, 182.1115330082739945 ) ) ;
#1045 = EDGE_LOOP ( 'NONE', ( #3182, #5421, #4011, #1666, #9039 ) ) ;
#1046 = TOROIDAL_SURFACE ( 'NONE', #6415, 17.90484791500050221, 5.000000000000000000 ) ;
#1047 = PLANE ( 'NONE',  #2883 ) ;
#1048 = CARTESIAN_POINT ( 'NONE',  ( -218.8657760620120314, 90.89100265412589863, 182.2563274598670091 ) ) ;
#1049 = VECTOR ( 'NONE', #5838, 1000.000000000000000 ) ;
#1050 = VECTOR ( 'NONE', #8616, 1000.000000000000000 ) ;
#1051 = CARTESIAN_POINT ( 'NONE',  ( -101.0028879108200073, 22.12077956539249968, 155.7207935539340156 ) ) ;
#1052 = ORIENTED_EDGE ( 'NONE', *, *, #686, .F. ) ;
#1053 = EDGE_LOOP ( 'NONE', ( #5928, #471, #4978, #4107, #2604 ) ) ;
#1054 = EDGE_CURVE ( 'NONE', #4913, #5648, #4963, .T. ) ;
#1055 = FACE_OUTER_BOUND ( 'NONE', #3279, .T. ) ;
#1056 = AXIS2_PLACEMENT_3D ( 'NONE', #5524, #479, #5666 ) ;
#1057 = CARTESIAN_POINT ( 'NONE',  ( 98.64490509033210230, 76.52169227600100498, 178.7207935539339871 ) ) ;
#1058 = VECTOR ( 'NONE', #5683, 1000.000000000000000 ) ;
#1059 = CYLINDRICAL_SURFACE ( 'NONE', #4528, 12.90500640869139737 ) ;
#1060 = EDGE_LOOP ( 'NONE', ( #1972, #4736, #1966, #7469 ) ) ;
#1061 = EDGE_LOOP ( 'NONE', ( #3560, #6434, #140, #5963, #5366 ) ) ;
#1062 = DIRECTION ( 'NONE',  ( 0.000000000000000000, 1.000000000000000000, 0.000000000000000000 ) ) ;
#1063 = EDGE_CURVE ( 'NONE', #2790, #4507, #367, .T. ) ;
#1064 = CARTESIAN_POINT ( 'NONE',  ( 143.8209962844850054, 96.89302241451051145, 183.7207935539340156 ) ) ;
#1065 = CIRCLE ( 'NONE', #305, 15.90485382080081322 ) ;
#1066 = CARTESIAN_POINT ( 'NONE',  ( -146.1789941787719727, 46.32125139236439537, 178.7207935539339871 ) ) ;
#1067 = VERTEX_POINT ( 'NONE', #9269 ) ;
#1068 = CARTESIAN_POINT ( 'NONE',  ( -134.7493362426759802, 22.12078094482420099, 158.7207935539340156 ) ) ;
#1069 = DIRECTION ( 'NONE',  ( 0.000000000000000000, 0.000000000000000000, -1.000000000000000000 ) ) ;
#1070 = DIRECTION ( 'NONE',  ( 1.000000000000000000, -4.163336342344419857E-15, 0.000000000000000000 ) ) ;
#1071 = ORIENTED_EDGE ( 'NONE', *, *, #2236, .T. ) ;
#1072 = EDGE_LOOP ( 'NONE', ( #6380, #9491, #3402, #4448, #1347 ) ) ;
#1073 = FACE_OUTER_BOUND ( 'NONE', #9216, .T. ) ;
#1074 = EDGE_CURVE ( 'NONE', #6073, #2327, #1925, .T. ) ;
#1075 = CARTESIAN_POINT ( 'NONE',  ( -185.8610559998519705, 22.12077808834190051, 155.7207935539340156 ) ) ;
#1076 = EDGE_CURVE ( 'NONE', #8405, #4713, #9027, .T. ) ;
#1077 = DIRECTION ( 'NONE',  ( 1.000000000000000000, -1.226859234463580202E-08, 0.000000000000000000 ) ) ;
#1078 = ORIENTED_EDGE ( 'NONE', *, *, #574, .T. ) ;
#1079 = ADVANCED_FACE ( 'NONE', ( #1244 ), #7771, .T. ) ;
#1080 = CARTESIAN_POINT ( 'NONE',  ( -288.9071174014729877, 59.41987402327729484, 158.7207935539340156 ) ) ;
#1081 = ORIENTED_EDGE ( 'NONE', *, *, #2524, .F. ) ;
#1082 = CARTESIAN_POINT ( 'NONE',  ( -45.45299509106060043, 75.12078285217289420, 158.7207935539340156 ) ) ;
#1084 = EDGE_CURVE ( 'NONE', #7310, #8517, #1345, .T. ) ;
#1083 = CIRCLE ( 'NONE', #4310, 4.999999999999997335 ) ;
#1085 = EDGE_CURVE ( 'NONE', #6717, #5103, #59, .T. ) ;
#1086 = DIRECTION ( 'NONE',  ( 1.000000000000000000, 1.835214905568972190E-16, 0.000000000000000000 ) ) ;
#1087 = VECTOR ( 'NONE', #3425, 1000.000000000000000 ) ;
#1088 = DIRECTION ( 'NONE',  ( 0.000000000000000000, 1.000000000000000000, 0.000000000000000000 ) ) ;
#1089 = EDGE_CURVE ( 'NONE', #952, #603, #8349, .T. ) ;
#1090 = ORIENTED_EDGE ( 'NONE', *, *, #4334, .F. ) ;
#1091 = VECTOR ( 'NONE', #8441, 1000.000000000000000 ) ;
#1092 = DIRECTION ( 'NONE',  ( 0.000000000000000000, 0.000000000000000000, -1.000000000000000000 ) ) ;
#1093 = ORIENTED_EDGE ( 'NONE', *, *, #2808, .T. ) ;
#1094 = AXIS2_PLACEMENT_3D ( 'NONE', #1246, #9318, #7099 ) ;
#1095 = CARTESIAN_POINT ( 'NONE',  ( -218.8657760620120314, 76.52169227600100498, 178.7207935539339871 ) ) ;
#1096 =( BOUNDED_CURVE ( )  B_SPLINE_CURVE ( 3, ( #350, #8378, #9097, #7649 ),
 .UNSPECIFIED., .F., .T. ) 
 B_SPLINE_CURVE_WITH_KNOTS ( ( 4, 4 ),
 ( 5.497787143782129959, 5.918884813489239782 ),
 .UNSPECIFIED. ) 
 CURVE ( )  GEOMETRIC_REPRESENTATION_ITEM ( )  RATIONAL_B_SPLINE_CURVE ( ( 1.000000000000000000, 0.9852775715801360690, 0.9852775715801360690, 1.000000000000000000 ) ) 
 REPRESENTATION_ITEM ( '' )  );
#1097 = EDGE_CURVE ( 'NONE', #3430, #1621, #3747, .T. ) ;
#1098 = DIRECTION ( 'NONE',  ( 0.000000000000000000, 0.000000000000000000, -1.000000000000000000 ) ) ;
#1099 = ORIENTED_EDGE ( 'NONE', *, *, #8213, .F. ) ;
#1100 = CARTESIAN_POINT ( 'NONE',  ( -45.45299509106060043, 75.12078285217289420, 178.7207935539339871 ) ) ;
#1101 = CIRCLE ( 'NONE', #5086, 17.90484428405759942 ) ;
#1102 = DIRECTION ( 'NONE',  ( 0.000000000000000000, 0.000000000000000000, -1.000000000000000000 ) ) ;
#1103 = ORIENTED_EDGE ( 'NONE', *, *, #3019, .T. ) ;
#1104 = CARTESIAN_POINT ( 'NONE',  ( 287.5567892597194373, 67.14722972510092802, 158.7208469929047965 ) ) ;
#1105 = CARTESIAN_POINT ( 'NONE',  ( -152.7366447448729900, 8.337247467583070559, 157.8421138974935047 ) ) ;
#1106 = LINE ( 'NONE', #238, #2972 ) ;
#1107 = CARTESIAN_POINT ( 'NONE',  ( 284.6089456725796936, 77.86537028819840600, 183.6584847802816114 ) ) ;
#1108 = EDGE_LOOP ( 'NONE', ( #9270, #8100, #2024, #9476, #5549, #6943, #1546 ) ) ;
#1109 = EDGE_CURVE ( 'NONE', #4878, #7424, #3290, .T. ) ;
#1110 = ORIENTED_EDGE ( 'NONE', *, *, #2175, .T. ) ;
#1111 = CARTESIAN_POINT ( 'NONE',  ( -94.67898941040009220, 115.8346203221669981, 183.7207935539340156 ) ) ;
#1112 = CARTESIAN_POINT ( 'NONE',  ( -169.2982045593264786, 70.93317472991778061, 183.7048538216819509 ) ) ;
#1113 = EDGE_CURVE ( 'NONE', #6823, #1533, #5026, .T. ) ;
#1114 = DIRECTION ( 'NONE',  ( 2.357670551379990086E-15, -1.000000000000000000, 0.000000000000000000 ) ) ;
#1115 = EDGE_LOOP ( 'NONE', ( #1389, #4354, #9509, #1745 ) ) ;
#1116 = ORIENTED_EDGE ( 'NONE', *, *, #8213, .T. ) ;
#1117 = FACE_OUTER_BOUND ( 'NONE', #7323, .T. ) ;
#1118 = DIRECTION ( 'NONE',  ( 0.000000000000000000, 0.000000000000000000, 1.000000000000000000 ) ) ;
#1119 = EDGE_CURVE ( 'NONE', #3108, #3466, #2066, .T. ) ;
#1120 = DIRECTION ( 'NONE',  ( 1.000000000000000000, 0.000000000000000000, 0.000000000000000000 ) ) ;
#1121 = VERTEX_POINT ( 'NONE', #2202 ) ;
#1122 = DIRECTION ( 'NONE',  ( 1.000000000000000000, -4.362752391243203476E-16, 0.000000000000000000 ) ) ;
#1123 = CARTESIAN_POINT ( 'NONE',  ( 200.0055907228093588, 80.34730536152811453, 183.6267765698633241 ) ) ;
#1124 = TOROIDAL_SURFACE ( 'NONE', #7723, 15.90485382080079901, 3.000000000000000000 ) ;
#1125 = CARTESIAN_POINT ( 'NONE',  ( 115.5181136428865756, 80.02045182527508871, 183.6753336415009414 ) ) ;
#1126 = VERTEX_POINT ( 'NONE', #8103 ) ;
#1127 = ORIENTED_EDGE ( 'NONE', *, *, #4904, .F. ) ;
#1128 = CARTESIAN_POINT ( 'NONE',  ( -62.68753155976759928, 93.04149627685561086, 178.7207935539339871 ) ) ;
#1129 = ADVANCED_FACE ( 'NONE', ( #8729 ), #83, .F. ) ;
#1130 = CARTESIAN_POINT ( 'NONE',  ( -101.0029026989031991, 8.337246719237610293, 157.8421140558189961 ) ) ;
#1131 = EDGE_LOOP ( 'NONE', ( #4057, #4186, #1419, #313, #7244 ) ) ;
#1132 = B_SPLINE_CURVE_WITH_KNOTS ( 'NONE', 3,
 ( #2044, #3340, #5634, #351, #2719, #7651, #5587 ),
 .UNSPECIFIED., .F., .F.,
 ( 4, 1, 1, 1, 4 ),
 ( 0.000000000000000000, 0.1192167443765286133, 0.3394125582823964704, 0.5596083721882644246, 1.000000000000000000 ),
 .UNSPECIFIED. ) ;
#1133 = DIRECTION ( 'NONE',  ( 0.000000000000000000, 1.000000000000000000, 0.000000000000000000 ) ) ;
#1134 = ORIENTED_EDGE ( 'NONE', *, *, #4746, .F. ) ;
#1135 = CARTESIAN_POINT ( 'NONE',  ( 150.3786849975589917, 76.52169227600100498, 148.7207935539339871 ) ) ;
#1136 = CARTESIAN_POINT ( 'NONE',  ( -291.1789894103999927, 98.89977624330829542, 179.8427909302159833 ) ) ;
#1137 = DIRECTION ( 'NONE',  ( 0.000000000000000000, 0.000000000000000000, 1.000000000000000000 ) ) ;
#1138 = VERTEX_POINT ( 'NONE', #6503 ) ;
#1139 = CIRCLE ( 'NONE', #6491, 5.000000000000004441 ) ;
#1140 = ADVANCED_FACE ( 'NONE', ( #8055 ), #5159, .F. ) ;
#1141 = FACE_OUTER_BOUND ( 'NONE', #2294, .T. ) ;
#1142 = CIRCLE ( 'NONE', #3756, 5.000000000000004441 ) ;
#1143 = LINE ( 'NONE', #1922, #2173 ) ;
#1144 = VECTOR ( 'NONE', #4462, 1000.000000000000000 ) ;
#1145 = DIRECTION ( 'NONE',  ( 1.000000000000000000, 0.000000000000000000, 0.000000000000000000 ) ) ;
#1146 = ORIENTED_EDGE ( 'NONE', *, *, #3265, .F. ) ;
#1147 = DIRECTION ( 'NONE',  ( 0.9999999999999995559, 2.745767258921879090E-08, 0.000000000000000000 ) ) ;
#1148 = FACE_OUTER_BOUND ( 'NONE', #193, .T. ) ;
#1149 = EDGE_LOOP ( 'NONE', ( #254, #6790, #5083, #2725 ) ) ;
#1150 = CARTESIAN_POINT ( 'NONE',  ( 287.0530213773927244, 64.35380065301323782, 158.7213611433276128 ) ) ;
#1151 = AXIS2_PLACEMENT_3D ( 'NONE', #9382, #1487, #5810 ) ;
#1152 = CARTESIAN_POINT ( 'NONE',  ( -286.1789894103999927, 97.21311774785391435, 183.7207935539340440 ) ) ;
#1153 = CARTESIAN_POINT ( 'NONE',  ( -269.8896011046559806, 63.61684799194339490, 150.7207935539340156 ) ) ;
#1154 = DIRECTION ( 'NONE',  ( 1.000000000000000000, 9.251858538542850737E-15, 0.000000000000000000 ) ) ;
#1155 = ORIENTED_EDGE ( 'NONE', *, *, #7133, .F. ) ;
#1156 = ORIENTED_EDGE ( 'NONE', *, *, #969, .T. ) ;
#1157 = LINE ( 'NONE', #6970, #6739 ) ;
#1158 = ADVANCED_FACE ( 'NONE', ( #6605 ), #5419, .T. ) ;
#1159 = CARTESIAN_POINT ( 'NONE',  ( -261.1789894103999359, 76.32125139236450195, 178.7207935539339871 ) ) ;
#1160 = DIRECTION ( 'NONE',  ( 0.000000000000000000, 0.000000000000000000, -1.000000000000000000 ) ) ;
#1161 = ORIENTED_EDGE ( 'NONE', *, *, #7672, .F. ) ;
#1162 = CARTESIAN_POINT ( 'NONE',  ( 78.23455810546869316, 110.9465026855470029, 183.7207935539340156 ) ) ;
#1163 = CARTESIAN_POINT ( 'NONE',  ( -202.3634170452927776, 82.84860010757044790, 183.7207935539339871 ) ) ;
#1164 = CIRCLE ( 'NONE', #6220, 30.00000000000001066 ) ;
#1165 = EDGE_CURVE ( 'NONE', #8936, #8801, #2297, .T. ) ;
#1166 = EDGE_CURVE ( 'NONE', #8655, #2619, #5662, .T. ) ;
#1167 = DIRECTION ( 'NONE',  ( 1.000000000000000000, 0.000000000000000000, 0.000000000000000000 ) ) ;
#1168 = CARTESIAN_POINT ( 'NONE',  ( 80.65757751464849434, 58.61684799194339490, 183.7207935539340156 ) ) ;
#1169 = EDGE_LOOP ( 'NONE', ( #9024, #4874, #9392, #3819, #3223 ) ) ;
#1170 = FACE_OUTER_BOUND ( 'NONE', #7784, .T. ) ;
#1171 = AXIS2_PLACEMENT_3D ( 'NONE', #8963, #1027, #8297 ) ;
#1172 = CARTESIAN_POINT ( 'NONE',  ( 288.5124402530399834, 0.3085512630730712913, 157.2719855041262917 ) ) ;
#1173 = CARTESIAN_POINT ( 'NONE',  ( 132.3913249411490085, 94.42653656005869323, 178.7207935539339871 ) ) ;
#1174 = ORIENTED_EDGE ( 'NONE', *, *, #6733, .T. ) ;
#1175 = AXIS2_PLACEMENT_3D ( 'NONE', #449, #5930, #2431 ) ;
#1176 = EDGE_LOOP ( 'NONE', ( #1585, #61, #1559, #265 ) ) ;
#1177 = DIRECTION ( 'NONE',  ( 1.000000000000000000, 6.974437143599260226E-16, 0.000000000000000000 ) ) ;
#1178 = CARTESIAN_POINT ( 'NONE',  ( -146.1789941787719727, 96.89302241451029829, 181.2207935539339871 ) ) ;
#1179 = VECTOR ( 'NONE', #4335, 1000.000000000000114 ) ;
#1180 = DIRECTION ( 'NONE',  ( 0.000000000000000000, 1.000000000000000000, 0.000000000000000000 ) ) ;
#1181 = ORIENTED_EDGE ( 'NONE', *, *, #7603, .T. ) ;
#1182 = CIRCLE ( 'NONE', #2418, 15.90485382080079901 ) ;
#1183 = CARTESIAN_POINT ( 'NONE',  ( -194.6789894103999927, 96.89302241451029829, 183.7207935539340156 ) ) ;
#1184 = EDGE_LOOP ( 'NONE', ( #4499, #6086 ) ) ;
#1185 = LINE ( 'NONE', #7043, #3992 ) ;
#1186 = CARTESIAN_POINT ( 'NONE',  ( -286.1789894103999927, 98.63017898587460763, 183.0186497902790279 ) ) ;
#1187 = AXIS2_PLACEMENT_3D ( 'NONE', #5243, #3821, #5966 ) ;
#1188 = CARTESIAN_POINT ( 'NONE',  ( 288.8209915161129970, 76.32125139236430300, 158.7207935539340156 ) ) ;
#1189 = VERTEX_POINT ( 'NONE', #2968 ) ;
#1190 = CARTESIAN_POINT ( 'NONE',  ( -101.0028839111329972, 76.52169227600100498, 153.7207935539340156 ) ) ;
#1191 = AXIS2_PLACEMENT_3D ( 'NONE', #1001, #7636, #3998 ) ;
#1192 = EDGE_CURVE ( 'NONE', #6711, #6873, #6989, .T. ) ;
#1193 = DIRECTION ( 'NONE',  ( 1.000000000000000000, -7.788590840987949389E-17, 0.000000000000000000 ) ) ;
#1194 = DIRECTION ( 'NONE',  ( 0.000000000000000000, 1.000000000000000000, 0.000000000000000000 ) ) ;
#1195 = ORIENTED_EDGE ( 'NONE', *, *, #5016, .T. ) ;
#1196 = LINE ( 'NONE', #2742, #8313 ) ;
#1197 = VECTOR ( 'NONE', #3393, 1000.000000000000000 ) ;
#1198 = CIRCLE ( 'NONE', #726, 12.90485334804940720 ) ;
#1199 = ORIENTED_EDGE ( 'NONE', *, *, #6211, .F. ) ;
#1200 = CARTESIAN_POINT ( 'NONE',  ( 286.5786132686723136, 61.57101502936624371, 158.7218831551776930 ) ) ;
#1201 = DIRECTION ( 'NONE',  ( -6.968545807910381742E-13, -1.000000000000000000, 0.000000000000000000 ) ) ;
#1202 = DIRECTION ( 'NONE',  ( 0.000000000000000000, 0.000000000000000000, 1.000000000000000000 ) ) ;
#1203 = FACE_OUTER_BOUND ( 'NONE', #2393, .T. ) ;
#1204 = VERTEX_POINT ( 'NONE', #7277 ) ;
#1205 = EDGE_CURVE ( 'NONE', #5236, #3918, #3637, .T. ) ;
#1206 = ORIENTED_EDGE ( 'NONE', *, *, #5745, .F. ) ;
#1207 = CARTESIAN_POINT ( 'NONE',  ( 267.5316238403320312, 76.52169227600100498, 178.7207935539339871 ) ) ;
#1208 = EDGE_CURVE ( 'NONE', #3477, #7641, #6881, .T. ) ;
#1209 = DIRECTION ( 'NONE',  ( 0.000000000000000000, 1.000000000000000000, 0.000000000000000000 ) ) ;
#1210 = AXIS2_PLACEMENT_3D ( 'NONE', #4364, #8779, #4273 ) ;
#1211 = DIRECTION ( 'NONE',  ( 0.000000000000000000, -1.000000000000000000, 0.000000000000000000 ) ) ;
#1212 = ORIENTED_EDGE ( 'NONE', *, *, #3532, .F. ) ;
#1213 = EDGE_CURVE ( 'NONE', #4949, #6429, #6657, .T. ) ;
#1214 = VECTOR ( 'NONE', #9084, 1000.000000000000000 ) ;
#1215 = VECTOR ( 'NONE', #8130, 1000.000000000000000 ) ;
#1216 = ORIENTED_EDGE ( 'NONE', *, *, #7883, .T. ) ;
#1217 = CARTESIAN_POINT ( 'NONE',  ( -202.3634136289981313, 79.83711713121931552, 183.6043602874039777 ) ) ;
#1218 = B_SPLINE_CURVE_WITH_KNOTS ( 'NONE', 3,
 ( #4812, #1990, #4712, #6974, #5478, #396, #7699, #7743, #1382, #345, #9136, #6342, #7066, #489, #1112, #441, #3284 ),
 .UNSPECIFIED., .F., .F.,
 ( 4, 2, 2, 1, 1, 1, 2, 2, 2, 4 ),
 ( 0.000000000000000000, 0.2499999999999101830, 0.3749999999998652744, 0.4374999999998457900, 0.4687499999998362976, 0.4843749999998347433, 0.4921874999998371858, 0.4999999999998395728, 0.7499999999999197309, 1.000000000000000000 ),
 .UNSPECIFIED. ) ;
#1219 = CARTESIAN_POINT ( 'NONE',  ( 166.9408770293939881, 75.99040085427019164, 183.5371495342991750 ) ) ;
#1220 = TOROIDAL_SURFACE ( 'NONE', #592, 15.90485382080079901, 3.000000000000000000 ) ;
#1221 = DIRECTION ( 'NONE',  ( 0.000000000000000000, 0.000000000000000000, 1.000000000000000000 ) ) ;
#1222 = VERTEX_POINT ( 'NONE', #8774 ) ;
#1223 = DIRECTION ( 'NONE',  ( -1.000000000000000000, -4.342824285326365118E-16, 2.991839073662619936E-16 ) ) ;
#1224 = AXIS2_PLACEMENT_3D ( 'NONE', #4535, #8379, #832 ) ;
#1225 = CARTESIAN_POINT ( 'NONE',  ( 200.0054622147786745, 79.89494495315761924, 183.6068733515558620 ) ) ;
#1226 = EDGE_CURVE ( 'NONE', #839, #6910, #7654, .T. ) ;
#1227 = AXIS2_PLACEMENT_3D ( 'NONE', #8536, #7859, #8491 ) ;
#1228 = ORIENTED_EDGE ( 'NONE', *, *, #8247, .T. ) ;
#1229 = ORIENTED_EDGE ( 'NONE', *, *, #1192, .F. ) ;
#1230 = CARTESIAN_POINT ( 'NONE',  ( -291.1789894103999927, 76.32125139236450195, 155.7207935539340156 ) ) ;
#1231 = CIRCLE ( 'NONE', #2465, 4.999999999999893419 ) ;
#1232 = FACE_OUTER_BOUND ( 'NONE', #375, .T. ) ;
#1233 = CARTESIAN_POINT ( 'NONE',  ( -134.7493362426759802, 9.215927124023428618, 138.7207935539339871 ) ) ;
#1234 = EDGE_LOOP ( 'NONE', ( #5323, #6696, #4296, #5994, #6001 ) ) ;
#1235 = CARTESIAN_POINT ( 'NONE',  ( 27.90500640869134941, 125.3159751883050035, 182.2563274598670091 ) ) ;
#1236 = DIRECTION ( 'NONE',  ( 1.000000000000000000, 0.000000000000000000, 0.000000000000000000 ) ) ;
#1237 = CARTESIAN_POINT ( 'NONE',  ( -152.7366447448729900, 22.12078094482420099, 155.7207935539340156 ) ) ;
#1238 = CARTESIAN_POINT ( 'NONE',  ( 285.2854576101802877, 98.63017898587453658, 183.0186497902790279 ) ) ;
#1239 = ORIENTED_EDGE ( 'NONE', *, *, #4537, .T. ) ;
#1240 = EDGE_CURVE ( 'NONE', #4119, #7362, #2300, .T. ) ;
#1241 = ADVANCED_FACE ( 'NONE', ( #177 ), #7192, .T. ) ;
#1242 = DIRECTION ( 'NONE',  ( -1.000000000000000000, 1.226857397668939892E-08, 2.580615008510229635E-17 ) ) ;
#1243 = DIRECTION ( 'NONE',  ( 2.775557561562890168E-15, 1.000000000000000000, 0.000000000000000000 ) ) ;
#1244 = FACE_OUTER_BOUND ( 'NONE', #8086, .T. ) ;
#1245 = EDGE_LOOP ( 'NONE', ( #5565, #8145, #8121, #588, #8282, #5832 ) ) ;
#1246 = CARTESIAN_POINT ( 'NONE',  ( -23.31599701963950011, 93.02577972412109375, 178.7207935539339871 ) ) ;
#1247 = CIRCLE ( 'NONE', #2027, 4.999999999999900524 ) ;
#1248 = CARTESIAN_POINT ( 'NONE',  ( 286.4807468103560950, 60.99685317858796196, 158.7219167230300343 ) ) ;
#1249 = AXIS2_PLACEMENT_3D ( 'NONE', #1100, #4560, #9123 ) ;
#1250 = CARTESIAN_POINT ( 'NONE',  ( -285.7944564819339917, 22.12078094482420099, 155.7207935539340156 ) ) ;
#1251 = DIRECTION ( 'NONE',  ( -1.000000000000000000, 0.000000000000000000, 0.000000000000000000 ) ) ;
#1252 = LINE ( 'NONE', #6379, #6032 ) ;
#1253 = EDGE_LOOP ( 'NONE', ( #8330, #3423, #9467, #920, #6208 ) ) ;
#1254 = EDGE_LOOP ( 'NONE', ( #3445, #1492, #5125, #5553 ) ) ;
#1255 = DIRECTION ( 'NONE',  ( 0.000000000000000000, 1.000000000000000000, 0.000000000000000000 ) ) ;
#1256 = DIRECTION ( 'NONE',  ( 2.150785743182216738E-15, 1.000000000000000000, 0.000000000000000000 ) ) ;
#1257 = ORIENTED_EDGE ( 'NONE', *, *, #1119, .T. ) ;
#1258 = CARTESIAN_POINT ( 'NONE',  ( 286.9586961308518198, 97.44608627989340732, 182.6520111800026598 ) ) ;
#1259 = CARTESIAN_POINT ( 'NONE',  ( -202.3627324744266502, 82.23779840812356667, 183.7037102102068786 ) ) ;
#1260 = AXIS2_PLACEMENT_3D ( 'NONE', #7270, #4492, #3628 ) ;
#1261 = ADVANCED_FACE ( 'NONE', ( #316 ), #6029, .T. ) ;
#1262 = ADVANCED_FACE ( 'NONE', ( #4689 ), #3256, .T. ) ;
#1263 = CARTESIAN_POINT ( 'NONE',  ( -244.3776893615730046, 22.12078094482420099, 143.7207935539339871 ) ) ;
#1264 = FACE_OUTER_BOUND ( 'NONE', #4126, .T. ) ;
#1265 = VERTEX_POINT ( 'NONE', #8921 ) ;
#1266 = AXIS2_PLACEMENT_3D ( 'NONE', #2658, #6426, #4990 ) ;
#1267 = CARTESIAN_POINT ( 'NONE',  ( 283.8209915161129970, 76.32125139236430300, 178.7207935539339871 ) ) ;
#1268 = EDGE_LOOP ( 'NONE', ( #2661, #7412, #4166, #7403, #2426, #5051 ) ) ;
#1269 = EDGE_LOOP ( 'NONE', ( #9303, #201, #6339, #9400 ) ) ;
#1270 = ADVANCED_FACE ( 'NONE', ( #2537 ), #6700, .T. ) ;
#1271 = ORIENTED_EDGE ( 'NONE', *, *, #3738, .T. ) ;
#1272 = FACE_OUTER_BOUND ( 'NONE', #5425, .T. ) ;
#1273 = DIRECTION ( 'NONE',  ( -1.000000000000000000, 0.000000000000000000, 0.000000000000000000 ) ) ;
#1274 = DIRECTION ( 'NONE',  ( 1.075393666311713415E-15, -1.000000000000000000, 0.000000000000000000 ) ) ;
#1275 = VERTEX_POINT ( 'NONE', #4735 ) ;
#1276 = CARTESIAN_POINT ( 'NONE',  ( 143.8209962844850054, 3.000000000000000000, 155.7207935539340156 ) ) ;
#1277 = AXIS2_PLACEMENT_3D ( 'NONE', #3398, #8530, #1861 ) ;
#1278 = DIRECTION ( 'NONE',  ( 0.000000000000000000, 0.000000000000000000, -1.000000000000000000 ) ) ;
#1279 = CARTESIAN_POINT ( 'NONE',  ( -290.7214020246750010, 100.7804654532650090, 180.0663093133530310 ) ) ;
#1280 = EDGE_CURVE ( 'NONE', #3466, #5886, #7524, .T. ) ;
#1281 = CARTESIAN_POINT ( 'NONE',  ( 200.0054695258956201, 73.34613576995531048, 183.5983512076025477 ) ) ;
#1282 = ORIENTED_EDGE ( 'NONE', *, *, #4320, .F. ) ;
#1283 = AXIS2_PLACEMENT_3D ( 'NONE', #9205, #5262, #3843 ) ;
#1284 = DIRECTION ( 'NONE',  ( -8.326672684687951457E-15, -1.000000000000000000, 0.000000000000000000 ) ) ;
#1285 = AXIS2_PLACEMENT_3D ( 'NONE', #9398, #1317, #2821 ) ;
#1286 = AXIS2_PLACEMENT_3D ( 'NONE', #2159, #3016, #651 ) ;
#1287 = CARTESIAN_POINT ( 'NONE',  ( -45.45299509106060043, 75.12078285217289420, 178.7207935539339871 ) ) ;
#1288 = EDGE_CURVE ( 'NONE', #8751, #5709, #5964, .T. ) ;
#1289 = EDGE_CURVE ( 'NONE', #1371, #8589, #8249, .T. ) ;
#1290 = CARTESIAN_POINT ( 'NONE',  ( 60.32955169677730112, 123.8515090942380112, 183.7207935539340156 ) ) ;
#1291 = ORIENTED_EDGE ( 'NONE', *, *, #3459, .F. ) ;
#1292 = DIRECTION ( 'NONE',  ( 0.000000000000000000, 0.000000000000000000, -1.000000000000000000 ) ) ;
#1293 = CARTESIAN_POINT ( 'NONE',  ( -152.7366447448729900, 22.12078094482420099, 155.7207935539340156 ) ) ;
#1294 = CIRCLE ( 'NONE', #2218, 12.90484886281040744 ) ;
#1295 = CARTESIAN_POINT ( 'NONE',  ( -152.7366433896910110, 89.42653656005859375, 158.7207935539340156 ) ) ;
#1296 = CARTESIAN_POINT ( 'NONE',  ( -62.68753155976759928, 128.8515090942379970, 178.7207935539339871 ) ) ;
#1297 = CARTESIAN_POINT ( 'NONE',  ( 48.73295426496270011, 6.215924776715159084, 158.7207935539340156 ) ) ;
#1298 = ORIENTED_EDGE ( 'NONE', *, *, #745, .F. ) ;
#1299 = EDGE_LOOP ( 'NONE', ( #2522, #7033, #2801, #2115 ) ) ;
#1300 = DIRECTION ( 'NONE',  ( 0.000000000000000000, 0.000000000000000000, -1.000000000000000000 ) ) ;
#1301 = VECTOR ( 'NONE', #6475, 1000.000000000000000 ) ;
#1302 = CARTESIAN_POINT ( 'NONE',  ( 150.3786849975589917, 9.215927124023428618, 158.7207935539340156 ) ) ;
#1303 = ORIENTED_EDGE ( 'NONE', *, *, #2291, .T. ) ;
#1304 = DIRECTION ( 'NONE',  ( -6.264543381974626643E-07, -0.9999999999997436495, 3.464102065147723581E-07 ) ) ;
#1305 = DIRECTION ( 'NONE',  ( -1.000000000000000000, 8.176424475957199265E-17, -8.176424475957199265E-17 ) ) ;
#1306 = DIRECTION ( 'NONE',  ( -3.372392848055450117E-16, -1.000000000000000000, 0.000000000000000000 ) ) ;
#1307 = AXIS2_PLACEMENT_3D ( 'NONE', #385, #7006, #3321 ) ;
#1308 = CARTESIAN_POINT ( 'NONE',  ( -62.68753156017800876, 98.04149627685548296, 158.7207935539340156 ) ) ;
#1309 = ORIENTED_EDGE ( 'NONE', *, *, #2175, .F. ) ;
#1310 = DIRECTION ( 'NONE',  ( 1.000000000000000000, -3.029120467170619751E-17, 0.000000000000000000 ) ) ;
#1311 = EDGE_CURVE ( 'NONE', #5575, #2385, #9061, .T. ) ;
#1312 = DIRECTION ( 'NONE',  ( 1.000000000000000000, 2.775557561562888984E-15, 0.000000000000000000 ) ) ;
#1313 = ORIENTED_EDGE ( 'NONE', *, *, #6075, .F. ) ;
#1314 = ORIENTED_EDGE ( 'NONE', *, *, #8005, .T. ) ;
#1315 = EDGE_LOOP ( 'NONE', ( #9333, #7966, #110, #8168 ) ) ;
#1316 = CARTESIAN_POINT ( 'NONE',  ( 183.5030736399810110, 76.52168743035359455, 133.7207935539339871 ) ) ;
#1317 = DIRECTION ( 'NONE',  ( 0.000000000000000000, 1.000000000000000000, 0.000000000000000000 ) ) ;
#1318 = CARTESIAN_POINT ( 'NONE',  ( -218.8657760620120314, 9.215927124023419736, 158.7207935539340156 ) ) ;
#1319 = ORIENTED_EDGE ( 'NONE', *, *, #5111, .F. ) ;
#1320 = VECTOR ( 'NONE', #7370, 1000.000000000000000 ) ;
#1321 = DIRECTION ( 'NONE',  ( 1.000000000000000000, 0.000000000000000000, 0.000000000000000000 ) ) ;
#1322 = CARTESIAN_POINT ( 'NONE',  ( -51.09094142913819780, 94.42653656005860796, 178.7207935539339871 ) ) ;
#1323 = EDGE_CURVE ( 'NONE', #1138, #215, #7344, .T. ) ;
#1324 = CARTESIAN_POINT ( 'NONE',  ( -168.6414985656739702, 22.12078094482420099, 155.7207935539340156 ) ) ;
#1325 = EDGE_CURVE ( 'NONE', #4094, #7047, #8583, .T. ) ;
#1326 = CARTESIAN_POINT ( 'NONE',  ( -96.44675636336651792, 117.6023872751334096, 182.9885605069005123 ) ) ;
#1327 = ORIENTED_EDGE ( 'NONE', *, *, #2562, .F. ) ;
#1328 = CARTESIAN_POINT ( 'NONE',  ( -67.96416782819719060, 58.61684799194339490, 178.7207935539339871 ) ) ;
#1329 = CARTESIAN_POINT ( 'NONE',  ( -96.69674166329195941, 137.4162447778517446, 182.7385752069747582 ) ) ;
#1330 = CIRCLE ( 'NONE', #8394, 30.00000000000000711 ) ;
#1331 = CARTESIAN_POINT ( 'NONE',  ( 283.8209915161129970, 98.39998783115261460, 183.2410691745502618 ) ) ;
#1332 = ORIENTED_EDGE ( 'NONE', *, *, #6420, .T. ) ;
#1333 = DIRECTION ( 'NONE',  ( 0.000000000000000000, 0.000000000000000000, -1.000000000000000000 ) ) ;
#1334 = EDGE_CURVE ( 'NONE', #1621, #2007, #6686, .T. ) ;
#1335 = ADVANCED_FACE ( 'NONE', ( #4643 ), #9011, .T. ) ;
#1336 = DIRECTION ( 'NONE',  ( -1.000000000000000000, 0.000000000000000000, 0.000000000000000000 ) ) ;
#1337 = AXIS2_PLACEMENT_3D ( 'NONE', #6978, #2428, #4770 ) ;
#1338 = DIRECTION ( 'NONE',  ( -0.9999999999999995559, -2.745767251132242168E-08, 0.000000000000000000 ) ) ;
#1339 = DIRECTION ( 'NONE',  ( -8.818228063756050507E-11, 1.000000000000000000, 0.000000000000000000 ) ) ;
#1340 = DIRECTION ( 'NONE',  ( 0.000000000000000000, 0.000000000000000000, 1.000000000000000000 ) ) ;
#1341 = ORIENTED_EDGE ( 'NONE', *, *, #554, .T. ) ;
#1342 = ORIENTED_EDGE ( 'NONE', *, *, #2071, .F. ) ;
#1343 = CARTESIAN_POINT ( 'NONE',  ( -172.9562072518735079, 22.12077844267899707, 158.7207935539340156 ) ) ;
#1344 = AXIS2_PLACEMENT_3D ( 'NONE', #8104, #1531, #2304 ) ;
#1345 =( BOUNDED_CURVE ( )  B_SPLINE_CURVE ( 3, ( #4178, #5611, #7097, #7328 ),
 .UNSPECIFIED., .F., .T. ) 
 B_SPLINE_CURVE_WITH_KNOTS ( ( 4, 4 ),
 ( 0.7853981633976849785, 1.570796326794895004 ),
 .UNSPECIFIED. ) 
 CURVE ( )  GEOMETRIC_REPRESENTATION_ITEM ( )  RATIONAL_B_SPLINE_CURVE ( ( 1.000000000000000000, 0.9492530216742209870, 0.9492530216742209870, 1.000000000000000000 ) ) 
 REPRESENTATION_ITEM ( '' )  );
#1346 = CARTESIAN_POINT ( 'NONE',  ( -117.8759998990641833, 73.79613620347855374, 183.6542033686493482 ) ) ;
#1347 = ORIENTED_EDGE ( 'NONE', *, *, #1456, .T. ) ;
#1348 = CARTESIAN_POINT ( 'NONE',  ( 288.8209915161129970, 157.1217411417439962, 158.7207935539340156 ) ) ;
#1349 = CARTESIAN_POINT ( 'NONE',  ( -202.3632830264638756, 80.34740398298181674, 183.6267767604571475 ) ) ;
#1350 = VECTOR ( 'NONE', #5912, 1000.000000000000000 ) ;
#1351 = ADVANCED_FACE ( 'NONE', ( #9109 ), #888, .T. ) ;
#1352 = CARTESIAN_POINT ( 'NONE',  ( -83.01558317658980002, 22.12078010271740069, 158.7207935539340156 ) ) ;
#1353 = CYLINDRICAL_SURFACE ( 'NONE', #2774, 2.999999999999999112 ) ;
#1354 = ORIENTED_EDGE ( 'NONE', *, *, #5835, .T. ) ;
#1355 = CIRCLE ( 'NONE', #6718, 5.000000000000004441 ) ;
#1356 = CARTESIAN_POINT ( 'NONE',  ( 43.09501647949219461, 62.21578598022459516, 133.7207935539339871 ) ) ;
#1357 = AXIS2_PLACEMENT_3D ( 'NONE', #9501, #8203, #7478 ) ;
#1358 = ORIENTED_EDGE ( 'NONE', *, *, #6272, .T. ) ;
#1359 = EDGE_CURVE ( 'NONE', #8708, #7470, #2104, .T. ) ;
#1360 = ORIENTED_EDGE ( 'NONE', *, *, #4491, .T. ) ;
#1361 = DIRECTION ( 'NONE',  ( 0.000000000000000000, 1.000000000000000000, 0.000000000000000000 ) ) ;
#1362 = AXIS2_PLACEMENT_3D ( 'NONE', #4308, #7183, #4979 ) ;
#1363 = DIRECTION ( 'NONE',  ( 0.9999999999999993339, -3.520767011266897492E-08, 1.102913519414621321E-21 ) ) ;
#1364 = ORIENTED_EDGE ( 'NONE', *, *, #4677, .T. ) ;
#1365 = CARTESIAN_POINT ( 'NONE',  ( -152.7366447448729900, 9.215927124023419736, 158.7207935539340156 ) ) ;
#1366 = DIRECTION ( 'NONE',  ( 0.9999999999999995559, 2.745767267742054676E-08, 0.000000000000000000 ) ) ;
#1367 = CARTESIAN_POINT ( 'NONE',  ( 288.8209915161129970, 76.31311457647559848, 155.7225283289029960 ) ) ;
#1368 = CIRCLE ( 'NONE', #4753, 12.90499687194819600 ) ;
#1369 = CARTESIAN_POINT ( 'NONE',  ( -291.1789894103999927, 156.4021854306319881, 123.7207935539339871 ) ) ;
#1370 = CIRCLE ( 'NONE', #6888, 12.90485382080079546 ) ;
#1371 = VERTEX_POINT ( 'NONE', #3158 ) ;
#1372 = EDGE_CURVE ( 'NONE', #4383, #5002, #7143, .T. ) ;
#1373 = EDGE_LOOP ( 'NONE', ( #7379, #9428, #1995, #1598 ) ) ;
#1374 = CARTESIAN_POINT ( 'NONE',  ( 93.86446511771713119, 136.9419661265651769, 183.1933030920176577 ) ) ;
#1375 = VECTOR ( 'NONE', #4764, 1000.000000000000000 ) ;
#1376 = LINE ( 'NONE', #6502, #8304 ) ;
#1377 = ADVANCED_FACE ( 'NONE', ( #6123 ), #4241, .T. ) ;
#1378 = ADVANCED_FACE ( 'NONE', ( #1864 ), #8382, .T. ) ;
#1379 = CARTESIAN_POINT ( 'NONE',  ( -269.8896026611329830, 22.12078094482420099, 155.7207935539340156 ) ) ;
#1380 = ORIENTED_EDGE ( 'NONE', *, *, #2876, .F. ) ;
#1381 = DIRECTION ( 'NONE',  ( 1.000000000000000000, -3.894295420493984556E-17, -3.894295420493984556E-17 ) ) ;
#1382 = CARTESIAN_POINT ( 'NONE',  ( -169.2988343057066061, 73.43911419144725983, 183.6075206476404560 ) ) ;
#1383 = ORIENTED_EDGE ( 'NONE', *, *, #7872, .T. ) ;
#1384 = LINE ( 'NONE', #3746, #8338 ) ;
#1385 = ADVANCED_FACE ( 'NONE', ( #5699 ), #9210, .F. ) ;
#1386 = FACE_OUTER_BOUND ( 'NONE', #8642, .T. ) ;
#1387 = CYLINDRICAL_SURFACE ( 'NONE', #1266, 12.90484428405759587 ) ;
#1388 = CARTESIAN_POINT ( 'NONE',  ( -289.8278332880499306, 67.35347678637499769, 159.3585232877699980 ) ) ;
#1389 = ORIENTED_EDGE ( 'NONE', *, *, #232, .F. ) ;
#1390 = ORIENTED_EDGE ( 'NONE', *, *, #3571, .T. ) ;
#1391 = CARTESIAN_POINT ( 'NONE',  ( -135.5343000258999950, 94.42653656005860796, 178.7207935539339871 ) ) ;
#1392 = DIRECTION ( 'NONE',  ( 0.000000000000000000, 0.000000000000000000, -1.000000000000000000 ) ) ;
#1393 = AXIS2_PLACEMENT_3D ( 'NONE', #9496, #8011, #4501 ) ;
#1394 = AXIS2_PLACEMENT_3D ( 'NONE', #3705, #45, #2982 ) ;
#1395 = LINE ( 'NONE', #5131, #1301 ) ;
#1396 = VERTEX_POINT ( 'NONE', #1183 ) ;
#1397 = CARTESIAN_POINT ( 'NONE',  ( 50.98373413085939632, 22.12078094482420099, 155.7207935539340156 ) ) ;
#1398 = CARTESIAN_POINT ( 'NONE',  ( -288.7281558621480713, 60.36078221945467703, 158.7232416224920541 ) ) ;
#1399 = EDGE_CURVE ( 'NONE', #4507, #6829, #9146, .T. ) ;
#1400 = CIRCLE ( 'NONE', #6452, 3.000000000000002665 ) ;
#1401 = CARTESIAN_POINT ( 'NONE',  ( 43.09501647949219461, 62.21578598022459516, 158.7207935539340156 ) ) ;
#1402 = VECTOR ( 'NONE', #5259, 1000.000000000000000 ) ;
#1403 = DIRECTION ( 'NONE',  ( -1.000000000000000000, 1.579971831557674912E-16, 1.579971831557694880E-16 ) ) ;
#1404 = ORIENTED_EDGE ( 'NONE', *, *, #9317, .T. ) ;
#1405 =( BOUNDED_CURVE ( )  B_SPLINE_CURVE ( 3, ( #1770, #3979, #4029, #1725 ),
 .UNSPECIFIED., .F., .F. ) 
 B_SPLINE_CURVE_WITH_KNOTS ( ( 4, 4 ),
 ( 5.187540493381649576, 5.497787143782139729 ),
 .UNSPECIFIED. ) 
 CURVE ( )  GEOMETRIC_REPRESENTATION_ITEM ( )  RATIONAL_B_SPLINE_CURVE ( ( 1.000000000000000000, 0.9919949895361630521, 0.9919949895361630521, 1.000000000000000000 ) ) 
 REPRESENTATION_ITEM ( '' )  );
#1406 = ADVANCED_FACE ( 'NONE', ( #7131 ), #8443, .T. ) ;
#1407 = DIRECTION ( 'NONE',  ( 0.000000000000000000, 0.000000000000000000, -1.000000000000000000 ) ) ;
#1408 = CARTESIAN_POINT ( 'NONE',  ( 216.5078353881840201, 35.02563476562500000, 155.7207935539340156 ) ) ;
#1409 = ORIENTED_EDGE ( 'NONE', *, *, #2435, .T. ) ;
#1410 = ORIENTED_EDGE ( 'NONE', *, *, #7982, .T. ) ;
#1411 = DIRECTION ( 'NONE',  ( 0.000000000000000000, 1.000000000000000000, 0.000000000000000000 ) ) ;
#1412 = DIRECTION ( 'NONE',  ( 0.000000000000000000, 0.000000000000000000, 1.000000000000000000 ) ) ;
#1413 = CARTESIAN_POINT ( 'NONE',  ( 132.3913249411490085, 63.61684799194329543, 178.7207935539339871 ) ) ;
#1414 = ORIENTED_EDGE ( 'NONE', *, *, #3208, .F. ) ;
#1415 = DIRECTION ( 'NONE',  ( 0.000000000000000000, 0.000000000000000000, 1.000000000000000000 ) ) ;
#1416 = CYLINDRICAL_SURFACE ( 'NONE', #2307, 5.000000000000001776 ) ;
#1417 = CARTESIAN_POINT ( 'NONE',  ( -286.1789894103999927, 98.63017898587460763, 183.0186497902790279 ) ) ;
#1418 = CARTESIAN_POINT ( 'NONE',  ( 150.3786849975589917, 58.61684799194339490, 178.7207935539339871 ) ) ;
#1419 = ORIENTED_EDGE ( 'NONE', *, *, #4855, .F. ) ;
#1420 = VERTEX_POINT ( 'NONE', #1235 ) ;
#1421 = ADVANCED_FACE ( 'NONE', ( #2588 ), #8488, .T. ) ;
#1422 = DIRECTION ( 'NONE',  ( 1.000000000000000000, 0.000000000000000000, 0.000000000000000000 ) ) ;
#1423 = AXIS2_PLACEMENT_3D ( 'NONE', #6007, #2366, #8223 ) ;
#1424 = DIRECTION ( 'NONE',  ( 0.000000000000000000, 0.000000000000000000, -1.000000000000000000 ) ) ;
#1425 = CARTESIAN_POINT ( 'NONE',  ( 132.3913192749020027, 22.12078094482420099, 158.7207935539340156 ) ) ;
#1426 = CARTESIAN_POINT ( 'NONE',  ( 267.5316238403320312, 35.02563476562500000, 143.7207935539339871 ) ) ;
#1427 = CARTESIAN_POINT ( 'NONE',  ( 288.0713747125869872, 69.65623351394899032, 158.4946953055460028 ) ) ;
#1428 = CIRCLE ( 'NONE', #8497, 5.000000000000004441 ) ;
#1429 = EDGE_CURVE ( 'NONE', #1453, #4830, #5451, .T. ) ;
#1430 = ORIENTED_EDGE ( 'NONE', *, *, #6063, .F. ) ;
#1431 = CARTESIAN_POINT ( 'NONE',  ( -152.7366447448729900, 22.12078094482420099, 138.7207935539339871 ) ) ;
#1432 = CARTESIAN_POINT ( 'NONE',  ( 43.09501647949219461, 88.02577972412109375, 178.7207935539339871 ) ) ;
#1433 = AXIS2_PLACEMENT_3D ( 'NONE', #7199, #1340, #7012 ) ;
#1434 = DIRECTION ( 'NONE',  ( 0.000000000000000000, 0.000000000000000000, -1.000000000000000000 ) ) ;
#1435 = CARTESIAN_POINT ( 'NONE',  ( -291.1789894103999927, 76.31325547371950790, 155.7228587622309988 ) ) ;
#1436 = ORIENTED_EDGE ( 'NONE', *, *, #6453, .F. ) ;
#1437 = VERTEX_POINT ( 'NONE', #5505 ) ;
#1438 = CARTESIAN_POINT ( 'NONE',  ( -291.1789894103999927, 40.00000480987760199, 155.7207935539340156 ) ) ;
#1439 = FACE_OUTER_BOUND ( 'NONE', #8993, .T. ) ;
#1440 = EDGE_CURVE ( 'NONE', #3735, #5863, #3785, .T. ) ;
#1441 = AXIS2_PLACEMENT_3D ( 'NONE', #6737, #255, #164 ) ;
#1442 = DIRECTION ( 'NONE',  ( 1.690036120998889850E-16, -1.000000000000000000, 0.000000000000000000 ) ) ;
#1443 = ORIENTED_EDGE ( 'NONE', *, *, #9188, .T. ) ;
#1444 = CARTESIAN_POINT ( 'NONE',  ( 39.73928928375249825, 90.89100265412581336, 182.2563274598670091 ) ) ;
#1445 = LINE ( 'NONE', #3809, #3346 ) ;
#1446 = CARTESIAN_POINT ( 'NONE',  ( 283.3664460615639769, 59.07246415507670179, 161.7207935539339871 ) ) ;
#1447 = CARTESIAN_POINT ( 'NONE',  ( -20.80790996551509764, 38.02563476562500000, 155.7207935539340156 ) ) ;
#1448 = VERTEX_POINT ( 'NONE', #3446 ) ;
#1449 = VECTOR ( 'NONE', #3315, 1000.000000000000000 ) ;
#1450 = ADVANCED_FACE ( 'NONE', ( #6363 ), #3353, .T. ) ;
#1451 = DIRECTION ( 'NONE',  ( 0.000000000000000000, -1.000000000000000000, 0.000000000000000000 ) ) ;
#1452 = CYLINDRICAL_SURFACE ( 'NONE', #6257, 5.000000000000001776 ) ;
#1453 = VERTEX_POINT ( 'NONE', #8584 ) ;
#1454 = VERTEX_POINT ( 'NONE', #4831 ) ;
#1455 = CARTESIAN_POINT ( 'NONE',  ( -197.1789894103999927, 114.5107393763349961, 181.2207935539339871 ) ) ;
#1456 = EDGE_CURVE ( 'NONE', #5913, #6403, #3326, .T. ) ;
#1457 = EDGE_CURVE ( 'NONE', #5002, #5176, #551, .T. ) ;
#1458 = AXIS2_PLACEMENT_3D ( 'NONE', #8697, #5043, #7204 ) ;
#1459 = B_SPLINE_CURVE_WITH_KNOTS ( 'NONE', 3,
 ( #2912, #5106, #8046, #6918, #9040, #1840, #9182, #296, #8417, #3331, #2613, #6245, #3007, #6101, #7741, #343 ),
 .UNSPECIFIED., .F., .F.,
 ( 4, 2, 2, 1, 1, 1, 1, 2, 2, 4 ),
 ( 0.000000000000000000, 0.2499999999999820699, 0.3749999999999781286, 0.4374999999999745759, 0.4687499999999711897, 0.4843749999999680256, 0.4921874999999650280, 0.4960937499999664158, 0.4999999999999678035, 1.000000000000000000 ),
 .UNSPECIFIED. ) ;
#1460 =( NAMED_UNIT ( * ) PLANE_ANGLE_UNIT ( ) SI_UNIT ( $, .RADIAN. ) );
#1461 = DIRECTION ( 'NONE',  ( 1.000000000000000000, -1.635284895191439853E-16, 0.000000000000000000 ) ) ;
#1462 = ORIENTED_EDGE ( 'NONE', *, *, #2165, .T. ) ;
#1463 = CARTESIAN_POINT ( 'NONE',  ( -197.1789894104000496, 118.5318284406266827, 181.7463431772705462 ) ) ;
#1464 = DIRECTION ( 'NONE',  ( 1.000000000000000000, -4.873511200959419328E-18, -4.873511200959399298E-18 ) ) ;
#1465 = CARTESIAN_POINT ( 'NONE',  ( -287.6434555044675676, 98.63017898587453658, 183.0186497902792837 ) ) ;
#1466 = DIRECTION ( 'NONE',  ( 0.000000000000000000, 0.000000000000000000, -1.000000000000000000 ) ) ;
#1467 = ORIENTED_EDGE ( 'NONE', *, *, #7615, .T. ) ;
#1468 = VERTEX_POINT ( 'NONE', #3401 ) ;
#1469 = LINE ( 'NONE', #5157, #1998 ) ;
#1470 = CARTESIAN_POINT ( 'NONE',  ( -269.8896026611329830, 9.215927124023419736, 155.7207935539340156 ) ) ;
#1471 = DIRECTION ( 'NONE',  ( -1.000000000000000000, 4.362752391243203476E-16, 0.000000000000000000 ) ) ;
#1472 = CARTESIAN_POINT ( 'NONE',  ( 285.6722899054690288, 59.32552701622040559, 158.8582204542470038 ) ) ;
#1473 = AXIS2_PLACEMENT_3D ( 'NONE', #2778, #7668, #7812 ) ;
#1474 = ORIENTED_EDGE ( 'NONE', *, *, #3273, .T. ) ;
#1475 = DIRECTION ( 'NONE',  ( -1.000000000000000000, -5.068136534518710031E-16, 2.607372337629689993E-16 ) ) ;
#1476 = EDGE_CURVE ( 'NONE', #6638, #7641, #4545, .T. ) ;
#1477 = CIRCLE ( 'NONE', #5153, 12.90485382080079546 ) ;
#1478 = CYLINDRICAL_SURFACE ( 'NONE', #1210, 5.000000000000001776 ) ;
#1479 = CARTESIAN_POINT ( 'NONE',  ( 80.65757751464829539, 76.52169227600100498, 153.7207935539340156 ) ) ;
#1480 = CARTESIAN_POINT ( 'NONE',  ( -291.1789870145909731, 76.30525965909379238, 155.7249231333300088 ) ) ;
#1481 = VERTEX_POINT ( 'NONE', #2685 ) ;
#1482 = CIRCLE ( 'NONE', #7773, 3.000000000000002665 ) ;
#1483 = ORIENTED_EDGE ( 'NONE', *, *, #7048, .T. ) ;
#1484 = VECTOR ( 'NONE', #3316, 1000.000000000000000 ) ;
#1485 = LINE ( 'NONE', #8934, #8458 ) ;
#1486 = VECTOR ( 'NONE', #9252, 1000.000000000000000 ) ;
#1487 = DIRECTION ( 'NONE',  ( 0.000000000000000000, 0.000000000000000000, -1.000000000000000000 ) ) ;
#1488 = ORIENTED_EDGE ( 'NONE', *, *, #8201, .F. ) ;
#1489 = FACE_OUTER_BOUND ( 'NONE', #6779, .T. ) ;
#1490 = ORIENTED_EDGE ( 'NONE', *, *, #2876, .T. ) ;
#1491 = CARTESIAN_POINT ( 'NONE',  ( -289.3460812782641938, 63.97119755192165513, 158.7223568717826936 ) ) ;
#1492 = ORIENTED_EDGE ( 'NONE', *, *, #7220, .F. ) ;
#1493 = ADVANCED_FACE ( 'NONE', ( #8534 ), #5003, .T. ) ;
#1494 = CARTESIAN_POINT ( 'NONE',  ( 94.82099151611289756, 153.0352742304899891, 141.9855927883679954 ) ) ;
#1495 = CIRCLE ( 'NONE', #7319, 5.000000000000004441 ) ;
#1496 = CARTESIAN_POINT ( 'NONE',  ( -290.5007957973892871, 66.91759951535691187, 157.6306209731385195 ) ) ;
#1497 = AXIS2_PLACEMENT_3D ( 'NONE', #9422, #2810, #5584 ) ;
#1498 = DIRECTION ( 'NONE',  ( 2.901163001883460083E-16, 1.000000000000000000, 0.000000000000000000 ) ) ;
#1499 = EDGE_LOOP ( 'NONE', ( #4077, #8261, #1619, #673, #5736 ) ) ;
#1500 = ADVANCED_FACE ( 'NONE', ( #8093 ), #7921, .T. ) ;
#1501 = EDGE_CURVE ( 'NONE', #8936, #2905, #5741, .T. ) ;
#1502 = EDGE_CURVE ( 'NONE', #6485, #240, #405, .T. ) ;
#1503 = CARTESIAN_POINT ( 'NONE',  ( 98.64490509033210230, 76.52169227600100498, 178.7207935539339871 ) ) ;
#1504 = CARTESIAN_POINT ( 'NONE',  ( 65.60616016387930927, 38.02563476562500000, 158.7207935539340156 ) ) ;
#1505 = VERTEX_POINT ( 'NONE', #5014 ) ;
#1506 = VECTOR ( 'NONE', #3198, 1000.000000000000000 ) ;
#1507 = ORIENTED_EDGE ( 'NONE', *, *, #946, .F. ) ;
#1508 = DIRECTION ( 'NONE',  ( 1.000000000000000000, 0.000000000000000000, 0.000000000000000000 ) ) ;
#1509 = EDGE_CURVE ( 'NONE', #5269, #1371, #4971, .T. ) ;
#1510 = DIRECTION ( 'NONE',  ( -1.635284895191439853E-16, -1.000000000000000000, 0.000000000000000000 ) ) ;
#1511 = CYLINDRICAL_SURFACE ( 'NONE', #3380, 12.90485361670298836 ) ;
#1512 = ORIENTED_EDGE ( 'NONE', *, *, #2507, .T. ) ;
#1513 = DIRECTION ( 'NONE',  ( 0.000000000000000000, 0.000000000000000000, -1.000000000000000000 ) ) ;
#1514 = FACE_OUTER_BOUND ( 'NONE', #5582, .T. ) ;
#1515 = CIRCLE ( 'NONE', #2750, 12.90500640869139737 ) ;
#1516 = EDGE_CURVE ( 'NONE', #2988, #5379, #5768, .T. ) ;
#1517 = CARTESIAN_POINT ( 'NONE',  ( 288.8209915161129970, 74.74094335415090029, 178.7207935539339871 ) ) ;
#1518 = CARTESIAN_POINT ( 'NONE',  ( 287.3721834663052732, 1.448808049807706722, 158.4122422908607746 ) ) ;
#1519 = AXIS2_PLACEMENT_3D ( 'NONE', #8206, #6802, #4510 ) ;
#1520 = VERTEX_POINT ( 'NONE', #2956 ) ;
#1521 = VERTEX_POINT ( 'NONE', #7951 ) ;
#1522 = LINE ( 'NONE', #691, #8278 ) ;
#1523 = VECTOR ( 'NONE', #2248, 1000.000000000000000 ) ;
#1524 = VECTOR ( 'NONE', #9386, 1000.000000000000000 ) ;
#1525 = CARTESIAN_POINT ( 'NONE',  ( 111.5497493743896058, 76.52169227600100498, 178.7207935539339871 ) ) ;
#1526 = DIRECTION ( 'NONE',  ( 1.000000000000000000, 1.274272494262450050E-16, 0.000000000000000000 ) ) ;
#1527 = TOROIDAL_SURFACE ( 'NONE', #4139, 17.90484428405759942, 5.000000000000000000 ) ;
#1528 = EDGE_CURVE ( 'NONE', #6429, #5427, #7917, .T. ) ;
#1529 = DIRECTION ( 'NONE',  ( 2.025046796916284173E-15, -0.7191424945380936462, 0.6948626285457636387 ) ) ;
#1530 = VECTOR ( 'NONE', #2376, 1000.000000000000000 ) ;
#1531 = DIRECTION ( 'NONE',  ( 2.740434456452409705E-16, -1.000000000000000000, 2.740434456452409705E-16 ) ) ;
#1532 = EDGE_CURVE ( 'NONE', #1189, #7351, #5149, .T. ) ;
#1533 = VERTEX_POINT ( 'NONE', #4345 ) ;
#1534 = DIRECTION ( 'NONE',  ( 0.9999999999999982236, -5.974482224770959682E-08, 1.749485260308536586E-16 ) ) ;
#1535 = AXIS2_PLACEMENT_3D ( 'NONE', #9063, #1029, #7526 ) ;
#1536 = DIRECTION ( 'NONE',  ( 0.000000000000000000, 0.7071067811865510144, -0.7071067811865440200 ) ) ;
#1537 = B_SPLINE_CURVE_WITH_KNOTS ( 'NONE', 3,
 ( #7206, #2894, #2221, #1258, #4240 ),
 .UNSPECIFIED., .F., .F.,
 ( 4, 1, 4 ),
 ( 0.000000000000000000, 0.5714278321690675622, 1.000000000000000000 ),
 .UNSPECIFIED. ) ;
#1538 = EDGE_CURVE ( 'NONE', #7645, #678, #6070, .T. ) ;
#1539 = CARTESIAN_POINT ( 'NONE',  ( 280.0341949517094804, 55.10804795676789780, 158.7207935539340156 ) ) ;
#1540 = CARTESIAN_POINT ( 'NONE',  ( -291.1783961579420179, 75.02521274033649945, 156.0557265385469918 ) ) ;
#1541 = ORIENTED_EDGE ( 'NONE', *, *, #5077, .F. ) ;
#1542 = DIRECTION ( 'NONE',  ( 0.000000000000000000, 0.000000000000000000, -1.000000000000000000 ) ) ;
#1543 = CARTESIAN_POINT ( 'NONE',  ( -40.43682098388670454, 38.02563476562500000, 158.7207935539340156 ) ) ;
#1544 = ORIENTED_EDGE ( 'NONE', *, *, #9417, .F. ) ;
#1545 = CARTESIAN_POINT ( 'NONE',  ( 280.0341949517094804, 55.10804795676789780, 161.7207935539339871 ) ) ;
#1546 = ORIENTED_EDGE ( 'NONE', *, *, #66, .F. ) ;
#1547 = CARTESIAN_POINT ( 'NONE',  ( -290.1388036010744145, 68.31461724505010125, 158.7267275506839894 ) ) ;
#1548 = ORIENTED_EDGE ( 'NONE', *, *, #6438, .F. ) ;
#1549 = DIRECTION ( 'NONE',  ( -1.000000000000000000, 1.514560233585310184E-17, -1.514560233585315114E-17 ) ) ;
#1550 = B_SPLINE_CURVE_WITH_KNOTS ( 'NONE', 3,
 ( #5255, #1671, #6793, #5402, #7523, #4733, #3204, #3882, #9009, #8196, #217, #2536, #8389, #5449, #2490, #1811, #2443 ),
 .UNSPECIFIED., .F., .F.,
 ( 4, 2, 2, 1, 1, 1, 2, 2, 2, 4 ),
 ( 0.000000000000000000, 0.2500000000000340838, 0.3750000000000511258, 0.4375000000000630607, 0.4687500000000658362, 0.4843750000000641709, 0.4921875000000661693, 0.5000000000000681677, 0.7500000000000340838, 1.000000000000000000 ),
 .UNSPECIFIED. ) ;
#1551 = CARTESIAN_POINT ( 'NONE',  ( 62.75273323059069241, 76.52169227600100498, 178.7207935539339871 ) ) ;
#1552 = DIRECTION ( 'NONE',  ( -1.000000000000000000, -1.226857608440688056E-08, -1.316277026091829943E-15 ) ) ;
#1553 = ORIENTED_EDGE ( 'NONE', *, *, #2026, .T. ) ;
#1554 = AXIS2_PLACEMENT_3D ( 'NONE', #8864, #128, #5300 ) ;
#1555 = CIRCLE ( 'NONE', #6447, 3.000000000000002665 ) ;
#1556 = LINE ( 'NONE', #6776, #1215 ) ;
#1557 = CARTESIAN_POINT ( 'NONE',  ( 199.4079233357454939, 22.12077808833640091, 158.7207935539340156 ) ) ;
#1558 = ORIENTED_EDGE ( 'NONE', *, *, #1038, .F. ) ;
#1559 = ORIENTED_EDGE ( 'NONE', *, *, #6600, .T. ) ;
#1561 = EDGE_CURVE ( 'NONE', #3466, #6039, #2911, .T. ) ;
#1560 = AXIS2_PLACEMENT_3D ( 'NONE', #413, #2776, #1957 ) ;
#1562 = EDGE_CURVE ( 'NONE', #1953, #4047, #4389, .T. ) ;
#1563 = DIRECTION ( 'NONE',  ( 0.000000000000000000, 0.000000000000000000, -1.000000000000000000 ) ) ;
#1564 = CIRCLE ( 'NONE', #5703, 5.000000000000004441 ) ;
#1565 = DIRECTION ( 'NONE',  ( -1.000000000000000000, -1.104968027632491873E-16, 1.104968027632495817E-16 ) ) ;
#1566 = EDGE_LOOP ( 'NONE', ( #432, #9204, #8295, #7137, #9280 ) ) ;
#1567 = DIRECTION ( 'NONE',  ( 1.000000000000000000, 0.000000000000000000, 0.000000000000000000 ) ) ;
#1568 = CARTESIAN_POINT ( 'NONE',  ( 284.6286702096494992, 76.45488719470310457, 183.6551283818335207 ) ) ;
#1569 = TOROIDAL_SURFACE ( 'NONE', #7390, 15.90484969578129970, 3.000000000000000000 ) ;
#1570 = EDGE_CURVE ( 'NONE', #6409, #5790, #3681, .T. ) ;
#1571 = CARTESIAN_POINT ( 'NONE',  ( -269.8896011036019900, 76.52169227600100498, 158.7207935539340156 ) ) ;
#1572 = ORIENTED_EDGE ( 'NONE', *, *, #5889, .T. ) ;
#1573 = ORIENTED_EDGE ( 'NONE', *, *, #4154, .F. ) ;
#1574 = EDGE_LOOP ( 'NONE', ( #1199, #5099, #3479, #9222, #3308, #9316 ) ) ;
#1575 = DIRECTION ( 'NONE',  ( 0.000000000000000000, 0.000000000000000000, -1.000000000000000000 ) ) ;
#1576 = VECTOR ( 'NONE', #7213, 1000.000000000000000 ) ;
#1577 = DIRECTION ( 'NONE',  ( -1.000000000000000000, 0.000000000000000000, 0.000000000000000000 ) ) ;
#1578 = CARTESIAN_POINT ( 'NONE',  ( 132.3913192749020027, 22.12078094482420099, 155.7207935539340156 ) ) ;
#1579 = CYLINDRICAL_SURFACE ( 'NONE', #9363, 5.000000000000001776 ) ;
#1580 = ADVANCED_FACE ( 'NONE', ( #6592 ), #2864, .T. ) ;
#1581 = CIRCLE ( 'NONE', #6936, 12.90484428405769712 ) ;
#1582 = DIRECTION ( 'NONE',  ( 0.9999999999999995559, 2.745767245451495601E-08, 0.000000000000000000 ) ) ;
#1583 = CARTESIAN_POINT ( 'NONE',  ( 283.3664460615639769, 59.07246415507690074, 161.0475951281640050 ) ) ;
#1584 = B_SPLINE_CURVE_WITH_KNOTS ( 'NONE', 3,
 ( #7829, #9176, #1152, #2657 ),
 .UNSPECIFIED., .F., .F.,
 ( 4, 4 ),
 ( 0.000000000000000000, 1.000000000000000000 ),
 .UNSPECIFIED. ) ;
#1585 = ORIENTED_EDGE ( 'NONE', *, *, #2984, .F. ) ;
#1586 = CARTESIAN_POINT ( 'NONE',  ( -101.0028879108200073, 22.12077988203879997, 155.7207935539340156 ) ) ;
#1587 = CARTESIAN_POINT ( 'NONE',  ( -134.7493367092509970, 76.52169227600100498, 178.7207935539339871 ) ) ;
#1588 = EDGE_CURVE ( 'NONE', #5534, #3328, #5298, .T. ) ;
#1589 = EDGE_CURVE ( 'NONE', #4367, #7798, #5201, .T. ) ;
#1590 = FACE_OUTER_BOUND ( 'NONE', #1499, .T. ) ;
#1591 = CARTESIAN_POINT ( 'NONE',  ( -290.6706631020219902, 69.27076143255091267, 157.4808733147399664 ) ) ;
#1592 = VERTEX_POINT ( 'NONE', #5970 ) ;
#1593 = CARTESIAN_POINT ( 'NONE',  ( -30.26300430297849786, 128.8515090942379970, 183.7207935539340156 ) ) ;
#1594 = AXIS2_PLACEMENT_3D ( 'NONE', #5887, #8734, #5757 ) ;
#1595 = CARTESIAN_POINT ( 'NONE',  ( 288.1598219761830251, 100.0664055523670015, 180.9473687993380224 ) ) ;
#1596 = ORIENTED_EDGE ( 'NONE', *, *, #7805, .F. ) ;
#1597 = CARTESIAN_POINT ( 'NONE',  ( 133.1763124465940109, 58.61684799194339490, 178.7207935539339871 ) ) ;
#1598 = ORIENTED_EDGE ( 'NONE', *, *, #5773, .T. ) ;
#1599 = CARTESIAN_POINT ( 'NONE',  ( -288.6789894103999927, 101.2175338996189851, 180.5186497902789995 ) ) ;
#1600 = VECTOR ( 'NONE', #7011, 1000.000000000000000 ) ;
#1601 = DIRECTION ( 'NONE',  ( -1.110223024625157172E-14, -1.000000000000000000, 0.000000000000000000 ) ) ;
#1602 = VECTOR ( 'NONE', #7918, 1000.000000000000000 ) ;
#1603 = CARTESIAN_POINT ( 'NONE',  ( 216.5078353881840201, 22.12078094482420099, 155.7207935539340156 ) ) ;
#1604 = ORIENTED_EDGE ( 'NONE', *, *, #4062, .T. ) ;
#1605 = CARTESIAN_POINT ( 'NONE',  ( -45.45299509213570133, 88.02577972412109375, 178.7207935539339871 ) ) ;
#1606 = DIRECTION ( 'NONE',  ( 2.002303713784079765E-16, 1.000000000000000000, 0.000000000000000000 ) ) ;
#1607 = VERTEX_POINT ( 'NONE', #6691 ) ;
#1608 = AXIS2_PLACEMENT_3D ( 'NONE', #2706, #7782, #7831 ) ;
#1609 = ORIENTED_EDGE ( 'NONE', *, *, #3577, .F. ) ;
#1610 = CARTESIAN_POINT ( 'NONE',  ( -110.0223875045780062, 9.215927124023419736, 155.7207935539340156 ) ) ;
#1611 = AXIS2_PLACEMENT_3D ( 'NONE', #834, #3964, #6830 ) ;
#1612 = VECTOR ( 'NONE', #947, 1000.000000000000000 ) ;
#1613 = DIRECTION ( 'NONE',  ( 0.000000000000000000, 0.000000000000000000, -1.000000000000000000 ) ) ;
#1614 = DIRECTION ( 'NONE',  ( 1.000000000000000000, -1.835214905568972190E-16, 0.000000000000000000 ) ) ;
#1615 = FACE_OUTER_BOUND ( 'NONE', #2372, .T. ) ;
#1616 = EDGE_CURVE ( 'NONE', #4342, #6873, #1660, .T. ) ;
#1617 = CARTESIAN_POINT ( 'NONE',  ( 287.5950322763162035, 63.74147249284465033, 158.1665461560615142 ) ) ;
#1618 = CARTESIAN_POINT ( 'NONE',  ( 143.8209962844850054, 135.3984925249610001, 183.7207935539340156 ) ) ;
#1619 = ORIENTED_EDGE ( 'NONE', *, *, #7658, .F. ) ;
#1620 = AXIS2_PLACEMENT_3D ( 'NONE', #8833, #2806, #2177 ) ;
#1621 = VERTEX_POINT ( 'NONE', #7560 ) ;
#1622 = ORIENTED_EDGE ( 'NONE', *, *, #7612, .F. ) ;
#1623 = DIRECTION ( 'NONE',  ( 0.7071067811865484609, -0.7071067811865465735, 0.000000000000000000 ) ) ;
#1624 = ADVANCED_FACE ( 'NONE', ( #1615 ), #3872, .T. ) ;
#1625 = FACE_OUTER_BOUND ( 'NONE', #2096, .T. ) ;
#1626 = DIRECTION ( 'NONE',  ( 0.000000000000000000, 0.000000000000000000, -1.000000000000000000 ) ) ;
#1627 = DIRECTION ( 'NONE',  ( 1.000000000000000000, -3.212987840779259646E-17, -3.212987840779249169E-17 ) ) ;
#1628 = EDGE_CURVE ( 'NONE', #1592, #5148, #3776, .T. ) ;
#1629 = DIRECTION ( 'NONE',  ( 0.000000000000000000, 0.000000000000000000, -1.000000000000000000 ) ) ;
#1630 = FACE_OUTER_BOUND ( 'NONE', #8977, .T. ) ;
#1631 = EDGE_LOOP ( 'NONE', ( #5896, #8448, #766, #1383 ) ) ;
#1632 = DIRECTION ( 'NONE',  ( 1.000000000000000000, -7.031412489292660782E-13, 0.000000000000000000 ) ) ;
#1633 = DIRECTION ( 'NONE',  ( 0.000000000000000000, 0.3562957817360009605, -0.9343732208904169667 ) ) ;
#1634 = CARTESIAN_POINT ( 'NONE',  ( -261.1789894103999359, 76.32125139236450195, 161.7207935539339871 ) ) ;
#1635 = ORIENTED_EDGE ( 'NONE', *, *, #7096, .T. ) ;
#1636 = CARTESIAN_POINT ( 'NONE',  ( -101.0029027735899945, 6.215926533998620052, 158.7207935539340156 ) ) ;
#1637 = EDGE_CURVE ( 'NONE', #1716, #5718, #2534, .T. ) ;
#1638 = DIRECTION ( 'NONE',  ( 1.000000000000000000, -5.897598525349479809E-18, 0.000000000000000000 ) ) ;
#1639 = EDGE_LOOP ( 'NONE', ( #7503, #1827, #6934, #3689 ) ) ;
#1640 = AXIS2_PLACEMENT_3D ( 'NONE', #9511, #1542, #2933 ) ;
#1641 = CARTESIAN_POINT ( 'NONE',  ( 194.0887584690794938, 114.5107393763349961, 182.9885605069005123 ) ) ;
#1642 = ORIENTED_EDGE ( 'NONE', *, *, #6438, .T. ) ;
#1643 = CARTESIAN_POINT ( 'NONE',  ( -269.8896011046559806, 89.42653656005859375, 150.7207935539340156 ) ) ;
#1644 = FACE_OUTER_BOUND ( 'NONE', #4179, .T. ) ;
#1645 = CIRCLE ( 'NONE', #5309, 5.000000000000434319 ) ;
#1646 = CARTESIAN_POINT ( 'NONE',  ( -290.3499163284532756, 65.98765155907271662, 157.7925662363837205 ) ) ;
#1647 = CARTESIAN_POINT ( 'NONE',  ( 48.73295307159440171, 58.61684799194339490, 183.7207935539340156 ) ) ;
#1648 = EDGE_LOOP ( 'NONE', ( #6355, #690, #4245, #8453 ) ) ;
#1649 = CIRCLE ( 'NONE', #8696, 4.999999999999997335 ) ;
#1650 = CARTESIAN_POINT ( 'NONE',  ( -30.26300430297849786, 123.8515090942380112, 178.7207935539339871 ) ) ;
#1651 = DIRECTION ( 'NONE',  ( 1.000000000000000000, 0.000000000000000000, 0.000000000000000000 ) ) ;
#1652 = ORIENTED_EDGE ( 'NONE', *, *, #2101, .F. ) ;
#1653 = ORIENTED_EDGE ( 'NONE', *, *, #1501, .F. ) ;
#1654 = EDGE_CURVE ( 'NONE', #4526, #5433, #7431, .T. ) ;
#1655 = CYLINDRICAL_SURFACE ( 'NONE', #5781, 3.000000000000008882 ) ;
#1656 = VECTOR ( 'NONE', #8254, 1000.000000000000000 ) ;
#1657 = CIRCLE ( 'NONE', #7018, 3.000000000000002665 ) ;
#1658 = CARTESIAN_POINT ( 'NONE',  ( 287.9423118596724862, 0.8786796564403590581, 157.8421138974935047 ) ) ;
#1659 = ORIENTED_EDGE ( 'NONE', *, *, #4371, .T. ) ;
#1660 = LINE ( 'NONE', #8910, #5619 ) ;
#1661 = CARTESIAN_POINT ( 'NONE',  ( 286.9639712068239987, 65.71489396903400859, 160.3587592028100062 ) ) ;
#1662 = CIRCLE ( 'NONE', #6864, 5.000000000000004441 ) ;
#1663 =( BOUNDED_CURVE ( )  B_SPLINE_CURVE ( 3, ( #8743, #6518, #2172, #2890 ),
 .UNSPECIFIED., .F., .F. ) 
 B_SPLINE_CURVE_WITH_KNOTS ( ( 4, 4 ),
 ( 4.237237467387744871, 4.712388980384689674 ),
 .UNSPECIFIED. ) 
 CURVE ( )  GEOMETRIC_REPRESENTATION_ITEM ( )  RATIONAL_B_SPLINE_CURVE ( ( 1.000000000000000000, 0.9812742460539120026, 0.9812742460539120026, 1.000000000000000000 ) ) 
 REPRESENTATION_ITEM ( '' )  );
#1664 = DIRECTION ( 'NONE',  ( 0.000000000000000000, 0.000000000000000000, 1.000000000000000000 ) ) ;
#1665 = ADVANCED_FACE ( 'NONE', ( #4490 ), #6880, .T. ) ;
#1666 = ORIENTED_EDGE ( 'NONE', *, *, #870, .T. ) ;
#1667 = ORIENTED_EDGE ( 'NONE', *, *, #5693, .T. ) ;
#1668 = ORIENTED_EDGE ( 'NONE', *, *, #4908, .F. ) ;
#1669 = DIRECTION ( 'NONE',  ( 2.150785777198151406E-15, -1.732051036371922851E-07, -0.9999999999999850120 ) ) ;
#1670 = AXIS2_PLACEMENT_3D ( 'NONE', #4431, #2857, #6635 ) ;
#1671 = CARTESIAN_POINT ( 'NONE',  ( -202.3634176872848798, 75.97471931450101579, 183.5200677054571088 ) ) ;
#1672 = CARTESIAN_POINT ( 'NONE',  ( -185.8610559998539884, 76.52168743035018394, 183.7207935539340156 ) ) ;
#1673 = ORIENTED_EDGE ( 'NONE', *, *, #604, .F. ) ;
#1674 = CARTESIAN_POINT ( 'NONE',  ( 216.5078353881840201, 9.215927124023419736, 158.7207935539340156 ) ) ;
#1675 = CARTESIAN_POINT ( 'NONE',  ( -194.6789894103999927, 115.8346203221669981, 183.7207935539340156 ) ) ;
#1676 = AXIS2_PLACEMENT_3D ( 'NONE', #897, #1035, #853 ) ;
#1677 = DIRECTION ( 'NONE',  ( 1.000000000000000000, 9.251858538542850737E-15, 0.000000000000000000 ) ) ;
#1678 = AXIS2_PLACEMENT_3D ( 'NONE', #1747, #916, #8901 ) ;
#1679 = ORIENTED_EDGE ( 'NONE', *, *, #8733, .F. ) ;
#1680 = EDGE_CURVE ( 'NONE', #9190, #5458, #1294, .T. ) ;
#1681 = ADVANCED_FACE ( 'NONE', ( #7465 ), #8955, .T. ) ;
#1682 = CARTESIAN_POINT ( 'NONE',  ( 98.64490493200399612, 22.12077759886854977, 142.8159403642166012 ) ) ;
#1683 = CIRCLE ( 'NONE', #6885, 3.000000000000039080 ) ;
#1684 = DIRECTION ( 'NONE',  ( -1.000000000000000000, 3.159943663115390253E-16, 0.000000000000000000 ) ) ;
#1685 = DIRECTION ( 'NONE',  ( -1.613071426384554170E-15, -1.000000000000000000, 0.000000000000000000 ) ) ;
#1686 = ORIENTED_EDGE ( 'NONE', *, *, #7584, .T. ) ;
#1687 = DIRECTION ( 'NONE',  ( 0.000000000000000000, 0.000000000000000000, 1.000000000000000000 ) ) ;
#1688 = EDGE_CURVE ( 'NONE', #8944, #4964, #8041, .T. ) ;
#1689 = CYLINDRICAL_SURFACE ( 'NONE', #8974, 5.000000000000001776 ) ;
#1690 = ORIENTED_EDGE ( 'NONE', *, *, #7788, .F. ) ;
#1691 = AXIS2_PLACEMENT_3D ( 'NONE', #2624, #7705, #2574 ) ;
#1692 = CARTESIAN_POINT ( 'NONE',  ( 80.65757756714589277, 35.90431337586090166, 157.8421136288309867 ) ) ;
#1693 = VERTEX_POINT ( 'NONE', #4633 ) ;
#1694 = DIRECTION ( 'NONE',  ( -1.000000000000000000, -4.711197327583760070E-16, 1.904225489767884931E-16 ) ) ;
#1695 = DIRECTION ( 'NONE',  ( 0.000000000000000000, -1.000000000000000000, 0.000000000000000000 ) ) ;
#1696 = B_SPLINE_CURVE_WITH_KNOTS ( 'NONE', 3,
 ( #5327, #1785, #1107, #3233, #3949, #4044, #6865, #4618, #8986, #6914, #3181, #957, #6142, #5528, #3857, #3903 ),
 .UNSPECIFIED., .F., .F.,
 ( 4, 2, 2, 1, 1, 1, 1, 2, 2, 4 ),
 ( 0.000000000000000000, 0.2500000000000746070, 0.3750000000001124656, 0.4375000000001314504, 0.4687500000001394995, 0.4843750000001446621, 0.4921875000001447176, 0.4960937500001458278, 0.5000000000001468825, 1.000000000000000000 ),
 .UNSPECIFIED. ) ;
#1697 = FACE_OUTER_BOUND ( 'NONE', #2147, .T. ) ;
#1698 = EDGE_LOOP ( 'NONE', ( #135, #4122, #1939, #2950 ) ) ;
#1699 = CARTESIAN_POINT ( 'NONE',  ( -95.46722260652263969, 116.6228535182894746, 183.6267181024243769 ) ) ;
#1700 = CARTESIAN_POINT ( 'NONE',  ( 65.60616016387930927, 35.90431442206534740, 157.8421138974935047 ) ) ;
#1701 = UNCERTAINTY_MEASURE_WITH_UNIT (LENGTH_MEASURE( 1.000000000000000082E-05 ), #4455, 'distance_accuracy_value', 'NONE');
#1702 = DIRECTION ( 'NONE',  ( 1.000000000000000000, 0.000000000000000000, 0.000000000000000000 ) ) ;
#1703 = ORIENTED_EDGE ( 'NONE', *, *, #1054, .F. ) ;
#1704 = PRODUCT_DEFINITION_SHAPE ( 'NONE', 'NONE',  #5864 ) ;
#1705 = VERTEX_POINT ( 'NONE', #3104 ) ;
#1706 = DIRECTION ( 'NONE',  ( 1.000000000000000000, 0.000000000000000000, 0.000000000000000000 ) ) ;
#1707 = EDGE_CURVE ( 'NONE', #275, #9388, #4974, .T. ) ;
#1708 = DIRECTION ( 'NONE',  ( 0.000000000000000000, 1.000000000000000000, 0.000000000000000000 ) ) ;
#1709 = CARTESIAN_POINT ( 'NONE',  ( -97.17898941040009220, 153.0352742304889944, 141.9855927883679954 ) ) ;
#1710 = ORIENTED_EDGE ( 'NONE', *, *, #6610, .F. ) ;
#1711 = DIRECTION ( 'NONE',  ( 0.000000000000000000, 0.000000000000000000, 1.000000000000000000 ) ) ;
#1712 = DIRECTION ( 'NONE',  ( 1.000000000000000000, -4.300670242972115092E-16, -4.300670242972095370E-16 ) ) ;
#1713 = CIRCLE ( 'NONE', #166, 3.000000000000002665 ) ;
#1714 = CARTESIAN_POINT ( 'NONE',  ( 216.5078353881840201, 22.12078094482420099, 158.7207935539340156 ) ) ;
#1715 = AXIS2_PLACEMENT_3D ( 'NONE', #2709, #5674, #2035 ) ;
#1716 = VERTEX_POINT ( 'NONE', #5291 ) ;
#1717 = VERTEX_POINT ( 'NONE', #8236 ) ;
#1718 = ORIENTED_EDGE ( 'NONE', *, *, #1399, .F. ) ;
#1719 = CARTESIAN_POINT ( 'NONE',  ( 98.64489001653309685, 22.12077988203889944, 158.7207935539340156 ) ) ;
#1720 = DIRECTION ( 'NONE',  ( 1.000000000000000000, 4.452580259935949960E-17, 0.000000000000000000 ) ) ;
#1721 = VECTOR ( 'NONE', #3502, 1000.000000000000000 ) ;
#1722 = VERTEX_POINT ( 'NONE', #6784 ) ;
#1723 = FACE_OUTER_BOUND ( 'NONE', #6690, .T. ) ;
#1724 = DIRECTION ( 'NONE',  ( 0.000000000000000000, -0.7071067811865447972, 0.7071067811865503483 ) ) ;
#1725 = CARTESIAN_POINT ( 'NONE',  ( 194.0887584690794938, 117.6023872751334096, 182.9885605069005123 ) ) ;
#1726 = EDGE_CURVE ( 'NONE', #8374, #3606, #3906, .T. ) ;
#1727 = ORIENTED_EDGE ( 'NONE', *, *, #5945, .T. ) ;
#1728 = CIRCLE ( 'NONE', #2803, 12.90485382080080967 ) ;
#1729 = CARTESIAN_POINT ( 'NONE',  ( -291.1789894103999927, 160.0000188829669980, 123.7207935403630046 ) ) ;
#1730 = EDGE_LOOP ( 'NONE', ( #3187, #4254, #3586, #1935, #302 ) ) ;
#1731 = CARTESIAN_POINT ( 'NONE',  ( -170.6414876728304932, 76.52169227600100498, 178.7207935539339871 ) ) ;
#1732 = CARTESIAN_POINT ( 'NONE',  ( 98.64490509033210230, 89.42653656005859375, 178.7207935539339871 ) ) ;
#1733 = ORIENTED_EDGE ( 'NONE', *, *, #4908, .T. ) ;
#1734 = FACE_OUTER_BOUND ( 'NONE', #7739, .T. ) ;
#1735 = EDGE_CURVE ( 'NONE', #5860, #8877, #6197, .T. ) ;
#1736 = CARTESIAN_POINT ( 'NONE',  ( 284.2737702872809678, 98.36709992864669516, 183.2728467075930041 ) ) ;
#1737 = ORIENTED_EDGE ( 'NONE', *, *, #614, .F. ) ;
#1738 = FACE_OUTER_BOUND ( 'NONE', #1373, .T. ) ;
#1739 = DIRECTION ( 'NONE',  ( 0.000000000000000000, 1.000000000000000000, 0.000000000000000000 ) ) ;
#1740 = DIRECTION ( 'NONE',  ( 2.002303713784079765E-16, 1.000000000000000000, 0.000000000000000000 ) ) ;
#1741 = DIRECTION ( 'NONE',  ( 0.000000000000000000, -1.000000000000000000, 0.000000000000000000 ) ) ;
#1742 = VERTEX_POINT ( 'NONE', #973 ) ;
#1743 = CIRCLE ( 'NONE', #1277, 3.000000000000002665 ) ;
#1744 = EDGE_CURVE ( 'NONE', #2955, #7934, #9276, .T. ) ;
#1745 = ORIENTED_EDGE ( 'NONE', *, *, #209, .F. ) ;
#1746 = CARTESIAN_POINT ( 'NONE',  ( -42.09727764129630145, 58.61684799194339490, 183.7207935539340156 ) ) ;
#1747 = CARTESIAN_POINT ( 'NONE',  ( -30.26300430297849786, 98.04149627685548296, 158.7207935539340156 ) ) ;
#1748 = FACE_OUTER_BOUND ( 'NONE', #1315, .T. ) ;
#1749 = ORIENTED_EDGE ( 'NONE', *, *, #7538, .F. ) ;
#1750 = TOROIDAL_SURFACE ( 'NONE', #7569, 15.90485334804940187, 3.000000000000000000 ) ;
#1751 = ORIENTED_EDGE ( 'NONE', *, *, #9008, .F. ) ;
#1752 = CARTESIAN_POINT ( 'NONE',  ( 150.3786849975589917, 22.12078094482420099, 158.7207935539340156 ) ) ;
#1753 = VECTOR ( 'NONE', #1932, 1000.000000000000000 ) ;
#1754 = DIRECTION ( 'NONE',  ( 1.001151856892059974E-16, 1.000000000000000000, 1.001151856892031871E-16 ) ) ;
#1755 = FACE_OUTER_BOUND ( 'NONE', #4666, .T. ) ;
#1756 = ORIENTED_EDGE ( 'NONE', *, *, #5057, .T. ) ;
#1757 = DIRECTION ( 'NONE',  ( 0.9999999999999993339, -3.520767011266897492E-08, 1.102913519414621321E-21 ) ) ;
#1758 = CARTESIAN_POINT ( 'NONE',  ( 288.8200764052719478, 75.10513980977890469, 156.2429711108049730 ) ) ;
#1759 = CARTESIAN_POINT ( 'NONE',  ( 115.5182669902442285, 81.02731266225961804, 183.7015665196429381 ) ) ;
#1760 = EDGE_CURVE ( 'NONE', #1222, #1454, #8337, .T. ) ;
#1761 = EDGE_CURVE ( 'NONE', #7592, #202, #4820, .T. ) ;
#1762 = ORIENTED_EDGE ( 'NONE', *, *, #2409, .F. ) ;
#1763 = VERTEX_POINT ( 'NONE', #8523 ) ;
#1764 = CARTESIAN_POINT ( 'NONE',  ( -101.0028879108200073, 22.12077988203879997, 158.7207935539340156 ) ) ;
#1765 = DIRECTION ( 'NONE',  ( -1.000000000000000000, -7.105427357601000281E-15, 0.000000000000000000 ) ) ;
#1766 = VERTEX_POINT ( 'NONE', #7752 ) ;
#1767 = CARTESIAN_POINT ( 'NONE',  ( -286.1789894103999927, 76.32125139236450195, 178.7207935539339871 ) ) ;
#1768 = CARTESIAN_POINT ( 'NONE',  ( -12.35799789428710049, 110.9465026855470029, 178.7207935539339871 ) ) ;
#1769 = AXIS2_PLACEMENT_3D ( 'NONE', #8176, #964, #1702 ) ;
#1770 = CARTESIAN_POINT ( 'NONE',  ( 193.4646744694495055, 116.9783032755031940, 183.4438521006775034 ) ) ;
#1771 = ORIENTED_EDGE ( 'NONE', *, *, #574, .F. ) ;
#1772 = CARTESIAN_POINT ( 'NONE',  ( 60.32955169677730112, 98.04149627685548296, 163.7207935539339871 ) ) ;
#1773 = ORIENTED_EDGE ( 'NONE', *, *, #5685, .T. ) ;
#1774 = AXIS2_PLACEMENT_3D ( 'NONE', #1780, #1882, #4703 ) ;
#1775 = DIRECTION ( 'NONE',  ( 0.000000000000000000, 0.000000000000000000, -1.000000000000000000 ) ) ;
#1776 = DIRECTION ( 'NONE',  ( 0.000000000000000000, 1.000000000000000000, 0.000000000000000000 ) ) ;
#1777 = ORIENTED_EDGE ( 'NONE', *, *, #4771, .F. ) ;
#1778 = CARTESIAN_POINT ( 'NONE',  ( 194.8209915161130255, 125.8608434367320115, 156.7073537568699919 ) ) ;
#1779 = ADVANCED_FACE ( 'NONE', ( #7707 ), #3450, .T. ) ;
#1780 = CARTESIAN_POINT ( 'NONE',  ( 285.8209915161129970, 118.5608753807499909, 155.7207935539340156 ) ) ;
#1781 = VERTEX_POINT ( 'NONE', #5589 ) ;
#1782 = DIRECTION ( 'NONE',  ( 0.000000000000000000, -1.000000000000000000, 0.000000000000000000 ) ) ;
#1783 = DIRECTION ( 'NONE',  ( 0.000000000000000000, 0.000000000000000000, -1.000000000000000000 ) ) ;
#1784 = AXIS2_PLACEMENT_3D ( 'NONE', #3835, #5403, #6748 ) ;
#1785 = CARTESIAN_POINT ( 'NONE',  ( 284.6287578953751449, 77.19434021175142391, 183.6551227065808973 ) ) ;
#1786 = VERTEX_POINT ( 'NONE', #1853 ) ;
#1787 = VERTEX_POINT ( 'NONE', #3342 ) ;
#1788 = DIRECTION ( 'NONE',  ( 0.000000000000000000, 0.000000000000000000, -1.000000000000000000 ) ) ;
#1789 = DIRECTION ( 'NONE',  ( 7.558965274043620048E-16, -1.000000000000000000, 0.000000000000000000 ) ) ;
#1790 = FACE_OUTER_BOUND ( 'NONE', #4143, .T. ) ;
#1791 = ORIENTED_EDGE ( 'NONE', *, *, #5685, .F. ) ;
#1792 = VERTEX_POINT ( 'NONE', #353 ) ;
#1793 = ADVANCED_FACE ( 'NONE', ( #1170 ), #4868, .T. ) ;
#1794 = FACE_OUTER_BOUND ( 'NONE', #6672, .T. ) ;
#1795 = EDGE_CURVE ( 'NONE', #5977, #6633, #5114, .T. ) ;
#1796 = EDGE_CURVE ( 'NONE', #275, #5534, #8430, .T. ) ;
#1797 = VECTOR ( 'NONE', #708, 1000.000000000000000 ) ;
#1798 = DIRECTION ( 'NONE',  ( 0.000000000000000000, 0.000000000000000000, -1.000000000000000000 ) ) ;
#1799 = CARTESIAN_POINT ( 'NONE',  ( -288.1789894103999927, 57.34758543135419728, 158.7207935539340156 ) ) ;
#1800 = ORIENTED_EDGE ( 'NONE', *, *, #6554, .F. ) ;
#1801 = EDGE_CURVE ( 'NONE', #6046, #3658, #8663, .T. ) ;
#1802 = DIRECTION ( 'NONE',  ( 0.000000000000000000, 0.000000000000000000, 1.000000000000000000 ) ) ;
#1803 = CYLINDRICAL_SURFACE ( 'NONE', #9242, 12.90485382080079901 ) ;
#1804 = DIRECTION ( 'NONE',  ( 0.000000000000000000, 0.7071067811865453523, 0.7071067811865495711 ) ) ;
#1805 = CIRCLE ( 'NONE', #263, 15.90485382080081322 ) ;
#1806 = EDGE_LOOP ( 'NONE', ( #2667, #8732, #5342, #8958 ) ) ;
#1807 = EDGE_CURVE ( 'NONE', #2814, #5575, #2839, .T. ) ;
#1808 = EDGE_LOOP ( 'NONE', ( #2315, #7245, #4428, #840 ) ) ;
#1809 = DIRECTION ( 'NONE',  ( -1.000000000000000000, 0.000000000000000000, 0.000000000000000000 ) ) ;
#1810 = DIRECTION ( 'NONE',  ( -1.000000000000000000, 4.362752391243199532E-16, 0.000000000000000000 ) ) ;
#1811 = CARTESIAN_POINT ( 'NONE',  ( -202.3634189031529047, 70.19484983465007133, 183.7207935539339303 ) ) ;
#1812 = ORIENTED_EDGE ( 'NONE', *, *, #2059, .F. ) ;
#1813 = ADVANCED_FACE ( 'NONE', ( #7078 ), #6931, .T. ) ;
#1814 = CIRCLE ( 'NONE', #2881, 12.90500640869140092 ) ;
#1815 = DIRECTION ( 'NONE',  ( 1.000000000000000000, 2.226290129967979910E-17, 2.226290129967979910E-17 ) ) ;
#1816 = VERTEX_POINT ( 'NONE', #5543 ) ;
#1817 = CARTESIAN_POINT ( 'NONE',  ( -96.44675636336651792, 117.6023872751334096, 182.9885605069005123 ) ) ;
#1818 = DIRECTION ( 'NONE',  ( 0.000000000000000000, 0.000000000000000000, -1.000000000000000000 ) ) ;
#1819 = LINE ( 'NONE', #989, #268 ) ;
#1820 = VERTEX_POINT ( 'NONE', #8478 ) ;
#1821 = AXIS2_PLACEMENT_3D ( 'NONE', #9431, #774, #8037 ) ;
#1822 = CARTESIAN_POINT ( 'NONE',  ( -152.7366433887729897, 76.52169227600100498, 178.7207935539339871 ) ) ;
#1823 = VERTEX_POINT ( 'NONE', #1904 ) ;
#1824 = DIRECTION ( 'NONE',  ( -1.000000000000000000, -7.105427357601000281E-15, 0.000000000000000000 ) ) ;
#1825 = DIRECTION ( 'NONE',  ( 0.000000000000000000, 0.000000000000000000, 1.000000000000000000 ) ) ;
#1826 = AXIS2_PLACEMENT_3D ( 'NONE', #6424, #8507, #1931 ) ;
#1827 = ORIENTED_EDGE ( 'NONE', *, *, #7232, .F. ) ;
#1828 = DIRECTION ( 'NONE',  ( 0.000000000000000000, 0.000000000000000000, -1.000000000000000000 ) ) ;
#1829 = AXIS2_PLACEMENT_3D ( 'NONE', #1057, #4765, #1893 ) ;
#1830 = CARTESIAN_POINT ( 'NONE',  ( 27.90500640869139914, 96.57703018278820650, 182.2563274598670091 ) ) ;
#1831 = ORIENTED_EDGE ( 'NONE', *, *, #716, .F. ) ;
#1832 = CARTESIAN_POINT ( 'NONE',  ( 285.8209915161120307, 57.34758543134790187, 158.7207935539340156 ) ) ;
#1833 = EDGE_CURVE ( 'NONE', #2888, #1953, #4064, .T. ) ;
#1834 = DIRECTION ( 'NONE',  ( 0.000000000000000000, 1.000000000000000000, 0.000000000000000000 ) ) ;
#1835 = CARTESIAN_POINT ( 'NONE',  ( 194.0887584690794938, 98.66131964795600595, 182.9885605069005123 ) ) ;
#1836 = VECTOR ( 'NONE', #6794, 1000.000000000000000 ) ;
#1837 = DIRECTION ( 'NONE',  ( 0.000000000000000000, 1.000000000000000000, 0.000000000000000000 ) ) ;
#1838 = ORIENTED_EDGE ( 'NONE', *, *, #4715, .F. ) ;
#1839 = ORIENTED_EDGE ( 'NONE', *, *, #3738, .F. ) ;
#1840 = CARTESIAN_POINT ( 'NONE',  ( -286.6585209508847356, 81.26312154465276194, 183.6978314598719919 ) ) ;
#1841 = CIRCLE ( 'NONE', #9201, 2.999999999999999112 ) ;
#1842 = FACE_OUTER_BOUND ( 'NONE', #312, .T. ) ;
#1843 = CARTESIAN_POINT ( 'NONE',  ( 10.00000000000000000, 110.9465026855470029, 178.7207935539339871 ) ) ;
#1844 = ORIENTED_EDGE ( 'NONE', *, *, #903, .T. ) ;
#1845 = EDGE_CURVE ( 'NONE', #4853, #6962, #453, .T. ) ;
#1846 = ORIENTED_EDGE ( 'NONE', *, *, #2334, .F. ) ;
#1847 = CARTESIAN_POINT ( 'NONE',  ( 29.57527637481700111, 96.57703018278820650, 182.2563274598670091 ) ) ;
#1848 = CIRCLE ( 'NONE', #4902, 12.90484428405761008 ) ;
#1849 = CARTESIAN_POINT ( 'NONE',  ( 258.8209915161129970, 76.32125139236430300, 161.7207935539339871 ) ) ;
#1850 = CIRCLE ( 'NONE', #7825, 17.90499687194819955 ) ;
#1851 = CARTESIAN_POINT ( 'NONE',  ( -185.8610559998519705, 22.12077808834190051, 158.7207935539340156 ) ) ;
#1852 = VERTEX_POINT ( 'NONE', #8381 ) ;
#1853 = CARTESIAN_POINT ( 'NONE',  ( 27.90500640869139914, 123.8515090942380112, 163.7207935539339871 ) ) ;
#1854 = CARTESIAN_POINT ( 'NONE',  ( 92.32099151611291177, 135.3984925249610001, 183.7207935539340156 ) ) ;
#1855 = EDGE_CURVE ( 'NONE', #2362, #817, #1142, .T. ) ;
#1856 = ADVANCED_FACE ( 'NONE', ( #2674 ), #7799, .F. ) ;
#1857 = CARTESIAN_POINT ( 'NONE',  ( 143.8209962844850054, 3.000000000000000000, 155.7207935539340156 ) ) ;
#1858 = EDGE_LOOP ( 'NONE', ( #8695, #4801, #9255, #8415 ) ) ;
#1859 = EDGE_LOOP ( 'NONE', ( #624, #7729, #7819, #5523, #4277, #80, #7274 ) ) ;
#1860 = DIRECTION ( 'NONE',  ( 0.000000000000000000, 0.000000000000000000, 1.000000000000000000 ) ) ;
#1861 = DIRECTION ( 'NONE',  ( 0.000000000000000000, 0.000000000000000000, 1.000000000000000000 ) ) ;
#1862 = CARTESIAN_POINT ( 'NONE',  ( 216.5078353881840201, 6.215927124023419736, 155.7207935539340156 ) ) ;
#1863 = ORIENTED_EDGE ( 'NONE', *, *, #209, .T. ) ;
#1864 = FACE_OUTER_BOUND ( 'NONE', #3336, .T. ) ;
#1865 = ORIENTED_EDGE ( 'NONE', *, *, #1845, .T. ) ;
#1866 = CARTESIAN_POINT ( 'NONE',  ( 98.64490509032830801, 35.02563291343319918, 155.7207935539340156 ) ) ;
#1867 = EDGE_CURVE ( 'NONE', #5002, #4681, #526, .T. ) ;
#1868 = AXIS2_PLACEMENT_3D ( 'NONE', #3113, #7614, #9108 ) ;
#1869 = CARTESIAN_POINT ( 'NONE',  ( -289.7295220090750263, 98.96093574119321090, 182.2709214905420083 ) ) ;
#1870 = AXIS2_PLACEMENT_3D ( 'NONE', #5428, #1788, #4710 ) ;
#1871 = CARTESIAN_POINT ( 'NONE',  ( 150.3786849975589917, 6.215927124023390427, 155.7207935539340156 ) ) ;
#1872 = ORIENTED_EDGE ( 'NONE', *, *, #2688, .T. ) ;
#1873 = AXIS2_PLACEMENT_3D ( 'NONE', #7473, #3399, #7172 ) ;
#1874 = CARTESIAN_POINT ( 'NONE',  ( -62.68753156123731429, 110.9465026855470029, 178.7207935539339871 ) ) ;
#1875 = AXIS2_PLACEMENT_3D ( 'NONE', #5883, #8820, #2249 ) ;
#1876 = AXIS2_PLACEMENT_3D ( 'NONE', #702, #1776, #6759 ) ;
#1877 = DIRECTION ( 'NONE',  ( 0.9999999999999982236, 5.974481946206379345E-08, 0.000000000000000000 ) ) ;
#1878 = EDGE_CURVE ( 'NONE', #6956, #7662, #4297, .T. ) ;
#1879 = DIRECTION ( 'NONE',  ( -1.000000000000000000, 0.000000000000000000, 0.000000000000000000 ) ) ;
#1880 = VERTEX_POINT ( 'NONE', #5636 ) ;
#1881 = CARTESIAN_POINT ( 'NONE',  ( 65.60616016387930927, 38.02563476562500000, 155.7207935539340156 ) ) ;
#1882 = DIRECTION ( 'NONE',  ( 3.259958546737069928E-16, -1.000000000000000000, -3.259958546737109864E-16 ) ) ;
#1883 = ORIENTED_EDGE ( 'NONE', *, *, #2975, .F. ) ;
#1884 = EDGE_CURVE ( 'NONE', #7230, #7047, #7653, .T. ) ;
#1885 = EDGE_CURVE ( 'NONE', #1693, #8999, #6803, .T. ) ;
#1886 = CARTESIAN_POINT ( 'NONE',  ( 286.5949270451613415, 61.66682784734639000, 158.7218803456747480 ) ) ;
#1887 = CARTESIAN_POINT ( 'NONE',  ( -45.45299509213570133, 62.21578598022459516, 178.7207935539339871 ) ) ;
#1888 = DIRECTION ( 'NONE',  ( 1.000000000000000000, 0.000000000000000000, 0.000000000000000000 ) ) ;
#1889 = DIRECTION ( 'NONE',  ( -1.000000000000000000, 0.000000000000000000, 0.000000000000000000 ) ) ;
#1890 = ORIENTED_EDGE ( 'NONE', *, *, #3028, .F. ) ;
#1891 = ORIENTED_EDGE ( 'NONE', *, *, #488, .F. ) ;
#1892 = DIRECTION ( 'NONE',  ( 0.000000000000000000, 0.000000000000000000, -1.000000000000000000 ) ) ;
#1893 = DIRECTION ( 'NONE',  ( 1.000000000000000000, 0.000000000000000000, 0.000000000000000000 ) ) ;
#1894 = B_SPLINE_CURVE_WITH_KNOTS ( 'NONE', 3,
 ( #4329, #668, #5087, #2083, #7933, #1346, #7291, #3605, #6519, #761, #2848, #9466, #4283, #4238, #5765, #6571, #7884 ),
 .UNSPECIFIED., .F., .F.,
 ( 4, 2, 2, 1, 1, 1, 1, 1, 2, 2, 4 ),
 ( 0.000000000000000000, 0.2499999999998320233, 0.3749999999997511435, 0.4374999999997136735, 0.4687499999996921352, 0.4843749999996841971, 0.4921874999996800892, 0.4960937499996779798, 0.4980468749996771471, 0.4999999999996762590, 1.000000000000000000 ),
 .UNSPECIFIED. ) ;
#1895 = CARTESIAN_POINT ( 'NONE',  ( 115.5183801475853898, 74.51677716144573083, 183.6363362232772545 ) ) ;
#1896 = ORIENTED_EDGE ( 'NONE', *, *, #3571, .F. ) ;
#1897 = VERTEX_POINT ( 'NONE', #6667 ) ;
#1898 = B_SPLINE_CURVE_WITH_KNOTS ( 'NONE', 3,
 ( #780, #3726, #5199, #7605, #3246, #8181, #9098, #1015, #118, #1799 ),
 .UNSPECIFIED., .F., .F.,
 ( 4, 2, 2, 2, 4 ),
 ( 0.000000000000000000, 0.2500000000000000000, 0.5000000000000000000, 0.7500000000000000000, 1.000000000000000000 ),
 .UNSPECIFIED. ) ;
#1899 = FACE_OUTER_BOUND ( 'NONE', #965, .T. ) ;
#1900 = CIRCLE ( 'NONE', #7562, 4.999999999999997335 ) ;
#1901 = CYLINDRICAL_SURFACE ( 'NONE', #7930, 2.999999999999989342 ) ;
#1902 = DIRECTION ( 'NONE',  ( 0.000000000000000000, 0.000000000000000000, -1.000000000000000000 ) ) ;
#1903 = ORIENTED_EDGE ( 'NONE', *, *, #5925, .T. ) ;
#1904 = CARTESIAN_POINT ( 'NONE',  ( 38.07888031005860086, 35.02563476562500000, 155.7207935539340156 ) ) ;
#1905 = CARTESIAN_POINT ( 'NONE',  ( 200.0057218163573793, 80.57346562891244446, 183.6368339587060063 ) ) ;
#1906 = CIRCLE ( 'NONE', #6337, 5.000000000000004441 ) ;
#1907 = LINE ( 'NONE', #7709, #5172 ) ;
#1908 = EDGE_LOOP ( 'NONE', ( #2143, #7457, #2684 ) ) ;
#1909 = VERTEX_POINT ( 'NONE', #4465 ) ;
#1910 = TOROIDAL_SURFACE ( 'NONE', #6798, 15.90485382080079901, 3.000000000000000000 ) ;
#1911 = FACE_OUTER_BOUND ( 'NONE', #1648, .T. ) ;
#1912 = DIRECTION ( 'NONE',  ( 0.000000000000000000, 0.000000000000000000, 1.000000000000000000 ) ) ;
#1913 = ORIENTED_EDGE ( 'NONE', *, *, #2397, .F. ) ;
#1914 = CARTESIAN_POINT ( 'NONE',  ( -169.9562072518734794, 22.12077808834190051, 155.7207935539340156 ) ) ;
#1915 = VERTEX_POINT ( 'NONE', #96 ) ;
#1916 = DIRECTION ( 'NONE',  ( 1.000000000000000000, 0.000000000000000000, 0.000000000000000000 ) ) ;
#1917 = CARTESIAN_POINT ( 'NONE',  ( 60.32955169677730112, 128.8515090942379970, 178.7207935539339871 ) ) ;
#1918 = FACE_OUTER_BOUND ( 'NONE', #6344, .T. ) ;
#1919 = ORIENTED_EDGE ( 'NONE', *, *, #4266, .F. ) ;
#1920 = EDGE_CURVE ( 'NONE', #4519, #4638, #4414, .T. ) ;
#1921 = CARTESIAN_POINT ( 'NONE',  ( 60.32955169677730112, 98.04149627685548296, 178.7207935539339871 ) ) ;
#1922 = CARTESIAN_POINT ( 'NONE',  ( 143.8209962844850054, 137.7344255771870110, 182.1115330082739945 ) ) ;
#1923 = AXIS2_PLACEMENT_3D ( 'NONE', #1479, #8780, #3075 ) ;
#1924 = EDGE_CURVE ( 'NONE', #3530, #8575, #68, .T. ) ;
#1925 = LINE ( 'NONE', #4842, #1602 ) ;
#1926 = VERTEX_POINT ( 'NONE', #6516 ) ;
#1927 = ADVANCED_FACE ( 'NONE', ( #6618 ), #6076, .T. ) ;
#1928 = CARTESIAN_POINT ( 'NONE',  ( 29.57527637481700111, 93.04149627685549717, 183.7207935539340156 ) ) ;
#1929 = ORIENTED_EDGE ( 'NONE', *, *, #3613, .T. ) ;
#1930 = FACE_OUTER_BOUND ( 'NONE', #7865, .T. ) ;
#1931 = DIRECTION ( 'NONE',  ( 0.000000000000000000, 1.000000000000000000, 0.000000000000000000 ) ) ;
#1932 = DIRECTION ( 'NONE',  ( -1.001151856892039882E-16, -1.000000000000000000, -1.001151856892039882E-16 ) ) ;
#1933 = CARTESIAN_POINT ( 'NONE',  ( -152.7366447448729900, 22.12078094482420099, 155.7207935539340156 ) ) ;
#1934 = VERTEX_POINT ( 'NONE', #4369 ) ;
#1935 = ORIENTED_EDGE ( 'NONE', *, *, #3795, .T. ) ;
#1936 = EDGE_CURVE ( 'NONE', #5496, #2328, #7619, .T. ) ;
#1937 = CARTESIAN_POINT ( 'NONE',  ( -117.8761103101920185, 77.66962208152953906, 183.6132126426212494 ) ) ;
#1938 = CARTESIAN_POINT ( 'NONE',  ( 115.5181150157409746, 71.38595788565743305, 183.7207935539339871 ) ) ;
#1939 = ORIENTED_EDGE ( 'NONE', *, *, #3046, .T. ) ;
#1940 = ORIENTED_EDGE ( 'NONE', *, *, #9369, .T. ) ;
#1941 = CARTESIAN_POINT ( 'NONE',  ( -202.3634122430966613, 79.89505436251984349, 183.6068735724417138 ) ) ;
#1942 = B_SPLINE_CURVE_WITH_KNOTS ( 'NONE', 3,
 ( #2717, #4192, #2758, #8614, #2040, #4951, #2318 ),
 .UNSPECIFIED., .F., .F.,
 ( 4, 2, 1, 4 ),
 ( 0.9774627349229481066, 0.9830970511922110244, 0.9887313674614739423, 1.000000000000000000 ),
 .UNSPECIFIED. ) ;
#1943 = DIRECTION ( 'NONE',  ( -1.000000000000000000, 3.372392848055450117E-16, 0.000000000000000000 ) ) ;
#1944 = CARTESIAN_POINT ( 'NONE',  ( 283.8209915161129970, 74.74094335415090029, 178.7207935539339871 ) ) ;
#1945 = VERTEX_POINT ( 'NONE', #2981 ) ;
#1946 = DIRECTION ( 'NONE',  ( 1.000000000000000000, -1.835214905568972190E-16, 0.000000000000000000 ) ) ;
#1947 = AXIS2_PLACEMENT_3D ( 'NONE', #511, #4880, #9157 ) ;
#1948 = DIRECTION ( 'NONE',  ( 0.000000000000000000, 0.000000000000000000, 1.000000000000000000 ) ) ;
#1949 = EDGE_CURVE ( 'NONE', #6633, #5977, #7001, .T. ) ;
#1950 = DIRECTION ( 'NONE',  ( -2.775557561562890562E-15, -0.7071067811865447972, 0.7071067811865503483 ) ) ;
#1951 = EDGE_CURVE ( 'NONE', #5496, #1987, #8742, .T. ) ;
#1952 = ORIENTED_EDGE ( 'NONE', *, *, #7860, .T. ) ;
#1953 = VERTEX_POINT ( 'NONE', #5170 ) ;
#1954 = DIRECTION ( 'NONE',  ( 0.000000000000000000, 0.000000000000000000, -1.000000000000000000 ) ) ;
#1955 = CARTESIAN_POINT ( 'NONE',  ( -218.8657760620120314, 94.42653656005860796, 178.7207935539339871 ) ) ;
#1956 = AXIS2_PLACEMENT_3D ( 'NONE', #102, #6766, #51 ) ;
#1957 = DIRECTION ( 'NONE',  ( 0.000000000000000000, -1.000000000000000000, 0.000000000000000000 ) ) ;
#1958 = EDGE_LOOP ( 'NONE', ( #7667, #9012, #2228, #8310, #9058 ) ) ;
#1959 = CIRCLE ( 'NONE', #8238, 17.90484428405759942 ) ;
#1960 = VERTEX_POINT ( 'NONE', #3752 ) ;
#1961 = CARTESIAN_POINT ( 'NONE',  ( 43.09501647949219461, 75.12078285217289420, 178.7207935539339871 ) ) ;
#1962 = CARTESIAN_POINT ( 'NONE',  ( -289.4269876612549979, 101.2175338996189851, 180.5186497902789995 ) ) ;
#1963 = ADVANCED_FACE ( 'NONE', ( #8024 ), #8113, .T. ) ;
#1964 = VECTOR ( 'NONE', #3241, 1000.000000000000000 ) ;
#1965 = CARTESIAN_POINT ( 'NONE',  ( 286.3209915161129970, 101.2175338996189851, 180.5186497902789995 ) ) ;
#1966 = ORIENTED_EDGE ( 'NONE', *, *, #5186, .T. ) ;
#1967 = CARTESIAN_POINT ( 'NONE',  ( 27.90500640869139914, 128.8515090942379970, 178.7207935539339871 ) ) ;
#1968 = AXIS2_PLACEMENT_3D ( 'NONE', #4740, #3840, #8352 ) ;
#1969 = TOROIDAL_SURFACE ( 'NONE', #1497, 33.00000000000000000, 3.000000000000000000 ) ;
#1970 = DIRECTION ( 'NONE',  ( -1.000000000000000000, 3.372392848055450117E-16, 0.000000000000000000 ) ) ;
#1971 = CARTESIAN_POINT ( 'NONE',  ( -169.2987258683672565, 80.24398127106321965, 183.6335917327383527 ) ) ;
#1972 = ORIENTED_EDGE ( 'NONE', *, *, #961, .F. ) ;
#1973 = DIRECTION ( 'NONE',  ( 0.000000000000000000, 0.000000000000000000, -1.000000000000000000 ) ) ;
#1974 = EDGE_CURVE ( 'NONE', #4964, #8944, #5924, .T. ) ;
#1975 = VECTOR ( 'NONE', #4916, 1000.000000000000000 ) ;
#1976 = CIRCLE ( 'NONE', #7326, 12.90499687194819600 ) ;
#1977 =( BOUNDED_CURVE ( )  B_SPLINE_CURVE ( 3, ( #6104, #8990, #200, #9091 ),
 .UNSPECIFIED., .F., .F. ) 
 B_SPLINE_CURVE_WITH_KNOTS ( ( 4, 4 ),
 ( 1.954910757784164899, 2.339025188773485198 ),
 .UNSPECIFIED. ) 
 CURVE ( )  GEOMETRIC_REPRESENTATION_ITEM ( )  RATIONAL_B_SPLINE_CURVE ( ( 1.000000000000000000, 0.9877424226396419593, 0.9877424226396419593, 1.000000000000000000 ) ) 
 REPRESENTATION_ITEM ( '' )  );
#1978 = EDGE_CURVE ( 'NONE', #5136, #1722, #1096, .T. ) ;
#1979 = EDGE_CURVE ( 'NONE', #9361, #4496, #7303, .T. ) ;
#1980 = ORIENTED_EDGE ( 'NONE', *, *, #7894, .T. ) ;
#1981 = FACE_OUTER_BOUND ( 'NONE', #7949, .T. ) ;
#1982 = CARTESIAN_POINT ( 'NONE',  ( -83.01555633544920454, 90.89100265412589863, 182.2563274598670091 ) ) ;
#1983 = CARTESIAN_POINT ( 'NONE',  ( -290.9501458811674297, 100.3254281561213190, 179.5953736586969853 ) ) ;
#1984 = DIRECTION ( 'NONE',  ( 0.000000000000000000, 0.000000000000000000, -1.000000000000000000 ) ) ;
#1985 = ORIENTED_EDGE ( 'NONE', *, *, #1680, .F. ) ;
#1986 = VECTOR ( 'NONE', #3767, 1000.000000000000000 ) ;
#1987 = VERTEX_POINT ( 'NONE', #9194 ) ;
#1988 = DIRECTION ( 'NONE',  ( -1.000000000000000000, 0.000000000000000000, 0.000000000000000000 ) ) ;
#1989 = ADVANCED_FACE ( 'NONE', ( #5539 ), #1901, .T. ) ;
#1990 = CARTESIAN_POINT ( 'NONE',  ( -169.2988481007920711, 75.99041390334986090, 183.5371530691276121 ) ) ;
#1991 = VECTOR ( 'NONE', #5411, 1000.000000000000000 ) ;
#1992 = CARTESIAN_POINT ( 'NONE',  ( 267.5316238403320312, 89.42653656005859375, 158.7207935539340156 ) ) ;
#1993 = EDGE_LOOP ( 'NONE', ( #3440, #3299, #1940, #4890 ) ) ;
#1994 = VECTOR ( 'NONE', #4795, 1000.000000000000000 ) ;
#1995 = ORIENTED_EDGE ( 'NONE', *, *, #6670, .T. ) ;
#1996 = CARTESIAN_POINT ( 'NONE',  ( -202.3627673502431605, 81.32825599153903795, 183.6695359065439277 ) ) ;
#1997 = CARTESIAN_POINT ( 'NONE',  ( 166.9408839221241294, 73.35441089530911540, 183.6108981340278774 ) ) ;
#1998 = VECTOR ( 'NONE', #2064, 1000.000000000000000 ) ;
#1999 = DIRECTION ( 'NONE',  ( 1.000000000000000000, 9.251858538542972222E-15, 0.000000000000000000 ) ) ;
#2000 = ORIENTED_EDGE ( 'NONE', *, *, #3412, .F. ) ;
#2001 = EDGE_CURVE ( 'NONE', #8959, #1265, #3175, .T. ) ;
#2002 = TOROIDAL_SURFACE ( 'NONE', #8280, 17.90484791500050221, 5.000000000000000000 ) ;
#2003 = CARTESIAN_POINT ( 'NONE',  ( 200.0054576442690006, 76.52168743035379350, 183.5200739500569966 ) ) ;
#2004 = DIRECTION ( 'NONE',  ( -6.409534987526679801E-16, 1.000000000000000000, 0.000000000000000000 ) ) ;
#2005 = CIRCLE ( 'NONE', #7356, 5.000000000000004441 ) ;
#2006 = ORIENTED_EDGE ( 'NONE', *, *, #4110, .T. ) ;
#2007 = VERTEX_POINT ( 'NONE', #3193 ) ;
#2008 = DIRECTION ( 'NONE',  ( 3.907985046680516628E-15, -0.7191424945380922029, 0.6948626285457651930 ) ) ;
#2009 = EDGE_CURVE ( 'NONE', #3492, #366, #7153, .T. ) ;
#2010 = CIRCLE ( 'NONE', #9506, 17.90484428405761363 ) ;
#2011 = CARTESIAN_POINT ( 'NONE',  ( 13.36300373077400039, 128.8515090942379970, 178.7207935539339871 ) ) ;
#2012 = LINE ( 'NONE', #4924, #6762 ) ;
#2013 = EDGE_LOOP ( 'NONE', ( #146, #1404, #5275, #3109, #939, #918 ) ) ;
#2014 = DIRECTION ( 'NONE',  ( 0.000000000000000000, 0.000000000000000000, 1.000000000000000000 ) ) ;
#2015 = DIRECTION ( 'NONE',  ( 0.000000000000000000, 0.000000000000000000, -1.000000000000000000 ) ) ;
#2016 = CARTESIAN_POINT ( 'NONE',  ( 80.65758528230271907, 22.12078010271750017, 155.7207935539340156 ) ) ;
#2017 = DIRECTION ( 'NONE',  ( -1.000000000000000000, 4.362752391243206928E-16, 0.000000000000000000 ) ) ;
#2018 = ORIENTED_EDGE ( 'NONE', *, *, #7185, .F. ) ;
#2019 = DIRECTION ( 'NONE',  ( -1.000000000000000000, 0.000000000000000000, 0.000000000000000000 ) ) ;
#2020 = FACE_OUTER_BOUND ( 'NONE', #5621, .T. ) ;
#2021 = AXIS2_PLACEMENT_3D ( 'NONE', #2548, #1824, #4748 ) ;
#2022 = PLANE ( 'NONE',  #2872 ) ;
#2023 = VECTOR ( 'NONE', #1392, 1000.000000000000000 ) ;
#2024 = ORIENTED_EDGE ( 'NONE', *, *, #8188, .F. ) ;
#2025 = DIRECTION ( 'NONE',  ( 0.000000000000000000, -0.7071067811865486830, 0.7071067811865463515 ) ) ;
#2026 = EDGE_CURVE ( 'NONE', #215, #3918, #1330, .T. ) ;
#2027 = AXIS2_PLACEMENT_3D ( 'NONE', #8148, #5981, #8102 ) ;
#2028 = VECTOR ( 'NONE', #131, 1000.000000000000000 ) ;
#2029 = CARTESIAN_POINT ( 'NONE',  ( -196.7129687417429977, 117.8685996535100031, 182.6743849957319981 ) ) ;
#2030 = LINE ( 'NONE', #5035, #7742 ) ;
#2031 = DIRECTION ( 'NONE',  ( 1.000000000000000000, 0.000000000000000000, 0.000000000000000000 ) ) ;
#2032 = VERTEX_POINT ( 'NONE', #7604 ) ;
#2033 = ORIENTED_EDGE ( 'NONE', *, *, #2225, .T. ) ;
#2034 = EDGE_CURVE ( 'NONE', #2370, #3417, #6694, .T. ) ;
#2035 = DIRECTION ( 'NONE',  ( 0.000000000000000000, 1.000000000000000000, 0.000000000000000000 ) ) ;
#2036 = AXIS2_PLACEMENT_3D ( 'NONE', #8396, #1818, #7527 ) ;
#2037 = CARTESIAN_POINT ( 'NONE',  ( 283.4364776611420211, 22.12078094482420099, 158.7207935539340156 ) ) ;
#2038 = ORIENTED_EDGE ( 'NONE', *, *, #3976, .T. ) ;
#2039 = DIRECTION ( 'NONE',  ( 4.688749442782618508E-16, -0.7191424945380946454, 0.6948626285457626395 ) ) ;
#2040 = CARTESIAN_POINT ( 'NONE',  ( -286.9865465038010370, 76.40477074807429858, 183.6551479177050226 ) ) ;
#2041 = AXIS2_PLACEMENT_3D ( 'NONE', #1503, #8705, #722 ) ;
#2042 = ADVANCED_FACE ( 'NONE', ( #6252 ), #4718, .T. ) ;
#2043 = CARTESIAN_POINT ( 'NONE',  ( 166.9410490333427504, 74.39677552841941122, 183.5725414247359311 ) ) ;
#2044 = CARTESIAN_POINT ( 'NONE',  ( -290.3003223957579735, 65.69607095445940104, 157.8421299108590006 ) ) ;
#2045 = ORIENTED_EDGE ( 'NONE', *, *, #4085, .F. ) ;
#2046 = AXIS2_PLACEMENT_3D ( 'NONE', #7947, #912, #2100 ) ;
#2047 = DIRECTION ( 'NONE',  ( 0.000000000000000000, 0.000000000000000000, -1.000000000000000000 ) ) ;
#2048 = CARTESIAN_POINT ( 'NONE',  ( 65.60616299700279797, 94.42653656005880691, 178.7207935539339871 ) ) ;
#2049 = ORIENTED_EDGE ( 'NONE', *, *, #8568, .F. ) ;
#2050 = ORIENTED_EDGE ( 'NONE', *, *, #1589, .T. ) ;
#2051 = ORIENTED_EDGE ( 'NONE', *, *, #1019, .T. ) ;
#2052 = CARTESIAN_POINT ( 'NONE',  ( 80.65757751464829539, 76.52169227600100498, 183.7207935539340156 ) ) ;
#2053 = CARTESIAN_POINT ( 'NONE',  ( 133.1763124465940109, 62.15238189787610423, 182.2563274598670091 ) ) ;
#2054 = PLANE ( 'NONE',  #2792 ) ;
#2055 = ORIENTED_EDGE ( 'NONE', *, *, #4628, .F. ) ;
#2056 = DIRECTION ( 'NONE',  ( -0.7071067811865475727, 0.000000000000000000, 0.7071067811865475727 ) ) ;
#2057 = VECTOR ( 'NONE', #2927, 1000.000000000000000 ) ;
#2058 = DIRECTION ( 'NONE',  ( 1.000000000000000000, 0.000000000000000000, 0.000000000000000000 ) ) ;
#2059 = EDGE_CURVE ( 'NONE', #1121, #2264, #7557, .T. ) ;
#2060 = CARTESIAN_POINT ( 'NONE',  ( -218.8657760620120314, 35.90431442206534740, 157.8421138974935047 ) ) ;
#2061 = EDGE_CURVE ( 'NONE', #1897, #6922, #4249, .T. ) ;
#2062 = FACE_OUTER_BOUND ( 'NONE', #7169, .T. ) ;
#2063 = ORIENTED_EDGE ( 'NONE', *, *, #8930, .T. ) ;
#2064 = DIRECTION ( 'NONE',  ( 1.000000000000000000, 6.630299199421770504E-16, 0.000000000000000000 ) ) ;
#2065 = AXIS2_PLACEMENT_3D ( 'NONE', #818, #2319, #8672 ) ;
#2066 = CIRCLE ( 'NONE', #5735, 12.90485382080080967 ) ;
#2067 = CARTESIAN_POINT ( 'NONE',  ( -58.35799196300879998, 75.12078285217289420, 178.7207935539339871 ) ) ;
#2068 = CARTESIAN_POINT ( 'NONE',  ( -169.2983745974397607, 80.91419057388119995, 183.6612153115209765 ) ) ;
#2069 = VERTEX_POINT ( 'NONE', #1014 ) ;
#2070 = CARTESIAN_POINT ( 'NONE',  ( -83.01555633544920454, 76.52169227600100498, 178.7207935539339871 ) ) ;
#2071 = EDGE_CURVE ( 'NONE', #7617, #7130, #2623, .T. ) ;
#2072 = CARTESIAN_POINT ( 'NONE',  ( 132.3913192749020027, 38.02563476562500000, 155.7207935539340156 ) ) ;
#2073 = AXIS2_PLACEMENT_3D ( 'NONE', #4721, #6209, #2576 ) ;
#2074 = AXIS2_PLACEMENT_3D ( 'NONE', #1731, #5515, #1775 ) ;
#2075 = CARTESIAN_POINT ( 'NONE',  ( 166.9408822606280580, 79.76009843187240733, 183.6137583205791657 ) ) ;
#2076 = PLANE ( 'NONE',  #6198 ) ;
#2077 = DIRECTION ( 'NONE',  ( 1.000000000000000000, 0.000000000000000000, 0.000000000000000000 ) ) ;
#2078 = ORIENTED_EDGE ( 'NONE', *, *, #1885, .T. ) ;
#2079 = ORIENTED_EDGE ( 'NONE', *, *, #3245, .T. ) ;
#2080 = FACE_OUTER_BOUND ( 'NONE', #4325, .T. ) ;
#2081 = EDGE_CURVE ( 'NONE', #5635, #4219, #4817, .T. ) ;
#2082 = VECTOR ( 'NONE', #6975, 1000.000000000000000 ) ;
#2083 = CARTESIAN_POINT ( 'NONE',  ( -117.8758452092112208, 74.51681884904111541, 183.6363383708666390 ) ) ;
#2084 = ORIENTED_EDGE ( 'NONE', *, *, #3614, .F. ) ;
#2085 = CARTESIAN_POINT ( 'NONE',  ( -42.09727764129630145, 58.61684799194339490, 178.7207935539339871 ) ) ;
#2086 = DIRECTION ( 'NONE',  ( -0.9999999999999996669, -2.745767250262608000E-08, 0.000000000000000000 ) ) ;
#2087 = DIRECTION ( 'NONE',  ( 0.000000000000000000, 0.000000000000000000, 1.000000000000000000 ) ) ;
#2088 = CARTESIAN_POINT ( 'NONE',  ( -101.0028839111329972, 89.42653656005859375, 158.7207935539340156 ) ) ;
#2089 = ORIENTED_EDGE ( 'NONE', *, *, #515, .F. ) ;
#2090 =( BOUNDED_CURVE ( )  B_SPLINE_CURVE ( 3, ( #7955, #5877, #1518, #7375 ),
 .UNSPECIFIED., .F., .F. ) 
 B_SPLINE_CURVE_WITH_KNOTS ( ( 4, 4 ),
 ( 1.570796326794899889, 2.356194490192355051 ),
 .UNSPECIFIED. ) 
 CURVE ( )  GEOMETRIC_REPRESENTATION_ITEM ( )  RATIONAL_B_SPLINE_CURVE ( ( 1.000000000000000000, 0.9492530216741900118, 0.9492530216741900118, 1.000000000000000000 ) ) 
 REPRESENTATION_ITEM ( '' )  );
#2091 = EDGE_CURVE ( 'NONE', #8745, #3661, #1477, .T. ) ;
#2092 = DIRECTION ( 'NONE',  ( -1.000000000000000000, -2.036638432068759852E-16, 0.000000000000000000 ) ) ;
#2093 = CARTESIAN_POINT ( 'NONE',  ( 150.3786849975589917, 63.61684799194339490, 158.7207935539340156 ) ) ;
#2094 = ORIENTED_EDGE ( 'NONE', *, *, #1688, .F. ) ;
#2095 = CIRCLE ( 'NONE', #4994, 12.90485388537120315 ) ;
#2096 = EDGE_LOOP ( 'NONE', ( #2094, #4006, #9126, #2084 ) ) ;
#2097 = EDGE_CURVE ( 'NONE', #4852, #7362, #4705, .T. ) ;
#2098 = EDGE_CURVE ( 'NONE', #5269, #7230, #8545, .T. ) ;
#2099 = CARTESIAN_POINT ( 'NONE',  ( -97.01854251563213438, 118.1741734273991113, 182.2468021671473934 ) ) ;
#2100 = DIRECTION ( 'NONE',  ( -2.775557561562887407E-15, 0.7071067811865453523, 0.7071067811865495711 ) ) ;
#2101 = EDGE_CURVE ( 'NONE', #2510, #5286, #561, .T. ) ;
#2102 = DIRECTION ( 'NONE',  ( 4.224597061064377015E-08, -0.7071067811865480168, 0.7071067811865456854 ) ) ;
#2103 = ORIENTED_EDGE ( 'NONE', *, *, #9068, .F. ) ;
#2104 = CIRCLE ( 'NONE', #8075, 3.000000000000007994 ) ;
#2105 = CARTESIAN_POINT ( 'NONE',  ( -269.8896026611329830, 35.02563476562500000, 158.7207935539340156 ) ) ;
#2106 = DIRECTION ( 'NONE',  ( -1.000000000000000000, 4.163336342344335449E-15, 0.000000000000000000 ) ) ;
#2107 = CARTESIAN_POINT ( 'NONE',  ( 284.6283381883919787, 76.35466139825649634, 183.6551822080774912 ) ) ;
#2108 = EDGE_CURVE ( 'NONE', #3536, #5790, #3480, .T. ) ;
#2109 = DIRECTION ( 'NONE',  ( -1.000000000000000000, 4.362752391243199532E-16, 0.000000000000000000 ) ) ;
#2110 = ORIENTED_EDGE ( 'NONE', *, *, #2785, .F. ) ;
#2111 = CARTESIAN_POINT ( 'NONE',  ( -110.0223875045780062, 62.15238189787610423, 182.2563274598670091 ) ) ;
#2112 = CARTESIAN_POINT ( 'NONE',  ( -169.2988487268119968, 83.32439785370981156, 183.7207935539340156 ) ) ;
#2113 = DIRECTION ( 'NONE',  ( 0.9999999999999995559, 2.745767267742075190E-08, 0.000000000000000000 ) ) ;
#2114 = AXIS2_PLACEMENT_3D ( 'NONE', #6015, #3002, #6732 ) ;
#2115 = ORIENTED_EDGE ( 'NONE', *, *, #7238, .T. ) ;
#2116 = FACE_OUTER_BOUND ( 'NONE', #301, .T. ) ;
#2117 = EDGE_CURVE ( 'NONE', #6249, #2783, #7770, .T. ) ;
#2118 = DIRECTION ( 'NONE',  ( 1.000000000000000000, -7.750856465236719541E-16, 0.000000000000000000 ) ) ;
#2119 = CIRCLE ( 'NONE', #271, 15.90484969578129792 ) ;
#2120 = DIRECTION ( 'NONE',  ( 0.000000000000000000, 0.7071067811865490160, 0.7071067811865461294 ) ) ;
#2121 = DIRECTION ( 'NONE',  ( 0.9999999999999982236, -5.974482169746129770E-08, -3.752997407328913245E-16 ) ) ;
#2122 = CARTESIAN_POINT ( 'NONE',  ( -291.0375945743090256, 72.75199412544978372, 157.3950193065669794 ) ) ;
#2123 = EDGE_LOOP ( 'NONE', ( #9122, #750, #8353, #6044, #4579 ) ) ;
#2124 = ORIENTED_EDGE ( 'NONE', *, *, #5563, .T. ) ;
#2125 = CARTESIAN_POINT ( 'NONE',  ( -197.1789894103999643, 99.79547549474956725, 181.8926963090956406 ) ) ;
#2126 = CARTESIAN_POINT ( 'NONE',  ( -152.7366447448729900, 22.12078094482420099, 158.7207935539340156 ) ) ;
#2127 = AXIS2_PLACEMENT_3D ( 'NONE', #6258, #7122, #6354 ) ;
#2128 = DIRECTION ( 'NONE',  ( 0.000000000000000000, 0.000000000000000000, -1.000000000000000000 ) ) ;
#2129 = EDGE_LOOP ( 'NONE', ( #9209, #7417, #4787, #808 ) ) ;
#2130 = CYLINDRICAL_SURFACE ( 'NONE', #2401, 5.000000000000001776 ) ;
#2131 = FACE_OUTER_BOUND ( 'NONE', #8860, .T. ) ;
#2132 = VECTOR ( 'NONE', #8858, 1000.000000000000000 ) ;
#2133 = CARTESIAN_POINT ( 'NONE',  ( 166.9408770293939881, 76.52168743035359455, 183.5371495342995161 ) ) ;
#2134 = CARTESIAN_POINT ( 'NONE',  ( -146.1789941787719727, 51.32125139236440248, 178.7207935539339871 ) ) ;
#2135 = ORIENTED_EDGE ( 'NONE', *, *, #6064, .F. ) ;
#2136 = AXIS2_PLACEMENT_3D ( 'NONE', #8107, #3748, #8825 ) ;
#2137 = CIRCLE ( 'NONE', #2438, 17.90484428405759942 ) ;
#2138 = CARTESIAN_POINT ( 'NONE',  ( 168.2835292816164952, 76.52169227600100498, 178.7207935539339871 ) ) ;
#2139 = EDGE_CURVE ( 'NONE', #3865, #1275, #4475, .T. ) ;
#2140 = TOROIDAL_SURFACE ( 'NONE', #6722, 25.00000000000000000, 5.000000000000000000 ) ;
#2141 = LINE ( 'NONE', #5866, #2896 ) ;
#2142 = ORIENTED_EDGE ( 'NONE', *, *, #4205, .F. ) ;
#2143 = ORIENTED_EDGE ( 'NONE', *, *, #5570, .T. ) ;
#2144 = CARTESIAN_POINT ( 'NONE',  ( -146.1789941787719727, 51.32125139236440248, 183.7207935539340156 ) ) ;
#2145 = AXIS2_PLACEMENT_3D ( 'NONE', #4263, #6653, #4399 ) ;
#2146 = DIRECTION ( 'NONE',  ( 0.000000000000000000, 0.000000000000000000, 1.000000000000000000 ) ) ;
#2147 = EDGE_LOOP ( 'NONE', ( #3879, #9019, #8243, #5806 ) ) ;
#2148 = CARTESIAN_POINT ( 'NONE',  ( -30.26300430297849786, 98.04149627685548296, 183.7207935539340156 ) ) ;
#2149 = EDGE_CURVE ( 'NONE', #5065, #992, #865, .T. ) ;
#2150 = CARTESIAN_POINT ( 'NONE',  ( 284.6281423443959966, 76.32125139236430300, 183.6552142433770030 ) ) ;
#2151 = AXIS2_PLACEMENT_3D ( 'NONE', #8198, #3259, #3975 ) ;
#2152 = DIRECTION ( 'NONE',  ( -1.000000000000000000, 0.000000000000000000, 0.000000000000000000 ) ) ;
#2153 = VECTOR ( 'NONE', #1461, 1000.000000000000000 ) ;
#2154 = VERTEX_POINT ( 'NONE', #3534 ) ;
#2155 = ORIENTED_EDGE ( 'NONE', *, *, #4537, .F. ) ;
#2156 = DIRECTION ( 'NONE',  ( -0.9999999999999995559, -2.453707363292904466E-08, 4.301571643946534541E-15 ) ) ;
#2157 = ADVANCED_FACE ( 'NONE', ( #5906 ), #2364, .F. ) ;
#2158 = CARTESIAN_POINT ( 'NONE',  ( 43.09501647949219461, 75.12078285217289420, 183.7207935539340156 ) ) ;
#2159 = CARTESIAN_POINT ( 'NONE',  ( 43.09501647949219461, 75.12078285217289420, 178.7207935539339871 ) ) ;
#2160 = CYLINDRICAL_SURFACE ( 'NONE', #4779, 2.999999999999994227 ) ;
#2161 = CARTESIAN_POINT ( 'NONE',  ( 286.3199633647190012, 63.84908556891399911, 160.6064984854870090 ) ) ;
#2162 = B_SPLINE_CURVE_WITH_KNOTS ( 'NONE', 3,
 ( #7987, #8122, #5769, #8700, #1398, #6675, #8747, #7295, #714, #6627, #3660, #8076, #6523, #6576, #5859, #8791, #1491, #7352, #765, #3712, #5952, #53, #5904, #8837, #2268, #5177, #1547, #4473, #7404 ),
 .UNSPECIFIED., .F., .F.,
 ( 4, 2, 2, 2, 2, 2, 2, 2, 1, 1, 1, 1, 1, 2, 2, 2, 4 ),
 ( 0.000000000000000000, 0.1250000000001219858, 0.1875000000001823541, 0.2187500000002116085, 0.2343750000002265410, 0.2500000000002414180, 0.3750000000003798628, 0.4375000000004459766, 0.4687500000004810041, 0.4843750000004951040, 0.4921875000005035972, 0.4960937500005092038, 0.4980468750005120349, 0.4990234375005120349, 0.5000000000005120349, 0.7500000000002560174, 1.000000000000000000 ),
 .UNSPECIFIED. ) ;
#2163 = ORIENTED_EDGE ( 'NONE', *, *, #8020, .T. ) ;
#2164 = CARTESIAN_POINT ( 'NONE',  ( 133.1763124465940109, 58.61684799194339490, 183.7207935539340156 ) ) ;
#2165 = EDGE_CURVE ( 'NONE', #3536, #427, #6448, .T. ) ;
#2166 = DIRECTION ( 'NONE',  ( 1.000000000000000000, 0.000000000000000000, 0.000000000000000000 ) ) ;
#2167 = FACE_OUTER_BOUND ( 'NONE', #5075, .T. ) ;
#2168 = CARTESIAN_POINT ( 'NONE',  ( -290.4864258864629960, 69.70872780401420243, 158.4910835483449887 ) ) ;
#2169 = ORIENTED_EDGE ( 'NONE', *, *, #1334, .F. ) ;
#2170 = VERTEX_POINT ( 'NONE', #56 ) ;
#2171 = DIRECTION ( 'NONE',  ( 0.000000000000000000, 0.000000000000000000, -1.000000000000000000 ) ) ;
#2172 = CARTESIAN_POINT ( 'NONE',  ( -195.0787199502618989, 116.2343508620287906, 183.7207935539340156 ) ) ;
#2173 = VECTOR ( 'NONE', #4222, 1000.000000000000000 ) ;
#2174 = ADVANCED_FACE ( 'NONE', ( #3086 ), #4424, .F. ) ;
#2175 = EDGE_CURVE ( 'NONE', #8092, #456, #8896, .T. ) ;
#2176 = AXIS2_PLACEMENT_3D ( 'NONE', #8161, #4514, #8212 ) ;
#2177 = DIRECTION ( 'NONE',  ( -1.000000000000000000, 5.376964357955537309E-15, 0.000000000000000000 ) ) ;
#2178 = VERTEX_POINT ( 'NONE', #2270 ) ;
#2179 = DIRECTION ( 'NONE',  ( 0.000000000000000000, 0.000000000000000000, -1.000000000000000000 ) ) ;
#2180 = CYLINDRICAL_SURFACE ( 'NONE', #7475, 2.999999999999995115 ) ;
#2181 = DIRECTION ( 'NONE',  ( -8.330653612515482894E-11, 1.000000000000000000, 0.000000000000000000 ) ) ;
#2182 = DIRECTION ( 'NONE',  ( 1.000000000000000000, 0.000000000000000000, 9.277635478891841969E-16 ) ) ;
#2183 = VERTEX_POINT ( 'NONE', #8170 ) ;
#2184 = CARTESIAN_POINT ( 'NONE',  ( -62.68753156017800876, 123.8515090942380112, 158.7207935539340156 ) ) ;
#2185 = CARTESIAN_POINT ( 'NONE',  ( 287.9423423734090193, 65.69595131472290461, 157.8421407196165092 ) ) ;
#2186 = EDGE_LOOP ( 'NONE', ( #9086, #6152, #5518, #1313, #4825 ) ) ;
#2187 = CIRCLE ( 'NONE', #8770, 15.90484969578129792 ) ;
#2188 = VERTEX_POINT ( 'NONE', #5181 ) ;
#2189 = LINE ( 'NONE', #1610, #7779 ) ;
#2190 = FACE_OUTER_BOUND ( 'NONE', #1060, .T. ) ;
#2191 = CARTESIAN_POINT ( 'NONE',  ( 114.5497433645823975, 22.12078134939934770, 155.7207935539340156 ) ) ;
#2192 = ORIENTED_EDGE ( 'NONE', *, *, #1063, .T. ) ;
#2193 = CARTESIAN_POINT ( 'NONE',  ( -285.7244439558550084, 59.07246415508239323, 161.7207935539339871 ) ) ;
#2194 = DIRECTION ( 'NONE',  ( -1.000000000000000000, 0.000000000000000000, 0.000000000000000000 ) ) ;
#2195 = CARTESIAN_POINT ( 'NONE',  ( -288.6789894103999927, 101.2175338996189851, 180.5186497902789995 ) ) ;
#2196 = EDGE_CURVE ( 'NONE', #4964, #8575, #8082, .T. ) ;
#2197 = CARTESIAN_POINT ( 'NONE',  ( 200.0061098461321194, 72.01848635602523530, 183.6581378413075925 ) ) ;
#2198 = ORIENTED_EDGE ( 'NONE', *, *, #5638, .T. ) ;
#2199 = EDGE_LOOP ( 'NONE', ( #7746, #609, #5583, #8988, #5542, #5134 ) ) ;
#2200 = CARTESIAN_POINT ( 'NONE',  ( 132.3913249411490085, 89.42653656005869323, 178.7207935539339871 ) ) ;
#2201 = DIRECTION ( 'NONE',  ( -1.000000000000000000, 3.029124098583790169E-17, 0.000000000000000000 ) ) ;
#2202 = CARTESIAN_POINT ( 'NONE',  ( -218.8657760620120314, 9.215927124023419736, 143.7207935539339871 ) ) ;
#2203 =( NAMED_UNIT ( * ) PLANE_ANGLE_UNIT ( ) SI_UNIT ( $, .RADIAN. ) );
#2204 = DIRECTION ( 'NONE',  ( 0.000000000000000000, 0.000000000000000000, -1.000000000000000000 ) ) ;
#2205 = EDGE_CURVE ( 'NONE', #7173, #9250, #8890, .T. ) ;
#2206 = EDGE_LOOP ( 'NONE', ( #6499, #8442, #6515, #6760 ) ) ;
#2207 = FACE_OUTER_BOUND ( 'NONE', #3152, .T. ) ;
#2208 = ADVANCED_FACE ( 'NONE', ( #5738 ), #4252, .T. ) ;
#2209 = EDGE_CURVE ( 'NONE', #4300, #5065, #6647, .T. ) ;
#2210 = FACE_BOUND ( 'NONE', #8234, .T. ) ;
#2211 = DIRECTION ( 'NONE',  ( -1.000000000000000000, 3.029120467170619751E-17, 0.000000000000000000 ) ) ;
#2212 = EDGE_CURVE ( 'NONE', #3673, #8686, #4968, .T. ) ;
#2213 = CARTESIAN_POINT ( 'NONE',  ( -290.5041280036969624, 69.79439445626501026, 158.7148209136289836 ) ) ;
#2214 = ORIENTED_EDGE ( 'NONE', *, *, #1878, .F. ) ;
#2215 = ORIENTED_EDGE ( 'NONE', *, *, #1054, .T. ) ;
#2216 = CARTESIAN_POINT ( 'NONE',  ( -15.72100162506090015, 96.57703018278820650, 182.2563274598670091 ) ) ;
#2217 = CARTESIAN_POINT ( 'NONE',  ( 56.00001335144040127, 75.12078285217289420, 178.7207935539339871 ) ) ;
#2218 = AXIS2_PLACEMENT_3D ( 'NONE', #6112, #8183, #3825 ) ;
#2219 = ADVANCED_FACE ( 'NONE', ( #1644 ), #195, .T. ) ;
#2220 = VERTEX_POINT ( 'NONE', #5011 ) ;
#2221 = CARTESIAN_POINT ( 'NONE',  ( 285.8754354826627377, 97.04801087091448153, 183.4212821579894808 ) ) ;
#2222 = ORIENTED_EDGE ( 'NONE', *, *, #7509, .F. ) ;
#2223 = LINE ( 'NONE', #2989, #4561 ) ;
#2224 = ORIENTED_EDGE ( 'NONE', *, *, #1074, .F. ) ;
#2225 = EDGE_CURVE ( 'NONE', #4480, #721, #8629, .T. ) ;
#2226 = DIRECTION ( 'NONE',  ( 2.589670037770049879E-17, 1.000000000000000000, 0.000000000000000000 ) ) ;
#2227 = CARTESIAN_POINT ( 'NONE',  ( -45.45299509106060043, 75.12078285217289420, 183.7207935539340156 ) ) ;
#2228 = ORIENTED_EDGE ( 'NONE', *, *, #2236, .F. ) ;
#2229 = AXIS2_PLACEMENT_3D ( 'NONE', #3700, #5221, #4409 ) ;
#2230 = AXIS2_PLACEMENT_3D ( 'NONE', #4150, #7067, #5479 ) ;
#2231 = CARTESIAN_POINT ( 'NONE',  ( -101.0028839111329972, 63.61684799194339490, 153.7207935539340156 ) ) ;
#2232 = CARTESIAN_POINT ( 'NONE',  ( -290.3003097539594819, 0.8786796564403600573, 157.8421138974935047 ) ) ;
#2233 = ORIENTED_EDGE ( 'NONE', *, *, #8150, .F. ) ;
#2234 = VERTEX_POINT ( 'NONE', #4523 ) ;
#2235 = DIRECTION ( 'NONE',  ( 0.000000000000000000, 0.000000000000000000, -1.000000000000000000 ) ) ;
#2236 = EDGE_CURVE ( 'NONE', #1852, #868, #2831, .T. ) ;
#2237 = CARTESIAN_POINT ( 'NONE',  ( 203.6029927857464941, 76.52169227600100498, 178.7207935539339871 ) ) ;
#2238 = EDGE_LOOP ( 'NONE', ( #6695, #1703, #5200, #8792, #3041 ) ) ;
#2239 = CARTESIAN_POINT ( 'NONE',  ( -290.4522445523670058, 69.44562112274829246, 157.9671094615829929 ) ) ;
#2240 = CARTESIAN_POINT ( 'NONE',  ( -70.11072929121860398, 22.12078010271839901, 155.7207935539340156 ) ) ;
#2241 = EDGE_CURVE ( 'NONE', #952, #5860, #6166, .T. ) ;
#2242 = CARTESIAN_POINT ( 'NONE',  ( 288.0409500269390151, 68.88023243343560864, 158.1661868524519718 ) ) ;
#2243 = CARTESIAN_POINT ( 'NONE',  ( 200.0054587343118726, 70.19490409152066945, 183.7207935539340156 ) ) ;
#2244 = ORIENTED_EDGE ( 'NONE', *, *, #5363, .F. ) ;
#2245 = EDGE_LOOP ( 'NONE', ( #5926, #2931, #7811, #3758 ) ) ;
#2246 = DIRECTION ( 'NONE',  ( 0.000000000000000000, 0.000000000000000000, -1.000000000000000000 ) ) ;
#2247 = CARTESIAN_POINT ( 'NONE',  ( -40.43682098388670454, 9.215927124023428618, 158.7207935539340156 ) ) ;
#2248 = DIRECTION ( 'NONE',  ( 0.000000000000000000, 0.000000000000000000, -1.000000000000000000 ) ) ;
#2249 = DIRECTION ( 'NONE',  ( 0.7071067811865475727, 0.000000000000000000, 0.7071067811865475727 ) ) ;
#2250 = DIRECTION ( 'NONE',  ( 0.7071067811865475727, 0.000000000000000000, 0.7071067811865475727 ) ) ;
#2251 = ORIENTED_EDGE ( 'NONE', *, *, #4358, .T. ) ;
#2252 = DIRECTION ( 'NONE',  ( 0.9999999999999995559, 2.745767258921879090E-08, 0.000000000000000000 ) ) ;
#2253 = AXIS2_PLACEMENT_3D ( 'NONE', #5279, #7354, #6630 ) ;
#2254 = DIRECTION ( 'NONE',  ( -3.520767011262992537E-08, 0.9999999999988892219, 1.490124375741666648E-06 ) ) ;
#2255 = CARTESIAN_POINT ( 'NONE',  ( -134.7493362426759802, 22.12078094482420099, 138.7207935539339871 ) ) ;
#2256 = CARTESIAN_POINT ( 'NONE',  ( -291.0337730846380282, 72.70075496854950359, 157.2749621792829942 ) ) ;
#2257 = EDGE_LOOP ( 'NONE', ( #5642, #5612, #4720, #7634, #2699 ) ) ;
#2258 = DIRECTION ( 'NONE',  ( -1.000000000000000000, 0.000000000000000000, 0.000000000000000000 ) ) ;
#2259 = DIRECTION ( 'NONE',  ( -4.224596829767913111E-08, -0.7071067811865480168, 0.7071067811865456854 ) ) ;
#2260 = ADVANCED_FACE ( 'NONE', ( #7500 ), #3856, .F. ) ;
#2261 = EDGE_CURVE ( 'NONE', #3661, #5698, #3999, .T. ) ;
#2262 = AXIS2_PLACEMENT_3D ( 'NONE', #3288, #2569, #8376 ) ;
#2263 = FACE_OUTER_BOUND ( 'NONE', #7718, .T. ) ;
#2264 = VERTEX_POINT ( 'NONE', #8985 ) ;
#2265 = DIRECTION ( 'NONE',  ( 1.000000000000000000, -2.318449469649669936E-17, 0.000000000000000000 ) ) ;
#2266 = VERTEX_POINT ( 'NONE', #292 ) ;
#2267 = VECTOR ( 'NONE', #3899, 1000.000000000000000 ) ;
#2268 = CARTESIAN_POINT ( 'NONE',  ( -289.6069300187703561, 65.48154293609161414, 158.7215090252100254 ) ) ;
#2269 = VERTEX_POINT ( 'NONE', #4617 ) ;
#2270 = CARTESIAN_POINT ( 'NONE',  ( -202.3634178464045021, 76.52169227600100498, 183.5200677519565033 ) ) ;
#2271 = CARTESIAN_POINT ( 'NONE',  ( -45.45299509106060043, 75.12078285217289420, 133.7207935539339871 ) ) ;
#2272 = CARTESIAN_POINT ( 'NONE',  ( 38.07888031005860086, 22.12078094482420099, 158.7207935539340156 ) ) ;
#2273 = ORIENTED_EDGE ( 'NONE', *, *, #3386, .F. ) ;
#2274 = EDGE_CURVE ( 'NONE', #1607, #2701, #7401, .T. ) ;
#2275 = APPLICATION_CONTEXT ( 'automotive_design' ) ;
#2276 = CARTESIAN_POINT ( 'NONE',  ( -134.7493362426759802, 6.215927124023390427, 155.7207935539340156 ) ) ;
#2277 = DIRECTION ( 'NONE',  ( 1.000000000000000000, -3.499565783570085239E-15, 4.256653631393510258E-16 ) ) ;
#2278 = ORIENTED_EDGE ( 'NONE', *, *, #5047, .T. ) ;
#2279 = CIRCLE ( 'NONE', #276, 15.90485382080078480 ) ;
#2280 = ORIENTED_EDGE ( 'NONE', *, *, #7301, .T. ) ;
#2281 = CARTESIAN_POINT ( 'NONE',  ( 288.8209915161129970, 160.0000188829669980, 123.7207935403630046 ) ) ;
#2282 = ADVANCED_FACE ( 'NONE', ( #4091 ), #8652, .T. ) ;
#2283 = DIRECTION ( 'NONE',  ( 0.000000000000000000, 0.000000000000000000, -1.000000000000000000 ) ) ;
#2284 = FACE_OUTER_BOUND ( 'NONE', #6705, .T. ) ;
#2285 = ORIENTED_EDGE ( 'NONE', *, *, #4282, .T. ) ;
#2286 = CARTESIAN_POINT ( 'NONE',  ( -134.7493367092509970, 76.52169227600100498, 133.7207935539339871 ) ) ;
#2287 = AXIS2_PLACEMENT_3D ( 'NONE', #872, #199, #7020 ) ;
#2288 = CARTESIAN_POINT ( 'NONE',  ( 288.8209915161129970, 76.32125139236430300, 155.7207935539340156 ) ) ;
#2289 = DIRECTION ( 'NONE',  ( 0.9999999999999995559, 2.745767267742075190E-08, 0.000000000000000000 ) ) ;
#2290 = EDGE_CURVE ( 'NONE', #6916, #5379, #7692, .T. ) ;
#2291 = EDGE_CURVE ( 'NONE', #1067, #1787, #7637, .T. ) ;
#2292 = TOROIDAL_SURFACE ( 'NONE', #8721, 15.90485382080079901, 3.000000000000000000 ) ;
#2293 = VERTEX_POINT ( 'NONE', #2417 ) ;
#2294 = EDGE_LOOP ( 'NONE', ( #2645, #4595, #6871, #8193, #4532 ) ) ;
#2295 = VERTEX_POINT ( 'NONE', #7735 ) ;
#2296 = CARTESIAN_POINT ( 'NONE',  ( -218.8657760620120314, 35.02563476562500000, 155.7207935539340156 ) ) ;
#2297 = CIRCLE ( 'NONE', #3518, 12.90485382080079546 ) ;
#2298 = AXIS2_PLACEMENT_3D ( 'NONE', #1263, #5727, #9289 ) ;
#2299 = DIRECTION ( 'NONE',  ( 0.000000000000000000, 0.000000000000000000, 1.000000000000000000 ) ) ;
#2300 = LINE ( 'NONE', #3973, #5192 ) ;
#2301 = TOROIDAL_SURFACE ( 'NONE', #6422, 15.90485382080079901, 3.000000000000000000 ) ;
#2302 = DIRECTION ( 'NONE',  ( -2.318450818158519635E-17, -1.000000000000000000, 0.000000000000000000 ) ) ;
#2303 = AXIS2_PLACEMENT_3D ( 'NONE', #4818, #1120, #6253 ) ;
#2304 = DIRECTION ( 'NONE',  ( -0.7071067811865475727, 0.000000000000000000, 0.7071067811865475727 ) ) ;
#2305 = ORIENTED_EDGE ( 'NONE', *, *, #903, .F. ) ;
#2306 = CARTESIAN_POINT ( 'NONE',  ( -289.7141012682484984, 97.65103357956519403, 182.2559555430615035 ) ) ;
#2307 = AXIS2_PLACEMENT_3D ( 'NONE', #1322, #598, #9402 ) ;
#2308 = CARTESIAN_POINT ( 'NONE',  ( -134.7493362426759802, 35.90431442206534740, 157.8421138974935047 ) ) ;
#2309 = CIRCLE ( 'NONE', #8597, 3.000000000003339551 ) ;
#2310 = DIRECTION ( 'NONE',  ( -3.029120467170619751E-17, -1.000000000000000000, 0.000000000000000000 ) ) ;
#2311 = CARTESIAN_POINT ( 'NONE',  ( -287.4445911277430241, 57.86366793866829994, 158.7207935539340156 ) ) ;
#2312 = ORIENTED_EDGE ( 'NONE', *, *, #1796, .T. ) ;
#2313 = CARTESIAN_POINT ( 'NONE',  ( 60.32955169677730112, 128.8515090942379970, 183.7207935539340156 ) ) ;
#2314 = CARTESIAN_POINT ( 'NONE',  ( 286.4939094439499740, 99.49022788435598841, 182.1854882586459894 ) ) ;
#2315 = ORIENTED_EDGE ( 'NONE', *, *, #3240, .F. ) ;
#2316 = FACE_BOUND ( 'NONE', #3341, .T. ) ;
#2317 = EDGE_LOOP ( 'NONE', ( #1430, #4485, #6143, #8516, #7856, #1229 ) ) ;
#2318 = CARTESIAN_POINT ( 'NONE',  ( -286.9861299235289493, 76.32125139236450195, 183.6552159306729948 ) ) ;
#2319 = DIRECTION ( 'NONE',  ( 0.000000000000000000, 0.000000000000000000, 1.000000000000000000 ) ) ;
#2320 = EDGE_CURVE ( 'NONE', #6717, #2178, #5714, .T. ) ;
#2321 = CARTESIAN_POINT ( 'NONE',  ( 166.9415184764530977, 70.93313178729675883, 183.7048540036576867 ) ) ;
#2322 = CARTESIAN_POINT ( 'NONE',  ( 80.65757751464838066, 63.61684799194339490, 178.7207935539339871 ) ) ;
#2323 = EDGE_LOOP ( 'NONE', ( #4815, #7554, #8885, #9376 ) ) ;
#2324 = AXIS2_PLACEMENT_3D ( 'NONE', #1287, #7184, #5562 ) ;
#2325 = FACE_OUTER_BOUND ( 'NONE', #4665, .T. ) ;
#2326 = DIRECTION ( 'NONE',  ( 0.000000000000000000, 0.000000000000000000, -1.000000000000000000 ) ) ;
#2327 = VERTEX_POINT ( 'NONE', #6192 ) ;
#2328 = VERTEX_POINT ( 'NONE', #390 ) ;
#2329 = EDGE_CURVE ( 'NONE', #7239, #6409, #1581, .T. ) ;
#2330 = CIRCLE ( 'NONE', #2646, 2.999999999999999112 ) ;
#2331 = DIRECTION ( 'NONE',  ( 0.000000000000000000, 1.000000000000000000, 0.000000000000000000 ) ) ;
#2332 = AXIS2_PLACEMENT_3D ( 'NONE', #5028, #3639, #694 ) ;
#2333 = AXIS2_PLACEMENT_3D ( 'NONE', #8404, #8976, #8309 ) ;
#2334 = EDGE_CURVE ( 'NONE', #9437, #9067, #1030, .T. ) ;
#2335 = DIRECTION ( 'NONE',  ( 8.603041249769795435E-15, 1.000000000000000000, 0.000000000000000000 ) ) ;
#2336 = DIRECTION ( 'NONE',  ( -6.968545807910381742E-13, -1.000000000000000000, 0.000000000000000000 ) ) ;
#2337 = CARTESIAN_POINT ( 'NONE',  ( -101.0028839111329972, 58.61684799194339490, 178.7207935539339871 ) ) ;
#2338 = CARTESIAN_POINT ( 'NONE',  ( 287.4879151330873697, 97.71955669374828801, 182.1235363032043608 ) ) ;
#2339 = TOROIDAL_SURFACE ( 'NONE', #6155, 15.90485388537119960, 3.000000000000000000 ) ;
#2340 = CARTESIAN_POINT ( 'NONE',  ( -62.68753156017800876, 98.04149627685548296, 178.7207935539339871 ) ) ;
#2341 = ORIENTED_EDGE ( 'NONE', *, *, #123, .F. ) ;
#2342 = ORIENTED_EDGE ( 'NONE', *, *, #8493, .F. ) ;
#2343 = ORIENTED_EDGE ( 'NONE', *, *, #3915, .T. ) ;
#2344 = DIRECTION ( 'NONE',  ( -1.000000000000000000, -5.068136534518710031E-16, 2.607372337629699853E-16 ) ) ;
#2345 = ADVANCED_FACE ( 'NONE', ( #7545 ), #4055, .T. ) ;
#2346 = CARTESIAN_POINT ( 'NONE',  ( -135.5343008041380131, 38.02563476562500000, 155.7207935539340156 ) ) ;
#2347 = CARTESIAN_POINT ( 'NONE',  ( 288.8209915161129970, 99.48037732825500257, 178.7207935539339871 ) ) ;
#2348 = DIRECTION ( 'NONE',  ( -1.000000000000000000, -6.497469208673089999E-16, 2.626221239704054965E-16 ) ) ;
#2349 = CARTESIAN_POINT ( 'NONE',  ( 287.6247756257270112, 67.24652276646051519, 158.6194554448910026 ) ) ;
#2350 = ORIENTED_EDGE ( 'NONE', *, *, #3672, .T. ) ;
#2351 = CARTESIAN_POINT ( 'NONE',  ( -282.7944453876594935, 76.52169227600100498, 178.7207935539339871 ) ) ;
#2352 = FACE_OUTER_BOUND ( 'NONE', #7802, .T. ) ;
#2353 = DIRECTION ( 'NONE',  ( -4.452580259935949960E-17, 1.000000000000000000, 0.000000000000000000 ) ) ;
#2354 = CARTESIAN_POINT ( 'NONE',  ( -40.43682098388670454, 38.02563476562500000, 155.7207935539340156 ) ) ;
#2355 = ORIENTED_EDGE ( 'NONE', *, *, #134, .F. ) ;
#2356 = CARTESIAN_POINT ( 'NONE',  ( -146.1789941787719727, 43.32125139236440248, 158.7207935539340156 ) ) ;
#2357 = CIRCLE ( 'NONE', #8786, 12.90484428405759587 ) ;
#2358 = EDGE_CURVE ( 'NONE', #5951, #6879, #3009, .T. ) ;
#2359 = DIRECTION ( 'NONE',  ( 1.000000000000000000, 3.552713678800500140E-15, 0.000000000000000000 ) ) ;
#2360 = ORIENTED_EDGE ( 'NONE', *, *, #7238, .F. ) ;
#2361 = DIRECTION ( 'NONE',  ( -1.000000000000000000, -5.490584315426709489E-17, 5.490584315426689768E-17 ) ) ;
#2362 = VERTEX_POINT ( 'NONE', #1048 ) ;
#2363 = DIRECTION ( 'NONE',  ( 0.000000000000000000, -1.000000000000000000, 0.000000000000000000 ) ) ;
#2364 = CYLINDRICAL_SURFACE ( 'NONE', #3945, 12.90485382080079901 ) ;
#2365 = DIRECTION ( 'NONE',  ( 8.166800569142643757E-11, -1.000000000000000000, 0.000000000000000000 ) ) ;
#2366 = DIRECTION ( 'NONE',  ( 1.000000000000000000, -1.816255071839364815E-17, -1.816255071839354954E-17 ) ) ;
#2367 = EDGE_LOOP ( 'NONE', ( #7093, #8429, #3302, #6892 ) ) ;
#2368 = EDGE_CURVE ( 'NONE', #7839, #9232, #6815, .T. ) ;
#2369 = DIRECTION ( 'NONE',  ( 2.775557561562890168E-15, -1.000000000000000000, 0.000000000000000000 ) ) ;
#2370 = VERTEX_POINT ( 'NONE', #2468 ) ;
#2371 = VECTOR ( 'NONE', #3558, 1000.000000000000000 ) ;
#2372 = EDGE_LOOP ( 'NONE', ( #3396, #1604, #7543, #837 ) ) ;
#2373 = CARTESIAN_POINT ( 'NONE',  ( 196.4079233357454939, 22.12077844267354720, 146.7207935539339871 ) ) ;
#2374 = VECTOR ( 'NONE', #8063, 1000.000000000000000 ) ;
#2375 = DIRECTION ( 'NONE',  ( 2.209936055264990155E-16, -1.000000000000000000, 0.000000000000000000 ) ) ;
#2376 = DIRECTION ( 'NONE',  ( 0.000000000000000000, 0.000000000000000000, -1.000000000000000000 ) ) ;
#2377 = ORIENTED_EDGE ( 'NONE', *, *, #5364, .F. ) ;
#2378 = EDGE_CURVE ( 'NONE', #2843, #4591, #1106, .T. ) ;
#2379 = B_SPLINE_CURVE_WITH_KNOTS ( 'NONE', 3,
 ( #7734, #5526, #6288, #4941, #389, #9228, #7060, #6964, #8459, #6238, #2075, #5668, #4848, #2608, #5713 ),
 .UNSPECIFIED., .F., .F.,
 ( 4, 2, 2, 1, 1, 1, 2, 2, 4 ),
 ( 0.000000000000000000, 0.2499999999999785727, 0.3749999999999676370, 0.4374999999999650835, 0.4687499999999609201, 0.4843749999999619749, 0.4921874999999625300, 0.4999999999999630296, 1.000000000000000000 ),
 .UNSPECIFIED. ) ;
#2380 = DIRECTION ( 'NONE',  ( -6.264543342102989047E-07, 0.9999999999986936006, 1.490124533022081604E-06 ) ) ;
#2381 = CARTESIAN_POINT ( 'NONE',  ( -196.4161459817640036, 98.63017898587470711, 183.0186497902790279 ) ) ;
#2382 = EDGE_CURVE ( 'NONE', #9415, #5718, #3745, .T. ) ;
#2383 = EDGE_CURVE ( 'NONE', #1437, #1521, #9110, .T. ) ;
#2384 = DIRECTION ( 'NONE',  ( 1.000000000000000000, -1.294835018885021858E-17, -1.294835018885025864E-17 ) ) ;
#2385 = VERTEX_POINT ( 'NONE', #4806 ) ;
#2386 = CIRCLE ( 'NONE', #7749, 3.000000000000002665 ) ;
#2387 = ORIENTED_EDGE ( 'NONE', *, *, #1213, .F. ) ;
#2388 = VERTEX_POINT ( 'NONE', #1153 ) ;
#2389 = B_SPLINE_SURFACE_WITH_KNOTS ( 'NONE', 3, 3, ( 
 ( #2985, #3708, #6621, #49, #576, #3515 ),
 ( #7540, #6859, #2314, #4563, #1736, #4658 ),
 ( #5226, #1595, #7399, #4470, #145, #6671 ),
 ( #6090, #9079, #3031, #5372, #8316, #6137 ),
 ( #7586, #8881, #6716, #8164, #3897, #951 ) ),
 .UNSPECIFIED., .F., .F., .F.,
 ( 4, 1, 4 ),
 ( 4, 1, 1, 4 ),
 ( 0.000000000000000000, 0.5714285714285709528, 1.000000000000000000 ),
 ( -1.570796326794899889, -0.8975979010256580626, -0.4487989505128289758, 4.440892098500630106E-16 ),
 .UNSPECIFIED. ) ;
#2390 = DIRECTION ( 'NONE',  ( 6.019171873513572001E-07, 0.9999999999998188116, 0.000000000000000000 ) ) ;
#2391 = DIRECTION ( 'NONE',  ( -1.000000000000000000, -1.226859343532393077E-08, 0.000000000000000000 ) ) ;
#2392 = CARTESIAN_POINT ( 'NONE',  ( 133.1763124465940109, 58.61684799194339490, 178.7207935539339871 ) ) ;
#2393 = EDGE_LOOP ( 'NONE', ( #9377, #874, #3097, #9478, #7068, #3801 ) ) ;
#2394 = CARTESIAN_POINT ( 'NONE',  ( 288.8209915161129970, 120.1226279269199892, 158.7754717032180167 ) ) ;
#2395 = AXIS2_PLACEMENT_3D ( 'NONE', #234, #2359, #5274 ) ;
#2396 =( BOUNDED_CURVE ( )  B_SPLINE_CURVE ( 3, ( #9337, #5048, #2812, #4155 ),
 .UNSPECIFIED., .F., .T. ) 
 B_SPLINE_CURVE_WITH_KNOTS ( ( 4, 4 ),
 ( 4.712388980384689674, 5.315636896937260047 ),
 .UNSPECIFIED. ) 
 CURVE ( )  GEOMETRIC_REPRESENTATION_ITEM ( )  RATIONAL_B_SPLINE_CURVE ( ( 1.000000000000000000, 0.9699035447502499796, 0.9699035447502499796, 1.000000000000000000 ) ) 
 REPRESENTATION_ITEM ( '' )  );
#2397 = EDGE_CURVE ( 'NONE', #2327, #9158, #8347, .T. ) ;
#2398 = LINE ( 'NONE', #223, #1402 ) ;
#2399 = LINE ( 'NONE', #9115, #8407 ) ;
#2400 = ORIENTED_EDGE ( 'NONE', *, *, #6594, .T. ) ;
#2401 = AXIS2_PLACEMENT_3D ( 'NONE', #7251, #7156, #6574 ) ;
#2402 = CARTESIAN_POINT ( 'NONE',  ( 80.65758528230271907, 22.12078010271750017, 155.7207935539340156 ) ) ;
#2403 = CARTESIAN_POINT ( 'NONE',  ( -40.43682098388670454, 6.215927124023430395, 155.7207935539340156 ) ) ;
#2404 = CARTESIAN_POINT ( 'NONE',  ( 15.00000000000000000, 110.9465026855470029, 178.7207935539339871 ) ) ;
#2405 = CARTESIAN_POINT ( 'NONE',  ( 98.64490509033210230, 94.42653656005860796, 183.7207935539340156 ) ) ;
#2406 = ORIENTED_EDGE ( 'NONE', *, *, #5129, .F. ) ;
#2407 = AXIS2_PLACEMENT_3D ( 'NONE', #3929, #6840, #3205 ) ;
#2408 = DIRECTION ( 'NONE',  ( 0.000000000000000000, 1.000000000000000000, 0.000000000000000000 ) ) ;
#2409 = EDGE_CURVE ( 'NONE', #4776, #8380, #5400, .T. ) ;
#2410 = DIRECTION ( 'NONE',  ( 0.000000000000000000, 0.000000000000000000, -1.000000000000000000 ) ) ;
#2411 = VERTEX_POINT ( 'NONE', #3507 ) ;
#2412 = AXIS2_PLACEMENT_3D ( 'NONE', #6927, #6109, #2572 ) ;
#2413 = FACE_BOUND ( 'NONE', #465, .T. ) ;
#2414 = ORIENTED_EDGE ( 'NONE', *, *, #5779, .T. ) ;
#2415 = FACE_OUTER_BOUND ( 'NONE', #2186, .T. ) ;
#2416 = AXIS2_PLACEMENT_3D ( 'NONE', #9081, #5000, #539 ) ;
#2417 = CARTESIAN_POINT ( 'NONE',  ( -288.6789894103999927, 160.0000186159350051, 123.7207935539339871 ) ) ;
#2418 = AXIS2_PLACEMENT_3D ( 'NONE', #4558, #1825, #7681 ) ;
#2419 = CYLINDRICAL_SURFACE ( 'NONE', #3655, 12.90484428405759587 ) ;
#2420 = DIRECTION ( 'NONE',  ( -1.226857608440687559E-08, 1.000000000000000000, 0.000000000000000000 ) ) ;
#2421 = ORIENTED_EDGE ( 'NONE', *, *, #7264, .F. ) ;
#2422 = CARTESIAN_POINT ( 'NONE',  ( -65.11071205139160156, 76.52169227600100498, 183.7207935539340156 ) ) ;
#2423 = TOROIDAL_SURFACE ( 'NONE', #9321, 15.90485334804940187, 3.000000000000000000 ) ;
#2424 = PLANE ( 'NONE',  #3669 ) ;
#2425 = CARTESIAN_POINT ( 'NONE',  ( -218.8657760620120314, 63.61684799194339490, 150.7207935539340156 ) ) ;
#2426 = ORIENTED_EDGE ( 'NONE', *, *, #1334, .T. ) ;
#2427 = ORIENTED_EDGE ( 'NONE', *, *, #2290, .T. ) ;
#2428 = DIRECTION ( 'NONE',  ( 0.000000000000000000, 0.000000000000000000, -1.000000000000000000 ) ) ;
#2429 = AXIS2_PLACEMENT_3D ( 'NONE', #3357, #7136, #8679 ) ;
#2430 = CIRCLE ( 'NONE', #4407, 17.90500640869139914 ) ;
#2431 = DIRECTION ( 'NONE',  ( -5.551115123125777969E-15, -1.000000000000000000, 0.000000000000000000 ) ) ;
#2432 = DIRECTION ( 'NONE',  ( 0.000000000000000000, 0.000000000000000000, -1.000000000000000000 ) ) ;
#2433 = ORIENTED_EDGE ( 'NONE', *, *, #6473, .F. ) ;
#2434 = DIRECTION ( 'NONE',  ( 0.000000000000000000, 0.000000000000000000, -1.000000000000000000 ) ) ;
#2435 = EDGE_CURVE ( 'NONE', #2220, #3200, #9373, .T. ) ;
#2436 = CARTESIAN_POINT ( 'NONE',  ( -196.4366391312142639, 98.65084889982618677, 182.9986777390527379 ) ) ;
#2437 = AXIS2_PLACEMENT_3D ( 'NONE', #1857, #6394, #5591 ) ;
#2438 = AXIS2_PLACEMENT_3D ( 'NONE', #6724, #9471, #5137 ) ;
#2439 = CYLINDRICAL_SURFACE ( 'NONE', #4569, 12.90484969578129437 ) ;
#2440 = ORIENTED_EDGE ( 'NONE', *, *, #7186, .F. ) ;
#2441 = ORIENTED_EDGE ( 'NONE', *, *, #7182, .T. ) ;
#2442 = EDGE_LOOP ( 'NONE', ( #3352, #3032, #9484, #4762, #2580, #159 ) ) ;
#2443 = CARTESIAN_POINT ( 'NONE',  ( -202.3634190205779930, 69.57506281176510754, 183.7207935539340156 ) ) ;
#2444 = ADVANCED_FACE ( 'NONE', ( #7103 ), #1387, .F. ) ;
#2445 = DIRECTION ( 'NONE',  ( 1.000000000000000000, 0.000000000000000000, 0.000000000000000000 ) ) ;
#2446 = ORIENTED_EDGE ( 'NONE', *, *, #1936, .T. ) ;
#2447 = CARTESIAN_POINT ( 'NONE',  ( 203.6029815673829830, 22.12078094482420099, 155.7207935539340156 ) ) ;
#2448 = CARTESIAN_POINT ( 'NONE',  ( 287.9423423734090193, 65.69595131472290461, 157.8421407196165092 ) ) ;
#2449 = AXIS2_PLACEMENT_3D ( 'NONE', #8305, #184, #3073 ) ;
#2450 = DIRECTION ( 'NONE',  ( 1.000000000000000000, -2.901163001883460083E-16, 0.000000000000000000 ) ) ;
#2451 = AXIS2_PLACEMENT_3D ( 'NONE', #1051, #6770, #1741 ) ;
#2452 = AXIS2_PLACEMENT_3D ( 'NONE', #7789, #1209, #7237 ) ;
#2453 = ORIENTED_EDGE ( 'NONE', *, *, #6851, .F. ) ;
#2454 = EDGE_CURVE ( 'NONE', #2269, #2032, #365, .T. ) ;
#2455 = ORIENTED_EDGE ( 'NONE', *, *, #504, .F. ) ;
#2456 = AXIS2_PLACEMENT_3D ( 'NONE', #5706, #7961, #8638 ) ;
#2457 = LINE ( 'NONE', #377, #1449 ) ;
#2458 = FACE_OUTER_BOUND ( 'NONE', #7215, .T. ) ;
#2459 = VERTEX_POINT ( 'NONE', #3463 ) ;
#2460 = AXIS2_PLACEMENT_3D ( 'NONE', #3774, #7558, #6878 ) ;
#2461 = FACE_OUTER_BOUND ( 'NONE', #2769, .T. ) ;
#2462 = AXIS2_PLACEMENT_3D ( 'NONE', #1135, #7132, #3355 ) ;
#2463 = DIRECTION ( 'NONE',  ( -1.000000000000000000, 1.575545161384874918E-15, 3.870704119698439787E-16 ) ) ;
#2464 = ORIENTED_EDGE ( 'NONE', *, *, #628, .F. ) ;
#2465 = AXIS2_PLACEMENT_3D ( 'NONE', #3088, #4525, #7453 ) ;
#2466 = CARTESIAN_POINT ( 'NONE',  ( 183.5030736399640148, 22.12077808833640091, 155.7207935539340156 ) ) ;
#2467 = DIRECTION ( 'NONE',  ( 1.000000000000000000, -4.300670242972105231E-16, -4.300670242972105231E-16 ) ) ;
#2468 = CARTESIAN_POINT ( 'NONE',  ( 80.65757751464929015, 35.02563398808290174, 155.7207935539340156 ) ) ;
#2469 = ORIENTED_EDGE ( 'NONE', *, *, #7301, .F. ) ;
#2470 = ORIENTED_EDGE ( 'NONE', *, *, #3319, .F. ) ;
#2471 = EDGE_CURVE ( 'NONE', #6386, #9232, #2747, .T. ) ;
#2472 = EDGE_CURVE ( 'NONE', #9197, #2234, #57, .T. ) ;
#2473 = DIRECTION ( 'NONE',  ( -1.000000000000000000, -1.018317597297119951E-16, 1.018317597297119951E-16 ) ) ;
#2474 = LINE ( 'NONE', #1700, #5805 ) ;
#2475 = CYLINDRICAL_SURFACE ( 'NONE', #6663, 5.000000000000007105 ) ;
#2476 = ORIENTED_EDGE ( 'NONE', *, *, #6211, .T. ) ;
#2477 = ORIENTED_EDGE ( 'NONE', *, *, #8907, .T. ) ;
#2478 = DIRECTION ( 'NONE',  ( 3.259958546737069928E-16, -1.000000000000000000, -3.259958546737109864E-16 ) ) ;
#2479 = DIRECTION ( 'NONE',  ( -1.000000000000000000, 2.688482178977771415E-16, 0.000000000000000000 ) ) ;
#2480 = CIRCLE ( 'NONE', #5839, 4.999999999999997335 ) ;
#2481 = DIRECTION ( 'NONE',  ( 0.000000000000000000, 0.000000000000000000, -1.000000000000000000 ) ) ;
#2482 = ORIENTED_EDGE ( 'NONE', *, *, #9095, .F. ) ;
#2483 = DIRECTION ( 'NONE',  ( 0.000000000000000000, 0.7071067811865447972, 0.7071067811865503483 ) ) ;
#2484 = CARTESIAN_POINT ( 'NONE',  ( 288.3616725580689035, 98.22496171690734457, 181.1468534745860381 ) ) ;
#2485 = AXIS2_PLACEMENT_3D ( 'NONE', #3361, #6413, #1193 ) ;
#2486 = CARTESIAN_POINT ( 'NONE',  ( 115.5182692079696523, 81.66071765078565647, 183.7147331695132095 ) ) ;
#2487 = ORIENTED_EDGE ( 'NONE', *, *, #5266, .T. ) ;
#2488 = ORIENTED_EDGE ( 'NONE', *, *, #2508, .F. ) ;
#2489 = VERTEX_POINT ( 'NONE', #7875 ) ;
#2490 = CARTESIAN_POINT ( 'NONE',  ( -202.3627267353315062, 70.80568458417509703, 183.7037065231954784 ) ) ;
#2491 = AXIS2_PLACEMENT_3D ( 'NONE', #5370, #4702, #3318 ) ;
#2492 = VERTEX_POINT ( 'NONE', #7242 ) ;
#2493 = CARTESIAN_POINT ( 'NONE',  ( 107.6644190607609914, 94.42653656005860796, 178.7207935539339871 ) ) ;
#2494 = EDGE_CURVE ( 'NONE', #3617, #3618, #7459, .T. ) ;
#2495 = DIRECTION ( 'NONE',  ( 1.110223024625157172E-14, 1.000000000000000000, 0.000000000000000000 ) ) ;
#2496 = CARTESIAN_POINT ( 'NONE',  ( -31.93326525366059343, 125.3159751883052024, 182.2563274598670091 ) ) ;
#2497 = EDGE_LOOP ( 'NONE', ( #7267, #3026 ) ) ;
#2498 = VECTOR ( 'NONE', #4821, 1000.000000000000000 ) ;
#2499 = PLANE ( 'NONE',  #4889 ) ;
#2500 = ORIENTED_EDGE ( 'NONE', *, *, #4745, .F. ) ;
#2501 = CARTESIAN_POINT ( 'NONE',  ( 132.3913192749020027, 8.337247467583070559, 157.8421138974935047 ) ) ;
#2502 = CIRCLE ( 'NONE', #9089, 12.90484428405759587 ) ;
#2503 = CARTESIAN_POINT ( 'NONE',  ( -218.8657760620120314, 89.42653656005859375, 178.7207935539339871 ) ) ;
#2504 = VERTEX_POINT ( 'NONE', #4849 ) ;
#2505 = CYLINDRICAL_SURFACE ( 'NONE', #3707, 2.500000000000011990 ) ;
#2506 = EDGE_CURVE ( 'NONE', #8686, #6676, #2502, .T. ) ;
#2507 = EDGE_CURVE ( 'NONE', #2269, #7839, #9324, .T. ) ;
#2508 = EDGE_CURVE ( 'NONE', #2516, #6910, #6042, .T. ) ;
#2509 = LINE ( 'NONE', #6234, #7910 ) ;
#2510 = VERTEX_POINT ( 'NONE', #9229 ) ;
#2511 = ADVANCED_FACE ( 'NONE', ( #2705 ), #2076, .T. ) ;
#2512 = CARTESIAN_POINT ( 'NONE',  ( -76.95782116841721177, 90.89100265412581336, 182.2563274598670091 ) ) ;
#2513 = DIRECTION ( 'NONE',  ( 1.000000000000000000, 0.000000000000000000, 0.000000000000000000 ) ) ;
#2514 = EDGE_LOOP ( 'NONE', ( #2707, #4115, #6203, #9202 ) ) ;
#2515 = AXIS2_PLACEMENT_3D ( 'NONE', #2882, #8016, #2252 ) ;
#2516 = VERTEX_POINT ( 'NONE', #7061 ) ;
#2517 = CARTESIAN_POINT ( 'NONE',  ( -83.01557321292520442, 6.215926217349330152, 158.7207935539340156 ) ) ;
#2518 = ADVANCED_FACE ( 'NONE', ( #7925 ), #7830, .T. ) ;
#2519 = CARTESIAN_POINT ( 'NONE',  ( 43.09501647949219461, 88.02577972412109375, 158.7207935539340156 ) ) ;
#2520 = CARTESIAN_POINT ( 'NONE',  ( -195.6158350244519966, 97.82986802856230213, 183.5386201858094921 ) ) ;
#2521 = ORIENTED_EDGE ( 'NONE', *, *, #8972, .T. ) ;
#2522 = ORIENTED_EDGE ( 'NONE', *, *, #2689, .T. ) ;
#2523 = CARTESIAN_POINT ( 'NONE',  ( -121.8444924251934083, 76.52169263033799496, 133.7207935539339871 ) ) ;
#2524 = EDGE_CURVE ( 'NONE', #4681, #2362, #2030, .T. ) ;
#2525 = VECTOR ( 'NONE', #3763, 1000.000000000000000 ) ;
#2526 = AXIS2_PLACEMENT_3D ( 'NONE', #608, #8502, #1194 ) ;
#2527 = DIRECTION ( 'NONE',  ( 0.000000000000000000, -1.000000000000000000, 0.000000000000000000 ) ) ;
#2528 = FACE_OUTER_BOUND ( 'NONE', #8637, .T. ) ;
#2529 = ORIENTED_EDGE ( 'NONE', *, *, #2059, .T. ) ;
#2530 = CARTESIAN_POINT ( 'NONE',  ( -134.7493367092509970, 89.42653656005859375, 158.7207935539340156 ) ) ;
#2531 = DIRECTION ( 'NONE',  ( 0.000000000000000000, -0.7071067811865447972, 0.7071067811865503483 ) ) ;
#2532 = DIRECTION ( 'NONE',  ( 1.000000000000000000, 6.403948672269339736E-16, 0.000000000000000000 ) ) ;
#2533 = EDGE_LOOP ( 'NONE', ( #6476, #6860, #502, #2765, #8444 ) ) ;
#2534 = CIRCLE ( 'NONE', #4516, 17.90500640869139914 ) ;
#2535 = ORIENTED_EDGE ( 'NONE', *, *, #6555, .F. ) ;
#2536 = CARTESIAN_POINT ( 'NONE',  ( -202.3634133348112982, 73.24260625665674240, 183.6027902477157170 ) ) ;
#2537 = FACE_OUTER_BOUND ( 'NONE', #5550, .T. ) ;
#2538 = ORIENTED_EDGE ( 'NONE', *, *, #8370, .F. ) ;
#2539 = CARTESIAN_POINT ( 'NONE',  ( -146.1789941787719727, 97.82986802856230213, 183.5386201858094921 ) ) ;
#2540 = CARTESIAN_POINT ( 'NONE',  ( 288.8209915161129970, -1.776356839400250149E-14, 158.7207935539340156 ) ) ;
#2541 = ADVANCED_FACE ( 'NONE', ( #7198 ), #4943, .F. ) ;
#2542 = TOROIDAL_SURFACE ( 'NONE', #7902, 17.90484428405759942, 5.000000000000000000 ) ;
#2543 = DIRECTION ( 'NONE',  ( 0.000000000000000000, 0.000000000000000000, 1.000000000000000000 ) ) ;
#2544 = VERTEX_POINT ( 'NONE', #3557 ) ;
#2545 = DIRECTION ( 'NONE',  ( -0.9999999999999982236, -5.974482020221188978E-08, 0.000000000000000000 ) ) ;
#2546 = VERTEX_POINT ( 'NONE', #7975 ) ;
#2547 = CIRCLE ( 'NONE', #2395, 5.000000000000004441 ) ;
#2548 = CARTESIAN_POINT ( 'NONE',  ( 132.3913249411490085, 58.61684799194329543, 178.7207935539339871 ) ) ;
#2549 = PLANE ( 'NONE',  #3555 ) ;
#2550 = EDGE_LOOP ( 'NONE', ( #6886, #6248, #7454, #6120 ) ) ;
#2551 = PLANE ( 'NONE',  #6302 ) ;
#2552 = CLOSED_SHELL ( 'NONE', ( #2260, #4086, #7827, #8432, #7727, #3161, #1963, #2815, #4982, #3192, #8125, #4933, #323, #6190, #8300, #6895, #6824, #4652, #5819, #2444, #6307, #8607, #1665, #3291, #9439, #6715, #9096, #7167, #1261, #1385, #8081, #3942, #7724, #5188, #1140, #553, #3820, #2628, #5165, #7834, #6596, #1856, #9150, #3804, #2174, #2511, #8070, #4965, #5389, #6468, #1493, #6401, #4918, #9309, #3794, #5481, #824, #7983, #8134, #7283, #4096, #4862, #4217, #6113, #2648, #8090, #4372, #4035, #6092, #233, #9312, #7972, #47, #5854, #3512, #4610, #1079, #4206, #8950, #3674, #652, #8717, #2897, #7212, #3047, #4412, #5491, #1158, #6979, #5899, #3429, #6597, #3552, #4515, #6130, #261, #1335, #1500, #6371, #5623, #4231, #5390, #8048, #3685, #5443, #5483, #843, #2541, #9479, #9505, #8624, #660, #6832, #4763, #6896, #86, #6460, #7419, #791, #9070, #287, #7899, #5525, #6908, #3914, #6146, #2620, #9342, #5756, #9192, #9424, #4609, #1989, #1421, #3478, #1378, #99, #4692, #6348, #5829, #8897, #7392, #612, #4135, #6493, #5020, #3641, #1270, #2042, #784, #3501, #5719, #7019, #1779, #4548, #142, #5907, #6482, #2208, #3779, #6747, #643, #5610, #4453, #3448, #3799, #575, #384, #5967, #743, #7073, #7680, #7059, #9397, #3332, #7444, #2631, #467, #2157, #9488, #4976, #2875, #4886, #9274, #7483, #7931, #5318, #2570, #894, #5694, #1129, #2913, #787, #1351, #6580, #383, #1262, #5459, #1011, #260, #6514, #9429, #8641, #5885, #7333, #1624, #2282, #2518, #4048, #2697, #5975, #560, #1927, #7922, #3656, #7071, #5974, #205, #2345, #8603, #5546, #8797, #5445, #7158, #8748, #5248, #6774, #6004, #3928, #7365, #4494, #8151, #6939, #3264, #8678, #1406, #4799, #905, #9396, #5876, #4562, #6014, #5613, #1681, #1002, #3841, #6704, #7364, #1793, #2760, #143, #1241, #8369, #4727, #5592, #1580, #7144, #2920, #4082, #7529, #9048, #5743, #5676, #7445, #469, #8889, #9464, #2219, #90, #2963, #6326, #6973, #8592, #6411, #8276, #4668, #6904, #1377, #5242, #9217, #4435, #8450, #1813, #1450, #273, #8112, #5220, #4793, #7145, #7195, #9164, #3869, #2563, #8567, #6900, #8397, #3213 ) ) ;
#2553 = FACE_OUTER_BOUND ( 'NONE', #4814, .T. ) ;
#2554 = ORIENTED_EDGE ( 'NONE', *, *, #9069, .T. ) ;
#2555 = CARTESIAN_POINT ( 'NONE',  ( 287.4611044392395343, 66.64226998452797091, 158.7208584890818770 ) ) ;
#2556 = FACE_OUTER_BOUND ( 'NONE', #3723, .T. ) ;
#2557 = DIRECTION ( 'NONE',  ( 0.000000000000000000, 0.000000000000000000, -1.000000000000000000 ) ) ;
#2558 = AXIS2_PLACEMENT_3D ( 'NONE', #2638, #4213, #6269 ) ;
#2559 = CARTESIAN_POINT ( 'NONE',  ( -152.7366433887729897, 76.52169227600100498, 183.7207935539340156 ) ) ;
#2560 = VERTEX_POINT ( 'NONE', #40 ) ;
#2561 = ORIENTED_EDGE ( 'NONE', *, *, #7941, .F. ) ;
#2562 = EDGE_CURVE ( 'NONE', #1717, #6916, #4517, .T. ) ;
#2563 = ADVANCED_FACE ( 'NONE', ( #2167 ), #4557, .F. ) ;
#2564 = DIRECTION ( 'NONE',  ( 0.000000000000000000, 0.000000000000000000, -1.000000000000000000 ) ) ;
#2565 = CARTESIAN_POINT ( 'NONE',  ( -117.8759561110982332, 81.66066240774918583, 183.7147331389602130 ) ) ;
#2566 = CARTESIAN_POINT ( 'NONE',  ( 267.5316238403320312, 63.61684799194339490, 178.7207935539339871 ) ) ;
#2567 = ORIENTED_EDGE ( 'NONE', *, *, #439, .T. ) ;
#2568 = ORIENTED_EDGE ( 'NONE', *, *, #4981, .T. ) ;
#2569 = DIRECTION ( 'NONE',  ( 0.000000000000000000, 0.000000000000000000, -1.000000000000000000 ) ) ;
#2570 = ADVANCED_FACE ( 'NONE', ( #92 ), #5080, .F. ) ;
#2571 = AXIS2_PLACEMENT_3D ( 'NONE', #8067, #8830, #2258 ) ;
#2572 = DIRECTION ( 'NONE',  ( -1.000000000000000000, -3.226180998935116381E-15, 0.000000000000000000 ) ) ;
#2573 = AXIS2_PLACEMENT_3D ( 'NONE', #876, #8757, #8848 ) ;
#2574 = DIRECTION ( 'NONE',  ( -1.000000000000000000, 0.000000000000000000, 0.000000000000000000 ) ) ;
#2575 = ORIENTED_EDGE ( 'NONE', *, *, #75, .T. ) ;
#2576 = DIRECTION ( 'NONE',  ( 0.9999999999999995559, 2.745767247960928976E-08, 0.000000000000000000 ) ) ;
#2577 = CARTESIAN_POINT ( 'NONE',  ( 93.31891084855350016, 136.3964118574016595, 183.5691438979191901 ) ) ;
#2578 = CARTESIAN_POINT ( 'NONE',  ( 115.5181150157409178, 77.66964605392131205, 183.6132091689501635 ) ) ;
#2579 = AXIS2_PLACEMENT_3D ( 'NONE', #7840, #8565, #7114 ) ;
#2580 = ORIENTED_EDGE ( 'NONE', *, *, #859, .T. ) ;
#2581 = EDGE_CURVE ( 'NONE', #6485, #2612, #8158, .T. ) ;
#2582 = ORIENTED_EDGE ( 'NONE', *, *, #3698, .T. ) ;
#2583 = CARTESIAN_POINT ( 'NONE',  ( -83.01557558817088989, 38.02563398808280226, 155.7207935539340156 ) ) ;
#2584 = DIRECTION ( 'NONE',  ( -1.000000000000000000, 2.948799262674744912E-18, 2.948799262674739905E-18 ) ) ;
#2585 = DIRECTION ( 'NONE',  ( 4.224597061064377015E-08, -0.7071067811865480168, 0.7071067811865456854 ) ) ;
#2586 = ORIENTED_EDGE ( 'NONE', *, *, #4172, .T. ) ;
#2587 = AXIS2_PLACEMENT_3D ( 'NONE', #8968, #7675, #7621 ) ;
#2588 = FACE_OUTER_BOUND ( 'NONE', #8814, .T. ) ;
#2589 = ORIENTED_EDGE ( 'NONE', *, *, #8620, .F. ) ;
#2590 = CARTESIAN_POINT ( 'NONE',  ( 216.5078370686659923, 94.42653656005860796, 178.7207935539339871 ) ) ;
#2591 = EDGE_CURVE ( 'NONE', #9225, #2952, #6972, .T. ) ;
#2592 = CARTESIAN_POINT ( 'NONE',  ( -288.8519068646129995, 99.49022751709109968, 182.1854877912860218 ) ) ;
#2593 = EDGE_CURVE ( 'NONE', #6953, #3394, #7585, .T. ) ;
#2594 = DIRECTION ( 'NONE',  ( -9.251858538542850737E-15, 1.000000000000000000, 0.000000000000000000 ) ) ;
#2595 = VERTEX_POINT ( 'NONE', #9507 ) ;
#2596 = CIRCLE ( 'NONE', #7950, 5.000000000000004441 ) ;
#2597 = DIRECTION ( 'NONE',  ( -2.489558328007866974E-08, 0.7071067811865489050, 0.7071067811865456854 ) ) ;
#2598 = CARTESIAN_POINT ( 'NONE',  ( 283.8209915161129970, 98.63017898587500554, 183.0186497902790279 ) ) ;
#2599 = AXIS2_PLACEMENT_3D ( 'NONE', #4321, #658, #2120 ) ;
#2600 = VERTEX_POINT ( 'NONE', #3024 ) ;
#2601 = AXIS2_PLACEMENT_3D ( 'NONE', #820, #6578, #3087 ) ;
#2602 = DIRECTION ( 'NONE',  ( -1.000000000000000000, -5.480868912904819410E-16, 0.000000000000000000 ) ) ;
#2603 = CARTESIAN_POINT ( 'NONE',  ( -185.8610559998519705, 22.12077808834190051, 158.7207935539340156 ) ) ;
#2604 = ORIENTED_EDGE ( 'NONE', *, *, #2995, .T. ) ;
#2605 = B_SPLINE_CURVE_WITH_KNOTS ( 'NONE', 3,
 ( #2150, #2107, #9487, #1568, #5107, #4391, #5062 ),
 .UNSPECIFIED., .F., .F.,
 ( 4, 1, 2, 4 ),
 ( 0.000000000000000000, 0.01127682674198920119, 0.01691524011298144864, 0.02255365348397369782 ),
 .UNSPECIFIED. ) ;
#2606 = CARTESIAN_POINT ( 'NONE',  ( 286.6493151866811218, 61.98683603654298224, 158.7218847780395095 ) ) ;
#2607 = AXIS2_PLACEMENT_3D ( 'NONE', #1328, #5791, #6550 ) ;
#2608 = CARTESIAN_POINT ( 'NONE',  ( 166.9408770293939881, 77.58439089326810745, 183.5371495342992318 ) ) ;
#2609 = CARTESIAN_POINT ( 'NONE',  ( -110.0223875045780062, 8.337247467583059901, 157.8421138974935047 ) ) ;
#2610 = CARTESIAN_POINT ( 'NONE',  ( 43.09501647949219461, 89.49024581818839863, 182.2563274598670091 ) ) ;
#2611 = ORIENTED_EDGE ( 'NONE', *, *, #7740, .T. ) ;
#2612 = VERTEX_POINT ( 'NONE', #7394 ) ;
#2613 = CARTESIAN_POINT ( 'NONE',  ( -286.7455713389981042, 80.58549334384053964, 183.6886633544447136 ) ) ;
#2614 = AXIS2_PLACEMENT_3D ( 'NONE', #6593, #4972, #8676 ) ;
#2615 = CARTESIAN_POINT ( 'NONE',  ( -117.8761091511089774, 80.06642983131082758, 183.6766024442527794 ) ) ;
#2616 = VECTOR ( 'NONE', #3679, 1000.000000000000000 ) ;
#2617 = CARTESIAN_POINT ( 'NONE',  ( 115.5181451175248668, 72.22700382299696287, 183.6972994506852501 ) ) ;
#2618 = ORIENTED_EDGE ( 'NONE', *, *, #7297, .F. ) ;
#2619 = VERTEX_POINT ( 'NONE', #8019 ) ;
#2620 = ADVANCED_FACE ( 'NONE', ( #8875 ), #6664, .F. ) ;
#2621 = LINE ( 'NONE', #5338, #4556 ) ;
#2622 = VECTOR ( 'NONE', #2473, 1000.000000000000000 ) ;
#2623 = LINE ( 'NONE', #7748, #111 ) ;
#2624 = CARTESIAN_POINT ( 'NONE',  ( 27.90500640869130322, 110.9465026855470029, 183.7207935539340156 ) ) ;
#2625 = VERTEX_POINT ( 'NONE', #2929 ) ;
#2626 = DIRECTION ( 'NONE',  ( 0.000000000000000000, 0.5673201116935693289, 0.8234973532853619993 ) ) ;
#2627 = LINE ( 'NONE', #2767, #5234 ) ;
#2628 = ADVANCED_FACE ( 'NONE', ( #1590 ), #5167, .F. ) ;
#2629 = DIRECTION ( 'NONE',  ( 1.000000000000000000, 0.000000000000000000, 0.000000000000000000 ) ) ;
#2630 = ORIENTED_EDGE ( 'NONE', *, *, #1516, .T. ) ;
#2631 = ADVANCED_FACE ( 'NONE', ( #9456 ), #3598, .F. ) ;
#2632 = ORIENTED_EDGE ( 'NONE', *, *, #2689, .F. ) ;
#2633 = DIRECTION ( 'NONE',  ( -1.000000000000000000, -8.208367319184731110E-11, 0.000000000000000000 ) ) ;
#2634 = B_SPLINE_CURVE_WITH_KNOTS ( 'NONE', 3,
 ( #6701, #6796, #3788, #3064, #5257, #2347 ),
 .UNSPECIFIED., .F., .F.,
 ( 4, 2, 4 ),
 ( 0.000000000000000000, 0.5000000000000000000, 1.000000000000000000 ),
 .UNSPECIFIED. ) ;
#2635 = DIRECTION ( 'NONE',  ( 1.000000000000000000, 0.000000000000000000, 0.000000000000000000 ) ) ;
#2636 = CARTESIAN_POINT ( 'NONE',  ( -146.1789941787719727, 47.78571748643170025, 182.2563274598670091 ) ) ;
#2637 = ORIENTED_EDGE ( 'NONE', *, *, #7121, .F. ) ;
#2638 = CARTESIAN_POINT ( 'NONE',  ( -62.68753156123731429, 110.9465026855470029, 178.7207935539339871 ) ) ;
#2639 = ORIENTED_EDGE ( 'NONE', *, *, #4348, .F. ) ;
#2640 = CARTESIAN_POINT ( 'NONE',  ( 258.8209915161129970, 76.32125139236430300, 178.7207935539339871 ) ) ;
#2641 = VECTOR ( 'NONE', #4887, 1000.000000000000000 ) ;
#2642 = CARTESIAN_POINT ( 'NONE',  ( -290.5178195819560187, 100.0664052565480091, 180.9473684931819832 ) ) ;
#2643 = CIRCLE ( 'NONE', #6606, 4.999999999999997335 ) ;
#2644 = CARTESIAN_POINT ( 'NONE',  ( 166.9408778389480119, 83.32442827859479451, 183.7207935539340156 ) ) ;
#2645 = ORIENTED_EDGE ( 'NONE', *, *, #2117, .T. ) ;
#2646 = AXIS2_PLACEMENT_3D ( 'NONE', #1862, #9302, #1180 ) ;
#2647 = CARTESIAN_POINT ( 'NONE',  ( -269.8896011036019900, 76.52169227600100498, 178.7207935539339871 ) ) ;
#2648 = ADVANCED_FACE ( 'NONE', ( #4511 ), #7285, .T. ) ;
#2649 = AXIS2_PLACEMENT_3D ( 'NONE', #9271, #6417, #3365 ) ;
#2650 = CARTESIAN_POINT ( 'NONE',  ( 80.65757751464829539, 76.52169227600100498, 178.7207935539339871 ) ) ;
#2651 = EDGE_LOOP ( 'NONE', ( #3348, #3643, #1872, #6471, #437 ) ) ;
#2652 = DIRECTION ( 'NONE',  ( 1.000000000000000000, 0.000000000000000000, 0.000000000000000000 ) ) ;
#2653 = CIRCLE ( 'NONE', #8010, 3.000000000000002665 ) ;
#2654 =( BOUNDED_CURVE ( )  B_SPLINE_CURVE ( 3, ( #440, #5041, #665, #3603 ),
 .UNSPECIFIED., .F., .F. ) 
 B_SPLINE_CURVE_WITH_KNOTS ( ( 4, 4 ),
 ( 4.712388980384689674, 5.187540493381649576 ),
 .UNSPECIFIED. ) 
 CURVE ( )  GEOMETRIC_REPRESENTATION_ITEM ( )  RATIONAL_B_SPLINE_CURVE ( ( 1.000000000000000000, 0.9812742460539110034, 0.9812742460539110034, 1.000000000000000000 ) ) 
 REPRESENTATION_ITEM ( '' )  );
#2655 = EDGE_LOOP ( 'NONE', ( #1838, #8470, #2529, #2341 ) ) ;
#2656 = DIRECTION ( 'NONE',  ( 0.000000000000000000, 0.000000000000000000, -1.000000000000000000 ) ) ;
#2657 = CARTESIAN_POINT ( 'NONE',  ( -286.1789894103999927, 96.89302241451019881, 183.7207935539340156 ) ) ;
#2658 = CARTESIAN_POINT ( 'NONE',  ( -152.7366433887729897, 76.52169227600100498, 158.7207935539340156 ) ) ;
#2659 = CARTESIAN_POINT ( 'NONE',  ( -96.09728968963489137, 136.8167928041948187, 183.2795369371475260 ) ) ;
#2660 = EDGE_LOOP ( 'NONE', ( #3408, #4100, #7877, #8905, #4018 ) ) ;
#2661 = ORIENTED_EDGE ( 'NONE', *, *, #4903, .T. ) ;
#2662 = EDGE_CURVE ( 'NONE', #4379, #6948, #5940, .T. ) ;
#2663 = CARTESIAN_POINT ( 'NONE',  ( -40.43682098388670454, 6.215927124023430395, 158.7207935539340156 ) ) ;
#2664 = CARTESIAN_POINT ( 'NONE',  ( -135.5343000258999950, 89.42653656005859375, 178.7207935539339871 ) ) ;
#2665 = CYLINDRICAL_SURFACE ( 'NONE', #4679, 2.500000000000010658 ) ;
#2666 = ORIENTED_EDGE ( 'NONE', *, *, #9379, .T. ) ;
#2667 = ORIENTED_EDGE ( 'NONE', *, *, #8670, .T. ) ;
#2668 = DIRECTION ( 'NONE',  ( -1.000000000000000000, -6.497469208673089999E-16, 2.626221239704054965E-16 ) ) ;
#2669 = CIRCLE ( 'NONE', #8026, 5.000000000000004441 ) ;
#2670 = CARTESIAN_POINT ( 'NONE',  ( 166.9410775019574089, 74.66340755827945941, 183.5644011967398797 ) ) ;
#2671 = EDGE_CURVE ( 'NONE', #215, #52, #8109, .T. ) ;
#2672 = PLANE ( 'NONE',  #754 ) ;
#2673 = EDGE_LOOP ( 'NONE', ( #3680, #6969, #6666, #7669, #6841 ) ) ;
#2674 = FACE_OUTER_BOUND ( 'NONE', #954, .T. ) ;
#2675 = DIRECTION ( 'NONE',  ( 0.000000000000000000, -1.000000000000000000, 0.000000000000000000 ) ) ;
#2676 = VECTOR ( 'NONE', #3021, 1000.000000000000000 ) ;
#2677 = CARTESIAN_POINT ( 'NONE',  ( 288.5638654635522471, 158.2624955198347436, 123.7207935539339729 ) ) ;
#2678 = ORIENTED_EDGE ( 'NONE', *, *, #189, .T. ) ;
#2679 = ORIENTED_EDGE ( 'NONE', *, *, #4210, .T. ) ;
#2680 = FACE_OUTER_BOUND ( 'NONE', #9345, .T. ) ;
#2681 = VECTOR ( 'NONE', #8693, 999.9999999999998863 ) ;
#2682 = LINE ( 'NONE', #9301, #8948 ) ;
#2683 = DIRECTION ( 'NONE',  ( -1.000000000000000000, 0.000000000000000000, 0.000000000000000000 ) ) ;
#2684 = ORIENTED_EDGE ( 'NONE', *, *, #3563, .F. ) ;
#2685 = CARTESIAN_POINT ( 'NONE',  ( 80.65757751464849434, 62.15238189787610423, 182.2563274598670091 ) ) ;
#2686 = ORIENTED_EDGE ( 'NONE', *, *, #2212, .F. ) ;
#2687 = CARTESIAN_POINT ( 'NONE',  ( -96.54403774936876914, 117.6996686611356466, 182.8912791208979911 ) ) ;
#2688 = EDGE_CURVE ( 'NONE', #6403, #4094, #674, .T. ) ;
#2689 = EDGE_CURVE ( 'NONE', #1792, #1909, #8810, .T. ) ;
#2690 = DIRECTION ( 'NONE',  ( 0.000000000000000000, 0.000000000000000000, -1.000000000000000000 ) ) ;
#2691 = AXIS2_PLACEMENT_3D ( 'NONE', #210, #3148, #6061 ) ;
#2692 = LINE ( 'NONE', #5604, #9331 ) ;
#2693 = ORIENTED_EDGE ( 'NONE', *, *, #7658, .T. ) ;
#2694 = DIRECTION ( 'NONE',  ( 0.000000000000000000, 0.000000000000000000, -1.000000000000000000 ) ) ;
#2695 = DIRECTION ( 'NONE',  ( -1.000000000000000000, -0.000000000000000000, -0.000000000000000000 ) ) ;
#2696 = CIRCLE ( 'NONE', #2074, 5.000000000000004441 ) ;
#2697 = ADVANCED_FACE ( 'NONE', ( #6709 ), #8931, .T. ) ;
#2698 = CARTESIAN_POINT ( 'NONE',  ( -185.8610559998539884, 76.52168743035018394, 178.7207935539339871 ) ) ;
#2699 = ORIENTED_EDGE ( 'NONE', *, *, #3876, .T. ) ;
#2700 = LINE ( 'NONE', #4083, #3554 ) ;
#2701 = VERTEX_POINT ( 'NONE', #6229 ) ;
#2702 = CARTESIAN_POINT ( 'NONE',  ( 287.5413640362246497, 67.06601704008764386, 158.7208408229546137 ) ) ;
#2703 = CIRCLE ( 'NONE', #6504, 12.90484428405760120 ) ;
#2704 = DIRECTION ( 'NONE',  ( 0.000000000000000000, 0.000000000000000000, -1.000000000000000000 ) ) ;
#2705 = FACE_OUTER_BOUND ( 'NONE', #65, .T. ) ;
#2706 = CARTESIAN_POINT ( 'NONE',  ( -67.11072929121860398, 22.12078129034019724, 155.7207935539340156 ) ) ;
#2707 = ORIENTED_EDGE ( 'NONE', *, *, #1628, .F. ) ;
#2708 = ORIENTED_EDGE ( 'NONE', *, *, #168, .F. ) ;
#2709 = CARTESIAN_POINT ( 'NONE',  ( 98.64490509033210230, 58.61684799194339490, 178.7207935539339871 ) ) ;
#2710 = AXIS2_PLACEMENT_3D ( 'NONE', #333, #7731, #6285 ) ;
#2711 =( BOUNDED_CURVE ( )  B_SPLINE_CURVE ( 3, ( #4915, #1172, #9147, #5637 ),
 .UNSPECIFIED., .F., .F. ) 
 B_SPLINE_CURVE_WITH_KNOTS ( ( 4, 4 ),
 ( 2.356194490192355051, 3.141592653589795336 ),
 .UNSPECIFIED. ) 
 CURVE ( )  GEOMETRIC_REPRESENTATION_ITEM ( )  RATIONAL_B_SPLINE_CURVE ( ( 1.000000000000000000, 0.9492530216741920102, 0.9492530216741920102, 1.000000000000000000 ) ) 
 REPRESENTATION_ITEM ( '' )  );
#2712 = CARTESIAN_POINT ( 'NONE',  ( -117.8761329165836571, 78.80484750287767781, 183.6417866575605444 ) ) ;
#2713 = EDGE_CURVE ( 'NONE', #9433, #27, #3168, .T. ) ;
#2714 = DIRECTION ( 'NONE',  ( 0.000000000000000000, 0.000000000000000000, -1.000000000000000000 ) ) ;
#2715 = ORIENTED_EDGE ( 'NONE', *, *, #2205, .T. ) ;
#2716 = ORIENTED_EDGE ( 'NONE', *, *, #3504, .F. ) ;
#2717 = CARTESIAN_POINT ( 'NONE',  ( -286.9867190623450028, 76.52169255418570515, 183.6551201160945084 ) ) ;
#2718 = CARTESIAN_POINT ( 'NONE',  ( 166.9409796974214260, 73.99487637792861960, 183.5863998215802724 ) ) ;
#2719 = CARTESIAN_POINT ( 'NONE',  ( -289.1330152136220022, 60.29947687527599953, 158.6011665095539911 ) ) ;
#2720 = ORIENTED_EDGE ( 'NONE', *, *, #5408, .F. ) ;
#2721 = CARTESIAN_POINT ( 'NONE',  ( -101.0028839111329972, 76.52169227600100498, 183.7207935539340156 ) ) ;
#2722 = CARTESIAN_POINT ( 'NONE',  ( -152.7366433896910110, 94.42653656005860796, 178.7207935539339871 ) ) ;
#2723 = ORIENTED_EDGE ( 'NONE', *, *, #4746, .T. ) ;
#2724 = VECTOR ( 'NONE', #6723, 1000.000000000000000 ) ;
#2725 = ORIENTED_EDGE ( 'NONE', *, *, #6681, .T. ) ;
#2726 = CARTESIAN_POINT ( 'NONE',  ( -290.3003097539594819, 0.8786796564403600573, 157.8421138974935047 ) ) ;
#2727 = CARTESIAN_POINT ( 'NONE',  ( -134.7493367092509970, 94.42653656005860796, 178.7207935539339871 ) ) ;
#2728 = EDGE_CURVE ( 'NONE', #2293, #9211, #5367, .T. ) ;
#2729 = VECTOR ( 'NONE', #2987, 1000.000000000000000 ) ;
#2730 = LINE ( 'NONE', #4118, #3866 ) ;
#2731 = ORIENTED_EDGE ( 'NONE', *, *, #666, .T. ) ;
#2732 = CARTESIAN_POINT ( 'NONE',  ( 287.8573656732242512, 100.8695201142133442, 180.1584757191908182 ) ) ;
#2733 = DIRECTION ( 'NONE',  ( -1.000000000000000000, 1.226857500901394006E-08, 1.316277026091829943E-15 ) ) ;
#2734 = DIRECTION ( 'NONE',  ( 0.000000000000000000, -1.000000000000000000, 0.000000000000000000 ) ) ;
#2735 = CIRCLE ( 'NONE', #1021, 2.999999999999999112 ) ;
#2736 = DIRECTION ( 'NONE',  ( 0.000000000000000000, -1.000000000000000000, 0.000000000000000000 ) ) ;
#2737 = ORIENTED_EDGE ( 'NONE', *, *, #2471, .F. ) ;
#2738 = EDGE_CURVE ( 'NONE', #9250, #6386, #4363, .T. ) ;
#2739 = CIRCLE ( 'NONE', #8560, 5.000000000000004441 ) ;
#2740 = CARTESIAN_POINT ( 'NONE',  ( -286.1789894103999927, 97.82984857679468860, 183.5385722673235023 ) ) ;
#2741 = ORIENTED_EDGE ( 'NONE', *, *, #2797, .F. ) ;
#2742 = CARTESIAN_POINT ( 'NONE',  ( -96.44675636336651792, 119.8311360573549962, 182.9885605069005123 ) ) ;
#2743 = CIRCLE ( 'NONE', #8413, 12.90485382080080967 ) ;
#2744 = EDGE_CURVE ( 'NONE', #3306, #2625, #9022, .T. ) ;
#2745 = CARTESIAN_POINT ( 'NONE',  ( 286.1260814815890967, 58.97655205857832073, 158.7221023178616122 ) ) ;
#2746 = CARTESIAN_POINT ( 'NONE',  ( -30.26300430297849786, 98.04149627685548296, 178.7207935539339871 ) ) ;
#2747 = LINE ( 'NONE', #7148, #6958 ) ;
#2748 = CARTESIAN_POINT ( 'NONE',  ( 150.3786849975589917, 76.52169227600100498, 178.7207935539339871 ) ) ;
#2749 = EDGE_LOOP ( 'NONE', ( #3871, #7222, #6215, #5903, #7885, #4449 ) ) ;
#2750 = AXIS2_PLACEMENT_3D ( 'NONE', #5004, #7940, #8175 ) ;
#2751 = ORIENTED_EDGE ( 'NONE', *, *, #1845, .F. ) ;
#2752 = CARTESIAN_POINT ( 'NONE',  ( 267.5316238403320312, 58.61684799194339490, 178.7207935539339871 ) ) ;
#2753 = AXIS2_PLACEMENT_3D ( 'NONE', #6036, #1632, #3936 ) ;
#2754 = CARTESIAN_POINT ( 'NONE',  ( 115.5181121283841321, 73.07227319629430440, 183.6739725470350777 ) ) ;
#2755 = ORIENTED_EDGE ( 'NONE', *, *, #1528, .T. ) ;
#2756 = LINE ( 'NONE', #2939, #4084 ) ;
#2757 = AXIS2_PLACEMENT_3D ( 'NONE', #4454, #9497, #9408 ) ;
#2758 = CARTESIAN_POINT ( 'NONE',  ( -286.9867076297550170, 76.48828666329009707, 183.6551222068469826 ) ) ;
#2759 = CIRCLE ( 'NONE', #6883, 15.90485388537120492 ) ;
#2760 = ADVANCED_FACE ( 'NONE', ( #8975 ), #7271, .T. ) ;
#2761 = EDGE_CURVE ( 'NONE', #868, #1897, #9120, .T. ) ;
#2762 = DIRECTION ( 'NONE',  ( -1.000000000000000000, 1.686196424027724812E-16, -1.686196424027724812E-16 ) ) ;
#2763 = CIRCLE ( 'NONE', #7346, 3.000000000000002665 ) ;
#2764 = FACE_OUTER_BOUND ( 'NONE', #8619, .T. ) ;
#2765 = ORIENTED_EDGE ( 'NONE', *, *, #5426, .F. ) ;
#2766 = CIRCLE ( 'NONE', #5519, 3.000000000000002665 ) ;
#2767 = CARTESIAN_POINT ( 'NONE',  ( -134.7493362426759802, 35.02563476562500000, 138.7207935539339871 ) ) ;
#2768 = CARTESIAN_POINT ( 'NONE',  ( -135.5343008041380131, 38.02563476562500000, 158.7207935539340156 ) ) ;
#2769 = EDGE_LOOP ( 'NONE', ( #4026, #1462, #3580, #4867, #5684, #3930 ) ) ;
#2770 = AXIS2_PLACEMENT_3D ( 'NONE', #2011, #5357, #3115 ) ;
#2771 = ORIENTED_EDGE ( 'NONE', *, *, #8312, .T. ) ;
#2772 = ORIENTED_EDGE ( 'NONE', *, *, #7232, .T. ) ;
#2773 = DIRECTION ( 'NONE',  ( 0.000000000000000000, 0.000000000000000000, -1.000000000000000000 ) ) ;
#2774 = AXIS2_PLACEMENT_3D ( 'NONE', #1447, #7210, #7299 ) ;
#2775 = DIRECTION ( 'NONE',  ( -1.000000000000000000, -4.711197327583760070E-16, 1.904225489767884931E-16 ) ) ;
#2776 = DIRECTION ( 'NONE',  ( -1.000000000000000000, 0.000000000000000000, 0.000000000000000000 ) ) ;
#2777 = ORIENTED_EDGE ( 'NONE', *, *, #4085, .T. ) ;
#2778 = CARTESIAN_POINT ( 'NONE',  ( -288.1789894103999927, 40.00000480987760199, 155.7207935539340156 ) ) ;
#2779 = PLANE ( 'NONE',  #3227 ) ;
#2780 = EDGE_CURVE ( 'NONE', #1915, #1453, #4653, .T. ) ;
#2781 = FACE_OUTER_BOUND ( 'NONE', #7288, .T. ) ;
#2782 = CARTESIAN_POINT ( 'NONE',  ( 98.64490509033210230, 90.89100265412589863, 182.2563274598670091 ) ) ;
#2783 = VERTEX_POINT ( 'NONE', #2404 ) ;
#2784 = FACE_OUTER_BOUND ( 'NONE', #4992, .T. ) ;
#2785 = EDGE_CURVE ( 'NONE', #3918, #6513, #3123, .T. ) ;
#2786 = CARTESIAN_POINT ( 'NONE',  ( 267.5316238403320312, 38.02563476562500000, 158.7207935539340156 ) ) ;
#2787 = VECTOR ( 'NONE', #3060, 1000.000000000000000 ) ;
#2788 = CARTESIAN_POINT ( 'NONE',  ( -169.2987824118942228, 78.63833028341636577, 183.5686542361253828 ) ) ;
#2789 = AXIS2_PLACEMENT_3D ( 'NONE', #7016, #1892, #8277 ) ;
#2790 = VERTEX_POINT ( 'NONE', #7627 ) ;
#2791 = CARTESIAN_POINT ( 'NONE',  ( -290.4467563633664895, 109.3730966500143893, 171.6202341554835016 ) ) ;
#2792 = AXIS2_PLACEMENT_3D ( 'NONE', #1318, #9155, #3444 ) ;
#2793 = CARTESIAN_POINT ( 'NONE',  ( 267.5316238403320312, 9.215927124023419736, 155.7207935539340156 ) ) ;
#2794 = TOROIDAL_SURFACE ( 'NONE', #2649, 15.90485388537119960, 3.000000000000000000 ) ;
#2795 = DIRECTION ( 'NONE',  ( -1.000000000000000000, -7.558965274043620048E-16, 0.000000000000000000 ) ) ;
#2796 = CARTESIAN_POINT ( 'NONE',  ( 216.5078370698039976, 76.52169227600100498, 150.7207935539340156 ) ) ;
#2797 = EDGE_CURVE ( 'NONE', #6652, #7334, #6758, .T. ) ;
#2798 = DIRECTION ( 'NONE',  ( 1.000000000000000000, -1.835214905568970957E-16, 0.000000000000000000 ) ) ;
#2799 = ORIENTED_EDGE ( 'NONE', *, *, #259, .F. ) ;
#2800 = EDGE_CURVE ( 'NONE', #7624, #2905, #8259, .T. ) ;
#2801 = ORIENTED_EDGE ( 'NONE', *, *, #987, .T. ) ;
#2802 = CARTESIAN_POINT ( 'NONE',  ( 98.64490493200409560, 22.12077972371559653, 155.7207935539340156 ) ) ;
#2803 = AXIS2_PLACEMENT_3D ( 'NONE', #1237, #4171, #7091 ) ;
#2804 = EDGE_CURVE ( 'NONE', #1717, #1121, #2457, .T. ) ;
#2805 = EDGE_CURVE ( 'NONE', #6486, #2560, #2696, .T. ) ;
#2806 = DIRECTION ( 'NONE',  ( 0.000000000000000000, 0.000000000000000000, -1.000000000000000000 ) ) ;
#2807 = ORIENTED_EDGE ( 'NONE', *, *, #8612, .F. ) ;
#2808 = EDGE_CURVE ( 'NONE', #7063, #550, #6808, .T. ) ;
#2809 = DIRECTION ( 'NONE',  ( -1.439941687553569204E-16, -0.7191424945380946454, 0.6948626285457626395 ) ) ;
#2810 = DIRECTION ( 'NONE',  ( 0.000000000000000000, 0.000000000000000000, -1.000000000000000000 ) ) ;
#2811 = CIRCLE ( 'NONE', #4484, 12.90500640869139737 ) ;
#2812 = CARTESIAN_POINT ( 'NONE',  ( -95.67690874284112112, 136.3964118574011195, 183.5691438979191332 ) ) ;
#2813 = DIRECTION ( 'NONE',  ( 0.000000000000000000, 0.000000000000000000, 1.000000000000000000 ) ) ;
#2814 = VERTEX_POINT ( 'NONE', #2501 ) ;
#2815 = ADVANCED_FACE ( 'NONE', ( #5413 ), #8357, .F. ) ;
#2816 = AXIS2_PLACEMENT_3D ( 'NONE', #8460, #8412, #1888 ) ;
#2817 = CARTESIAN_POINT ( 'NONE',  ( 150.3786849975589917, 89.42653656005859375, 148.7207935539339871 ) ) ;
#2818 = CARTESIAN_POINT ( 'NONE',  ( 267.5316238403320312, 9.215927124023419736, 158.7207935539340156 ) ) ;
#2819 = ORIENTED_EDGE ( 'NONE', *, *, #5304, .F. ) ;
#2820 = ORIENTED_EDGE ( 'NONE', *, *, #5185, .T. ) ;
#2821 = DIRECTION ( 'NONE',  ( -1.000000000000000000, 0.000000000000000000, 0.000000000000000000 ) ) ;
#2822 = DIRECTION ( 'NONE',  ( 7.031412489292655733E-13, 1.000000000000000000, 0.000000000000000000 ) ) ;
#2823 = VERTEX_POINT ( 'NONE', #993 ) ;
#2824 = DIRECTION ( 'NONE',  ( 1.000000000000000000, 0.000000000000000000, 0.000000000000000000 ) ) ;
#2825 = CARTESIAN_POINT ( 'NONE',  ( 283.0742935591437117, 68.32468267250676774, 183.7019302982463103 ) ) ;
#2826 = EDGE_CURVE ( 'NONE', #4728, #3485, #1039, .T. ) ;
#2827 = CARTESIAN_POINT ( 'NONE',  ( 216.5078353881840201, 9.215927124023419736, 143.7207935539339871 ) ) ;
#2828 = CARTESIAN_POINT ( 'NONE',  ( -110.0223875045780062, 6.215927124023419736, 158.7207935539340156 ) ) ;
#2829 = VERTEX_POINT ( 'NONE', #3986 ) ;
#2830 = FACE_OUTER_BOUND ( 'NONE', #5143, .T. ) ;
#2831 = CIRCLE ( 'NONE', #4942, 12.90484428405759587 ) ;
#2832 = CARTESIAN_POINT ( 'NONE',  ( -134.7493362426759802, 22.12078094482420099, 158.7207935539340156 ) ) ;
#2833 = CARTESIAN_POINT ( 'NONE',  ( 216.5078353881840201, 22.12078094482420099, 158.7207935539340156 ) ) ;
#2834 = EDGE_CURVE ( 'NONE', #2858, #3394, #8403, .T. ) ;
#2835 = ORIENTED_EDGE ( 'NONE', *, *, #6775, .T. ) ;
#2836 = FACE_OUTER_BOUND ( 'NONE', #4823, .T. ) ;
#2837 = AXIS2_PLACEMENT_3D ( 'NONE', #2748, #4142, #2077 ) ;
#2838 = CARTESIAN_POINT ( 'NONE',  ( 114.5497433645823975, 22.12078134939934770, 158.7207935539340156 ) ) ;
#2839 = CIRCLE ( 'NONE', #978, 2.999999999999999112 ) ;
#2840 = PLANE ( 'NONE',  #890 ) ;
#2841 = DIRECTION ( 'NONE',  ( -1.000000000000000000, 8.208433932565629593E-11, 0.000000000000000000 ) ) ;
#2842 = LINE ( 'NONE', #7149, #2371 ) ;
#2843 = VERTEX_POINT ( 'NONE', #3268 ) ;
#2844 = EDGE_CURVE ( 'NONE', #2007, #3500, #6136, .T. ) ;
#2845 = ORIENTED_EDGE ( 'NONE', *, *, #6233, .F. ) ;
#2846 = DIRECTION ( 'NONE',  ( 1.000000000000000000, 0.000000000000000000, 0.000000000000000000 ) ) ;
#2847 = AXIS2_PLACEMENT_3D ( 'NONE', #6433, #9419, #5855 ) ;
#2848 = CARTESIAN_POINT ( 'NONE',  ( -117.8761139489063794, 73.10103078730789150, 183.6731808813327689 ) ) ;
#2849 = ORIENTED_EDGE ( 'NONE', *, *, #48, .T. ) ;
#2850 = CYLINDRICAL_SURFACE ( 'NONE', #8682, 2.999999999999995115 ) ;
#2851 = DIRECTION ( 'NONE',  ( 0.000000000000000000, 0.000000000000000000, 1.000000000000000000 ) ) ;
#2852 = EDGE_CURVE ( 'NONE', #4367, #5294, #7679, .T. ) ;
#2853 = CARTESIAN_POINT ( 'NONE',  ( 183.5030736399640148, 22.12077808833640091, 158.7207935539340156 ) ) ;
#2854 = LINE ( 'NONE', #4289, #610 ) ;
#2855 = ORIENTED_EDGE ( 'NONE', *, *, #1205, .T. ) ;
#2856 = DIRECTION ( 'NONE',  ( 0.000000000000000000, 0.000000000000000000, 1.000000000000000000 ) ) ;
#2857 = DIRECTION ( 'NONE',  ( 0.000000000000000000, -1.000000000000000000, 0.000000000000000000 ) ) ;
#2858 = VERTEX_POINT ( 'NONE', #8639 ) ;
#2859 = AXIS2_PLACEMENT_3D ( 'NONE', #2085, #9421, #5133 ) ;
#2860 = ORIENTED_EDGE ( 'NONE', *, *, #9203, .T. ) ;
#2861 = CARTESIAN_POINT ( 'NONE',  ( -96.71296874174299774, 117.8685996535100031, 182.6743849957319981 ) ) ;
#2862 = CARTESIAN_POINT ( 'NONE',  ( 48.73295307159440171, 58.61684799194339490, 178.7207935539339871 ) ) ;
#2863 = ORIENTED_EDGE ( 'NONE', *, *, #6041, .T. ) ;
#2864 = TOROIDAL_SURFACE ( 'NONE', #9450, 17.90484886281040033, 5.000000000000000000 ) ;
#2865 = CARTESIAN_POINT ( 'NONE',  ( 284.6281423443959966, 76.32125139236430300, 183.6552142433770030 ) ) ;
#2866 = CARTESIAN_POINT ( 'NONE',  ( 287.4439402310489982, 64.88359391228338779, 158.3644131286549737 ) ) ;
#2867 = EDGE_CURVE ( 'NONE', #7851, #995, #3411, .T. ) ;
#2868 = DIRECTION ( 'NONE',  ( 0.000000000000000000, 1.000000000000000000, 0.000000000000000000 ) ) ;
#2869 = AXIS2_PLACEMENT_3D ( 'NONE', #3652, #5897, #2889 ) ;
#2870 = ORIENTED_EDGE ( 'NONE', *, *, #1323, .F. ) ;
#2871 = ORIENTED_EDGE ( 'NONE', *, *, #4023, .T. ) ;
#2872 = AXIS2_PLACEMENT_3D ( 'NONE', #6414, #7140, #8595 ) ;
#2873 = LINE ( 'NONE', #2111, #7188 ) ;
#2874 = DIRECTION ( 'NONE',  ( 1.000000000000000000, -7.788590840987949389E-17, 0.000000000000000000 ) ) ;
#2875 = ADVANCED_FACE ( 'NONE', ( #521 ), #7726, .F. ) ;
#2876 = EDGE_CURVE ( 'NONE', #7798, #1766, #6370, .T. ) ;
#2877 = DIRECTION ( 'NONE',  ( 0.000000000000000000, 0.000000000000000000, 1.000000000000000000 ) ) ;
#2878 = SURFACE_STYLE_USAGE ( .BOTH. , #847 ) ;
#2879 = CYLINDRICAL_SURFACE ( 'NONE', #4278, 5.000000000000007105 ) ;
#2880 = ORIENTED_EDGE ( 'NONE', *, *, #8973, .T. ) ;
#2881 = AXIS2_PLACEMENT_3D ( 'NONE', #180, #3887, #6033 ) ;
#2882 = CARTESIAN_POINT ( 'NONE',  ( -185.8610559998519705, 22.12077808834190051, 146.7207935539339871 ) ) ;
#2883 = AXIS2_PLACEMENT_3D ( 'NONE', #5422, #955, #8219 ) ;
#2884 = CARTESIAN_POINT ( 'NONE',  ( 98.64490820428390805, 6.215926533999919457, 158.7207935539340156 ) ) ;
#2885 = CARTESIAN_POINT ( 'NONE',  ( 216.5078370686659923, 94.42653656005860796, 178.7207935539339871 ) ) ;
#2886 = CARTESIAN_POINT ( 'NONE',  ( -291.1789894103999927, 76.31350204389620728, 155.7234370205540017 ) ) ;
#2887 = VERTEX_POINT ( 'NONE', #2786 ) ;
#2888 = VERTEX_POINT ( 'NONE', #4841 ) ;
#2889 = DIRECTION ( 'NONE',  ( 0.9999999999999995559, 2.745767247960928976E-08, 0.000000000000000000 ) ) ;
#2890 = CARTESIAN_POINT ( 'NONE',  ( -194.6789894103999927, 115.8346203221669981, 183.7207935539340156 ) ) ;
#2891 = TOROIDAL_SURFACE ( 'NONE', #3197, 15.90485382080079901, 3.000000000000000000 ) ;
#2892 = CARTESIAN_POINT ( 'NONE',  ( -30.26300430297849786, 110.9465026855470029, 178.7207935539339871 ) ) ;
#2893 = ORIENTED_EDGE ( 'NONE', *, *, #8865, .T. ) ;
#2894 = CARTESIAN_POINT ( 'NONE',  ( 284.5689897669680022, 96.89302241451059672, 183.7207935539340156 ) ) ;
#2895 = CARTESIAN_POINT ( 'NONE',  ( -290.4461645371185341, 100.7083103307516012, 179.9916336409965254 ) ) ;
#2896 = VECTOR ( 'NONE', #8799, 1000.000000000000000 ) ;
#2897 = ADVANCED_FACE ( 'NONE', ( #4177 ), #7374, .T. ) ;
#2898 = DIRECTION ( 'NONE',  ( -1.000000000000000000, 0.000000000000000000, 0.000000000000000000 ) ) ;
#2899 = ORIENTED_EDGE ( 'NONE', *, *, #8333, .T. ) ;
#2900 = AXIS2_PLACEMENT_3D ( 'NONE', #3122, #8929, #3796 ) ;
#2901 = CIRCLE ( 'NONE', #9034, 5.000000000000004441 ) ;
#2902 = LINE ( 'NONE', #2184, #3263 ) ;
#2903 = AXIS2_PLACEMENT_3D ( 'NONE', #3094, #298, #8226 ) ;
#2904 = LINE ( 'NONE', #2093, #5326 ) ;
#2905 = VERTEX_POINT ( 'NONE', #9364 ) ;
#2906 = ORIENTED_EDGE ( 'NONE', *, *, #7023, .F. ) ;
#2907 = LINE ( 'NONE', #3099, #3029 ) ;
#2908 = CIRCLE ( 'NONE', #4747, 12.90485388537120315 ) ;
#2909 = DIRECTION ( 'NONE',  ( -1.000000000000000000, 0.000000000000000000, 0.000000000000000000 ) ) ;
#2910 = ORIENTED_EDGE ( 'NONE', *, *, #1833, .T. ) ;
#2911 = LINE ( 'NONE', #2105, #3171 ) ;
#2912 = CARTESIAN_POINT ( 'NONE',  ( -286.1789894103999927, 83.95400533632779627, 183.7207935539340156 ) ) ;
#2913 = ADVANCED_FACE ( 'NONE', ( #6280 ), #9267, .F. ) ;
#2914 = CARTESIAN_POINT ( 'NONE',  ( 286.9586831980510055, 60.90248989012660275, 158.5608305757910159 ) ) ;
#2915 = CIRCLE ( 'NONE', #8285, 29.99999999999999645 ) ;
#2916 = EDGE_CURVE ( 'NONE', #6548, #8215, #8660, .T. ) ;
#2917 = DIRECTION ( 'NONE',  ( 0.000000000000000000, 0.000000000000000000, 1.000000000000000000 ) ) ;
#2918 = TOROIDAL_SURFACE ( 'NONE', #4751, 15.90485382080079901, 3.000000000000000000 ) ;
#2919 = ORIENTED_EDGE ( 'NONE', *, *, #6875, .F. ) ;
#2920 = ADVANCED_FACE ( 'NONE', ( #424 ), #3706, .T. ) ;
#2921 = ORIENTED_EDGE ( 'NONE', *, *, #1924, .T. ) ;
#2922 = DIRECTION ( 'NONE',  ( 2.740434456452409705E-16, -1.000000000000000000, 2.740434456452409705E-16 ) ) ;
#2923 = CARTESIAN_POINT ( 'NONE',  ( -146.1789941787719727, 117.8685996535100031, 182.6743849957319981 ) ) ;
#2924 = FACE_OUTER_BOUND ( 'NONE', #8895, .T. ) ;
#2925 = ORIENTED_EDGE ( 'NONE', *, *, #7133, .T. ) ;
#2926 = EDGE_CURVE ( 'NONE', #9299, #5588, #3242, .T. ) ;
#2927 = DIRECTION ( 'NONE',  ( -1.000000000000000000, -6.974437143599260226E-16, 0.000000000000000000 ) ) ;
#2928 = FACE_OUTER_BOUND ( 'NONE', #2550, .T. ) ;
#2929 = CARTESIAN_POINT ( 'NONE',  ( 170.5982239441825072, 22.12077773399925107, 146.7207935539339871 ) ) ;
#2930 = CARTESIAN_POINT ( 'NONE',  ( -291.1789894103999927, 76.31374861407279298, 155.7240152788779994 ) ) ;
#2931 = ORIENTED_EDGE ( 'NONE', *, *, #6338, .T. ) ;
#2932 = VERTEX_POINT ( 'NONE', #9219 ) ;
#2933 = DIRECTION ( 'NONE',  ( -0.9999999999999997780, -2.745767261373882970E-08, 0.000000000000000000 ) ) ;
#2934 = CARTESIAN_POINT ( 'NONE',  ( -51.09095215924970290, 6.215924776715099576, 158.7207935539340156 ) ) ;
#2935 = VECTOR ( 'NONE', #7381, 1000.000000000000000 ) ;
#2936 = AXIS2_PLACEMENT_3D ( 'NONE', #6430, #3376, #5624 ) ;
#2937 = DIRECTION ( 'NONE',  ( 0.9999999999999995559, 2.745767267742075190E-08, 0.000000000000000000 ) ) ;
#2938 = ORIENTED_EDGE ( 'NONE', *, *, #2274, .F. ) ;
#2939 = CARTESIAN_POINT ( 'NONE',  ( -269.8896026611329830, 9.215927124023419736, 158.7207935539340156 ) ) ;
#2940 = ORIENTED_EDGE ( 'NONE', *, *, #7329, .T. ) ;
#2941 = LINE ( 'NONE', #6721, #8702 ) ;
#2942 = ORIENTED_EDGE ( 'NONE', *, *, #155, .F. ) ;
#2943 = EDGE_CURVE ( 'NONE', #7449, #9437, #370, .T. ) ;
#2944 = EDGE_CURVE ( 'NONE', #4284, #5398, #5067, .T. ) ;
#2945 = CARTESIAN_POINT ( 'NONE',  ( 119.4864806570912066, 76.52169192166400080, 133.7207935539339871 ) ) ;
#2946 = STYLED_ITEM ( 'NONE', ( #748 ), #7119 ) ;
#2947 = CARTESIAN_POINT ( 'NONE',  ( -291.1789894103999927, 76.32125139236450195, 178.7207935539339871 ) ) ;
#2948 = ORIENTED_EDGE ( 'NONE', *, *, #5663, .F. ) ;
#2949 = DIRECTION ( 'NONE',  ( -1.000000000000000000, 1.514560233585315114E-17, -1.514560233585310184E-17 ) ) ;
#2950 = ORIENTED_EDGE ( 'NONE', *, *, #1037, .F. ) ;
#2951 = CIRCLE ( 'NONE', #6319, 5.000000000000004441 ) ;
#2952 = VERTEX_POINT ( 'NONE', #8593 ) ;
#2953 = CARTESIAN_POINT ( 'NONE',  ( -218.8657760620120314, 58.61684799194339490, 178.7207935539339871 ) ) ;
#2954 = CYLINDRICAL_SURFACE ( 'NONE', #9360, 5.000000000000007105 ) ;
#2955 = VERTEX_POINT ( 'NONE', #2067 ) ;
#2956 = CARTESIAN_POINT ( 'NONE',  ( 60.32955169677730112, 96.57703018278820650, 182.2563274598664975 ) ) ;
#2957 = LINE ( 'NONE', #5785, #152 ) ;
#2958 = CARTESIAN_POINT ( 'NONE',  ( 288.8209903277790431, 76.31350188147710867, 155.7234361936179994 ) ) ;
#2959 = CARTESIAN_POINT ( 'NONE',  ( 200.0054474775870403, 72.62048588661605208, 183.6296682121550532 ) ) ;
#2960 = ORIENTED_EDGE ( 'NONE', *, *, #8275, .T. ) ;
#2961 = EDGE_LOOP ( 'NONE', ( #7613, #8741, #8035, #7549 ) ) ;
#2962 = CYLINDRICAL_SURFACE ( 'NONE', #8427, 30.00000000000001066 ) ;
#2963 = ADVANCED_FACE ( 'NONE', ( #2020 ), #9224, .T. ) ;
#2964 = AXIS2_PLACEMENT_3D ( 'NONE', #5032, #6509, #2118 ) ;
#2965 = FACE_OUTER_BOUND ( 'NONE', #3956, .T. ) ;
#2966 = EDGE_CURVE ( 'NONE', #1722, #9437, #1143, .T. ) ;
#2967 = EDGE_CURVE ( 'NONE', #5290, #839, #3496, .T. ) ;
#2968 = CARTESIAN_POINT ( 'NONE',  ( -152.7366447448729900, 9.215927124023419736, 155.7207935539340156 ) ) ;
#2969 = CARTESIAN_POINT ( 'NONE',  ( 286.3755255649210198, 63.97203097781829939, 161.0517147346709805 ) ) ;
#2970 = CIRCLE ( 'NONE', #9107, 3.000000000000002665 ) ;
#2971 = VERTEX_POINT ( 'NONE', #9407 ) ;
#2972 = VECTOR ( 'NONE', #8321, 1000.000000000000000 ) ;
#2973 = CARTESIAN_POINT ( 'NONE',  ( -101.0028839111329972, 89.42653656005859375, 153.7207935539340156 ) ) ;
#2974 = AXIS2_PLACEMENT_3D ( 'NONE', #2650, #5564, #5708 ) ;
#2975 = EDGE_CURVE ( 'NONE', #5415, #6046, #8912, .T. ) ;
#2976 = DIRECTION ( 'NONE',  ( 0.000000000000000000, 0.000000000000000000, 1.000000000000000000 ) ) ;
#2977 = CARTESIAN_POINT ( 'NONE',  ( -185.8610559998539884, 76.52168743035018394, 158.7207935539340156 ) ) ;
#2978 = CARTESIAN_POINT ( 'NONE',  ( -291.1789894103999927, 76.31385428700569662, 155.7242631038740228 ) ) ;
#2979 = ORIENTED_EDGE ( 'NONE', *, *, #9008, .T. ) ;
#2980 = ORIENTED_EDGE ( 'NONE', *, *, #515, .T. ) ;
#2981 = CARTESIAN_POINT ( 'NONE',  ( -67.11072929121860398, 22.12078129034019724, 158.7207935539340156 ) ) ;
#2982 = DIRECTION ( 'NONE',  ( 0.000000000000000000, 1.000000000000000000, 0.000000000000000000 ) ) ;
#2983 = VECTOR ( 'NONE', #4058, 1000.000000000000000 ) ;
#2984 = EDGE_CURVE ( 'NONE', #115, #545, #1376, .T. ) ;
#2985 = CARTESIAN_POINT ( 'NONE',  ( 286.3209915161129970, 101.2175338996189851, 180.5186497902789995 ) ) ;
#2986 = VERTEX_POINT ( 'NONE', #2112 ) ;
#2987 = DIRECTION ( 'NONE',  ( 1.000000000000000000, 4.395960322595069756E-10, 0.000000000000000000 ) ) ;
#2988 = VERTEX_POINT ( 'NONE', #1470 ) ;
#2989 = CARTESIAN_POINT ( 'NONE',  ( -152.7366433896910110, 63.61684799194339490, 148.7207935539339871 ) ) ;
#2990 = EDGE_LOOP ( 'NONE', ( #4602, #71, #3709, #8462, #1667 ) ) ;
#2991 = CARTESIAN_POINT ( 'NONE',  ( -196.0534980383147285, 117.2091289500819329, 183.3251006671647758 ) ) ;
#2992 = PLANE ( 'NONE',  #6264 ) ;
#2993 = PLANE ( 'NONE',  #6583 ) ;
#2994 = ORIENTED_EDGE ( 'NONE', *, *, #2834, .F. ) ;
#2995 = EDGE_CURVE ( 'NONE', #5895, #20, #5380, .T. ) ;
#2996 = EDGE_CURVE ( 'NONE', #5039, #6984, #4309, .T. ) ;
#2997 = AXIS2_PLACEMENT_3D ( 'NONE', #113, #3908, #8329 ) ;
#2998 = CARTESIAN_POINT ( 'NONE',  ( 60.32955169677730112, 110.9465026855470029, 178.7207935539339871 ) ) ;
#2999 = CARTESIAN_POINT ( 'NONE',  ( -288.9852727165940109, 2.193716693805924045, 158.7207935539336461 ) ) ;
#3000 = ORIENTED_EDGE ( 'NONE', *, *, #9313, .T. ) ;
#3001 = ORIENTED_EDGE ( 'NONE', *, *, #2471, .T. ) ;
#3002 = DIRECTION ( 'NONE',  ( -1.000000000000000000, 0.000000000000000000, 0.000000000000000000 ) ) ;
#3003 = CIRCLE ( 'NONE', #6826, 12.90484428405761008 ) ;
#3004 = CYLINDRICAL_SURFACE ( 'NONE', #627, 5.000000000000007105 ) ;
#3005 = EDGE_LOOP ( 'NONE', ( #4001, #2586, #6906, #7256, #3254, #1553 ) ) ;
#3006 = CARTESIAN_POINT ( 'NONE',  ( -290.6300051442839845, 69.21419683948680301, 157.4755097727719999 ) ) ;
#3007 = CARTESIAN_POINT ( 'NONE',  ( -286.7485585815492755, 80.56029359557359726, 183.6883224774504129 ) ) ;
#3008 = CARTESIAN_POINT ( 'NONE',  ( 284.3996607128430014, 59.72667359567990530, 159.6341585758780184 ) ) ;
#3009 =( BOUNDED_CURVE ( )  B_SPLINE_CURVE ( 3, ( #1835, #956, #3902, #5376 ),
 .UNSPECIFIED., .F., .T. ) 
 B_SPLINE_CURVE_WITH_KNOTS ( ( 4, 4 ),
 ( 0.7853981633974489451, 1.570796326794694941 ),
 .UNSPECIFIED. ) 
 CURVE ( )  GEOMETRIC_REPRESENTATION_ITEM ( )  RATIONAL_B_SPLINE_CURVE ( ( 1.000000000000000000, 0.9492530216742169902, 0.9492530216742169902, 1.000000000000000000 ) ) 
 REPRESENTATION_ITEM ( '' )  );
#3010 = CARTESIAN_POINT ( 'NONE',  ( -76.95782116841721177, 89.42653656005849427, 178.7207935539339871 ) ) ;
#3011 = ORIENTED_EDGE ( 'NONE', *, *, #2409, .T. ) ;
#3012 = VERTEX_POINT ( 'NONE', #3636 ) ;
#3013 = ORIENTED_EDGE ( 'NONE', *, *, #5266, .F. ) ;
#3014 = FACE_OUTER_BOUND ( 'NONE', #2367, .T. ) ;
#3015 = CARTESIAN_POINT ( 'NONE',  ( -147.6541809933085858, 76.52169192166400080, 158.7207935539340156 ) ) ;
#3016 = DIRECTION ( 'NONE',  ( 0.000000000000000000, 0.000000000000000000, -1.000000000000000000 ) ) ;
#3017 = CARTESIAN_POINT ( 'NONE',  ( 65.60616016387930927, 38.02563476562500000, 155.7207935539340156 ) ) ;
#3018 = CARTESIAN_POINT ( 'NONE',  ( 283.8153443822450299, 58.75701057037169761, 159.4744327040910150 ) ) ;
#3019 = EDGE_CURVE ( 'NONE', #28, #6829, #1713, .T. ) ;
#3020 = VERTEX_POINT ( 'NONE', #1525 ) ;
#3021 = DIRECTION ( 'NONE',  ( 0.000000000000000000, 0.000000000000000000, -1.000000000000000000 ) ) ;
#3022 = AXIS2_PLACEMENT_3D ( 'NONE', #44, #9462, #759 ) ;
#3023 = DIRECTION ( 'NONE',  ( 1.000000000000000000, 0.000000000000000000, 0.000000000000000000 ) ) ;
#3024 = CARTESIAN_POINT ( 'NONE',  ( -12.35799789428710049, 110.9465026855470029, 183.7207935539340156 ) ) ;
#3025 = CARTESIAN_POINT ( 'NONE',  ( -290.8078156367120641, 69.14170876265490051, 157.2178072337819970 ) ) ;
#3026 = ORIENTED_EDGE ( 'NONE', *, *, #508, .F. ) ;
#3027 = DIRECTION ( 'NONE',  ( -1.000000000000000000, 0.000000000000000000, 0.000000000000000000 ) ) ;
#3028 = EDGE_CURVE ( 'NONE', #4367, #2266, #1247, .T. ) ;
#3029 = VECTOR ( 'NONE', #6688, 1000.000000000000000 ) ;
#3030 = EDGE_CURVE ( 'NONE', #2234, #2183, #7531, .T. ) ;
#3031 = CARTESIAN_POINT ( 'NONE',  ( 287.9799120507360044, 98.24343334518560766, 181.9225798431480143 ) ) ;
#3032 = ORIENTED_EDGE ( 'NONE', *, *, #5408, .T. ) ;
#3033 = LINE ( 'NONE', #4419, #8084 ) ;
#3034 = ORIENTED_EDGE ( 'NONE', *, *, #1855, .T. ) ;
#3035 = CARTESIAN_POINT ( 'NONE',  ( -172.9562080848535004, 76.52168743035018394, 178.7207935539339871 ) ) ;
#3036 = ORIENTED_EDGE ( 'NONE', *, *, #9132, .F. ) ;
#3037 = CARTESIAN_POINT ( 'NONE',  ( -134.7493362426759802, 22.12078094482420099, 158.7207935539340156 ) ) ;
#3038 = CIRCLE ( 'NONE', #5485, 12.90484428405759587 ) ;
#3039 = CARTESIAN_POINT ( 'NONE',  ( -291.1789894103999927, 76.31311457647574059, 155.7225283289029960 ) ) ;
#3040 = CARTESIAN_POINT ( 'NONE',  ( 132.3913192749020027, 22.12078094482420099, 158.7207935539340156 ) ) ;
#3041 = ORIENTED_EDGE ( 'NONE', *, *, #2591, .T. ) ;
#3042 = DIRECTION ( 'NONE',  ( 0.000000000000000000, 0.000000000000000000, -1.000000000000000000 ) ) ;
#3043 = ORIENTED_EDGE ( 'NONE', *, *, #4667, .T. ) ;
#3044 = CIRCLE ( 'NONE', #5649, 4.999999999999900524 ) ;
#3045 = VERTEX_POINT ( 'NONE', #4356 ) ;
#3046 = EDGE_CURVE ( 'NONE', #6822, #9038, #9446, .T. ) ;
#3047 = ADVANCED_FACE ( 'NONE', ( #2965 ), #5988, .T. ) ;
#3048 = FACE_OUTER_BOUND ( 'NONE', #6282, .T. ) ;
#3049 = AXIS2_PLACEMENT_3D ( 'NONE', #8270, #3177, #1834 ) ;
#3050 = CARTESIAN_POINT ( 'NONE',  ( -269.8896011046559806, 63.61684799194339490, 150.7207935539340156 ) ) ;
#3051 = CARTESIAN_POINT ( 'NONE',  ( 43.09501647949219461, 62.21578598022459516, 183.7207935539340156 ) ) ;
#3052 = CARTESIAN_POINT ( 'NONE',  ( 288.8209915161129970, 98.89977624330870754, 179.8427909302159833 ) ) ;
#3053 = LINE ( 'NONE', #4304, #3644 ) ;
#3054 = TOROIDAL_SURFACE ( 'NONE', #2145, 17.90484428405759942, 5.000000000000000000 ) ;
#3055 = EDGE_LOOP ( 'NONE', ( #4063, #9257, #8983, #5776, #3688 ) ) ;
#3056 = ORIENTED_EDGE ( 'NONE', *, *, #7894, .F. ) ;
#3057 = EDGE_LOOP ( 'NONE', ( #358, #9080, #2006, #5240, #4932 ) ) ;
#3058 = CARTESIAN_POINT ( 'NONE',  ( 194.2749787478743997, 117.7886075539280739, 182.7863162251970834 ) ) ;
#3059 = AXIS2_PLACEMENT_3D ( 'NONE', #1425, #4357, #1471 ) ;
#3060 = DIRECTION ( 'NONE',  ( 0.000000000000000000, 0.000000000000000000, -1.000000000000000000 ) ) ;
#3061 = EDGE_CURVE ( 'NONE', #7934, #6609, #5837, .T. ) ;
#3062 = DIRECTION ( 'NONE',  ( -0.9999999999999995559, -2.745767241464908234E-08, 0.000000000000000000 ) ) ;
#3063 = VECTOR ( 'NONE', #9305, 1000.000000000000000 ) ;
#3064 = CARTESIAN_POINT ( 'NONE',  ( 288.7559239317579340, 99.93507177349246717, 179.1913761474191631 ) ) ;
#3065 =( BOUNDED_CURVE ( )  B_SPLINE_CURVE ( 3, ( #3768, #8281, #5333, #2520 ),
 .UNSPECIFIED., .F., .F. ) 
 B_SPLINE_CURVE_WITH_KNOTS ( ( 4, 4 ),
 ( 1.570796326794895004, 1.954910757784164899 ),
 .UNSPECIFIED. ) 
 CURVE ( )  GEOMETRIC_REPRESENTATION_ITEM ( )  RATIONAL_B_SPLINE_CURVE ( ( 1.000000000000000000, 0.9877424226396449569, 0.9877424226396449569, 1.000000000000000000 ) ) 
 REPRESENTATION_ITEM ( '' )  );
#3066 = CARTESIAN_POINT ( 'NONE',  ( 288.0887584690794938, 150.0021021401165058, 132.3629551537952125 ) ) ;
#3067 = VECTOR ( 'NONE', #8998, 1000.000000000000000 ) ;
#3068 = LINE ( 'NONE', #8925, #6566 ) ;
#3069 = ORIENTED_EDGE ( 'NONE', *, *, #2472, .F. ) ;
#3070 = DIRECTION ( 'NONE',  ( 0.000000000000000000, 1.000000000000000000, 0.000000000000000000 ) ) ;
#3071 = AXIS2_PLACEMENT_3D ( 'NONE', #5828, #8763, #2194 ) ;
#3072 = EDGE_CURVE ( 'NONE', #427, #7300, #4169, .T. ) ;
#3073 = DIRECTION ( 'NONE',  ( -1.000000000000000000, 0.000000000000000000, 0.000000000000000000 ) ) ;
#3074 = AXIS2_PLACEMENT_3D ( 'NONE', #2272, #6772, #109 ) ;
#3075 = DIRECTION ( 'NONE',  ( 1.182933032942884815E-14, 1.000000000000000000, 0.000000000000000000 ) ) ;
#3076 = CARTESIAN_POINT ( 'NONE',  ( -286.4599769826029956, 60.11914600154349841, 161.7207935539339871 ) ) ;
#3077 = ORIENTED_EDGE ( 'NONE', *, *, #7584, .F. ) ;
#3078 = B_SPLINE_SURFACE_WITH_KNOTS ( 'NONE', 3, 3, ( 
 ( #599, #1367, #5151, #8677, #6543, #4443, #7226, #2914, #3539, #3683 ),
 ( #4303, #644, #8141, #6646, #6595, #3584, #2866, #785, #6454, #6495 ),
 ( #24, #2958, #5922, #5875, #8809, #2242, #7372, #3731, #3008, #8856 ),
 ( #2288, #5203, #9403, #1758, #8956, #8291, #4539, #879, #5247, #310 ),
 ( #3965, #3827, #3196, #3105, #6160, #1018, #1661, #5292, #7561, #7609 ) ),
 .UNSPECIFIED., .F., .F., .F.,
 ( 4, 1, 4 ),
 ( 4, 2, 1, 1, 1, 1, 4 ),
 ( 0.000000000000000000, 0.5714285714285709528, 1.000000000000000000 ),
 ( -0.002653695750500669609, 0.000000000000000000, 0.4221616780729929852, 0.8443233561459849712, 1.266485034218979955, 1.688646712291969942, 2.110808390364959930 ),
 .UNSPECIFIED. ) ;
#3079 = DIRECTION ( 'NONE',  ( 0.9999999999999982236, -5.974482169746129770E-08, -3.752997407328913245E-16 ) ) ;
#3080 = DIRECTION ( 'NONE',  ( -1.000000000000000000, 0.000000000000000000, 0.000000000000000000 ) ) ;
#3081 = ORIENTED_EDGE ( 'NONE', *, *, #6163, .T. ) ;
#3082 = CYLINDRICAL_SURFACE ( 'NONE', #7630, 5.000000000000007105 ) ;
#3083 = ORIENTED_EDGE ( 'NONE', *, *, #5569, .T. ) ;
#3084 = EDGE_CURVE ( 'NONE', #577, #6312, #5434, .T. ) ;
#3085 = CARTESIAN_POINT ( 'NONE',  ( 94.08875846907929485, 137.1662594779273832, 182.9885605069005123 ) ) ;
#3086 = FACE_OUTER_BOUND ( 'NONE', #6297, .T. ) ;
#3087 = DIRECTION ( 'NONE',  ( -1.000000000000000000, 0.000000000000000000, 0.000000000000000000 ) ) ;
#3088 = CARTESIAN_POINT ( 'NONE',  ( -30.26300430297849786, 93.04149627685561086, 178.7207935539339871 ) ) ;
#3089 = ORIENTED_EDGE ( 'NONE', *, *, #8886, .F. ) ;
#3091 = EDGE_CURVE ( 'NONE', #198, #1222, #5263, .T. ) ;
#3090 = AXIS2_PLACEMENT_3D ( 'NONE', #1764, #4593, #2391 ) ;
#3092 = EDGE_CURVE ( 'NONE', #28, #6778, #8756, .T. ) ;
#3093 = AXIS2_PLACEMENT_3D ( 'NONE', #3802, #760, #8025 ) ;
#3094 = CARTESIAN_POINT ( 'NONE',  ( -269.8896011036019900, 76.52169227600100498, 178.7207935539339871 ) ) ;
#3095 = CARTESIAN_POINT ( 'NONE',  ( -101.0028839111329972, 89.42653656005859375, 178.7207935539339871 ) ) ;
#3096 = ORIENTED_EDGE ( 'NONE', *, *, #1978, .F. ) ;
#3097 = ORIENTED_EDGE ( 'NONE', *, *, #8492, .T. ) ;
#3098 = VECTOR ( 'NONE', #6267, 1000.000000000000000 ) ;
#3099 = CARTESIAN_POINT ( 'NONE',  ( 65.60616016387930927, 35.02563476562500000, 155.7207935539340156 ) ) ;
#3100 = TOROIDAL_SURFACE ( 'NONE', #8467, 15.90485382080079901, 3.000000000000000000 ) ;
#3101 = CIRCLE ( 'NONE', #8468, 12.90484791500049511 ) ;
#3102 = EDGE_CURVE ( 'NONE', #2887, #952, #7962, .T. ) ;
#3103 = DIRECTION ( 'NONE',  ( -1.000000000000000000, 0.000000000000000000, 0.000000000000000000 ) ) ;
#3104 = CARTESIAN_POINT ( 'NONE',  ( -113.9077281951906002, 76.52169227600100498, 178.7207935539339871 ) ) ;
#3105 = CARTESIAN_POINT ( 'NONE',  ( 288.8201017744300430, 75.12226873618268996, 156.2831703100139862 ) ) ;
#3106 = AXIS2_PLACEMENT_3D ( 'NONE', #8383, #835, #3778 ) ;
#3107 = DIRECTION ( 'NONE',  ( 1.000000000000000000, 0.000000000000000000, 0.000000000000000000 ) ) ;
#3108 = VERTEX_POINT ( 'NONE', #742 ) ;
#3109 = ORIENTED_EDGE ( 'NONE', *, *, #4694, .T. ) ;
#3110 = EDGE_LOOP ( 'NONE', ( #3013, #8174, #2350, #4040, #3888 ) ) ;
#3111 = DIRECTION ( 'NONE',  ( -1.000000000000000000, 0.000000000000000000, 0.000000000000000000 ) ) ;
#3112 = EDGE_CURVE ( 'NONE', #5577, #5136, #6603, .T. ) ;
#3113 = CARTESIAN_POINT ( 'NONE',  ( 80.65758528230271907, 22.12078010271750017, 158.7207935539340156 ) ) ;
#3114 = DIRECTION ( 'NONE',  ( 0.000000000000000000, 0.000000000000000000, 1.000000000000000000 ) ) ;
#3115 = DIRECTION ( 'NONE',  ( 0.000000000000000000, -0.7071067811865475727, 0.7071067811865475727 ) ) ;
#3116 = EDGE_CURVE ( 'NONE', #3125, #7424, #82, .T. ) ;
#3117 = PLANE ( 'NONE',  #5548 ) ;
#3118 = CYLINDRICAL_SURFACE ( 'NONE', #717, 12.90484428405759587 ) ;
#3119 = ORIENTED_EDGE ( 'NONE', *, *, #1588, .T. ) ;
#3120 = DIRECTION ( 'NONE',  ( -1.000000000000000000, -5.068136534518710031E-16, 2.607372337629689993E-16 ) ) ;
#3121 = AXIS2_PLACEMENT_3D ( 'NONE', #1955, #4876, #7807 ) ;
#3122 = CARTESIAN_POINT ( 'NONE',  ( -30.26300430297849786, 128.8515090942379970, 178.7207935539339871 ) ) ;
#3123 = LINE ( 'NONE', #6954, #3301 ) ;
#3124 = DIRECTION ( 'NONE',  ( -0.9999999999999995559, -2.745767247960928976E-08, 0.000000000000000000 ) ) ;
#3125 = VERTEX_POINT ( 'NONE', #5931 ) ;
#3126 = CARTESIAN_POINT ( 'NONE',  ( 132.3913192749020027, 35.02563476562500000, 138.7207935539339871 ) ) ;
#3127 = AXIS2_PLACEMENT_3D ( 'NONE', #7482, #182, #411 ) ;
#3128 = CARTESIAN_POINT ( 'NONE',  ( 216.5078370698039976, 76.52169227600100498, 178.7207935539339871 ) ) ;
#3129 = ORIENTED_EDGE ( 'NONE', *, *, #4425, .F. ) ;
#3130 = AXIS2_PLACEMENT_3D ( 'NONE', #1933, #9375, #9279 ) ;
#3131 = CARTESIAN_POINT ( 'NONE',  ( 43.09501647949219461, 88.02577972412109375, 133.7207935539339871 ) ) ;
#3132 = ORIENTED_EDGE ( 'NONE', *, *, #3919, .T. ) ;
#3133 = DIRECTION ( 'NONE',  ( 1.000000000000000000, 0.000000000000000000, 0.000000000000000000 ) ) ;
#3134 = EDGE_CURVE ( 'NONE', #2600, #6720, #16, .T. ) ;
#3135 = DIRECTION ( 'NONE',  ( 0.000000000000000000, 0.000000000000000000, -1.000000000000000000 ) ) ;
#3136 = CARTESIAN_POINT ( 'NONE',  ( -290.4482188859699932, 69.74005044523980246, 158.7207935535700187 ) ) ;
#3137 = DIRECTION ( 'NONE',  ( -1.000000000000000000, 0.000000000000000000, 0.000000000000000000 ) ) ;
#3138 = EDGE_LOOP ( 'NONE', ( #833, #5378, #3651, #7507, #7559 ) ) ;
#3139 = LINE ( 'NONE', #8989, #5954 ) ;
#3140 = DIRECTION ( 'NONE',  ( 1.000000000000000000, 0.000000000000000000, 0.000000000000000000 ) ) ;
#3141 = ORIENTED_EDGE ( 'NONE', *, *, #1978, .T. ) ;
#3142 = ORIENTED_EDGE ( 'NONE', *, *, #7023, .T. ) ;
#3143 = EDGE_CURVE ( 'NONE', #7057, #4584, #1083, .T. ) ;
#3144 = LINE ( 'NONE', #6825, #6083 ) ;
#3145 = AXIS2_PLACEMENT_3D ( 'NONE', #8308, #3846, #3891 ) ;
#3146 = CARTESIAN_POINT ( 'NONE',  ( -40.43682098388670454, 35.02563476562500000, 155.7207935539340156 ) ) ;
#3147 = ORIENTED_EDGE ( 'NONE', *, *, #1924, .F. ) ;
#3148 = DIRECTION ( 'NONE',  ( 0.9999999999993463007, 1.143534646604212148E-06, -1.654364815295145282E-21 ) ) ;
#3149 = DIRECTION ( 'NONE',  ( 1.000000000000000000, 5.480868912904819410E-16, 0.000000000000000000 ) ) ;
#3150 = EDGE_CURVE ( 'NONE', #1816, #4088, #7842, .T. ) ;
#3151 = DIRECTION ( 'NONE',  ( 0.000000000000000000, 0.000000000000000000, -1.000000000000000000 ) ) ;
#3152 = EDGE_LOOP ( 'NONE', ( #1414, #4344, #1903, #54, #4925, #6901 ) ) ;
#3153 = VECTOR ( 'NONE', #1606, 1000.000000000000000 ) ;
#3154 = VERTEX_POINT ( 'NONE', #8345 ) ;
#3155 = ORIENTED_EDGE ( 'NONE', *, *, #2034, .T. ) ;
#3156 = CARTESIAN_POINT ( 'NONE',  ( -92.00923903845171026, 22.12077983405490045, 155.7207935539340156 ) ) ;
#3157 = PLANE ( 'NONE',  #5538 ) ;
#3158 = CARTESIAN_POINT ( 'NONE',  ( -30.26300430297849786, 98.04149627685548296, 143.7207935539339871 ) ) ;
#3159 = ORIENTED_EDGE ( 'NONE', *, *, #8542, .T. ) ;
#3160 = LINE ( 'NONE', #2539, #7051 ) ;
#3161 = ADVANCED_FACE ( 'NONE', ( #6890 ), #9060, .F. ) ;
#3162 = CARTESIAN_POINT ( 'NONE',  ( -92.00923903845171026, 22.12077759886840056, 142.8159399372311782 ) ) ;
#3163 = FACE_OUTER_BOUND ( 'NONE', #7508, .T. ) ;
#3164 = ORIENTED_EDGE ( 'NONE', *, *, #6960, .T. ) ;
#3165 = CARTESIAN_POINT ( 'NONE',  ( 132.3913192749020027, 6.215927124023430395, 158.7207935539340156 ) ) ;
#3166 = EDGE_CURVE ( 'NONE', #7641, #6801, #4008, .T. ) ;
#3167 = EDGE_CURVE ( 'NONE', #6652, #4728, #6445, .T. ) ;
#3168 = LINE ( 'NONE', #6084, #3596 ) ;
#3169 = DIRECTION ( 'NONE',  ( -3.159943663115390253E-16, -1.000000000000000000, 0.000000000000000000 ) ) ;
#3170 = ORIENTED_EDGE ( 'NONE', *, *, #8966, .T. ) ;
#3171 = VECTOR ( 'NONE', #8762, 1000.000000000000000 ) ;
#3172 = DIRECTION ( 'NONE',  ( 0.7071067811865471286, 0.4913420766378217008, 0.5085105345272931121 ) ) ;
#3173 = CARTESIAN_POINT ( 'NONE',  ( 267.5316238403320312, 38.02563476562500000, 155.7207935539340156 ) ) ;
#3174 = ORIENTED_EDGE ( 'NONE', *, *, #5047, .F. ) ;
#3175 = CIRCLE ( 'NONE', #8843, 5.000000000000004441 ) ;
#3176 = FACE_BOUND ( 'NONE', #7702, .T. ) ;
#3177 = DIRECTION ( 'NONE',  ( 1.000000000000000000, 0.000000000000000000, 0.000000000000000000 ) ) ;
#3178 = CIRCLE ( 'NONE', #9319, 12.90484969578129437 ) ;
#3179 = DIRECTION ( 'NONE',  ( 0.000000000000000000, 0.000000000000000000, -1.000000000000000000 ) ) ;
#3180 = CIRCLE ( 'NONE', #9461, 30.00000000000000711 ) ;
#3181 = CARTESIAN_POINT ( 'NONE',  ( 284.3959407371924044, 80.51458389249167169, 183.6877037944793472 ) ) ;
#3182 = ORIENTED_EDGE ( 'NONE', *, *, #9172, .F. ) ;
#3183 = ORIENTED_EDGE ( 'NONE', *, *, #2975, .T. ) ;
#3184 = AXIS2_PLACEMENT_3D ( 'NONE', #6108, #1706, #1062 ) ;
#3185 = DIRECTION ( 'NONE',  ( -1.000000000000000000, -1.098116863085339802E-16, 0.000000000000000000 ) ) ;
#3186 = CARTESIAN_POINT ( 'NONE',  ( 170.5982247771704863, 76.52168707601650510, 178.7207935539339871 ) ) ;
#3187 = ORIENTED_EDGE ( 'NONE', *, *, #5258, .F. ) ;
#3188 = ORIENTED_EDGE ( 'NONE', *, *, #8513, .F. ) ;
#3189 = DIRECTION ( 'NONE',  ( 0.000000000000000000, 0.000000000000000000, -1.000000000000000000 ) ) ;
#3190 = AXIS2_PLACEMENT_3D ( 'NONE', #4977, #1137, #2017 ) ;
#3191 = AXIS2_PLACEMENT_3D ( 'NONE', #3519, #2668, #8472 ) ;
#3192 = ADVANCED_FACE ( 'NONE', ( #3834 ), #3157, .F. ) ;
#3193 = CARTESIAN_POINT ( 'NONE',  ( 132.3913249411490085, 62.15238189787610423, 182.2563274598664975 ) ) ;
#3194 = ORIENTED_EDGE ( 'NONE', *, *, #8815, .F. ) ;
#3195 = CARTESIAN_POINT ( 'NONE',  ( -45.45299509106060043, 75.12078285217289420, 178.7207935539339871 ) ) ;
#3196 = CARTESIAN_POINT ( 'NONE',  ( 288.8209888298729879, 76.30645730203960397, 155.7277325782989976 ) ) ;
#3197 = AXIS2_PLACEMENT_3D ( 'NONE', #9475, #5006, #8667 ) ;
#3198 = DIRECTION ( 'NONE',  ( 6.519917093474220715E-16, -1.000000000000000000, 0.000000000000000000 ) ) ;
#3199 = ORIENTED_EDGE ( 'NONE', *, *, #4199, .T. ) ;
#3200 = VERTEX_POINT ( 'NONE', #6071 ) ;
#3201 = ORIENTED_EDGE ( 'NONE', *, *, #1680, .T. ) ;
#3202 = CIRCLE ( 'NONE', #4423, 17.90484428405759942 ) ;
#3203 = EDGE_CURVE ( 'NONE', #1521, #3500, #6027, .T. ) ;
#3204 = CARTESIAN_POINT ( 'NONE',  ( -202.3633541335214261, 73.71156206752813489, 183.5830540565942499 ) ) ;
#3205 = DIRECTION ( 'NONE',  ( -1.000000000000000000, 0.000000000000000000, 0.000000000000000000 ) ) ;
#3206 = ORIENTED_EDGE ( 'NONE', *, *, #5486, .F. ) ;
#3207 = FACE_OUTER_BOUND ( 'NONE', #7852, .T. ) ;
#3208 = EDGE_CURVE ( 'NONE', #8015, #6711, #8919, .T. ) ;
#3209 = EDGE_CURVE ( 'NONE', #2178, #8751, #1550, .T. ) ;
#3210 = LINE ( 'NONE', #6750, #5707 ) ;
#3211 = AXIS2_PLACEMENT_3D ( 'NONE', #1250, #3462, #6377 ) ;
#3212 = CARTESIAN_POINT ( 'NONE',  ( 107.6644182205200053, 35.02563476562500000, 155.7207935539340156 ) ) ;
#3213 = ADVANCED_FACE ( 'NONE', ( #1625 ), #887, .F. ) ;
#3214 = VECTOR ( 'NONE', #9307, 1000.000000000000000 ) ;
#3215 = AXIS2_PLACEMENT_3D ( 'NONE', #269, #1626, #4549 ) ;
#3216 = VERTEX_POINT ( 'NONE', #8296 ) ;
#3217 = DIRECTION ( 'NONE',  ( 1.000000000000000000, 0.000000000000000000, 0.000000000000000000 ) ) ;
#3218 = ORIENTED_EDGE ( 'NONE', *, *, #2944, .T. ) ;
#3219 = CIRCLE ( 'NONE', #5196, 5.000000000000004441 ) ;
#3220 = DIRECTION ( 'NONE',  ( 0.000000000000000000, 0.000000000000000000, -1.000000000000000000 ) ) ;
#3221 = EDGE_CURVE ( 'NONE', #5482, #4300, #4928, .T. ) ;
#3222 = DIRECTION ( 'NONE',  ( -1.000000000000000000, 0.000000000000000000, 0.000000000000000000 ) ) ;
#3223 = ORIENTED_EDGE ( 'NONE', *, *, #7083, .T. ) ;
#3224 = AXIS2_PLACEMENT_3D ( 'NONE', #682, #1565, #9436 ) ;
#3225 = DIRECTION ( 'NONE',  ( -7.558965274043620048E-16, 1.000000000000000000, 0.000000000000000000 ) ) ;
#3226 = EDGE_CURVE ( 'NONE', #2295, #7442, #7382, .T. ) ;
#3227 = AXIS2_PLACEMENT_3D ( 'NONE', #8393, #4737, #7175 ) ;
#3228 = CARTESIAN_POINT ( 'NONE',  ( 132.3913249411490085, 76.52169227600100498, 183.7207935539340156 ) ) ;
#3229 = ORIENTED_EDGE ( 'NONE', *, *, #4257, .T. ) ;
#3230 = AXIS2_PLACEMENT_3D ( 'NONE', #3664, #9, #770 ) ;
#3231 = DIRECTION ( 'NONE',  ( 1.000000000000000000, 0.000000000000000000, 0.000000000000000000 ) ) ;
#3232 = DIRECTION ( 'NONE',  ( 0.9999999999999995559, 2.745767267742054676E-08, 0.000000000000000000 ) ) ;
#3233 = CARTESIAN_POINT ( 'NONE',  ( 284.5496712847252070, 78.87299055646124657, 183.6674908861731410 ) ) ;
#3234 = ORIENTED_EDGE ( 'NONE', *, *, #5231, .F. ) ;
#3235 = ORIENTED_EDGE ( 'NONE', *, *, #3755, .T. ) ;
#3236 = LINE ( 'NONE', #4671, #586 ) ;
#3237 = CARTESIAN_POINT ( 'NONE',  ( 150.3786849975589917, 35.02563476562500000, 138.7207935539339871 ) ) ;
#3238 = ORIENTED_EDGE ( 'NONE', *, *, #4358, .F. ) ;
#3239 = DIRECTION ( 'NONE',  ( 0.000000000000000000, 0.000000000000000000, 1.000000000000000000 ) ) ;
#3240 = EDGE_CURVE ( 'NONE', #1852, #7292, #267, .T. ) ;
#3241 = DIRECTION ( 'NONE',  ( 6.519917093474220715E-16, -1.000000000000000000, 0.000000000000000000 ) ) ;
#3242 = CIRCLE ( 'NONE', #3860, 5.000000000000004441 ) ;
#3243 = CARTESIAN_POINT ( 'NONE',  ( -40.43682098388670454, 38.02563476562500000, 155.7207935539340156 ) ) ;
#3244 = VECTOR ( 'NONE', #4236, 1000.000000000000000 ) ;
#3245 = EDGE_CURVE ( 'NONE', #2188, #9144, #4467, .T. ) ;
#3246 = CARTESIAN_POINT ( 'NONE',  ( -286.2161707972409204, 58.72691375387798729, 159.8771533940092411 ) ) ;
#3247 = EDGE_LOOP ( 'NONE', ( #7003, #7007, #8836, #2940 ) ) ;
#3248 = CARTESIAN_POINT ( 'NONE',  ( 216.5078353881840201, 38.02563476562500000, 155.7207935539340156 ) ) ;
#3249 = CARTESIAN_POINT ( 'NONE',  ( -185.8610559998519705, 22.12077808834190051, 155.7207935539340156 ) ) ;
#3250 = AXIS2_PLACEMENT_3D ( 'NONE', #4641, #4021, #981 ) ;
#3251 = CARTESIAN_POINT ( 'NONE',  ( 115.5181243077382049, 80.15859588036022387, 183.6791326930731998 ) ) ;
#3252 = AXIS2_PLACEMENT_3D ( 'NONE', #5115, #6702, #1582 ) ;
#3253 = ORIENTED_EDGE ( 'NONE', *, *, #5726, .T. ) ;
#3254 = ORIENTED_EDGE ( 'NONE', *, *, #1323, .T. ) ;
#3255 = DIRECTION ( 'NONE',  ( 1.000000000000000000, -6.425975681558509432E-17, 0.000000000000000000 ) ) ;
#3256 = PLANE ( 'NONE',  #596 ) ;
#3257 = VECTOR ( 'NONE', #74, 1000.000000000000000 ) ;
#3258 = ORIENTED_EDGE ( 'NONE', *, *, #3386, .T. ) ;
#3259 = DIRECTION ( 'NONE',  ( 3.315149599710885252E-16, -1.000000000000000000, 3.315149599710885252E-16 ) ) ;
#3260 = CARTESIAN_POINT ( 'NONE',  ( 194.0786412369271829, 98.65084889982708205, 182.9986777390527379 ) ) ;
#3261 = CARTESIAN_POINT ( 'NONE',  ( -269.8896026611329830, 22.12078094482420099, 158.7207935539340156 ) ) ;
#3262 = ORIENTED_EDGE ( 'NONE', *, *, #7461, .F. ) ;
#3263 = VECTOR ( 'NONE', #1407, 1000.000000000000000 ) ;
#3264 = ADVANCED_FACE ( 'NONE', ( #5697 ), #4829, .T. ) ;
#3265 = EDGE_CURVE ( 'NONE', #9299, #9076, #324, .T. ) ;
#3266 = CARTESIAN_POINT ( 'NONE',  ( 283.8209915161129970, 97.48751865700356234, 183.6676795852741293 ) ) ;
#3267 = ORIENTED_EDGE ( 'NONE', *, *, #395, .T. ) ;
#3268 = CARTESIAN_POINT ( 'NONE',  ( 93.73929179534680145, 136.8167928041950177, 183.2795369371475260 ) ) ;
#3269 = AXIS2_PLACEMENT_3D ( 'NONE', #9036, #7590, #336 ) ;
#3270 = LINE ( 'NONE', #900, #4860 ) ;
#3271 = ORIENTED_EDGE ( 'NONE', *, *, #946, .T. ) ;
#3272 = CARTESIAN_POINT ( 'NONE',  ( -83.01555633544920454, 62.15238189787610423, 182.2563274598670091 ) ) ;
#3273 = EDGE_CURVE ( 'NONE', #20, #6812, #7225, .T. ) ;
#3274 = DIRECTION ( 'NONE',  ( -1.000000000000000000, -7.850368250202428929E-14, 0.000000000000000000 ) ) ;
#3275 = ORIENTED_EDGE ( 'NONE', *, *, #6186, .T. ) ;
#3276 = CARTESIAN_POINT ( 'NONE',  ( 167.5982239441825072, 22.12077808833640091, 155.7207935539340156 ) ) ;
#3277 = CARTESIAN_POINT ( 'NONE',  ( 132.3913249411490085, 76.52169227600100498, 148.7207935539339871 ) ) ;
#3278 = LINE ( 'NONE', #3327, #1214 ) ;
#3279 = EDGE_LOOP ( 'NONE', ( #4440, #9409, #6923, #1642 ) ) ;
#3280 = VECTOR ( 'NONE', #6753, 1000.000000000000000 ) ;
#3281 = ORIENTED_EDGE ( 'NONE', *, *, #4954, .T. ) ;
#3282 = CARTESIAN_POINT ( 'NONE',  ( 267.5316238403410125, 22.12078094482420099, 155.7207935539340156 ) ) ;
#3283 = EDGE_CURVE ( 'NONE', #6687, #1204, #5074, .T. ) ;
#3284 = CARTESIAN_POINT ( 'NONE',  ( -169.2988467365250074, 69.71898185264200265, 183.7207935539340156 ) ) ;
#3285 = PLANE ( 'NONE',  #6206 ) ;
#3286 = ORIENTED_EDGE ( 'NONE', *, *, #7775, .F. ) ;
#3287 = ORIENTED_EDGE ( 'NONE', *, *, #4497, .T. ) ;
#3288 = CARTESIAN_POINT ( 'NONE',  ( 132.3913249411490085, 76.52169227600100498, 178.7207935539339871 ) ) ;
#3289 = AXIS2_PLACEMENT_3D ( 'NONE', #6863, #4759, #5472 ) ;
#3290 = CIRCLE ( 'NONE', #6185, 12.90484428405760120 ) ;
#3291 = ADVANCED_FACE ( 'NONE', ( #5598 ), #4969, .F. ) ;
#3292 = EDGE_CURVE ( 'NONE', #6687, #6131, #7855, .T. ) ;
#3293 = CARTESIAN_POINT ( 'NONE',  ( -288.1789894103999927, 40.00000480987760199, 155.7207935539340156 ) ) ;
#3294 = CARTESIAN_POINT ( 'NONE',  ( -172.9562072518735079, 22.12077844267899707, 155.7207935539340156 ) ) ;
#3295 = EDGE_LOOP ( 'NONE', ( #339, #173, #8796, #5055 ) ) ;
#3296 = DIRECTION ( 'NONE',  ( 0.000000000000000000, 0.000000000000000000, 1.000000000000000000 ) ) ;
#3297 = DIRECTION ( 'NONE',  ( -1.000000000000000000, -1.065814103640150121E-14, 0.000000000000000000 ) ) ;
#3298 = LINE ( 'NONE', #1618, #4879 ) ;
#3299 = ORIENTED_EDGE ( 'NONE', *, *, #4810, .T. ) ;
#3300 = VECTOR ( 'NONE', #664, 999.9999999999998863 ) ;
#3301 = VECTOR ( 'NONE', #1684, 1000.000000000000000 ) ;
#3302 = ORIENTED_EDGE ( 'NONE', *, *, #8327, .T. ) ;
#3303 = DIRECTION ( 'NONE',  ( 0.000000000000000000, 1.000000000000000000, 0.000000000000000000 ) ) ;
#3304 = CYLINDRICAL_SURFACE ( 'NONE', #5725, 2.499999999999995115 ) ;
#3305 = CARTESIAN_POINT ( 'NONE',  ( 216.5078370686659923, 89.42653656005859375, 158.7207935539340156 ) ) ;
#3306 = VERTEX_POINT ( 'NONE', #5503 ) ;
#3307 = CARTESIAN_POINT ( 'NONE',  ( -83.01558317658980002, 22.12078010271740069, 155.7207935539340156 ) ) ;
#3308 = ORIENTED_EDGE ( 'NONE', *, *, #8940, .T. ) ;
#3309 = DIRECTION ( 'NONE',  ( 0.7071067811865469066, -0.7071067811865481278, 0.000000000000000000 ) ) ;
#3310 = CIRCLE ( 'NONE', #8057, 4.999999999999997335 ) ;
#3311 = LINE ( 'NONE', #6225, #4264 ) ;
#3312 = ORIENTED_EDGE ( 'NONE', *, *, #6851, .T. ) ;
#3313 = CARTESIAN_POINT ( 'NONE',  ( 80.65757751464838066, 89.42653656005859375, 178.7207935539339871 ) ) ;
#3314 = VECTOR ( 'NONE', #1638, 1000.000000000000000 ) ;
#3315 = DIRECTION ( 'NONE',  ( 0.000000000000000000, 0.000000000000000000, -1.000000000000000000 ) ) ;
#3316 = DIRECTION ( 'NONE',  ( -1.000000000000000000, 1.635284895191439853E-16, 0.000000000000000000 ) ) ;
#3317 = ORIENTED_EDGE ( 'NONE', *, *, #1280, .F. ) ;
#3318 = DIRECTION ( 'NONE',  ( 1.387778780781445281E-15, 0.7071067811865447972, 0.7071067811865503483 ) ) ;
#3319 = EDGE_CURVE ( 'NONE', #4324, #1126, #5545, .T. ) ;
#3320 = CIRCLE ( 'NONE', #4538, 17.90484428405758521 ) ;
#3321 = DIRECTION ( 'NONE',  ( 1.000000000000000000, -3.073900420430730319E-15, 0.000000000000000000 ) ) ;
#3322 = ORIENTED_EDGE ( 'NONE', *, *, #3209, .F. ) ;
#3323 = CARTESIAN_POINT ( 'NONE',  ( 287.0557556607019478, 64.36960672884990231, 158.7213572467966856 ) ) ;
#3324 = CARTESIAN_POINT ( 'NONE',  ( -283.2794086392170243, 64.63487171726760039, 183.7207935539340156 ) ) ;
#3325 = CARTESIAN_POINT ( 'NONE',  ( -97.17898941040009220, 137.9576753804759335, 181.5260682106096226 ) ) ;
#3326 = CIRCLE ( 'NONE', #6226, 17.90500640869140270 ) ;
#3327 = CARTESIAN_POINT ( 'NONE',  ( -23.31599701963950011, 93.02577972412109375, 183.7207935539340156 ) ) ;
#3328 = VERTEX_POINT ( 'NONE', #1130 ) ;
#3329 = EDGE_CURVE ( 'NONE', #5013, #7624, #3351, .T. ) ;
#3330 = ORIENTED_EDGE ( 'NONE', *, *, #9018, .T. ) ;
#3331 = CARTESIAN_POINT ( 'NONE',  ( -286.7423814593818747, 80.61229231064801581, 183.6890260522843050 ) ) ;
#3332 = ADVANCED_FACE ( 'NONE', ( #7759 ), #2054, .F. ) ;
#3333 = CARTESIAN_POINT ( 'NONE',  ( -117.8761010179638333, 80.15852531114457236, 183.6791328526767870 ) ) ;
#3334 = LINE ( 'NONE', #346, #7278 ) ;
#3335 = ORIENTED_EDGE ( 'NONE', *, *, #769, .F. ) ;
#3336 = EDGE_LOOP ( 'NONE', ( #1052, #2198, #5448, #9131, #1360 ) ) ;
#3337 = FACE_OUTER_BOUND ( 'NONE', #2660, .T. ) ;
#3338 = CARTESIAN_POINT ( 'NONE',  ( 80.65758528230271907, 22.12078010271750017, 155.7207935539340156 ) ) ;
#3339 = AXIS2_PLACEMENT_3D ( 'NONE', #8906, #1563, #160 ) ;
#3340 = CARTESIAN_POINT ( 'NONE',  ( -290.2418014123395551, 65.35182930062271112, 157.9006776568618875 ) ) ;
#3341 = EDGE_LOOP ( 'NONE', ( #9405, #4413, #4151, #5821, #7471, #1777 ) ) ;
#3342 = CARTESIAN_POINT ( 'NONE',  ( -286.1789894103999927, 96.89302241451019881, 183.7207935539340156 ) ) ;
#3343 = CARTESIAN_POINT ( 'NONE',  ( -291.1789894103999927, -1.776356839400250149E-14, 155.7207935539340156 ) ) ;
#3344 = DIRECTION ( 'NONE',  ( 0.000000000000000000, 0.000000000000000000, -1.000000000000000000 ) ) ;
#3345 = EDGE_CURVE ( 'NONE', #5013, #8936, #5552, .T. ) ;
#3346 = VECTOR ( 'NONE', #7450, 1000.000000000000000 ) ;
#3347 = ORIENTED_EDGE ( 'NONE', *, *, #8493, .T. ) ;
#3348 = ORIENTED_EDGE ( 'NONE', *, *, #5665, .T. ) ;
#3349 = DIRECTION ( 'NONE',  ( 5.974482020221200890E-08, -0.9999999999999982236, 0.000000000000000000 ) ) ;
#3350 = DIRECTION ( 'NONE',  ( 0.000000000000000000, 1.000000000000000000, 0.000000000000000000 ) ) ;
#3351 = LINE ( 'NONE', #7087, #3098 ) ;
#3352 = ORIENTED_EDGE ( 'NONE', *, *, #8465, .F. ) ;
#3353 = CYLINDRICAL_SURFACE ( 'NONE', #8688, 2.500000000000010658 ) ;
#3354 = EDGE_LOOP ( 'NONE', ( #7710, #7701, #6369, #7737, #5302 ) ) ;
#3355 = DIRECTION ( 'NONE',  ( 4.301574665246853659E-15, -1.000000000000000000, 0.000000000000000000 ) ) ;
#3356 = CARTESIAN_POINT ( 'NONE',  ( -290.5228181395349907, 97.93575435125750062, 181.7057396252899935 ) ) ;
#3357 = CARTESIAN_POINT ( 'NONE',  ( 107.6644190607609914, 94.42653656005860796, 178.7207935539339871 ) ) ;
#3358 = ORIENTED_EDGE ( 'NONE', *, *, #4452, .F. ) ;
#3359 = VECTOR ( 'NONE', #5732, 1000.000000000000000 ) ;
#3360 = EDGE_CURVE ( 'NONE', #148, #2370, #1400, .T. ) ;
#3361 = CARTESIAN_POINT ( 'NONE',  ( 132.3913192749020027, 35.02563476562500000, 158.7207935539340156 ) ) ;
#3362 = CARTESIAN_POINT ( 'NONE',  ( -169.2988425252290483, 79.79727085839779477, 183.6152636572162464 ) ) ;
#3363 = ORIENTED_EDGE ( 'NONE', *, *, #4899, .T. ) ;
#3364 = CIRCLE ( 'NONE', #7495, 5.000000000000004441 ) ;
#3365 = DIRECTION ( 'NONE',  ( 0.9999999999999972244, 7.467046275912837221E-08, 0.000000000000000000 ) ) ;
#3366 = DIRECTION ( 'NONE',  ( 0.000000000000000000, 0.000000000000000000, -1.000000000000000000 ) ) ;
#3367 = ORIENTED_EDGE ( 'NONE', *, *, #218, .F. ) ;
#3368 = FACE_OUTER_BOUND ( 'NONE', #8230, .T. ) ;
#3369 = EDGE_CURVE ( 'NONE', #8007, #6153, #2330, .T. ) ;
#3370 = AXIS2_PLACEMENT_3D ( 'NONE', #4544, #1575, #5929 ) ;
#3371 = CARTESIAN_POINT ( 'NONE',  ( 150.3786849975589917, 94.42653656005860796, 183.7207935539340156 ) ) ;
#3372 = CARTESIAN_POINT ( 'NONE',  ( -261.1789894103999359, 43.32125139236450195, 161.7207935539339871 ) ) ;
#3373 = FACE_OUTER_BOUND ( 'NONE', #7824, .T. ) ;
#3374 = ORIENTED_EDGE ( 'NONE', *, *, #7265, .T. ) ;
#3375 = ORIENTED_EDGE ( 'NONE', *, *, #7915, .F. ) ;
#3376 = DIRECTION ( 'NONE',  ( -1.000000000000000000, 1.226857397668939892E-08, 2.580615008510229635E-17 ) ) ;
#3377 = AXIS2_PLACEMENT_3D ( 'NONE', #2590, #5507, #6944 ) ;
#3378 =( BOUNDED_CURVE ( )  B_SPLINE_CURVE ( 3, ( #4128, #7050, #472, #4220 ),
 .UNSPECIFIED., .F., .F. ) 
 B_SPLINE_CURVE_WITH_KNOTS ( ( 4, 4 ),
 ( 2.220446216486144833E-16, 0.7853981633976849785 ),
 .UNSPECIFIED. ) 
 CURVE ( )  GEOMETRIC_REPRESENTATION_ITEM ( )  RATIONAL_B_SPLINE_CURVE ( ( 1.000000000000000000, 0.9492530216741609239, 0.9492530216741609239, 1.000000000000000000 ) ) 
 REPRESENTATION_ITEM ( '' )  );
#3379 = DIRECTION ( 'NONE',  ( 0.000000000000000000, 0.000000000000000000, -1.000000000000000000 ) ) ;
#3380 = AXIS2_PLACEMENT_3D ( 'NONE', #7221, #4439, #7368 ) ;
#3381 = LINE ( 'NONE', #1992, #8520 ) ;
#3382 = ORIENTED_EDGE ( 'NONE', *, *, #9313, .F. ) ;
#3383 = EDGE_LOOP ( 'NONE', ( #7541, #7180, #7488, #1653 ) ) ;
#3384 = CYLINDRICAL_SURFACE ( 'NONE', #5641, 12.90484428405759587 ) ;
#3385 = EDGE_CURVE ( 'NONE', #6676, #990, #2730, .T. ) ;
#3386 = EDGE_CURVE ( 'NONE', #8969, #7593, #7696, .T. ) ;
#3387 = EDGE_CURVE ( 'NONE', #7292, #3623, #5996, .T. ) ;
#3388 = DIRECTION ( 'NONE',  ( 0.000000000000000000, 0.000000000000000000, -1.000000000000000000 ) ) ;
#3389 = DIRECTION ( 'NONE',  ( 1.000000000000000000, 1.075392853016842325E-15, -0.000000000000000000 ) ) ;
#3390 = ORIENTED_EDGE ( 'NONE', *, *, #8032, .F. ) ;
#3391 = CARTESIAN_POINT ( 'NONE',  ( -134.7493367092509970, 94.42653656005860796, 178.7207935539339871 ) ) ;
#3392 = CARTESIAN_POINT ( 'NONE',  ( -269.8896011046559806, 58.61684799194339490, 183.7207935539340156 ) ) ;
#3393 = DIRECTION ( 'NONE',  ( 1.000000000000000000, -1.816255071839359884E-17, -1.816255071839359884E-17 ) ) ;
#3394 = VERTEX_POINT ( 'NONE', #1233 ) ;
#3395 = EDGE_CURVE ( 'NONE', #9211, #2829, #8581, .T. ) ;
#3396 = ORIENTED_EDGE ( 'NONE', *, *, #161, .F. ) ;
#3397 = DIRECTION ( 'NONE',  ( 1.000000000000000000, -3.635332587912099138E-15, 0.000000000000000000 ) ) ;
#3398 = CARTESIAN_POINT ( 'NONE',  ( -152.7366447448729900, 38.02563476562500000, 155.7207935539340156 ) ) ;
#3399 = DIRECTION ( 'NONE',  ( 0.000000000000000000, 0.000000000000000000, 1.000000000000000000 ) ) ;
#3400 = ORIENTED_EDGE ( 'NONE', *, *, #566, .F. ) ;
#3401 = CARTESIAN_POINT ( 'NONE',  ( 196.4079233357454939, 22.12077844267354720, 155.7207935539340156 ) ) ;
#3402 = ORIENTED_EDGE ( 'NONE', *, *, #2454, .T. ) ;
#3403 = DIRECTION ( 'NONE',  ( 0.000000000000000000, 0.000000000000000000, 1.000000000000000000 ) ) ;
#3404 = AXIS2_PLACEMENT_3D ( 'NONE', #2832, #692, #8054 ) ;
#3405 = CARTESIAN_POINT ( 'NONE',  ( -287.5350785927979587, 98.55500069299139909, 183.0877669750980203 ) ) ;
#3406 = AXIS2_PLACEMENT_3D ( 'NONE', #8406, #1828, #5520 ) ;
#3407 = CARTESIAN_POINT ( 'NONE',  ( 200.0054576442690006, 76.52168743035379350, 183.5200739500569966 ) ) ;
#3408 = ORIENTED_EDGE ( 'NONE', *, *, #9047, .F. ) ;
#3409 = FACE_OUTER_BOUND ( 'NONE', #8368, .T. ) ;
#3410 = TOROIDAL_SURFACE ( 'NONE', #5225, 17.90484428405759942, 5.000000000000000000 ) ;
#3411 = LINE ( 'NONE', #4079, #2641 ) ;
#3412 = EDGE_CURVE ( 'NONE', #5790, #7851, #2012, .T. ) ;
#3413 = DIRECTION ( 'NONE',  ( 0.000000000000000000, -0.7071067811865447972, 0.7071067811865503483 ) ) ;
#3414 = VERTEX_POINT ( 'NONE', #549 ) ;
#3415 = DIRECTION ( 'NONE',  ( -7.113514023918722135E-11, 1.000000000000000000, 0.000000000000000000 ) ) ;
#3416 = CIRCLE ( 'NONE', #6771, 12.90500640869139737 ) ;
#3417 = VERTEX_POINT ( 'NONE', #3484 ) ;
#3418 = DIRECTION ( 'NONE',  ( 1.000000000000000000, -1.835214905568970957E-16, 0.000000000000000000 ) ) ;
#3419 = CARTESIAN_POINT ( 'NONE',  ( -286.6640490465395601, 72.26845966260408716, 183.6701178753002637 ) ) ;
#3420 = CARTESIAN_POINT ( 'NONE',  ( 60.32955169677730112, 110.9465026855470029, 183.7207935539340156 ) ) ;
#3421 = B_SPLINE_CURVE_WITH_KNOTS ( 'NONE', 3,
 ( #2306, #5311, #7663, #8872, #6707 ),
 .UNSPECIFIED., .F., .F.,
 ( 4, 1, 4 ),
 ( 0.000000000000000000, 0.4285745362629420074, 1.000000000000000000 ),
 .UNSPECIFIED. ) ;
#3422 = DIRECTION ( 'NONE',  ( 1.000000000000000000, -1.635284895191439853E-16, 0.000000000000000000 ) ) ;
#3423 = ORIENTED_EDGE ( 'NONE', *, *, #3720, .T. ) ;
#3424 = ORIENTED_EDGE ( 'NONE', *, *, #4258, .T. ) ;
#3425 = DIRECTION ( 'NONE',  ( -6.630299199421770504E-16, 1.000000000000000000, 0.000000000000000000 ) ) ;
#3426 = CARTESIAN_POINT ( 'NONE',  ( 193.4646744694495055, 116.9783032755031940, 183.4438521006775034 ) ) ;
#3427 = PLANE ( 'NONE',  #78 ) ;
#3428 = EDGE_LOOP ( 'NONE', ( #5132, #8077, #703, #3083, #2079 ) ) ;
#3429 = ADVANCED_FACE ( 'NONE', ( #19 ), #3004, .T. ) ;
#3430 = VERTEX_POINT ( 'NONE', #3535 ) ;
#3431 = CARTESIAN_POINT ( 'NONE',  ( -202.3633606546825092, 78.70068145227557466, 183.5552635288313752 ) ) ;
#3432 = CIRCLE ( 'NONE', #3121, 5.000000000000004441 ) ;
#3433 = LINE ( 'NONE', #7796, #1050 ) ;
#3434 = DIRECTION ( 'NONE',  ( 0.000000000000000000, 1.000000000000000000, 0.000000000000000000 ) ) ;
#3435 = EDGE_LOOP ( 'NONE', ( #8914, #4696, #4022, #1980 ) ) ;
#3436 = DIRECTION ( 'NONE',  ( 1.000000000000000000, -4.475536128753789939E-15, 0.000000000000000000 ) ) ;
#3437 = CARTESIAN_POINT ( 'NONE',  ( 267.5316238403320312, 35.02563476562500000, 155.7207935539340156 ) ) ;
#3438 = EDGE_CURVE ( 'NONE', #4379, #5351, #9233, .T. ) ;
#3439 = DIRECTION ( 'NONE',  ( -1.000000000000000000, 0.000000000000000000, 0.000000000000000000 ) ) ;
#3440 = ORIENTED_EDGE ( 'NONE', *, *, #5535, .F. ) ;
#3441 = EDGE_LOOP ( 'NONE', ( #8160, #3170, #3142, #7745, #1127 ) ) ;
#3442 = DIRECTION ( 'NONE',  ( 0.7071067811865471286, 0.4913420766378217008, 0.5085105345272931121 ) ) ;
#3443 = DIRECTION ( 'NONE',  ( 0.000000000000000000, -1.000000000000000000, 0.000000000000000000 ) ) ;
#3444 = DIRECTION ( 'NONE',  ( -1.000000000000000000, 4.250985102559089721E-17, 0.000000000000000000 ) ) ;
#3445 = ORIENTED_EDGE ( 'NONE', *, *, #4380, .F. ) ;
#3446 = CARTESIAN_POINT ( 'NONE',  ( -269.8896011050640027, 94.42653656005860796, 183.7207935539340156 ) ) ;
#3447 = CARTESIAN_POINT ( 'NONE',  ( -83.01557546143300215, 35.90431337586074534, 157.8421136288309867 ) ) ;
#3448 = ADVANCED_FACE ( 'NONE', ( #7998 ), #1511, .F. ) ;
#3449 = CARTESIAN_POINT ( 'NONE',  ( 38.07888031005860086, 38.02563476562500000, 155.7207935539340156 ) ) ;
#3450 = TOROIDAL_SURFACE ( 'NONE', #6350, 15.90485382080079901, 3.000000000000000000 ) ;
#3451 = DIRECTION ( 'NONE',  ( 0.000000000000000000, 0.000000000000000000, 1.000000000000000000 ) ) ;
#3452 = ORIENTED_EDGE ( 'NONE', *, *, #7484, .F. ) ;
#3453 = CARTESIAN_POINT ( 'NONE',  ( 27.90500640869139914, 93.04149627685549717, 183.7207935539340156 ) ) ;
#3454 = CARTESIAN_POINT ( 'NONE',  ( -286.1789894103999927, 98.63017898587460763, 183.0186497902790279 ) ) ;
#3455 = CARTESIAN_POINT ( 'NONE',  ( -169.2988478788419968, 76.52168743035039711, 183.5371530072550001 ) ) ;
#3456 = ORIENTED_EDGE ( 'NONE', *, *, #3493, .F. ) ;
#3457 = CIRCLE ( 'NONE', #1620, 12.90485382080080967 ) ;
#3458 = DIRECTION ( 'NONE',  ( 3.315149599710885252E-16, -1.000000000000000000, 3.315149599710885252E-16 ) ) ;
#3459 = EDGE_CURVE ( 'NONE', #6513, #6091, #5147, .T. ) ;
#3460 = EDGE_CURVE ( 'NONE', #8087, #1505, #5918, .T. ) ;
#3461 = CARTESIAN_POINT ( 'NONE',  ( 287.5459963106713417, 67.09043453639104371, 158.7208415093757594 ) ) ;
#3462 = DIRECTION ( 'NONE',  ( 0.000000000000000000, -1.000000000000000000, 0.000000000000000000 ) ) ;
#3463 = CARTESIAN_POINT ( 'NONE',  ( 288.8209915161129970, 76.32125139236430300, 178.7207935539339871 ) ) ;
#3464 = DIRECTION ( 'NONE',  ( 1.000000000000000000, 0.000000000000000000, 0.000000000000000000 ) ) ;
#3465 = ORIENTED_EDGE ( 'NONE', *, *, #243, .F. ) ;
#3466 = VERTEX_POINT ( 'NONE', #5012 ) ;
#3467 = CARTESIAN_POINT ( 'NONE',  ( -196.4161459817640036, 98.63017898587470711, 183.0186497902790279 ) ) ;
#3468 = CARTESIAN_POINT ( 'NONE',  ( 115.5181116764123033, 73.08725709861867870, 183.6735589316911614 ) ) ;
#3469 = ORIENTED_EDGE ( 'NONE', *, *, #3493, .T. ) ;
#3470 = LINE ( 'NONE', #1444, #9445 ) ;
#3471 = CARTESIAN_POINT ( 'NONE',  ( -96.71296874174299774, 117.8685996535100031, 182.6743849957319981 ) ) ;
#3472 = CARTESIAN_POINT ( 'NONE',  ( 216.5078370686659923, 89.42653656005859375, 158.7207935539340156 ) ) ;
#3473 = LINE ( 'NONE', #8476, #4291 ) ;
#3474 = ORIENTED_EDGE ( 'NONE', *, *, #6365, .F. ) ;
#3475 = DIRECTION ( 'NONE',  ( 0.9999999999999995559, 2.745767267742054676E-08, 0.000000000000000000 ) ) ;
#3476 = CARTESIAN_POINT ( 'NONE',  ( 115.5180924228293549, 78.80489462406823975, 183.6417849758628904 ) ) ;
#3477 = VERTEX_POINT ( 'NONE', #8673 ) ;
#3478 = ADVANCED_FACE ( 'NONE', ( #8805 ), #8852, .T. ) ;
#3479 = ORIENTED_EDGE ( 'NONE', *, *, #1502, .T. ) ;
#3480 = CIRCLE ( 'NONE', #2412, 12.90484428405769179 ) ;
#3481 = EDGE_LOOP ( 'NONE', ( #8627, #5986, #2482, #4619 ) ) ;
#3482 = CARTESIAN_POINT ( 'NONE',  ( -83.01555633544920454, 76.52169227600100498, 178.7207935539339871 ) ) ;
#3483 = DIRECTION ( 'NONE',  ( -1.000000000000000000, 0.000000000000000000, 0.000000000000000000 ) ) ;
#3484 = CARTESIAN_POINT ( 'NONE',  ( 67.75273139693159408, 22.12078010271849848, 155.7207935539340156 ) ) ;
#3485 = VERTEX_POINT ( 'NONE', #7313 ) ;
#3486 = CARTESIAN_POINT ( 'NONE',  ( 286.3209915161129970, 101.2175338996189851, 180.5186497902789995 ) ) ;
#3487 = DIRECTION ( 'NONE',  ( -1.000000000000000000, -2.775557561562888984E-15, 0.000000000000000000 ) ) ;
#3488 = FACE_OUTER_BOUND ( 'NONE', #2533, .T. ) ;
#3489 = AXIS2_PLACEMENT_3D ( 'NONE', #4716, #7648, #5484 ) ;
#3490 = PLANE ( 'NONE',  #8096 ) ;
#3492 = VERTEX_POINT ( 'NONE', #4386 ) ;
#3491 = AXIS2_PLACEMENT_3D ( 'NONE', #5276, #5902, #8937 ) ;
#3493 = EDGE_CURVE ( 'NONE', #1960, #8999, #7266, .T. ) ;
#3494 = DIRECTION ( 'NONE',  ( -1.000000000000000000, 0.000000000000000000, 0.000000000000000000 ) ) ;
#3495 = AXIS2_PLACEMENT_3D ( 'NONE', #6547, #9441, #4495 ) ;
#3496 = LINE ( 'NONE', #3544, #8606 ) ;
#3497 = EDGE_CURVE ( 'NONE', #3328, #6801, #5669, .T. ) ;
#3498 = EDGE_CURVE ( 'NONE', #1742, #5733, #4149, .T. ) ;
#3499 = DIRECTION ( 'NONE',  ( -1.000000000000000000, 0.000000000000000000, 0.000000000000000000 ) ) ;
#3500 = VERTEX_POINT ( 'NONE', #1413 ) ;
#3501 = ADVANCED_FACE ( 'NONE', ( #3579 ), #8712, .T. ) ;
#3502 = DIRECTION ( 'NONE',  ( 1.000000000000000000, 4.395960322595069756E-10, 0.000000000000000000 ) ) ;
#3503 = FACE_OUTER_BOUND ( 'NONE', #334, .T. ) ;
#3504 = EDGE_CURVE ( 'NONE', #1468, #8846, #7974, .T. ) ;
#3505 = LINE ( 'NONE', #5166, #3666 ) ;
#3506 = TOROIDAL_SURFACE ( 'NONE', #2449, 17.90500640869139914, 5.000000000000000000 ) ;
#3507 = CARTESIAN_POINT ( 'NONE',  ( -290.3003223957579735, 65.69607095445940104, 157.8421299108590006 ) ) ;
#3508 = CARTESIAN_POINT ( 'NONE',  ( 216.5078370686659923, 62.15238189787610423, 182.2563274598670091 ) ) ;
#3509 = ORIENTED_EDGE ( 'NONE', *, *, #7190, .F. ) ;
#3510 = VECTOR ( 'NONE', #2092, 1000.000000000000000 ) ;
#3511 = VERTEX_POINT ( 'NONE', #70 ) ;
#3512 = ADVANCED_FACE ( 'NONE', ( #2284 ), #2954, .T. ) ;
#3513 = CARTESIAN_POINT ( 'NONE',  ( -198.7659039148545332, 76.52168707601310871, 133.7207935539339871 ) ) ;
#3514 = VECTOR ( 'NONE', #2795, 1000.000000000000000 ) ;
#3515 = CARTESIAN_POINT ( 'NONE',  ( 283.8209915161129970, 98.63017898587500554, 183.0186497902790279 ) ) ;
#3516 = ORIENTED_EDGE ( 'NONE', *, *, #6682, .T. ) ;
#3517 = DIRECTION ( 'NONE',  ( -6.519917093474220715E-16, 1.000000000000000000, 0.000000000000000000 ) ) ;
#3518 = AXIS2_PLACEMENT_3D ( 'NONE', #1578, #4401, #5070 ) ;
#3519 = CARTESIAN_POINT ( 'NONE',  ( 143.8209962844850054, 96.89302241451051145, 181.2207935539339871 ) ) ;
#3520 = CARTESIAN_POINT ( 'NONE',  ( 166.9410591521806850, 75.46124684398651539, 183.5444136008167675 ) ) ;
#3521 = AXIS2_PLACEMENT_3D ( 'NONE', #9117, #2545, #7438 ) ;
#3522 = PLANE ( 'NONE',  #7674 ) ;
#3523 = ORIENTED_EDGE ( 'NONE', *, *, #8319, .T. ) ;
#3524 = AXIS2_PLACEMENT_3D ( 'NONE', #1851, #6207, #9196 ) ;
#3525 = DIRECTION ( 'NONE',  ( 0.000000000000000000, 0.000000000000000000, -1.000000000000000000 ) ) ;
#3526 = CARTESIAN_POINT ( 'NONE',  ( 115.5181123794123437, 79.98097926179788431, 183.6742448801590228 ) ) ;
#3527 = EDGE_LOOP ( 'NONE', ( #3570, #6227, #7262, #7999, #452 ) ) ;
#3528 = AXIS2_PLACEMENT_3D ( 'NONE', #3729, #5874, #4256 ) ;
#3529 = ORIENTED_EDGE ( 'NONE', *, *, #3542, .T. ) ;
#3530 = VERTEX_POINT ( 'NONE', #2237 ) ;
#3531 = DIRECTION ( 'NONE',  ( 0.000000000000000000, 0.000000000000000000, 1.000000000000000000 ) ) ;
#3532 = EDGE_CURVE ( 'NONE', #4047, #2986, #5052, .T. ) ;
#3533 = CIRCLE ( 'NONE', #6898, 12.90485318971759732 ) ;
#3534 = CARTESIAN_POINT ( 'NONE',  ( -285.7944564819339917, 22.12078094482420099, 158.7207935539340156 ) ) ;
#3535 = CARTESIAN_POINT ( 'NONE',  ( 115.5181150157410173, 70.53184789993851211, 183.7207935539340156 ) ) ;
#3536 = VERTEX_POINT ( 'NONE', #5825 ) ;
#3537 = CARTESIAN_POINT ( 'NONE',  ( -288.2255200237619874, 59.81281337541170018, 158.9040294210180093 ) ) ;
#3538 = CARTESIAN_POINT ( 'NONE',  ( -152.7366433896910110, 90.89100265412581336, 182.2563274598664975 ) ) ;
#3539 = CARTESIAN_POINT ( 'NONE',  ( 286.2255346808229888, 58.49893546245590414, 158.7207935539340156 ) ) ;
#3540 = CYLINDRICAL_SURFACE ( 'NONE', #9010, 5.000000000000001776 ) ;
#3541 = ORIENTED_EDGE ( 'NONE', *, *, #8163, .F. ) ;
#3542 = EDGE_CURVE ( 'NONE', #3414, #4300, #5198, .T. ) ;
#3543 = LINE ( 'NONE', #7380, #6570 ) ;
#3544 = CARTESIAN_POINT ( 'NONE',  ( -288.1789894103999927, 40.00000480987760199, 158.7207935539340156 ) ) ;
#3545 = VECTOR ( 'NONE', #6327, 1000.000000000000000 ) ;
#3546 = DIRECTION ( 'NONE',  ( 0.000000000000000000, 0.000000000000000000, 1.000000000000000000 ) ) ;
#3547 = AXIS2_PLACEMENT_3D ( 'NONE', #5851, #709, #3653 ) ;
#3548 = ORIENTED_EDGE ( 'NONE', *, *, #6661, .F. ) ;
#3549 = CARTESIAN_POINT ( 'NONE',  ( -185.8610559998519705, 22.12077808834190051, 158.7207935539340156 ) ) ;
#3551 = EDGE_CURVE ( 'NONE', #2328, #839, #1898, .T. ) ;
#3550 = AXIS2_PLACEMENT_3D ( 'NONE', #4877, #7810, #1274 ) ;
#3552 = ADVANCED_FACE ( 'NONE', ( #2528 ), #2002, .T. ) ;
#3553 = DIRECTION ( 'NONE',  ( -1.000000000000000000, 0.000000000000000000, 0.000000000000000000 ) ) ;
#3554 = VECTOR ( 'NONE', #4180, 1000.000000000000000 ) ;
#3555 = AXIS2_PLACEMENT_3D ( 'NONE', #9121, #3169, #7628 ) ;
#3556 = PLANE ( 'NONE',  #4581 ) ;
#3557 = CARTESIAN_POINT ( 'NONE',  ( 166.9408758486519844, 69.71895142776051557, 183.7207935539340156 ) ) ;
#3558 = DIRECTION ( 'NONE',  ( -3.259958546737109864E-16, 1.000000000000000000, 3.259958546737109864E-16 ) ) ;
#3559 = EDGE_LOOP ( 'NONE', ( #5022, #8611, #2387, #2055, #8022, #5783 ) ) ;
#3560 = ORIENTED_EDGE ( 'NONE', *, *, #6243, .T. ) ;
#3561 = CARTESIAN_POINT ( 'NONE',  ( 194.8209915161130255, 114.5107393763349961, 181.2207935539339871 ) ) ;
#3562 = AXIS2_PLACEMENT_3D ( 'NONE', #8239, #6785, #211 ) ;
#3563 = EDGE_CURVE ( 'NONE', #2829, #9067, #6059, .T. ) ;
#3564 = CARTESIAN_POINT ( 'NONE',  ( -1.178998947143480081, 80.00000961975510450, 123.7207935539339871 ) ) ;
#3565 = VERTEX_POINT ( 'NONE', #6157 ) ;
#3566 = DIRECTION ( 'NONE',  ( 1.000000000000000000, -3.100342586094690183E-15, 0.000000000000000000 ) ) ;
#3567 = CARTESIAN_POINT ( 'NONE',  ( -42.09728588704360419, 35.90431608917905493, 157.8421138974935047 ) ) ;
#3568 = CARTESIAN_POINT ( 'NONE',  ( 98.64490509033210230, 89.42653656005859375, 158.7207935539340156 ) ) ;
#3569 = CYLINDRICAL_SURFACE ( 'NONE', #6127, 5.000000000000007105 ) ;
#3570 = ORIENTED_EDGE ( 'NONE', *, *, #8898, .F. ) ;
#3571 = EDGE_CURVE ( 'NONE', #198, #5679, #6110, .T. ) ;
#3572 = DIRECTION ( 'NONE',  ( 0.000000000000000000, 1.000000000000000000, 0.000000000000000000 ) ) ;
#3573 = DIRECTION ( 'NONE',  ( 1.000000000000000000, 0.000000000000000000, 0.000000000000000000 ) ) ;
#3574 = ORIENTED_EDGE ( 'NONE', *, *, #6224, .F. ) ;
#3575 = ORIENTED_EDGE ( 'NONE', *, *, #4281, .T. ) ;
#3576 = PLANE ( 'NONE',  #4260 ) ;
#3577 = EDGE_CURVE ( 'NONE', #6144, #8877, #6283, .T. ) ;
#3578 = EDGE_CURVE ( 'NONE', #5886, #9111, #6017, .T. ) ;
#3579 = FACE_OUTER_BOUND ( 'NONE', #2514, .T. ) ;
#3580 = ORIENTED_EDGE ( 'NONE', *, *, #3072, .T. ) ;
#3581 = CARTESIAN_POINT ( 'NONE',  ( -290.1001412861579638, 67.79629735472509822, 158.4563689516390070 ) ) ;
#3582 = AXIS2_PLACEMENT_3D ( 'NONE', #1075, #6217, #7758 ) ;
#3583 = CARTESIAN_POINT ( 'NONE',  ( -51.09094142913819780, 90.89100265412581336, 182.2563274598670091 ) ) ;
#3584 = CARTESIAN_POINT ( 'NONE',  ( 288.2311582531179965, 68.63177746244289779, 157.6308006676650280 ) ) ;
#3585 = DIRECTION ( 'NONE',  ( 0.000000000000000000, -1.000000000000000000, 0.000000000000000000 ) ) ;
#3586 = ORIENTED_EDGE ( 'NONE', *, *, #4663, .F. ) ;
#3587 = ORIENTED_EDGE ( 'NONE', *, *, #5609, .T. ) ;
#3588 = CARTESIAN_POINT ( 'NONE',  ( 285.0865935437844314, 57.86366871322856298, 158.7207936267486446 ) ) ;
#3589 = CARTESIAN_POINT ( 'NONE',  ( 150.3786849975589917, 35.02563476562500000, 138.7207935539339871 ) ) ;
#3590 = DIRECTION ( 'NONE',  ( 2.036635194594239902E-16, -1.000000000000000000, 0.000000000000000000 ) ) ;
#3591 = FILL_AREA_STYLE ('',( #7236 ) ) ;
#3592 = CARTESIAN_POINT ( 'NONE',  ( 27.90500640869139914, 123.8515090942380112, 178.7207935539339871 ) ) ;
#3593 = CIRCLE ( 'NONE', #1608, 3.000000000000011102 ) ;
#3594 = ORIENTED_EDGE ( 'NONE', *, *, #7872, .F. ) ;
#3595 = CARTESIAN_POINT ( 'NONE',  ( -152.7366433887729897, 76.52169227600100498, 178.7207935539339871 ) ) ;
#3596 = VECTOR ( 'NONE', #9119, 1000.000000000000000 ) ;
#3597 = FACE_OUTER_BOUND ( 'NONE', #771, .T. ) ;
#3598 = PLANE ( 'NONE',  #985 ) ;
#3599 = CARTESIAN_POINT ( 'NONE',  ( -288.1789894103999927, 57.34758543135419728, 158.7207935539340156 ) ) ;
#3600 = ORIENTED_EDGE ( 'NONE', *, *, #1570, .F. ) ;
#3601 = ORIENTED_EDGE ( 'NONE', *, *, #6122, .F. ) ;
#3602 = CARTESIAN_POINT ( 'NONE',  ( 132.3913192749020027, 6.215927124023430395, 155.7207935539340156 ) ) ;
#3603 = CARTESIAN_POINT ( 'NONE',  ( 193.4646744694495055, 116.9783032755031940, 183.4438521006775034 ) ) ;
#3604 = CIRCLE ( 'NONE', #4835, 12.90484428405759587 ) ;
#3605 = CARTESIAN_POINT ( 'NONE',  ( -117.8761016482692554, 73.32445067774736458, 183.6670081892431483 ) ) ;
#3606 = VERTEX_POINT ( 'NONE', #923 ) ;
#3607 = CARTESIAN_POINT ( 'NONE',  ( -291.1789894103999927, 148.7737507061510200, 131.0916751867129904 ) ) ;
#3608 = CARTESIAN_POINT ( 'NONE',  ( -45.45299509213570133, 62.21578598022459516, 158.7207935539340156 ) ) ;
#3609 = EDGE_CURVE ( 'NONE', #9111, #1121, #9043, .T. ) ;
#3610 = DIRECTION ( 'NONE',  ( 0.000000000000000000, 0.000000000000000000, -1.000000000000000000 ) ) ;
#3611 = DIRECTION ( 'NONE',  ( 1.000000000000000000, -4.362752391243199532E-16, 0.000000000000000000 ) ) ;
#3612 = ORIENTED_EDGE ( 'NONE', *, *, #23, .F. ) ;
#3613 = EDGE_CURVE ( 'NONE', #8999, #2388, #4583, .T. ) ;
#3614 = EDGE_CURVE ( 'NONE', #4964, #9190, #8954, .T. ) ;
#3615 = DIRECTION ( 'NONE',  ( 5.914660793751095536E-15, 1.000000000000000000, 0.000000000000000000 ) ) ;
#3616 = CARTESIAN_POINT ( 'NONE',  ( -289.7301813605921552, 1.448808049807688292, 158.4122422908611441 ) ) ;
#3617 = VERTEX_POINT ( 'NONE', #8335 ) ;
#3618 = VERTEX_POINT ( 'NONE', #971 ) ;
#3619 =( BOUNDED_CURVE ( )  B_SPLINE_CURVE ( 3, ( #6031, #6172, #3260, #9114 ),
 .UNSPECIFIED., .F., .F. ) 
 B_SPLINE_CURVE_WITH_KNOTS ( ( 4, 4 ),
 ( 0.7682288619784090056, 0.7853981633974489451 ),
 .UNSPECIFIED. ) 
 CURVE ( )  GEOMETRIC_REPRESENTATION_ITEM ( )  RATIONAL_B_SPLINE_CURVE ( ( 1.000000000000000000, 0.9999754347415960032, 0.9999754347415960032, 1.000000000000000000 ) ) 
 REPRESENTATION_ITEM ( '' )  );
#3620 = DIRECTION ( 'NONE',  ( 5.480868912904819410E-16, -1.000000000000000000, 0.000000000000000000 ) ) ;
#3621 = DIRECTION ( 'NONE',  ( 1.000000000000000000, 0.000000000000000000, 0.000000000000000000 ) ) ;
#3622 = DIRECTION ( 'NONE',  ( 0.000000000000000000, 0.7071067811865453523, 0.7071067811865495711 ) ) ;
#3623 = VERTEX_POINT ( 'NONE', #3917 ) ;
#3624 = AXIS2_PLACEMENT_3D ( 'NONE', #7761, #5554, #4121 ) ;
#3625 = CARTESIAN_POINT ( 'NONE',  ( -197.1789894103999927, 118.9074145751319946, 181.2207935539339871 ) ) ;
#3626 = CARTESIAN_POINT ( 'NONE',  ( 280.9213803538910383, 64.63481424415580534, 183.7207935539340156 ) ) ;
#3627 = EDGE_CURVE ( 'NONE', #4337, #4750, #1370, .T. ) ;
#3628 = DIRECTION ( 'NONE',  ( 0.000000000000000000, 0.7071067811865495711, 0.7071067811865454633 ) ) ;
#3629 = FACE_OUTER_BOUND ( 'NONE', #2317, .T. ) ;
#3630 = AXIS2_PLACEMENT_3D ( 'NONE', #4630, #1798, #5488 ) ;
#3631 = ORIENTED_EDGE ( 'NONE', *, *, #7716, .F. ) ;
#3632 = ORIENTED_EDGE ( 'NONE', *, *, #1744, .F. ) ;
#3633 = AXIS2_PLACEMENT_3D ( 'NONE', #4565, #5175, #6045 ) ;
#3634 = VECTOR ( 'NONE', #1098, 1000.000000000000000 ) ;
#3635 = CARTESIAN_POINT ( 'NONE',  ( 285.8209915161120307, 57.34758543134790187, 158.7207935539340156 ) ) ;
#3636 = CARTESIAN_POINT ( 'NONE',  ( 80.65757751464849434, 90.89100265412589863, 182.2563274598670091 ) ) ;
#3637 = LINE ( 'NONE', #6556, #1523 ) ;
#3638 = AXIS2_PLACEMENT_3D ( 'NONE', #2281, #6536, #4486 ) ;
#3639 = DIRECTION ( 'NONE',  ( 0.000000000000000000, 0.000000000000000000, -1.000000000000000000 ) ) ;
#3640 = CARTESIAN_POINT ( 'NONE',  ( 283.3664460615639769, 59.07246415507670179, 161.7207935539339871 ) ) ;
#3641 = ADVANCED_FACE ( 'NONE', ( #1755 ), #908, .T. ) ;
#3642 = EDGE_CURVE ( 'NONE', #3918, #6915, #2766, .T. ) ;
#3643 = ORIENTED_EDGE ( 'NONE', *, *, #5418, .T. ) ;
#3644 = VECTOR ( 'NONE', #5205, 1000.000000000000000 ) ;
#3645 = FACE_OUTER_BOUND ( 'NONE', #9473, .T. ) ;
#3646 = AXIS2_PLACEMENT_3D ( 'NONE', #9469, #2851, #5135 ) ;
#3647 = FACE_OUTER_BOUND ( 'NONE', #924, .T. ) ;
#3648 = CARTESIAN_POINT ( 'NONE',  ( 98.64490509033210230, 63.61684799194339490, 183.7207935539340156 ) ) ;
#3649 = CARTESIAN_POINT ( 'NONE',  ( -290.5054748718640099, 69.49827392903559087, 157.9708365504509970 ) ) ;
#3650 = VERTEX_POINT ( 'NONE', #1658 ) ;
#3651 = ORIENTED_EDGE ( 'NONE', *, *, #6814, .T. ) ;
#3652 = CARTESIAN_POINT ( 'NONE',  ( -185.8610559998539884, 76.52168743035018394, 133.7207935539339871 ) ) ;
#3653 = DIRECTION ( 'NONE',  ( 0.000000000000000000, -1.000000000000000000, 0.000000000000000000 ) ) ;
#3654 = AXIS2_PLACEMENT_3D ( 'NONE', #7610, #7659, #1804 ) ;
#3655 = AXIS2_PLACEMENT_3D ( 'NONE', #6816, #4000, #9179 ) ;
#3656 = ADVANCED_FACE ( 'NONE', ( #5969 ), #7818, .T. ) ;
#3657 = DIRECTION ( 'NONE',  ( 0.000000000000000000, 0.000000000000000000, 1.000000000000000000 ) ) ;
#3658 = VERTEX_POINT ( 'NONE', #6736 ) ;
#3659 = CARTESIAN_POINT ( 'NONE',  ( 194.0581480874770079, 98.63017898587490606, 183.0186497902790279 ) ) ;
#3660 = CARTESIAN_POINT ( 'NONE',  ( -288.9203536338449112, 61.47208011002931016, 158.7228166558543876 ) ) ;
#3661 = VERTEX_POINT ( 'NONE', #3146 ) ;
#3662 = CIRCLE ( 'NONE', #2452, 5.000000000000004441 ) ;
#3663 = CARTESIAN_POINT ( 'NONE',  ( 258.8209915161129970, 51.32125139236429590, 178.7207935539339871 ) ) ;
#3664 = CARTESIAN_POINT ( 'NONE',  ( -269.8896011036019900, 76.52169227600100498, 150.7207935539340156 ) ) ;
#3665 = ORIENTED_EDGE ( 'NONE', *, *, #5486, .T. ) ;
#3666 = VECTOR ( 'NONE', #6561, 1000.000000000000000 ) ;
#3667 = TOROIDAL_SURFACE ( 'NONE', #5343, 15.90485382080079901, 3.000000000000000000 ) ;
#3668 = DIRECTION ( 'NONE',  ( 9.747022401918829411E-18, 1.000000000000000000, 0.000000000000000000 ) ) ;
#3669 = AXIS2_PLACEMENT_3D ( 'NONE', #7552, #5383, #6010 ) ;
#3670 = CARTESIAN_POINT ( 'NONE',  ( -83.01557525061218712, 22.12077994439439976, 155.7207935539340156 ) ) ;
#3671 = EDGE_LOOP ( 'NONE', ( #3129, #8228, #3159, #7353, #8129 ) ) ;
#3672 = EDGE_CURVE ( 'NONE', #7130, #3154, #8288, .T. ) ;
#3673 = VERTEX_POINT ( 'NONE', #163 ) ;
#3674 = ADVANCED_FACE ( 'NONE', ( #7514 ), #5341, .T. ) ;
#3675 = EDGE_CURVE ( 'NONE', #6091, #5236, #4912, .T. ) ;
#3676 = FACE_OUTER_BOUND ( 'NONE', #5740, .T. ) ;
#3677 = AXIS2_PLACEMENT_3D ( 'NONE', #8727, #741, #2156 ) ;
#3678 = VECTOR ( 'NONE', #8760, 1000.000000000000000 ) ;
#3679 = DIRECTION ( 'NONE',  ( 0.000000000000000000, 0.000000000000000000, -1.000000000000000000 ) ) ;
#3680 = ORIENTED_EDGE ( 'NONE', *, *, #1208, .F. ) ;
#3681 = LINE ( 'NONE', #641, #7767 ) ;
#3682 = FACE_OUTER_BOUND ( 'NONE', #4626, .T. ) ;
#3683 = CARTESIAN_POINT ( 'NONE',  ( 285.8209915161110075, 57.34758543134790187, 158.7207935539340156 ) ) ;
#3684 = AXIS2_PLACEMENT_3D ( 'NONE', #4214, #3403, #4833 ) ;
#3685 = ADVANCED_FACE ( 'NONE', ( #6983 ), #8737, .T. ) ;
#3686 = DIRECTION ( 'NONE',  ( 1.000000000000000000, 1.550171293047343908E-15, 0.000000000000000000 ) ) ;
#3687 = AXIS2_PLACEMENT_3D ( 'NONE', #451, #3389, #6303 ) ;
#3688 = ORIENTED_EDGE ( 'NONE', *, *, #2506, .T. ) ;
#3689 = ORIENTED_EDGE ( 'NONE', *, *, #4640, .T. ) ;
#3690 = DIRECTION ( 'NONE',  ( -1.000000000000000000, 0.000000000000000000, 0.000000000000000000 ) ) ;
#3691 = CARTESIAN_POINT ( 'NONE',  ( 288.5811125192864779, 71.92348764108101022, 157.7854829534051362 ) ) ;
#3692 = DIRECTION ( 'NONE',  ( 0.000000000000000000, -1.000000000000000000, 0.000000000000000000 ) ) ;
#3693 = FACE_OUTER_BOUND ( 'NONE', #2749, .T. ) ;
#3694 = DIRECTION ( 'NONE',  ( 1.000000000000000000, -1.579971831557699811E-16, -1.579971831557689703E-16 ) ) ;
#3695 = ORIENTED_EDGE ( 'NONE', *, *, #8918, .T. ) ;
#3696 = LINE ( 'NONE', #2164, #655 ) ;
#3697 = CARTESIAN_POINT ( 'NONE',  ( -269.8896026611329830, 8.337247467583070559, 157.8421138974935047 ) ) ;
#3698 = EDGE_CURVE ( 'NONE', #2069, #6638, #9143, .T. ) ;
#3699 = CIRCLE ( 'NONE', #3547, 4.999999999999997335 ) ;
#3700 = CARTESIAN_POINT ( 'NONE',  ( 143.8209962844850054, 135.3984925249610001, 181.2207935539339871 ) ) ;
#3701 = CARTESIAN_POINT ( 'NONE',  ( -289.8733940966289993, 67.08009995736368580, 158.6347598030889969 ) ) ;
#3702 = ORIENTED_EDGE ( 'NONE', *, *, #1089, .T. ) ;
#3703 = ORIENTED_EDGE ( 'NONE', *, *, #8620, .T. ) ;
#3704 = CARTESIAN_POINT ( 'NONE',  ( -218.8657760620120314, 76.52169227600100498, 150.7207935539340156 ) ) ;
#3705 = CARTESIAN_POINT ( 'NONE',  ( 216.5078370686659923, 58.61684799194339490, 178.7207935539339871 ) ) ;
#3706 = TOROIDAL_SURFACE ( 'NONE', #2324, 17.90499687194819600, 5.000000000000000000 ) ;
#3707 = AXIS2_PLACEMENT_3D ( 'NONE', #6040, #283, #3172 ) ;
#3708 = CARTESIAN_POINT ( 'NONE',  ( 286.3209915161129970, 100.6369328146729885, 181.0796484784199833 ) ) ;
#3709 = ORIENTED_EDGE ( 'NONE', *, *, #8182, .F. ) ;
#3710 = CARTESIAN_POINT ( 'NONE',  ( -218.8657760620120314, 38.02563476562500000, 155.7207935539340156 ) ) ;
#3711 = ORIENTED_EDGE ( 'NONE', *, *, #7182, .F. ) ;
#3712 = CARTESIAN_POINT ( 'NONE',  ( -289.4014779763801926, 64.29263501123385538, 158.7221610301358226 ) ) ;
#3713 = VERTEX_POINT ( 'NONE', #1168 ) ;
#3714 = CARTESIAN_POINT ( 'NONE',  ( 119.4864806570912066, 76.52169192166400080, 158.7207935539340156 ) ) ;
#3715 = DIRECTION ( 'NONE',  ( 0.000000000000000000, 0.000000000000000000, -1.000000000000000000 ) ) ;
#3716 = CIRCLE ( 'NONE', #3252, 12.90484969578129437 ) ;
#3717 = DIRECTION ( 'NONE',  ( 1.000000000000000000, -1.514562049291900015E-17, -1.514562049291894776E-17 ) ) ;
#3718 = ORIENTED_EDGE ( 'NONE', *, *, #6554, .T. ) ;
#3719 = LINE ( 'NONE', #7893, #284 ) ;
#3720 = EDGE_CURVE ( 'NONE', #3511, #5037, #7055, .T. ) ;
#3721 = FACE_OUTER_BOUND ( 'NONE', #3435, .T. ) ;
#3722 = ORIENTED_EDGE ( 'NONE', *, *, #6950, .F. ) ;
#3723 = EDGE_LOOP ( 'NONE', ( #3286, #7480, #2233, #815 ) ) ;
#3724 = CARTESIAN_POINT ( 'NONE',  ( -40.43682098388670454, 8.337247467583081217, 157.8421138974935047 ) ) ;
#3725 = VECTOR ( 'NONE', #5670, 1000.000000000000000 ) ;
#3726 = CARTESIAN_POINT ( 'NONE',  ( -285.7244439558547242, 59.07246415508272719, 161.3280944722352501 ) ) ;
#3727 = ORIENTED_EDGE ( 'NONE', *, *, #2826, .F. ) ;
#3728 = CARTESIAN_POINT ( 'NONE',  ( -197.0185425156322196, 118.1741734273990687, 182.2468021671475071 ) ) ;
#3729 = CARTESIAN_POINT ( 'NONE',  ( 183.5030736399640148, 22.12077808833640091, 155.7207935539340156 ) ) ;
#3730 = EDGE_CURVE ( 'NONE', #2411, #839, #1132, .T. ) ;
#3731 = CARTESIAN_POINT ( 'NONE',  ( 285.5568482203530039, 61.84105700239250325, 159.6599435976609982 ) ) ;
#3732 = CYLINDRICAL_SURFACE ( 'NONE', #4871, 12.90484428405760120 ) ;
#3733 = EDGE_LOOP ( 'NONE', ( #5948, #5822, #8755, #4614 ) ) ;
#3734 = ORIENTED_EDGE ( 'NONE', *, *, #7754, .T. ) ;
#3735 = VERTEX_POINT ( 'NONE', #3294 ) ;
#3736 = DIRECTION ( 'NONE',  ( -1.000000000000000000, 4.873511200959409313E-18, -4.873511200959409313E-18 ) ) ;
#3737 = AXIS2_PLACEMENT_3D ( 'NONE', #2727, #3483, #3443 ) ;
#3738 = EDGE_CURVE ( 'NONE', #4521, #2411, #8428, .T. ) ;
#3739 = DIRECTION ( 'NONE',  ( 0.000000000000000000, 1.000000000000000000, 0.000000000000000000 ) ) ;
#3740 = DIRECTION ( 'NONE',  ( 0.000000000000000000, 0.000000000000000000, 1.000000000000000000 ) ) ;
#3741 = CARTESIAN_POINT ( 'NONE',  ( -218.8657760620120314, 22.12078094482420099, 155.7207935539340156 ) ) ;
#3742 = CARTESIAN_POINT ( 'NONE',  ( 288.2720072499970456, 69.21419683948680301, 157.4755097727719999 ) ) ;
#3743 = AXIS2_PLACEMENT_3D ( 'NONE', #4067, #3303, #5938 ) ;
#3744 = ORIENTED_EDGE ( 'NONE', *, *, #8670, .F. ) ;
#3745 = CIRCLE ( 'NONE', #3289, 5.000000000000004441 ) ;
#3746 = CARTESIAN_POINT ( 'NONE',  ( -134.7493362426759802, 35.02563476562500000, 158.7207935539340156 ) ) ;
#3747 = CIRCLE ( 'NONE', #7882, 17.90484428405769535 ) ;
#3748 = DIRECTION ( 'NONE',  ( -1.000000000000000000, -1.226857527254137973E-08, -6.280255024119369844E-16 ) ) ;
#3749 = CARTESIAN_POINT ( 'NONE',  ( -62.68753156123731429, 110.9465026855470029, 183.7207935539340156 ) ) ;
#3750 = CARTESIAN_POINT ( 'NONE',  ( -287.8784701309999718, 58.94660043560659801, 158.8225982070549946 ) ) ;
#3751 = ORIENTED_EDGE ( 'NONE', *, *, #2826, .T. ) ;
#3752 = CARTESIAN_POINT ( 'NONE',  ( -218.8657760620120314, 63.61684799194339490, 178.7207935539339871 ) ) ;
#3753 = CYLINDRICAL_SURFACE ( 'NONE', #8913, 2.999999999999997780 ) ;
#3754 = EDGE_CURVE ( 'NONE', #1520, #5895, #6425, .T. ) ;
#3755 = EDGE_CURVE ( 'NONE', #5863, #9346, #7664, .T. ) ;
#3756 = AXIS2_PLACEMENT_3D ( 'NONE', #6305, #4326, #1802 ) ;
#3757 = VECTOR ( 'NONE', #3220, 1000.000000000000000 ) ;
#3758 = ORIENTED_EDGE ( 'NONE', *, *, #1074, .T. ) ;
#3759 = CARTESIAN_POINT ( 'NONE',  ( -289.1789920717250197, 160.0000186157149926, 123.7207935539339871 ) ) ;
#3760 = ORIENTED_EDGE ( 'NONE', *, *, #4745, .T. ) ;
#3761 = LINE ( 'NONE', #8887, #5018 ) ;
#3762 = ORIENTED_EDGE ( 'NONE', *, *, #8873, .T. ) ;
#3763 = DIRECTION ( 'NONE',  ( 0.000000000000000000, 0.000000000000000000, -1.000000000000000000 ) ) ;
#3764 = CARTESIAN_POINT ( 'NONE',  ( -291.1789894103999927, 76.32125139236450195, 155.7207935539340156 ) ) ;
#3765 = ORIENTED_EDGE ( 'NONE', *, *, #7963, .F. ) ;
#3766 = CIRCLE ( 'NONE', #838, 12.90485382080079901 ) ;
#3767 = DIRECTION ( 'NONE',  ( -1.000000000000000000, 3.073900420430730319E-15, 0.000000000000000000 ) ) ;
#3768 = CARTESIAN_POINT ( 'NONE',  ( -194.6789894103999927, 96.89302241451029829, 183.7207935539340156 ) ) ;
#3769 = ORIENTED_EDGE ( 'NONE', *, *, #6272, .F. ) ;
#3770 = ORIENTED_EDGE ( 'NONE', *, *, #315, .T. ) ;
#3771 = EDGE_CURVE ( 'NONE', #6023, #1716, #5817, .T. ) ;
#3772 = DIRECTION ( 'NONE',  ( 1.000000000000000000, -4.362752391243199532E-16, 0.000000000000000000 ) ) ;
#3773 = TOROIDAL_SURFACE ( 'NONE', #5447, 17.90484428405759942, 5.000000000000000000 ) ;
#3774 = CARTESIAN_POINT ( 'NONE',  ( -218.8657760620120314, 22.12078094482420099, 143.7207935539339871 ) ) ;
#3775 = ORIENTED_EDGE ( 'NONE', *, *, #2744, .F. ) ;
#3776 = LINE ( 'NONE', #4682, #7579 ) ;
#3777 = CIRCLE ( 'NONE', #9141, 4.999999999999997335 ) ;
#3778 = DIRECTION ( 'NONE',  ( 1.226857419714852526E-08, 0.9999999999999998890, -2.150785706034684925E-15 ) ) ;
#3779 = ADVANCED_FACE ( 'NONE', ( #8570 ), #2918, .T. ) ;
#3780 = CARTESIAN_POINT ( 'NONE',  ( -185.8610559998519705, 22.12077808834190051, 146.7207935539339871 ) ) ;
#3781 = ORIENTED_EDGE ( 'NONE', *, *, #8237, .T. ) ;
#3782 = ORIENTED_EDGE ( 'NONE', *, *, #4914, .T. ) ;
#3783 = ORIENTED_EDGE ( 'NONE', *, *, #5364, .T. ) ;
#3784 = DIRECTION ( 'NONE',  ( 1.000000000000000000, -8.601340485944210462E-16, 0.000000000000000000 ) ) ;
#3785 = CIRCLE ( 'NONE', #8540, 3.000000000000002665 ) ;
#3786 = DIRECTION ( 'NONE',  ( 0.000000000000000000, 0.000000000000000000, -1.000000000000000000 ) ) ;
#3787 = DIRECTION ( 'NONE',  ( 1.000000000000000000, 2.226290129967984841E-17, 2.226290129967974672E-17 ) ) ;
#3788 = CARTESIAN_POINT ( 'NONE',  ( 288.5054608923880437, 100.3552376886262323, 179.6262237160930795 ) ) ;
#3789 = DIRECTION ( 'NONE',  ( 0.000000000000000000, 0.7071067811865453523, 0.7071067811865495711 ) ) ;
#3790 = CARTESIAN_POINT ( 'NONE',  ( 287.4759852429569946, 62.73710893636371111, 158.3862541443020291 ) ) ;
#3791 = EDGE_CURVE ( 'NONE', #1189, #5148, #602, .T. ) ;
#3792 = ORIENTED_EDGE ( 'NONE', *, *, #4145, .T. ) ;
#3793 = CARTESIAN_POINT ( 'NONE',  ( 267.5316238403320312, 90.89100265412589863, 182.2563274598670091 ) ) ;
#3794 = ADVANCED_FACE ( 'NONE', ( #1264 ), #8521, .T. ) ;
#3795 = EDGE_CURVE ( 'NONE', #7334, #6242, #3473, .T. ) ;
#3796 = DIRECTION ( 'NONE',  ( -4.163336342344333082E-15, -1.000000000000000000, 0.000000000000000000 ) ) ;
#3797 = CIRCLE ( 'NONE', #9161, 4.999999999999997335 ) ;
#3798 = DIRECTION ( 'NONE',  ( 0.000000000000000000, 0.000000000000000000, 1.000000000000000000 ) ) ;
#3799 = ADVANCED_FACE ( 'NONE', ( #2764 ), #4156, .F. ) ;
#3800 = CARTESIAN_POINT ( 'NONE',  ( -286.4306904898019752, 60.07603707751559341, 161.0941925621830251 ) ) ;
#3801 = ORIENTED_EDGE ( 'NONE', *, *, #388, .F. ) ;
#3802 = CARTESIAN_POINT ( 'NONE',  ( 150.3786849975589917, 76.52169227600100498, 158.7207935539340156 ) ) ;
#3803 = AXIS2_PLACEMENT_3D ( 'NONE', #5681, #4816, #7793 ) ;
#3804 = ADVANCED_FACE ( 'NONE', ( #9244 ), #2672, .T. ) ;
#3805 = DIRECTION ( 'NONE',  ( -6.409534987526679801E-16, 1.000000000000000000, 0.000000000000000000 ) ) ;
#3806 = ORIENTED_EDGE ( 'NONE', *, *, #3915, .F. ) ;
#3807 = CARTESIAN_POINT ( 'NONE',  ( -121.8444924251934083, 76.52169263033799496, 158.7207935539340156 ) ) ;
#3808 = ORIENTED_EDGE ( 'NONE', *, *, #6423, .F. ) ;
#3809 = CARTESIAN_POINT ( 'NONE',  ( 65.60616299700279797, 90.89100265412611179, 182.2563274598670091 ) ) ;
#3810 = DIRECTION ( 'NONE',  ( 0.000000000000000000, 0.000000000000000000, -1.000000000000000000 ) ) ;
#3811 = CIRCLE ( 'NONE', #9171, 3.000000000000000888 ) ;
#3812 = CARTESIAN_POINT ( 'NONE',  ( -195.8226723637359896, 116.9783032755031940, 183.4438521006775034 ) ) ;
#3813 = DIRECTION ( 'NONE',  ( -0.9999999999999994449, -3.520767142054672750E-08, 5.677289445057446727E-16 ) ) ;
#3814 = EDGE_LOOP ( 'NONE', ( #5194, #6119, #4920, #5446 ) ) ;
#3815 = CARTESIAN_POINT ( 'NONE',  ( 80.65757751464838066, 63.61684799194339490, 153.7207935539340156 ) ) ;
#3816 = LINE ( 'NONE', #8946, #4985 ) ;
#3817 = ORIENTED_EDGE ( 'NONE', *, *, #5466, .F. ) ;
#3818 = VECTOR ( 'NONE', #5775, 1000.000000000000000 ) ;
#3819 = ORIENTED_EDGE ( 'NONE', *, *, #7612, .T. ) ;
#3820 = ADVANCED_FACE ( 'NONE', ( #6632 ), #3522, .F. ) ;
#3821 = DIRECTION ( 'NONE',  ( 0.000000000000000000, 0.000000000000000000, -1.000000000000000000 ) ) ;
#3822 = CIRCLE ( 'NONE', #1826, 3.000000000000039080 ) ;
#3823 = AXIS2_PLACEMENT_3D ( 'NONE', #3663, #8126, #1601 ) ;
#3824 = CARTESIAN_POINT ( 'NONE',  ( -134.7493362426759802, 22.12078094482420099, 155.7207935539340156 ) ) ;
#3825 = DIRECTION ( 'NONE',  ( 0.9999999999999997780, 2.745767261373882970E-08, 0.000000000000000000 ) ) ;
#3826 = VECTOR ( 'NONE', #6150, 1000.000000000000000 ) ;
#3827 = CARTESIAN_POINT ( 'NONE',  ( 288.8209915161129970, 76.31385428700559714, 155.7242631038740228 ) ) ;
#3828 = DIRECTION ( 'NONE',  ( -1.000000000000000000, 0.000000000000000000, 0.000000000000000000 ) ) ;
#3829 = AXIS2_PLACEMENT_3D ( 'NONE', #1874, #6952, #7000 ) ;
#3830 = ORIENTED_EDGE ( 'NONE', *, *, #6028, .F. ) ;
#3831 = ORIENTED_EDGE ( 'NONE', *, *, #1532, .T. ) ;
#3832 = EDGE_LOOP ( 'NONE', ( #235, #8224, #6395, #6398 ) ) ;
#3833 = CARTESIAN_POINT ( 'NONE',  ( 288.0051679488584568, 69.36150641683377671, 158.7207935531126566 ) ) ;
#3834 = FACE_OUTER_BOUND ( 'NONE', #4464, .T. ) ;
#3835 = CARTESIAN_POINT ( 'NONE',  ( -1.178970336914080042, 22.12078094482420099, 135.7207935539339871 ) ) ;
#3836 = VECTOR ( 'NONE', #6321, 1000.000000000000000 ) ;
#3837 = CARTESIAN_POINT ( 'NONE',  ( 94.08875846907929485, 117.6023872751334096, 182.9885605069005123 ) ) ;
#3838 = FACE_OUTER_BOUND ( 'NONE', #3295, .T. ) ;
#3839 = VECTOR ( 'NONE', #4719, 1000.000000000000000 ) ;
#3840 = DIRECTION ( 'NONE',  ( -1.001151856892039882E-16, -1.000000000000000000, -1.001151856892039882E-16 ) ) ;
#3841 = ADVANCED_FACE ( 'NONE', ( #7989 ), #3569, .T. ) ;
#3842 = ORIENTED_EDGE ( 'NONE', *, *, #1289, .F. ) ;
#3843 = DIRECTION ( 'NONE',  ( -1.000000000000000000, 2.688482178977771415E-16, 0.000000000000000000 ) ) ;
#3844 = AXIS2_PLACEMENT_3D ( 'NONE', #4347, #1464, #4442 ) ;
#3845 = CARTESIAN_POINT ( 'NONE',  ( -101.0029026679669926, 9.215926533998629822, 155.7207980243069869 ) ) ;
#3846 = DIRECTION ( 'NONE',  ( 0.000000000000000000, 0.000000000000000000, -1.000000000000000000 ) ) ;
#3847 = CARTESIAN_POINT ( 'NONE',  ( 27.90500640869139914, 128.8515090942379970, 178.7207935539339871 ) ) ;
#3848 = EDGE_LOOP ( 'NONE', ( #7695, #4919, #5355, #618 ) ) ;
#3849 = CARTESIAN_POINT ( 'NONE',  ( 132.3913249411490085, 76.52169227600100498, 158.7207935539340156 ) ) ;
#3850 = EDGE_CURVE ( 'NONE', #1792, #4776, #2010, .T. ) ;
#3851 = DIRECTION ( 'NONE',  ( -1.000000000000000000, -6.409534987526679801E-16, 0.000000000000000000 ) ) ;
#3852 = ORIENTED_EDGE ( 'NONE', *, *, #6315, .F. ) ;
#3853 = LINE ( 'NONE', #4520, #2267 ) ;
#3854 = VERTEX_POINT ( 'NONE', #6439 ) ;
#3855 = DIRECTION ( 'NONE',  ( 1.000000000000000000, -4.200383637731605189E-15, -2.751524910221849965E-16 ) ) ;
#3856 = CYLINDRICAL_SURFACE ( 'NONE', #819, 12.90484886281040744 ) ;
#3857 = CARTESIAN_POINT ( 'NONE',  ( 284.0657961310241149, 82.82777265081909945, 183.7207935539340440 ) ) ;
#3858 = DIRECTION ( 'NONE',  ( -1.000000000000000000, -1.098116863085339802E-16, 0.000000000000000000 ) ) ;
#3859 = ORIENTED_EDGE ( 'NONE', *, *, #4493, .T. ) ;
#3860 = AXIS2_PLACEMENT_3D ( 'NONE', #4129, #1243, #5751 ) ;
#3861 = AXIS2_PLACEMENT_3D ( 'NONE', #3905, #8855, #5531 ) ;
#3862 = FACE_OUTER_BOUND ( 'NONE', #241, .T. ) ;
#3863 = CARTESIAN_POINT ( 'NONE',  ( 267.5316238403320312, 38.02563476562500000, 155.7207935539340156 ) ) ;
#3864 = ORIENTED_EDGE ( 'NONE', *, *, #9322, .T. ) ;
#3865 = VERTEX_POINT ( 'NONE', #7161 ) ;
#3866 = VECTOR ( 'NONE', #7039, 1000.000000000000000 ) ;
#3867 = CYLINDRICAL_SURFACE ( 'NONE', #8089, 2.500000000000010658 ) ;
#3868 = VECTOR ( 'NONE', #1529, 1000.000000000000000 ) ;
#3869 = ADVANCED_FACE ( 'NONE', ( #720 ), #7357, .F. ) ;
#3870 = CARTESIAN_POINT ( 'NONE',  ( 258.8209915161129970, 43.32125139236429590, 161.7207935539339871 ) ) ;
#3871 = ORIENTED_EDGE ( 'NONE', *, *, #8778, .F. ) ;
#3872 = CYLINDRICAL_SURFACE ( 'NONE', #1611, 2.999999999999996891 ) ;
#3873 = CARTESIAN_POINT ( 'NONE',  ( 98.64490514282489642, 35.90431283853605038, 157.8421141661560227 ) ) ;
#3874 = AXIS2_PLACEMENT_3D ( 'NONE', #9064, #6077, #2495 ) ;
#3875 = CARTESIAN_POINT ( 'NONE',  ( 285.8209915161129970, 118.5608753807499909, 158.7207935539340156 ) ) ;
#3876 = EDGE_CURVE ( 'NONE', #2388, #5176, #7359, .T. ) ;
#3877 = EDGE_CURVE ( 'NONE', #5860, #352, #2854, .T. ) ;
#3878 = ORIENTED_EDGE ( 'NONE', *, *, #5798, .T. ) ;
#3879 = ORIENTED_EDGE ( 'NONE', *, *, #9389, .F. ) ;
#3880 = ORIENTED_EDGE ( 'NONE', *, *, #4686, .F. ) ;
#3881 = CARTESIAN_POINT ( 'NONE',  ( -118.8444824218751990, 22.12078094482420099, 155.7207935539340156 ) ) ;
#3882 = CARTESIAN_POINT ( 'NONE',  ( -202.3633941876927054, 73.46809314743899222, 183.5931692263244770 ) ) ;
#3883 = DIRECTION ( 'NONE',  ( 0.000000000000000000, 0.000000000000000000, -1.000000000000000000 ) ) ;
#3884 = ORIENTED_EDGE ( 'NONE', *, *, #5664, .F. ) ;
#3885 = CYLINDRICAL_SURFACE ( 'NONE', #2151, 2.500000000000010658 ) ;
#3886 = DIRECTION ( 'NONE',  ( 0.000000000000000000, 0.3747382456207981605, 0.9271306527502186645 ) ) ;
#3887 = DIRECTION ( 'NONE',  ( 0.000000000000000000, 0.000000000000000000, -1.000000000000000000 ) ) ;
#3888 = ORIENTED_EDGE ( 'NONE', *, *, #9193, .F. ) ;
#3889 = CIRCLE ( 'NONE', #1594, 12.90484428405759587 ) ;
#3890 = CARTESIAN_POINT ( 'NONE',  ( 283.8209915161129970, 97.82984857965038827, 183.5385722743629913 ) ) ;
#3891 = DIRECTION ( 'NONE',  ( 1.000000000000000000, 1.075393666311713415E-15, 0.000000000000000000 ) ) ;
#3892 = CYLINDRICAL_SURFACE ( 'NONE', #6532, 12.90485382080079901 ) ;
#3893 = ORIENTED_EDGE ( 'NONE', *, *, #5665, .F. ) ;
#3894 = CARTESIAN_POINT ( 'NONE',  ( -1.178989305784180042, 75.12078285217279472, 133.7207935539339871 ) ) ;
#3895 = AXIS2_PLACEMENT_3D ( 'NONE', #9395, #9434, #3397 ) ;
#3896 = EDGE_CURVE ( 'NONE', #9144, #2887, #1065, .T. ) ;
#3897 = CARTESIAN_POINT ( 'NONE',  ( 284.5689897669680022, 96.89302241451059672, 183.7207935539340156 ) ) ;
#3898 = ORIENTED_EDGE ( 'NONE', *, *, #7014, .T. ) ;
#3899 = DIRECTION ( 'NONE',  ( 0.000000000000000000, 0.000000000000000000, -1.000000000000000000 ) ) ;
#3900 = ORIENTED_EDGE ( 'NONE', *, *, #614, .T. ) ;
#3901 = DIRECTION ( 'NONE',  ( -1.000000000000000000, 0.000000000000000000, 0.000000000000000000 ) ) ;
#3902 = CARTESIAN_POINT ( 'NONE',  ( 194.8209915161127128, 99.79547549475019252, 181.8926963090958964 ) ) ;
#3903 = CARTESIAN_POINT ( 'NONE',  ( 283.8209915161129970, 83.95405055312791376, 183.7207935539340156 ) ) ;
#3904 = VERTEX_POINT ( 'NONE', #5050 ) ;
#3905 = CARTESIAN_POINT ( 'NONE',  ( 258.8209915161129970, 76.32125139236430300, 158.7207935539340156 ) ) ;
#3906 = CIRCLE ( 'NONE', #2691, 3.000000000004119816 ) ;
#3907 = CARTESIAN_POINT ( 'NONE',  ( 74.59984302520778954, 6.215927124023419736, 155.7207935539340156 ) ) ;
#3908 = DIRECTION ( 'NONE',  ( 0.000000000000000000, 0.000000000000000000, 1.000000000000000000 ) ) ;
#3909 = ORIENTED_EDGE ( 'NONE', *, *, #2805, .T. ) ;
#3910 = ORIENTED_EDGE ( 'NONE', *, *, #1359, .F. ) ;
#3911 = EDGE_CURVE ( 'NONE', #3020, #6485, #5206, .T. ) ;
#3912 = CARTESIAN_POINT ( 'NONE',  ( 285.8209915161129970, 118.5608753807499909, 155.7207935539340156 ) ) ;
#3913 = AXIS2_PLACEMENT_3D ( 'NONE', #7338, #2310, #2211 ) ;
#3914 = ADVANCED_FACE ( 'NONE', ( #8034 ), #9426, .T. ) ;
#3915 = EDGE_CURVE ( 'NONE', #7470, #5065, #5976, .T. ) ;
#3916 = DIRECTION ( 'NONE',  ( 0.000000000000000000, 0.000000000000000000, -1.000000000000000000 ) ) ;
#3917 = CARTESIAN_POINT ( 'NONE',  ( -83.01555633544920454, 63.61684799194339490, 153.7207935539340156 ) ) ;
#3918 = VERTEX_POINT ( 'NONE', #8703 ) ;
#3919 = EDGE_CURVE ( 'NONE', #3045, #6788, #2309, .T. ) ;
#3920 = DIRECTION ( 'NONE',  ( -1.000000000000000000, 0.000000000000000000, 0.000000000000000000 ) ) ;
#3921 = CARTESIAN_POINT ( 'NONE',  ( -218.8657760620120314, 94.42653656005860796, 183.7207935539340156 ) ) ;
#3922 = CARTESIAN_POINT ( 'NONE',  ( 132.3913192749020027, 38.02563476562500000, 158.7207935539340156 ) ) ;
#3923 = VERTEX_POINT ( 'NONE', #2947 ) ;
#3924 = EDGE_CURVE ( 'NONE', #8596, #8589, #5092, .T. ) ;
#3925 = ORIENTED_EDGE ( 'NONE', *, *, #3924, .T. ) ;
#3926 = EDGE_LOOP ( 'NONE', ( #679, #2414, #3141, #5729, #5878, #1831 ) ) ;
#3927 = CARTESIAN_POINT ( 'NONE',  ( -83.01555633544920454, 89.42653656005859375, 158.7207935539340156 ) ) ;
#3928 = ADVANCED_FACE ( 'NONE', ( #9472 ), #1353, .T. ) ;
#3929 = CARTESIAN_POINT ( 'NONE',  ( -269.8896011036019900, 76.52169227600100498, 178.7207935539339871 ) ) ;
#3930 = ORIENTED_EDGE ( 'NONE', *, *, #1570, .T. ) ;
#3931 = DIRECTION ( 'NONE',  ( -6.630299199421770504E-16, 1.000000000000000000, 0.000000000000000000 ) ) ;
#3932 = AXIS2_PLACEMENT_3D ( 'NONE', #7463, #2375, #2283 ) ;
#3933 = CARTESIAN_POINT ( 'NONE',  ( 288.8209900386838171, 76.30497789451655422, 155.7242630696595143 ) ) ;
#3934 = DIRECTION ( 'NONE',  ( 0.000000000000000000, 0.000000000000000000, 1.000000000000000000 ) ) ;
#3935 = ORIENTED_EDGE ( 'NONE', *, *, #8500, .F. ) ;
#3936 = DIRECTION ( 'NONE',  ( 7.031412489292655733E-13, 1.000000000000000000, 0.000000000000000000 ) ) ;
#3937 = EDGE_LOOP ( 'NONE', ( #7772, #3632, #2919, #14, #4909 ) ) ;
#3938 = CARTESIAN_POINT ( 'NONE',  ( -67.96416782819719060, 62.15238189787610423, 182.2563274598670091 ) ) ;
#3939 = CARTESIAN_POINT ( 'NONE',  ( 80.65757751464829539, 76.52169227600100498, 183.7207935539340156 ) ) ;
#3940 = EDGE_LOOP ( 'NONE', ( #6107, #557, #1883, #5475, #8800, #3548 ) ) ;
#3941 = DIRECTION ( 'NONE',  ( -0.9999999999999994449, 3.520767076855508069E-08, 8.426277583003864904E-17 ) ) ;
#3942 = ADVANCED_FACE ( 'NONE', ( #4378 ), #2993, .F. ) ;
#3943 = FACE_OUTER_BOUND ( 'NONE', #6328, .T. ) ;
#3944 = ORIENTED_EDGE ( 'NONE', *, *, #357, .F. ) ;
#3945 = AXIS2_PLACEMENT_3D ( 'NONE', #3037, #3810, #8839 ) ;
#3946 = DIRECTION ( 'NONE',  ( 0.000000000000000000, 0.000000000000000000, -1.000000000000000000 ) ) ;
#3947 = CARTESIAN_POINT ( 'NONE',  ( 73.23455810546869316, 110.9465026855470029, 178.7207935539339871 ) ) ;
#3948 = VECTOR ( 'NONE', #862, 1000.000000000000000 ) ;
#3949 = CARTESIAN_POINT ( 'NONE',  ( 284.5249735562537694, 79.20904353869775605, 183.6711310923868439 ) ) ;
#3950 = ORIENTED_EDGE ( 'NONE', *, *, #7774, .F. ) ;
#3951 = ORIENTED_EDGE ( 'NONE', *, *, #1920, .T. ) ;
#3952 = CARTESIAN_POINT ( 'NONE',  ( -196.7129687417429977, 117.8685996535100031, 182.6743849957319981 ) ) ;
#3953 = AXIS2_PLACEMENT_3D ( 'NONE', #3959, #6874, #6154 ) ;
#3954 = DIRECTION ( 'NONE',  ( -1.000000000000000000, -2.036635194594239902E-16, 0.000000000000000000 ) ) ;
#3955 = FACE_OUTER_BOUND ( 'NONE', #191, .T. ) ;
#3956 = EDGE_LOOP ( 'NONE', ( #9156, #3575, #4396, #8915, #5109, #5310 ) ) ;
#3957 = AXIS2_PLACEMENT_3D ( 'NONE', #7293, #192, #8167 ) ;
#3958 = VERTEX_POINT ( 'NONE', #8795 ) ;
#3959 = CARTESIAN_POINT ( 'NONE',  ( -134.7493362426759802, 22.12078094482420099, 155.7207935539340156 ) ) ;
#3960 = VECTOR ( 'NONE', #6276, 1000.000000000000000 ) ;
#3961 = DIRECTION ( 'NONE',  ( 0.000000000000000000, 0.000000000000000000, -1.000000000000000000 ) ) ;
#3962 = DIRECTION ( 'NONE',  ( 1.000000000000000000, -2.688482178977771415E-16, 0.000000000000000000 ) ) ;
#3963 = ORIENTED_EDGE ( 'NONE', *, *, #2852, .T. ) ;
#3964 = DIRECTION ( 'NONE',  ( -0.9999999999999994449, -3.520767175307588146E-08, 2.351997618675474331E-16 ) ) ;
#3965 = CARTESIAN_POINT ( 'NONE',  ( 288.8209915161129970, 76.32125139236430300, 155.7207935539340156 ) ) ;
#3966 = AXIS2_PLACEMENT_3D ( 'NONE', #7847, #4160, #501 ) ;
#3967 = EDGE_CURVE ( 'NONE', #5601, #366, #1850, .T. ) ;
#3968 = EDGE_CURVE ( 'NONE', #3713, #4207, #582, .T. ) ;
#3969 = CARTESIAN_POINT ( 'NONE',  ( 183.5030736399640148, 22.12077808833640091, 158.7207935539340156 ) ) ;
#3970 = ORIENTED_EDGE ( 'NONE', *, *, #5945, .F. ) ;
#3971 = ORIENTED_EDGE ( 'NONE', *, *, #5241, .T. ) ;
#3972 = CARTESIAN_POINT ( 'NONE',  ( 143.8209962844850054, 116.9783032755031940, 183.4438521006775034 ) ) ;
#3973 = CARTESIAN_POINT ( 'NONE',  ( -135.5343008041380131, 35.90431442206534740, 157.8421138974935047 ) ) ;
#3974 = ORIENTED_EDGE ( 'NONE', *, *, #2091, .T. ) ;
#3975 = DIRECTION ( 'NONE',  ( -0.7071067811865475727, 0.000000000000000000, 0.7071067811865475727 ) ) ;
#3976 = EDGE_CURVE ( 'NONE', #550, #9458, #3533, .T. ) ;
#3977 = CARTESIAN_POINT ( 'NONE',  ( -42.09727764129630145, 63.61684799194339490, 178.7207935539339871 ) ) ;
#3978 = CIRCLE ( 'NONE', #7337, 17.90484886281041454 ) ;
#3979 = CARTESIAN_POINT ( 'NONE',  ( 193.6955001440280739, 117.2091289500820182, 183.3251006671646053 ) ) ;
#3980 = AXIS2_PLACEMENT_3D ( 'NONE', #797, #3740, #8866 ) ;
#3981 = ORIENTED_EDGE ( 'NONE', *, *, #8500, .T. ) ;
#3982 = CIRCLE ( 'NONE', #9355, 5.000000000000004441 ) ;
#3983 = CARTESIAN_POINT ( 'NONE',  ( -95.82267236373628805, 116.9783032755031940, 183.4438521006775034 ) ) ;
#3984 = ORIENTED_EDGE ( 'NONE', *, *, #4031, .T. ) ;
#3985 = VECTOR ( 'NONE', #3784, 1000.000000000000000 ) ;
#3986 = CARTESIAN_POINT ( 'NONE',  ( -97.17898941040009220, 160.0000189074180241, 123.7207935680309987 ) ) ;
#3987 = EDGE_CURVE ( 'NONE', #2619, #5575, #3997, .T. ) ;
#3988 = CARTESIAN_POINT ( 'NONE',  ( 216.5078353881840201, 22.12078094482420099, 158.7207935539340156 ) ) ;
#3989 = EDGE_LOOP ( 'NONE', ( #9105, #3529, #4811, #3806, #3910 ) ) ;
#3990 = AXIS2_PLACEMENT_3D ( 'NONE', #4680, #4775, #6349 ) ;
#3991 = DIRECTION ( 'NONE',  ( -1.000000000000000000, 1.110223024625154016E-14, 0.000000000000000000 ) ) ;
#3992 = VECTOR ( 'NONE', #552, 1000.000000000000000 ) ;
#3993 = CYLINDRICAL_SURFACE ( 'NONE', #2710, 29.99999999999999645 ) ;
#3994 = ORIENTED_EDGE ( 'NONE', *, *, #6555, .T. ) ;
#3995 = EDGE_CURVE ( 'NONE', #9076, #3673, #5329, .T. ) ;
#3996 = EDGE_CURVE ( 'NONE', #6829, #4900, #8899, .T. ) ;
#3997 = CIRCLE ( 'NONE', #7203, 15.90485382080079901 ) ;
#3998 = DIRECTION ( 'NONE',  ( 0.000000000000000000, 1.000000000000000000, 0.000000000000000000 ) ) ;
#3999 = LINE ( 'NONE', #6095, #7864 ) ;
#4000 = DIRECTION ( 'NONE',  ( 0.000000000000000000, 0.000000000000000000, -1.000000000000000000 ) ) ;
#4001 = ORIENTED_EDGE ( 'NONE', *, *, #3642, .T. ) ;
#4002 = EDGE_LOOP ( 'NONE', ( #4375, #1364, #1558, #8740, #2568, #6428 ) ) ;
#4003 = CARTESIAN_POINT ( 'NONE',  ( -117.8761103101920895, 82.08449576094675137, 183.7207935539340440 ) ) ;
#4004 = FACE_OUTER_BOUND ( 'NONE', #1108, .T. ) ;
#4005 = ORIENTED_EDGE ( 'NONE', *, *, #3675, .T. ) ;
#4006 = ORIENTED_EDGE ( 'NONE', *, *, #9451, .T. ) ;
#4007 = LINE ( 'NONE', #9140, #419 ) ;
#4008 = CIRCLE ( 'NONE', #3090, 15.90485334804940543 ) ;
#4009 = CARTESIAN_POINT ( 'NONE',  ( -218.8657760620120314, 38.02563476562500000, 155.7207935539340156 ) ) ;
#4010 = CARTESIAN_POINT ( 'NONE',  ( -290.3003097539594819, 40.00000480987760199, 157.8421138974935047 ) ) ;
#4011 = ORIENTED_EDGE ( 'NONE', *, *, #5664, .T. ) ;
#4012 = CARTESIAN_POINT ( 'NONE',  ( -101.0029026679669926, 9.215926533998619163, 155.7207980243059922 ) ) ;
#4013 = DIRECTION ( 'NONE',  ( 0.000000000000000000, 0.000000000000000000, 1.000000000000000000 ) ) ;
#4014 = AXIS2_PLACEMENT_3D ( 'NONE', #9351, #4069, #7905 ) ;
#4015 = CARTESIAN_POINT ( 'NONE',  ( 150.3786849975589917, 22.12078094482420099, 158.7207935539340156 ) ) ;
#4016 = AXIS2_PLACEMENT_3D ( 'NONE', #4505, #7434, #4359 ) ;
#4017 = EDGE_LOOP ( 'NONE', ( #5287, #5761, #2948, #999 ) ) ;
#4018 = ORIENTED_EDGE ( 'NONE', *, *, #8719, .F. ) ;
#4019 = DIRECTION ( 'NONE',  ( 0.000000000000000000, 0.000000000000000000, 1.000000000000000000 ) ) ;
#4020 = CARTESIAN_POINT ( 'NONE',  ( 143.8209962844850054, 0.8786796564403590581, 157.8421138974935047 ) ) ;
#4021 = DIRECTION ( 'NONE',  ( 0.000000000000000000, 0.000000000000000000, 1.000000000000000000 ) ) ;
#4022 = ORIENTED_EDGE ( 'NONE', *, *, #2101, .T. ) ;
#4023 = EDGE_CURVE ( 'NONE', #7230, #1926, #1231, .T. ) ;
#4024 = CARTESIAN_POINT ( 'NONE',  ( -290.5806893553620398, 67.33520295023299695, 157.5609272248260027 ) ) ;
#4025 = CIRCLE ( 'NONE', #9393, 12.90484428405769712 ) ;
#4026 = ORIENTED_EDGE ( 'NONE', *, *, #2108, .F. ) ;
#4027 = CARTESIAN_POINT ( 'NONE',  ( 80.65758528230271907, 22.12078010271750017, 158.7207935539340156 ) ) ;
#4028 = LINE ( 'NONE', #2540, #9235 ) ;
#4029 = CARTESIAN_POINT ( 'NONE',  ( 193.9052068482663458, 117.4188356543204037, 183.1721121277129782 ) ) ;
#4030 = ORIENTED_EDGE ( 'NONE', *, *, #3542, .F. ) ;
#4031 = EDGE_CURVE ( 'NONE', #4846, #2293, #5281, .T. ) ;
#4032 = CARTESIAN_POINT ( 'NONE',  ( 48.73295426496270011, 6.215924776715159084, 155.7207935539340156 ) ) ;
#4033 = VERTEX_POINT ( 'NONE', #4479 ) ;
#4034 = DIRECTION ( 'NONE',  ( 1.000000000000000000, 0.000000000000000000, 0.000000000000000000 ) ) ;
#4035 = ADVANCED_FACE ( 'NONE', ( #8987 ), #6026, .T. ) ;
#4036 = DIRECTION ( 'NONE',  ( 0.000000000000000000, 0.000000000000000000, 1.000000000000000000 ) ) ;
#4037 = ORIENTED_EDGE ( 'NONE', *, *, #7982, .F. ) ;
#4038 = CARTESIAN_POINT ( 'NONE',  ( 53.98373413085939632, 22.12078094482420099, 158.7207935539340156 ) ) ;
#4039 = CARTESIAN_POINT ( 'NONE',  ( 166.9408770293939881, 76.52168743035359455, 183.5371495342995161 ) ) ;
#4040 = ORIENTED_EDGE ( 'NONE', *, *, #8930, .F. ) ;
#4041 = CARTESIAN_POINT ( 'NONE',  ( 286.7439382865565562, 62.54500562889857207, 158.7219005584062188 ) ) ;
#4042 = LINE ( 'NONE', #8984, #6089 ) ;
#4043 = CARTESIAN_POINT ( 'NONE',  ( -97.12369053507046601, 137.8431936496307060, 181.8262925440597257 ) ) ;
#4044 = CARTESIAN_POINT ( 'NONE',  ( 284.4804127732225538, 79.71382252831557480, 183.6772122343620879 ) ) ;
#4045 = VERTEX_POINT ( 'NONE', #2322 ) ;
#4046 = CIRCLE ( 'NONE', #7248, 15.90485382080081322 ) ;
#4047 = VERTEX_POINT ( 'NONE', #7408 ) ;
#4048 = ADVANCED_FACE ( 'NONE', ( #4571 ), #1124, .T. ) ;
#4049 = DIRECTION ( 'NONE',  ( 0.9999999999999994449, 3.520767215778358483E-08, -1.644625622528739448E-14 ) ) ;
#4050 = DIRECTION ( 'NONE',  ( -1.000000000000000000, 0.000000000000000000, 0.000000000000000000 ) ) ;
#4051 = CARTESIAN_POINT ( 'NONE',  ( 80.65757735632520564, 22.12077994439449569, 155.7207935539340156 ) ) ;
#4052 = ORIENTED_EDGE ( 'NONE', *, *, #2593, .F. ) ;
#4053 = EDGE_LOOP ( 'NONE', ( #4212, #3831, #2251, #4744, #3335 ) ) ;
#4054 = CARTESIAN_POINT ( 'NONE',  ( -291.1789894103999927, 98.89977624330829542, 179.8427909302159833 ) ) ;
#4055 = TOROIDAL_SURFACE ( 'NONE', #7881, 15.90485382080079901, 3.000000000000000000 ) ;
#4056 = DIRECTION ( 'NONE',  ( 1.000000000000000000, 0.000000000000000000, 0.000000000000000000 ) ) ;
#4057 = ORIENTED_EDGE ( 'NONE', *, *, #1509, .F. ) ;
#4058 = DIRECTION ( 'NONE',  ( 1.000000000000000000, -3.632510143678719152E-17, 0.000000000000000000 ) ) ;
#4059 = DIRECTION ( 'NONE',  ( 1.000000000000000000, 0.000000000000000000, 0.000000000000000000 ) ) ;
#4060 = CIRCLE ( 'NONE', #5271, 3.000000000000039080 ) ;
#4061 = DIRECTION ( 'NONE',  ( 1.000000000000000000, -3.029124098583790169E-17, 0.000000000000000000 ) ) ;
#4062 = EDGE_CURVE ( 'NONE', #3606, #6788, #8943, .T. ) ;
#4063 = ORIENTED_EDGE ( 'NONE', *, *, #280, .F. ) ;
#4064 = CIRCLE ( 'NONE', #9427, 5.000000000000004441 ) ;
#4065 = VECTOR ( 'NONE', #6562, 1000.000000000000000 ) ;
#4066 = EDGE_LOOP ( 'NONE', ( #8823, #6674, #2925, #4317 ) ) ;
#4067 = CARTESIAN_POINT ( 'NONE',  ( 283.4364776611420211, 22.12078094482420099, 155.7207935539340156 ) ) ;
#4068 = CARTESIAN_POINT ( 'NONE',  ( -101.0028839111329972, 76.52169227600100498, 178.7207935539339871 ) ) ;
#4069 = DIRECTION ( 'NONE',  ( 0.000000000000000000, 0.000000000000000000, -1.000000000000000000 ) ) ;
#4070 = ORIENTED_EDGE ( 'NONE', *, *, #4334, .T. ) ;
#4071 = CARTESIAN_POINT ( 'NONE',  ( -94.67898941040009220, 119.8311360573549962, 181.2207935539339871 ) ) ;
#4072 = ORIENTED_EDGE ( 'NONE', *, *, #4172, .F. ) ;
#4073 = LINE ( 'NONE', #6271, #5675 ) ;
#4074 = CARTESIAN_POINT ( 'NONE',  ( -287.9502762892560099, 98.00129920834669406, 183.3909355523880151 ) ) ;
#4075 = AXIS2_PLACEMENT_3D ( 'NONE', #1843, #1211, #9137 ) ;
#4076 = CARTESIAN_POINT ( 'NONE',  ( -83.01555633544920454, 94.42653656005860796, 178.7207935539339871 ) ) ;
#4077 = ORIENTED_EDGE ( 'NONE', *, *, #2581, .F. ) ;
#4078 = DIRECTION ( 'NONE',  ( -1.000000000000000000, 8.326672684687949879E-15, 0.000000000000000000 ) ) ;
#4079 = CARTESIAN_POINT ( 'NONE',  ( 150.3786849975589917, 89.42653656005859375, 158.7207935539340156 ) ) ;
#4080 = CARTESIAN_POINT ( 'NONE',  ( 150.3786849975589917, 89.42653656005859375, 148.7207935539339871 ) ) ;
#4081 = ORIENTED_EDGE ( 'NONE', *, *, #1744, .T. ) ;
#4082 = ADVANCED_FACE ( 'NONE', ( #8173 ), #153, .T. ) ;
#4083 = CARTESIAN_POINT ( 'NONE',  ( -152.7366447448729900, 35.02563476562500000, 158.7207935539340156 ) ) ;
#4084 = VECTOR ( 'NONE', #5089, 1000.000000000000000 ) ;
#4085 = EDGE_CURVE ( 'NONE', #4119, #5350, #197, .T. ) ;
#4086 = ADVANCED_FACE ( 'NONE', ( #5597 ), #4923, .T. ) ;
#4087 = DIRECTION ( 'NONE',  ( 0.000000000000000000, 0.000000000000000000, -1.000000000000000000 ) ) ;
#4088 = VERTEX_POINT ( 'NONE', #5646 ) ;
#4089 = CARTESIAN_POINT ( 'NONE',  ( 165.5982247771704863, 76.52168743035359455, 178.7207935539339871 ) ) ;
#4090 = CARTESIAN_POINT ( 'NONE',  ( -83.01557525061218712, 22.12077759886830108, 142.8159395102457836 ) ) ;
#4091 = FACE_OUTER_BOUND ( 'NONE', #3989, .T. ) ;
#4092 = LINE ( 'NONE', #1297, #2681 ) ;
#4093 = ORIENTED_EDGE ( 'NONE', *, *, #134, .T. ) ;
#4094 = VERTEX_POINT ( 'NONE', #7036 ) ;
#4095 = FACE_OUTER_BOUND ( 'NONE', #6291, .T. ) ;
#4096 = ADVANCED_FACE ( 'NONE', ( #5696 ), #3304, .T. ) ;
#4097 = AXIS2_PLACEMENT_3D ( 'NONE', #7026, #6876, #5436 ) ;
#4098 = DIRECTION ( 'NONE',  ( 0.000000000000000000, -1.000000000000000000, 0.000000000000000000 ) ) ;
#4099 = DIRECTION ( 'NONE',  ( 2.419605351497754917E-15, -1.000000000000000000, 0.000000000000000000 ) ) ;
#4100 = ORIENTED_EDGE ( 'NONE', *, *, #1037, .T. ) ;
#4101 = ORIENTED_EDGE ( 'NONE', *, *, #7564, .T. ) ;
#4102 = AXIS2_PLACEMENT_3D ( 'NONE', #5368, #8260, #6905 ) ;
#4103 = FACE_OUTER_BOUND ( 'NONE', #3055, .T. ) ;
#4104 = DIRECTION ( 'NONE',  ( 0.000000000000000000, 0.000000000000000000, -1.000000000000000000 ) ) ;
#4105 = AXIS2_PLACEMENT_3D ( 'NONE', #3482, #2773, #5692 ) ;
#4106 = DIRECTION ( 'NONE',  ( -9.251858538542973800E-15, 1.000000000000000000, 0.000000000000000000 ) ) ;
#4107 = ORIENTED_EDGE ( 'NONE', *, *, #3754, .T. ) ;
#4108 = DIRECTION ( 'NONE',  ( 1.000000000000000000, -4.873511200959419328E-18, -4.873511200959399298E-18 ) ) ;
#4109 = CARTESIAN_POINT ( 'NONE',  ( 200.0055162595457432, 78.70061637060817361, 183.5552664406708061 ) ) ;
#4110 = EDGE_CURVE ( 'NONE', #2154, #6887, #4046, .T. ) ;
#4111 = CARTESIAN_POINT ( 'NONE',  ( 115.5181161756260337, 80.06650133982779494, 183.6766022542959433 ) ) ;
#4112 = CIRCLE ( 'NONE', #7017, 5.000000000000004441 ) ;
#4113 = AXIS2_PLACEMENT_3D ( 'NONE', #6191, #9128, #1739 ) ;
#4114 = VERTEX_POINT ( 'NONE', #9253 ) ;
#4115 = ORIENTED_EDGE ( 'NONE', *, *, #7862, .F. ) ;
#4116 = DIRECTION ( 'NONE',  ( 1.000000000000000000, 0.000000000000000000, 0.000000000000000000 ) ) ;
#4117 = DIRECTION ( 'NONE',  ( 0.000000000000000000, 0.000000000000000000, 1.000000000000000000 ) ) ;
#4118 = CARTESIAN_POINT ( 'NONE',  ( 267.5316238403320312, 89.42653656005859375, 150.7207935539340156 ) ) ;
#4119 = VERTEX_POINT ( 'NONE', #7665 ) ;
#4120 = CIRCLE ( 'NONE', #6251, 5.000000000000004441 ) ;
#4121 = DIRECTION ( 'NONE',  ( 0.000000000000000000, 0.000000000000000000, -1.000000000000000000 ) ) ;
#4122 = ORIENTED_EDGE ( 'NONE', *, *, #8424, .T. ) ;
#4123 = DIRECTION ( 'NONE',  ( 0.000000000000000000, 0.000000000000000000, 1.000000000000000000 ) ) ;
#4124 = CARTESIAN_POINT ( 'NONE',  ( -291.1789894103999927, 99.48037732825460466, 178.7207935539339871 ) ) ;
#4125 = CARTESIAN_POINT ( 'NONE',  ( 200.0055229096807068, 73.71164635337008519, 183.5830555226804393 ) ) ;
#4126 = EDGE_LOOP ( 'NONE', ( #330, #7706, #8298, #3452 ) ) ;
#4127 = VECTOR ( 'NONE', #4482, 1000.000000000000000 ) ;
#4128 = CARTESIAN_POINT ( 'NONE',  ( -288.6789894103999927, 160.0000186159350051, 123.7207935539339871 ) ) ;
#4129 = CARTESIAN_POINT ( 'NONE',  ( 285.4364681243894779, 76.52169227600090551, 178.7207935539339871 ) ) ;
#4130 = CARTESIAN_POINT ( 'NONE',  ( -51.09094142913819780, 94.42653656005860796, 178.7207935539339871 ) ) ;
#4131 = AXIS2_PLACEMENT_3D ( 'NONE', #7196, #615, #8736 ) ;
#4132 = ORIENTED_EDGE ( 'NONE', *, *, #232, .T. ) ;
#4133 = AXIS2_PLACEMENT_3D ( 'NONE', #2559, #4664, #391 ) ;
#4134 = LINE ( 'NONE', #5755, #4469 ) ;
#4135 = ADVANCED_FACE ( 'NONE', ( #1911 ), #6478, .T. ) ;
#4136 = CIRCLE ( 'NONE', #8870, 5.000000000000004441 ) ;
#4137 = ORIENTED_EDGE ( 'NONE', *, *, #508, .T. ) ;
#4138 = DIRECTION ( 'NONE',  ( 0.000000000000000000, -1.000000000000000000, 0.000000000000000000 ) ) ;
#4139 = AXIS2_PLACEMENT_3D ( 'NONE', #2647, #7866, #6228 ) ;
#4140 = AXIS2_PLACEMENT_3D ( 'NONE', #6590, #6539, #2909 ) ;
#4141 = DIRECTION ( 'NONE',  ( 1.000000000000000000, 0.000000000000000000, 0.000000000000000000 ) ) ;
#4142 = DIRECTION ( 'NONE',  ( 0.000000000000000000, 0.000000000000000000, -1.000000000000000000 ) ) ;
#4143 = EDGE_LOOP ( 'NONE', ( #3312, #849, #6622, #8631, #5529, #8838 ) ) ;
#4144 = ORIENTED_EDGE ( 'NONE', *, *, #6340, .T. ) ;
#4145 = EDGE_CURVE ( 'NONE', #8551, #577, #2682, .T. ) ;
#4146 = LINE ( 'NONE', #1343, #2023 ) ;
#4147 = CIRCLE ( 'NONE', #5204, 15.90485388537120492 ) ;
#4148 = DIRECTION ( 'NONE',  ( -1.000000000000000000, 0.000000000000000000, 0.000000000000000000 ) ) ;
#4149 = CIRCLE ( 'NONE', #7197, 33.00000000000000000 ) ;
#4150 = CARTESIAN_POINT ( 'NONE',  ( -261.1789894103999359, 76.32125139236450195, 183.7207935539340156 ) ) ;
#4151 = ORIENTED_EDGE ( 'NONE', *, *, #4110, .F. ) ;
#4152 = ORIENTED_EDGE ( 'NONE', *, *, #7898, .F. ) ;
#4153 = FACE_OUTER_BOUND ( 'NONE', #3848, .T. ) ;
#4154 = EDGE_CURVE ( 'NONE', #8745, #635, #5410, .T. ) ;
#4155 = CARTESIAN_POINT ( 'NONE',  ( -96.09728968963489137, 136.8167928041948187, 183.2795369371475260 ) ) ;
#4156 = SPHERICAL_SURFACE ( 'NONE', #3687, 12.90485404369440126 ) ;
#4157 = ORIENTED_EDGE ( 'NONE', *, *, #2139, .T. ) ;
#4158 = CARTESIAN_POINT ( 'NONE',  ( -62.68753156017800876, 123.8515090942380112, 158.7207935539340156 ) ) ;
#4159 = CARTESIAN_POINT ( 'NONE',  ( -289.1789920717250197, 160.0000186157149926, 123.7207935539339871 ) ) ;
#4160 = DIRECTION ( 'NONE',  ( 0.000000000000000000, 0.000000000000000000, -1.000000000000000000 ) ) ;
#4161 = EDGE_LOOP ( 'NONE', ( #2561, #3884, #6855, #2535 ) ) ;
#4162 = ORIENTED_EDGE ( 'NONE', *, *, #5609, .F. ) ;
#4163 = CARTESIAN_POINT ( 'NONE',  ( 200.6029815673829830, 22.12078094482420099, 155.7207935539340156 ) ) ;
#4164 = CYLINDRICAL_SURFACE ( 'NONE', #6637, 2.500000000000000888 ) ;
#4165 = DIRECTION ( 'NONE',  ( 0.000000000000000000, 0.000000000000000000, 1.000000000000000000 ) ) ;
#4166 = ORIENTED_EDGE ( 'NONE', *, *, #9149, .T. ) ;
#4167 = DIRECTION ( 'NONE',  ( -1.000000000000000000, 2.948799262674739905E-18, 2.948799262674744912E-18 ) ) ;
#4168 = LINE ( 'NONE', #6364, #3063 ) ;
#4169 = CIRCLE ( 'NONE', #5690, 12.90484428405769712 ) ;
#4170 = EDGE_CURVE ( 'NONE', #3650, #4521, #461, .T. ) ;
#4171 = DIRECTION ( 'NONE',  ( 0.000000000000000000, 0.000000000000000000, -1.000000000000000000 ) ) ;
#4172 = EDGE_CURVE ( 'NONE', #6915, #1742, #4193, .T. ) ;
#4173 = VECTOR ( 'NONE', #3941, 999.9999999999998863 ) ;
#4174 = DIRECTION ( 'NONE',  ( 0.000000000000000000, 0.000000000000000000, 1.000000000000000000 ) ) ;
#4175 = ORIENTED_EDGE ( 'NONE', *, *, #4863, .T. ) ;
#4176 = DIRECTION ( 'NONE',  ( -2.150785777198151406E-15, -1.732051036371922851E-07, -0.9999999999999850120 ) ) ;
#4177 = FACE_OUTER_BOUND ( 'NONE', #6752, .T. ) ;
#4178 = CARTESIAN_POINT ( 'NONE',  ( -290.4467563633670011, 158.9462378524260089, 123.7207935539339871 ) ) ;
#4179 = EDGE_LOOP ( 'NONE', ( #5110, #7497, #2169, #5412 ) ) ;
#4180 = DIRECTION ( 'NONE',  ( 0.000000000000000000, 0.000000000000000000, -1.000000000000000000 ) ) ;
#4181 = AXIS2_PLACEMENT_3D ( 'NONE', #1768, #4693, #7620 ) ;
#4182 = PLANE ( 'NONE',  #1056 ) ;
#4183 = CARTESIAN_POINT ( 'NONE',  ( -288.1789894103999927, 3.000000000000000000, 158.7207935539340156 ) ) ;
#4184 = DIRECTION ( 'NONE',  ( -0.9999999999999995559, -2.745767251132242168E-08, 0.000000000000000000 ) ) ;
#4185 = ORIENTED_EDGE ( 'NONE', *, *, #3498, .F. ) ;
#4186 = ORIENTED_EDGE ( 'NONE', *, *, #8136, .F. ) ;
#4187 = FACE_OUTER_BOUND ( 'NONE', #9297, .T. ) ;
#4188 = EDGE_CURVE ( 'NONE', #6962, #2888, #958, .T. ) ;
#4189 = CARTESIAN_POINT ( 'NONE',  ( -101.0028839111329972, 89.42653656005859375, 158.7207935539340156 ) ) ;
#4190 = ORIENTED_EDGE ( 'NONE', *, *, #4642, .T. ) ;
#4191 = DIRECTION ( 'NONE',  ( -0.9999999999999994449, 3.520767110108422804E-08, 4.167919408217197821E-16 ) ) ;
#4192 = CARTESIAN_POINT ( 'NONE',  ( -286.9867204365729663, 76.50615761001850501, 183.6551202965590051 ) ) ;
#4193 = CIRCLE ( 'NONE', #9102, 3.000000000000002665 ) ;
#4194 = FACE_OUTER_BOUND ( 'NONE', #7165, .T. ) ;
#4195 = DIRECTION ( 'NONE',  ( -3.259958546737109864E-16, 1.000000000000000000, 3.259958546737109864E-16 ) ) ;
#4196 = ORIENTED_EDGE ( 'NONE', *, *, #4493, .F. ) ;
#4197 = CARTESIAN_POINT ( 'NONE',  ( 200.0054609431329595, 79.83700512606741029, 183.6043600128855644 ) ) ;
#4198 = CIRCLE ( 'NONE', #3743, 3.000000000000002665 ) ;
#4199 = EDGE_CURVE ( 'NONE', #7334, #3485, #1900, .T. ) ;
#4200 = DIRECTION ( 'NONE',  ( 2.775557561562890168E-15, -1.000000000000000000, 0.000000000000000000 ) ) ;
#4201 = ORIENTED_EDGE ( 'NONE', *, *, #6186, .F. ) ;
#4202 = AXIS2_PLACEMENT_3D ( 'NONE', #1296, #2841, #568 ) ;
#4203 = AXIS2_PLACEMENT_3D ( 'NONE', #2833, #2877, #5113 ) ;
#4204 = EDGE_LOOP ( 'NONE', ( #8289, #6259, #213, #2994, #6134 ) ) ;
#4205 = EDGE_CURVE ( 'NONE', #7022, #4324, #1743, .T. ) ;
#4206 = ADVANCED_FACE ( 'NONE', ( #7713 ), #4649, .T. ) ;
#4207 = VERTEX_POINT ( 'NONE', #6314 ) ;
#4208 = FACE_OUTER_BOUND ( 'NONE', #1806, .T. ) ;
#4209 = CARTESIAN_POINT ( 'NONE',  ( -290.4482188859699932, 69.74005044523980246, 158.7207935535700187 ) ) ;
#4210 = EDGE_CURVE ( 'NONE', #7442, #2362, #3432, .T. ) ;
#4211 = CARTESIAN_POINT ( 'NONE',  ( 60.32955169677730112, 110.9465026855470029, 183.7207935539340156 ) ) ;
#4212 = ORIENTED_EDGE ( 'NONE', *, *, #7317, .F. ) ;
#4213 = DIRECTION ( 'NONE',  ( 0.000000000000000000, 0.000000000000000000, -1.000000000000000000 ) ) ;
#4214 = CARTESIAN_POINT ( 'NONE',  ( -185.8610559998519705, 22.12077808834190051, 158.7207935539340156 ) ) ;
#4215 = DIRECTION ( 'NONE',  ( 0.000000000000000000, 0.000000000000000000, -1.000000000000000000 ) ) ;
#4216 = VECTOR ( 'NONE', #8784, 1000.000000000000000 ) ;
#4217 = ADVANCED_FACE ( 'NONE', ( #1232 ), #4164, .T. ) ;
#4218 = FACE_OUTER_BOUND ( 'NONE', #1299, .T. ) ;
#4219 = VERTEX_POINT ( 'NONE', #8579 ) ;
#4220 = CARTESIAN_POINT ( 'NONE',  ( -290.4467563633670011, 158.9462378524260089, 123.7207935539339871 ) ) ;
#4221 = EDGE_CURVE ( 'NONE', #2932, #4519, #6508, .T. ) ;
#4222 = DIRECTION ( 'NONE',  ( -1.000000000000000000, -6.403948672269339736E-16, 0.000000000000000000 ) ) ;
#4223 = DIRECTION ( 'NONE',  ( 0.000000000000000000, 0.000000000000000000, -1.000000000000000000 ) ) ;
#4224 = VERTEX_POINT ( 'NONE', #6465 ) ;
#4225 = CIRCLE ( 'NONE', #4373, 12.90485404368839895 ) ;
#4226 = B_SPLINE_CURVE_WITH_KNOTS ( 'NONE', 3,
 ( #3890, #137, #3266, #5264, #7623 ),
 .UNSPECIFIED., .F., .F.,
 ( 4, 1, 4 ),
 ( 0.000000000000000000, 0.1428683891864234723, 1.000000000000000000 ),
 .UNSPECIFIED. ) ;
#4227 = DIRECTION ( 'NONE',  ( 1.000000000000000000, -2.589670037770049879E-17, 0.000000000000000000 ) ) ;
#4228 = DIRECTION ( 'NONE',  ( 0.000000000000000000, 0.000000000000000000, -1.000000000000000000 ) ) ;
#4229 = CIRCLE ( 'NONE', #7135, 12.90485382080079546 ) ;
#4230 = CARTESIAN_POINT ( 'NONE',  ( 267.5316238403315197, 8.337247467583051019, 157.8421138974935047 ) ) ;
#4231 = ADVANCED_FACE ( 'NONE', ( #3645 ), #7240, .T. ) ;
#4232 = CARTESIAN_POINT ( 'NONE',  ( -290.5120048450908712, 100.6623104986954473, 179.9440272419604696 ) ) ;
#4233 = DIRECTION ( 'NONE',  ( 0.000000000000000000, 1.000000000000000000, 0.000000000000000000 ) ) ;
#4234 = ORIENTED_EDGE ( 'NONE', *, *, #3876, .F. ) ;
#4235 = ORIENTED_EDGE ( 'NONE', *, *, #1280, .T. ) ;
#4236 = DIRECTION ( 'NONE',  ( -7.558965274043620048E-16, 1.000000000000000000, 0.000000000000000000 ) ) ;
#4237 = EDGE_CURVE ( 'NONE', #990, #4858, #2357, .T. ) ;
#4238 = CARTESIAN_POINT ( 'NONE',  ( -117.8761131993804554, 73.07234567830016658, 183.6739727709146450 ) ) ;
#4239 = ORIENTED_EDGE ( 'NONE', *, *, #6775, .F. ) ;
#4240 = CARTESIAN_POINT ( 'NONE',  ( 287.3560920573949602, 97.65102759271269406, 182.2559671125064824 ) ) ;
#4241 = TOROIDAL_SURFACE ( 'NONE', #2558, 17.90500640869139914, 5.000000000000000000 ) ;
#4242 = FACE_OUTER_BOUND ( 'NONE', #4053, .T. ) ;
#4243 = DIRECTION ( 'NONE',  ( 0.000000000000000000, 0.000000000000000000, 1.000000000000000000 ) ) ;
#4244 = DIRECTION ( 'NONE',  ( -1.000000000000000000, 0.000000000000000000, 0.000000000000000000 ) ) ;
#4245 = ORIENTED_EDGE ( 'NONE', *, *, #7602, .T. ) ;
#4246 = LINE ( 'NONE', #2817, #8726 ) ;
#4247 = ORIENTED_EDGE ( 'NONE', *, *, #7484, .T. ) ;
#4248 = ORIENTED_EDGE ( 'NONE', *, *, #1761, .T. ) ;
#4249 = CIRCLE ( 'NONE', #8232, 4.999999999999997335 ) ;
#4250 = ORIENTED_EDGE ( 'NONE', *, *, #8850, .F. ) ;
#4251 = CARTESIAN_POINT ( 'NONE',  ( -76.95782184600820131, 35.90431442206534740, 157.8421138974935047 ) ) ;
#4252 = CYLINDRICAL_SURFACE ( 'NONE', #5734, 2.999999999999995115 ) ;
#4253 = CARTESIAN_POINT ( 'NONE',  ( 80.65757769388380893, 38.02563398808290174, 155.7207935539340156 ) ) ;
#4254 = ORIENTED_EDGE ( 'NONE', *, *, #4281, .F. ) ;
#4255 = DIRECTION ( 'NONE',  ( 1.000000000000000000, 0.000000000000000000, 0.000000000000000000 ) ) ;
#4256 = DIRECTION ( 'NONE',  ( -1.000000000000000000, 0.000000000000000000, 0.000000000000000000 ) ) ;
#4257 = EDGE_CURVE ( 'NONE', #6034, #2823, #3696, .T. ) ;
#4258 = EDGE_CURVE ( 'NONE', #6463, #6697, #5567, .T. ) ;
#4259 = CARTESIAN_POINT ( 'NONE',  ( 94.82099151611289756, 118.9074145751319946, 181.2207935539339871 ) ) ;
#4260 = AXIS2_PLACEMENT_3D ( 'NONE', #4921, #7170, #7804 ) ;
#4261 = LINE ( 'NONE', #1188, #7166 ) ;
#4262 = EDGE_LOOP ( 'NONE', ( #6286, #8409, #6194, #444, #8694, #3322 ) ) ;
#4263 = CARTESIAN_POINT ( 'NONE',  ( 80.65757751464829539, 76.52169227600100498, 178.7207935539339871 ) ) ;
#4264 = VECTOR ( 'NONE', #4647, 1000.000000000000000 ) ;
#4265 = DIRECTION ( 'NONE',  ( 0.000000000000000000, -1.000000000000000000, 0.000000000000000000 ) ) ;
#4266 = EDGE_CURVE ( 'NONE', #1781, #4900, #811, .T. ) ;
#4267 = DIRECTION ( 'NONE',  ( 0.000000000000000000, 0.000000000000000000, -1.000000000000000000 ) ) ;
#4268 = ORIENTED_EDGE ( 'NONE', *, *, #6376, .F. ) ;
#4269 = CARTESIAN_POINT ( 'NONE',  ( 150.3786849975589917, 62.15238189787610423, 182.2563274598670091 ) ) ;
#4270 = AXIS2_PLACEMENT_3D ( 'NONE', #723, #4382, #5820 ) ;
#4271 = CARTESIAN_POINT ( 'NONE',  ( -291.1789894103999927, 74.13656232844938643, 156.7455035510184302 ) ) ;
#4272 = EDGE_CURVE ( 'NONE', #5379, #6887, #5868, .T. ) ;
#4273 = DIRECTION ( 'NONE',  ( 0.000000000000000000, 0.7071067811865447972, 0.7071067811865503483 ) ) ;
#4274 = VECTOR ( 'NONE', #567, 1000.000000000000000 ) ;
#4275 = DIRECTION ( 'NONE',  ( -4.224596829767913111E-08, -0.7071067811865480168, 0.7071067811865456854 ) ) ;
#4276 = FACE_OUTER_BOUND ( 'NONE', #7162, .T. ) ;
#4277 = ORIENTED_EDGE ( 'NONE', *, *, #8319, .F. ) ;
#4278 = AXIS2_PLACEMENT_3D ( 'NONE', #7435, #3694, #4456 ) ;
#4279 = EDGE_LOOP ( 'NONE', ( #2845, #2637 ) ) ;
#4280 = CARTESIAN_POINT ( 'NONE',  ( -45.45299509225770151, 89.49024581818839863, 182.2563274598670091 ) ) ;
#4281 = EDGE_CURVE ( 'NONE', #6486, #6324, #7100, .T. ) ;
#4282 = EDGE_CURVE ( 'NONE', #5648, #3012, #2669, .T. ) ;
#4283 = CARTESIAN_POINT ( 'NONE',  ( -117.8761134008452842, 73.07819368690073247, 183.6738113650728508 ) ) ;
#4284 = VERTEX_POINT ( 'NONE', #9412 ) ;
#4285 = DIRECTION ( 'NONE',  ( 0.000000000000000000, 0.000000000000000000, 1.000000000000000000 ) ) ;
#4286 = CARTESIAN_POINT ( 'NONE',  ( 183.5030736399640148, 22.12077808833640091, 158.7207935539340156 ) ) ;
#4287 = CARTESIAN_POINT ( 'NONE',  ( -45.45299509213570133, 57.21578598022460227, 183.7207935539340156 ) ) ;
#4288 = CIRCLE ( 'NONE', #144, 12.90484428405769712 ) ;
#4289 = CARTESIAN_POINT ( 'NONE',  ( 107.6644182205200053, 35.90431442206534740, 157.8421138974935047 ) ) ;
#4290 = ORIENTED_EDGE ( 'NONE', *, *, #4237, .T. ) ;
#4291 = VECTOR ( 'NONE', #6390, 1000.000000000000000 ) ;
#4292 = CARTESIAN_POINT ( 'NONE',  ( 133.1763124465940109, 8.337247467583070559, 157.8421138974935047 ) ) ;
#4293 = CARTESIAN_POINT ( 'NONE',  ( 80.65757751464838066, 89.42653656005859375, 158.7207935539340156 ) ) ;
#4294 = ORIENTED_EDGE ( 'NONE', *, *, #2149, .F. ) ;
#4295 = AXIS2_PLACEMENT_3D ( 'NONE', #73, #4302, #6542 ) ;
#4296 = ORIENTED_EDGE ( 'NONE', *, *, #9296, .F. ) ;
#4297 =( BOUNDED_CURVE ( )  B_SPLINE_CURVE ( 3, ( #8572, #2125, #7979, #7246 ),
 .UNSPECIFIED., .F., .T. ) 
 B_SPLINE_CURVE_WITH_KNOTS ( ( 4, 4 ),
 ( 4.712388980384689674, 5.497787143782139729 ),
 .UNSPECIFIED. ) 
 CURVE ( )  GEOMETRIC_REPRESENTATION_ITEM ( )  RATIONAL_B_SPLINE_CURVE ( ( 1.000000000000000000, 0.9492530216741910110, 0.9492530216741910110, 1.000000000000000000 ) ) 
 REPRESENTATION_ITEM ( '' )  );
#4298 = DIRECTION ( 'NONE',  ( 1.000000000000000000, 0.000000000000000000, 0.000000000000000000 ) ) ;
#4299 = DIRECTION ( 'NONE',  ( 3.520767011262991876E-08, 0.9999999999988892219, 1.490124283223080768E-06 ) ) ;
#4300 = VERTEX_POINT ( 'NONE', #2838 ) ;
#4301 = CARTESIAN_POINT ( 'NONE',  ( 183.5030736399810110, 76.52168743035359455, 178.7207935539339871 ) ) ;
#4302 = DIRECTION ( 'NONE',  ( -3.779482637021810024E-16, 1.000000000000000000, 3.779482637021810024E-16 ) ) ;
#4303 = CARTESIAN_POINT ( 'NONE',  ( 288.8209915161129970, 76.32125139236430300, 155.7207935539340156 ) ) ;
#4304 = CARTESIAN_POINT ( 'NONE',  ( 132.3913192749020027, 35.02563476562500000, 158.7207935539340156 ) ) ;
#4305 = VERTEX_POINT ( 'NONE', #6611 ) ;
#4306 = VERTEX_POINT ( 'NONE', #2973 ) ;
#4307 = EDGE_CURVE ( 'NONE', #7791, #2612, #3889, .T. ) ;
#4308 = CARTESIAN_POINT ( 'NONE',  ( -218.8657760620120314, 58.61684799194339490, 178.7207935539339871 ) ) ;
#4309 = LINE ( 'NONE', #2247, #2787 ) ;
#4310 = AXIS2_PLACEMENT_3D ( 'NONE', #7570, #6940, #362 ) ;
#4311 = CARTESIAN_POINT ( 'NONE',  ( 98.64489001653309685, 22.12077956539260271, 155.7207935539340156 ) ) ;
#4312 = CIRCLE ( 'NONE', #5990, 12.90485318971760265 ) ;
#4313 = DIRECTION ( 'NONE',  ( 0.000000000000000000, 0.000000000000000000, 1.000000000000000000 ) ) ;
#4314 = CARTESIAN_POINT ( 'NONE',  ( 192.3209915161129970, 114.5107393763349961, 183.7207935539340156 ) ) ;
#4315 = EDGE_CURVE ( 'NONE', #9158, #1953, #9258, .T. ) ;
#4316 = AXIS2_PLACEMENT_3D ( 'NONE', #1719, #4688, #1077 ) ;
#4317 = ORIENTED_EDGE ( 'NONE', *, *, #429, .T. ) ;
#4318 = DIRECTION ( 'NONE',  ( 0.000000000000000000, 0.000000000000000000, -1.000000000000000000 ) ) ;
#4319 = CIRCLE ( 'NONE', #2333, 12.90485382080080967 ) ;
#4320 = EDGE_CURVE ( 'NONE', #4337, #6953, #1384, .T. ) ;
#4321 = CARTESIAN_POINT ( 'NONE',  ( -110.0223875045780062, 6.215927124023419736, 155.7207935539340156 ) ) ;
#4322 = CARTESIAN_POINT ( 'NONE',  ( -290.4461645371185341, 100.7083103307516012, 179.9916336409965254 ) ) ;
#4323 = CARTESIAN_POINT ( 'NONE',  ( -288.6326541314929841, 63.56392586135950751, 159.3807319786699850 ) ) ;
#4324 = VERTEX_POINT ( 'NONE', #804 ) ;
#4325 = EDGE_LOOP ( 'NONE', ( #6254, #9099, #187, #6976, #6024, #8190 ) ) ;
#4326 = DIRECTION ( 'NONE',  ( 1.000000000000000000, 0.000000000000000000, 0.000000000000000000 ) ) ;
#4327 = CARTESIAN_POINT ( 'NONE',  ( -62.68753156123731429, 110.9465026855470029, 158.7207935539340156 ) ) ;
#4328 = CIRCLE ( 'NONE', #4477, 12.90484874797840398 ) ;
#4329 = CARTESIAN_POINT ( 'NONE',  ( -117.8761103101920042, 76.52169227600100498, 183.6132126426209936 ) ) ;
#4330 = ORIENTED_EDGE ( 'NONE', *, *, #5745, .T. ) ;
#4331 = CARTESIAN_POINT ( 'NONE',  ( -185.8610559998519705, 22.12077808834190051, 155.7207935539340156 ) ) ;
#4332 = CARTESIAN_POINT ( 'NONE',  ( -40.43682098388670454, 9.215927124023428618, 155.7207935539340156 ) ) ;
#4333 = B_SPLINE_CURVE_WITH_KNOTS ( 'NONE', 3,
 ( #8657, #1163, #1259, #1996, #538, #626, #1349, #7207, #6388, #1941, #4861, #1217, #3431, #579, #5724 ),
 .UNSPECIFIED., .F., .F.,
 ( 4, 2, 2, 1, 1, 1, 2, 2, 4 ),
 ( 0.000000000000000000, 0.2500000000001210698, 0.3750000000001816325, 0.4375000000002087774, 0.4687500000002197131, 0.4843750000002221001, 0.4921875000002235434, 0.5000000000002249312, 1.000000000000000000 ),
 .UNSPECIFIED. ) ;
#4334 = EDGE_CURVE ( 'NONE', #148, #7470, #657, .T. ) ;
#4335 = DIRECTION ( 'NONE',  ( -0.9999999999999998890, 1.226857397668939727E-08, -3.872322412532718981E-17 ) ) ;
#4336 = DIRECTION ( 'NONE',  ( 1.000000000000000000, 6.974437143599260226E-16, 0.000000000000000000 ) ) ;
#4337 = VERTEX_POINT ( 'NONE', #9453 ) ;
#4338 = DIRECTION ( 'NONE',  ( 8.208269194420983972E-11, 1.000000000000000000, 0.000000000000000000 ) ) ;
#4339 = CARTESIAN_POINT ( 'NONE',  ( 38.07888031005860086, 22.12078094482420099, 155.7207935539340156 ) ) ;
#4340 = ORIENTED_EDGE ( 'NONE', *, *, #7509, .T. ) ;
#4341 = AXIS2_PLACEMENT_3D ( 'NONE', #5076, #7193, #613 ) ;
#4342 = VERTEX_POINT ( 'NONE', #8824 ) ;
#4343 = CARTESIAN_POINT ( 'NONE',  ( 199.4079233357454939, 22.12077808833640091, 155.7207935539340156 ) ) ;
#4344 = ORIENTED_EDGE ( 'NONE', *, *, #8188, .T. ) ;
#4345 = CARTESIAN_POINT ( 'NONE',  ( -134.7493367092509970, 58.61684799194339490, 183.7207935539340156 ) ) ;
#4346 = CIRCLE ( 'NONE', #9265, 5.000000000000004441 ) ;
#4347 = CARTESIAN_POINT ( 'NONE',  ( -135.5343000258999950, 94.42653656005860796, 178.7207935539339871 ) ) ;
#4348 = EDGE_CURVE ( 'NONE', #4447, #545, #46, .T. ) ;
#4349 = CARTESIAN_POINT ( 'NONE',  ( -288.6789894103998790, 99.70189648182022779, 181.9831158843462333 ) ) ;
#4350 =( BOUNDED_CURVE ( )  B_SPLINE_CURVE ( 3, ( #1854, #7708, #2577, #7120 ),
 .UNSPECIFIED., .F., .F. ) 
 B_SPLINE_CURVE_WITH_KNOTS ( ( 4, 4 ),
 ( 4.712388980384689674, 5.315636896936950073 ),
 .UNSPECIFIED. ) 
 CURVE ( )  GEOMETRIC_REPRESENTATION_ITEM ( )  RATIONAL_B_SPLINE_CURVE ( ( 1.000000000000000000, 0.9699035447502799556, 0.9699035447502799556, 1.000000000000000000 ) ) 
 REPRESENTATION_ITEM ( '' )  );
#4351 = DIRECTION ( 'NONE',  ( -5.551115123125785858E-15, 1.000000000000000000, 0.000000000000000000 ) ) ;
#4352 = CIRCLE ( 'NONE', #8922, 15.90485382080079901 ) ;
#4353 = ORIENTED_EDGE ( 'NONE', *, *, #3577, .T. ) ;
#4354 = ORIENTED_EDGE ( 'NONE', *, *, #2744, .T. ) ;
#4355 = CYLINDRICAL_SURFACE ( 'NONE', #2456, 2.999999999999999112 ) ;
#4356 = CARTESIAN_POINT ( 'NONE',  ( 80.65757719800099323, 9.215925900706819718, 155.7207980243069869 ) ) ;
#4357 = DIRECTION ( 'NONE',  ( 0.000000000000000000, 0.000000000000000000, 1.000000000000000000 ) ) ;
#4358 = EDGE_CURVE ( 'NONE', #7351, #4685, #7871, .T. ) ;
#4359 = DIRECTION ( 'NONE',  ( -9.251858538542973800E-15, 1.000000000000000000, 0.000000000000000000 ) ) ;
#4360 = CARTESIAN_POINT ( 'NONE',  ( -135.5343000258999950, 94.42653656005860796, 183.7207935539340156 ) ) ;
#4361 = ORIENTED_EDGE ( 'NONE', *, *, #9088, .T. ) ;
#4362 = DIRECTION ( 'NONE',  ( 0.000000000000000000, 0.000000000000000000, -1.000000000000000000 ) ) ;
#4363 = CIRCLE ( 'NONE', #8965, 12.90500640869139737 ) ;
#4364 = CARTESIAN_POINT ( 'NONE',  ( 29.57527637481700111, 93.04149627685549717, 178.7207935539339871 ) ) ;
#4365 = DIRECTION ( 'NONE',  ( 1.000000000000000000, 4.452580259935949960E-17, 0.000000000000000000 ) ) ;
#4366 = CARTESIAN_POINT ( 'NONE',  ( -291.1789864161759738, 76.30624586405640741, 155.7272371998509755 ) ) ;
#4367 = VERTEX_POINT ( 'NONE', #7282 ) ;
#4368 = ORIENTED_EDGE ( 'NONE', *, *, #4573, .T. ) ;
#4369 = CARTESIAN_POINT ( 'NONE',  ( 150.3786849975589917, 35.02563476562500000, 155.7207935539340156 ) ) ;
#4370 = CARTESIAN_POINT ( 'NONE',  ( 216.5078370686659923, 89.42653656005859375, 150.7207935539340156 ) ) ;
#4371 = EDGE_CURVE ( 'NONE', #802, #5229, #8777, .T. ) ;
#4372 = ADVANCED_FACE ( 'NONE', ( #2207 ), #5164, .T. ) ;
#4373 = AXIS2_PLACEMENT_3D ( 'NONE', #4051, #8610, #7110 ) ;
#4374 = DIRECTION ( 'NONE',  ( 0.000000000000000000, 0.000000000000000000, -1.000000000000000000 ) ) ;
#4375 = ORIENTED_EDGE ( 'NONE', *, *, #1085, .T. ) ;
#4376 = LINE ( 'NONE', #3608, #423 ) ;
#4377 = DIRECTION ( 'NONE',  ( 0.000000000000000000, 0.000000000000000000, 1.000000000000000000 ) ) ;
#4378 = FACE_OUTER_BOUND ( 'NONE', #1808, .T. ) ;
#4379 = VERTEX_POINT ( 'NONE', #2793 ) ;
#4380 = EDGE_CURVE ( 'NONE', #4526, #6012, #4783, .T. ) ;
#4381 = CARTESIAN_POINT ( 'NONE',  ( 114.4864806570912066, 76.52169227600100498, 178.7207935539339871 ) ) ;
#4382 = DIRECTION ( 'NONE',  ( 1.000000000000000000, 0.000000000000000000, 0.000000000000000000 ) ) ;
#4383 = VERTEX_POINT ( 'NONE', #2351 ) ;
#4384 = ORIENTED_EDGE ( 'NONE', *, *, #6799, .T. ) ;
#4385 = FACE_OUTER_BOUND ( 'NONE', #1859, .T. ) ;
#4386 = CARTESIAN_POINT ( 'NONE',  ( -45.45299509213570133, 60.75131988615729739, 182.2563274598670091 ) ) ;
#4387 = ORIENTED_EDGE ( 'NONE', *, *, #2383, .F. ) ;
#4388 = VECTOR ( 'NONE', #6405, 1000.000000000000000 ) ;
#4389 = LINE ( 'NONE', #7315, #248 ) ;
#4390 = CARTESIAN_POINT ( 'NONE',  ( 288.0902209916829975, 69.74005044523980246, 158.7207935535700187 ) ) ;
#4391 = CARTESIAN_POINT ( 'NONE',  ( 284.6287328630795059, 76.50618139931739847, 183.6551186074295003 ) ) ;
#4392 = DIRECTION ( 'NONE',  ( 1.000000000000000000, 5.551115123125790591E-15, 0.000000000000000000 ) ) ;
#4393 = AXIS2_PLACEMENT_3D ( 'NONE', #3243, #9051, #5391 ) ;
#4394 = EDGE_CURVE ( 'NONE', #2952, #7791, #5216, .T. ) ;
#4395 = EDGE_LOOP ( 'NONE', ( #7661, #2921, #484, #7124, #4239, #647 ) ) ;
#4396 = ORIENTED_EDGE ( 'NONE', *, *, #8683, .F. ) ;
#4397 = CIRCLE ( 'NONE', #5193, 12.90485334804940187 ) ;
#4398 = VECTOR ( 'NONE', #4223, 1000.000000000000000 ) ;
#4399 = DIRECTION ( 'NONE',  ( -1.000000000000000000, 0.000000000000000000, 0.000000000000000000 ) ) ;
#4400 = CARTESIAN_POINT ( 'NONE',  ( 288.8209915161129970, 76.32125139236430300, 155.7207935539340156 ) ) ;
#4401 = DIRECTION ( 'NONE',  ( 0.000000000000000000, 0.000000000000000000, -1.000000000000000000 ) ) ;
#4402 = CIRCLE ( 'NONE', #3953, 12.90485382080079546 ) ;
#4403 = CARTESIAN_POINT ( 'NONE',  ( 194.0887584690794938, 117.6023872751334096, 182.9885605069005123 ) ) ;
#4404 = FACE_OUTER_BOUND ( 'NONE', #2990, .T. ) ;
#4405 = ORIENTED_EDGE ( 'NONE', *, *, #6294, .F. ) ;
#4406 = CARTESIAN_POINT ( 'NONE',  ( -110.0223875045780062, 58.61684799194339490, 178.7207935539339871 ) ) ;
#4407 = AXIS2_PLACEMENT_3D ( 'NONE', #8169, #8030, #6 ) ;
#4408 = CARTESIAN_POINT ( 'NONE',  ( 258.8209915161129970, 76.32125139236430300, 178.7207935539339871 ) ) ;
#4409 = DIRECTION ( 'NONE',  ( 0.000000000000000000, 0.5673201116935693289, 0.8234973532853619993 ) ) ;
#4410 = CARTESIAN_POINT ( 'NONE',  ( -289.2248478788080206, 65.61491599615808923, 159.9382031029880125 ) ) ;
#4411 = ORIENTED_EDGE ( 'NONE', *, *, #1807, .T. ) ;
#4412 = ADVANCED_FACE ( 'NONE', ( #7712 ), #9153, .T. ) ;
#4413 = ORIENTED_EDGE ( 'NONE', *, *, #8314, .F. ) ;
#4414 = LINE ( 'NONE', #1438, #4216 ) ;
#4415 = CARTESIAN_POINT ( 'NONE',  ( 18.44994068145760124, 6.215927124023430395, 155.7207935539340156 ) ) ;
#4416 = AXIS2_PLACEMENT_3D ( 'NONE', #8339, #2384, #4725 ) ;
#4417 = CARTESIAN_POINT ( 'NONE',  ( 280.4364681243894779, 76.52169227600100498, 178.7207935539339871 ) ) ;
#4418 = ORIENTED_EDGE ( 'NONE', *, *, #4724, .F. ) ;
#4419 = CARTESIAN_POINT ( 'NONE',  ( 143.8209962844850054, 3.000000000000000000, 158.7207935539340156 ) ) ;
#4420 = ORIENTED_EDGE ( 'NONE', *, *, #8612, .T. ) ;
#4421 = CARTESIAN_POINT ( 'NONE',  ( -289.9813212399998861, 101.0264004411822043, 180.3208380686238002 ) ) ;
#4422 = EDGE_LOOP ( 'NONE', ( #7525, #8348, #2772, #5511, #5965, #4543, #8385 ) ) ;
#4423 = AXIS2_PLACEMENT_3D ( 'NONE', #5140, #11, #5865 ) ;
#4424 = CYLINDRICAL_SURFACE ( 'NONE', #2253, 12.90484791500049511 ) ;
#4425 = EDGE_CURVE ( 'NONE', #5039, #8745, #8793, .T. ) ;
#4426 = DIRECTION ( 'NONE',  ( 0.000000000000000000, 0.000000000000000000, -1.000000000000000000 ) ) ;
#4427 = CARTESIAN_POINT ( 'NONE',  ( 216.5078370698039976, 76.52169227600100498, 183.7207935539340156 ) ) ;
#4428 = ORIENTED_EDGE ( 'NONE', *, *, #9135, .T. ) ;
#4429 = VECTOR ( 'NONE', #2467, 1000.000000000000000 ) ;
#4430 = CARTESIAN_POINT ( 'NONE',  ( -83.01555633544920454, 76.52169227600100498, 158.7207935539340156 ) ) ;
#4431 = CARTESIAN_POINT ( 'NONE',  ( 64.75273139693150881, 22.12078010271750017, 155.7207935539340156 ) ) ;
#4432 = ORIENTED_EDGE ( 'NONE', *, *, #803, .T. ) ;
#4433 = VECTOR ( 'NONE', #5354, 1000.000000000000000 ) ;
#4434 = ORIENTED_EDGE ( 'NONE', *, *, #6781, .F. ) ;
#4435 = ADVANCED_FACE ( 'NONE', ( #896 ), #88, .T. ) ;
#4436 = CARTESIAN_POINT ( 'NONE',  ( -101.0028879108200073, 22.12077988203879997, 155.7207935539340156 ) ) ;
#4437 = AXIS2_PLACEMENT_3D ( 'NONE', #8681, #8769, #8816 ) ;
#4438 = APPLICATION_PROTOCOL_DEFINITION ( 'draft international standard', 'automotive_design', 1998, #2275 ) ;
#4439 = DIRECTION ( 'NONE',  ( -1.000000000000000000, -1.226857528067280007E-08, -2.580592422852214794E-17 ) ) ;
#4440 = ORIENTED_EDGE ( 'NONE', *, *, #6655, .F. ) ;
#4441 = CARTESIAN_POINT ( 'NONE',  ( 132.3913192749020027, 9.215927124023428618, 158.7207935539340156 ) ) ;
#4442 = DIRECTION ( 'NONE',  ( 0.000000000000000000, -0.7071067811865447972, 0.7071067811865503483 ) ) ;
#4443 = CARTESIAN_POINT ( 'NONE',  ( 288.3908867425869857, 68.48977035478340269, 157.3499438883119979 ) ) ;
#4444 = CIRCLE ( 'NONE', #2614, 3.000000000000002665 ) ;
#4445 = FACE_OUTER_BOUND ( 'NONE', #2257, .T. ) ;
#4446 = AXIS2_PLACEMENT_3D ( 'NONE', #5001, #5728, #4956 ) ;
#4447 = VERTEX_POINT ( 'NONE', #6262 ) ;
#4448 = ORIENTED_EDGE ( 'NONE', *, *, #5144, .T. ) ;
#4449 = ORIENTED_EDGE ( 'NONE', *, *, #7385, .F. ) ;
#4450 = CARTESIAN_POINT ( 'NONE',  ( -169.9562072518734794, 22.12077808834190051, 158.7207935539340156 ) ) ;
#4451 = CARTESIAN_POINT ( 'NONE',  ( -152.7366433887729897, 76.52169227600100498, 178.7207935539339871 ) ) ;
#4452 = EDGE_CURVE ( 'NONE', #366, #9197, #7437, .T. ) ;
#4453 = ADVANCED_FACE ( 'NONE', ( #5987 ), #6644, .T. ) ;
#4454 = CARTESIAN_POINT ( 'NONE',  ( -116.9077412588693932, 22.12077988203879997, 155.7207935539340156 ) ) ;
#4455 =( LENGTH_UNIT ( ) NAMED_UNIT ( * ) SI_UNIT ( .MILLI., .METRE. ) );
#4456 = DIRECTION ( 'NONE',  ( 0.000000000000000000, -0.7071067811865453523, 0.7071067811865495711 ) ) ;
#4457 = EDGE_LOOP ( 'NONE', ( #6440, #5282, #2849, #4247, #6008, #7519, #3523 ) ) ;
#4458 = DIRECTION ( 'NONE',  ( 1.000000000000000000, 0.000000000000000000, 0.000000000000000000 ) ) ;
#4459 = VECTOR ( 'NONE', #2874, 1000.000000000000000 ) ;
#4460 = CYLINDRICAL_SURFACE ( 'NONE', #288, 3.000000000000003997 ) ;
#4461 = AXIS2_PLACEMENT_3D ( 'NONE', #9282, #7785, #2846 ) ;
#4462 = DIRECTION ( 'NONE',  ( 0.000000000000000000, 0.000000000000000000, 1.000000000000000000 ) ) ;
#4463 = CARTESIAN_POINT ( 'NONE',  ( -291.1789894103999927, 76.32125139236450195, 155.7207935539340156 ) ) ;
#4464 = EDGE_LOOP ( 'NONE', ( #5088, #4819, #9383, #247 ) ) ;
#4465 = CARTESIAN_POINT ( 'NONE',  ( 216.5078370686659923, 90.89100265412589863, 182.2563274598670091 ) ) ;
#4466 = FACE_OUTER_BOUND ( 'NONE', #7493, .T. ) ;
#4467 = CIRCLE ( 'NONE', #1873, 15.90485382080081322 ) ;
#4468 = EDGE_CURVE ( 'NONE', #7047, #8596, #4346, .T. ) ;
#4469 = VECTOR ( 'NONE', #4227, 1000.000000000000000 ) ;
#4470 = CARTESIAN_POINT ( 'NONE',  ( 285.5922784922119604, 98.00129925732470326, 183.3909357296860207 ) ) ;
#4471 = VERTEX_POINT ( 'NONE', #4826 ) ;
#4472 = ORIENTED_EDGE ( 'NONE', *, *, #2671, .F. ) ;
#4473 = CARTESIAN_POINT ( 'NONE',  ( -290.3028706020593290, 69.09097795377857665, 158.7207947484410511 ) ) ;
#4474 = ORIENTED_EDGE ( 'NONE', *, *, #407, .F. ) ;
#4475 = LINE ( 'NONE', #1494, #6383 ) ;
#4476 = CARTESIAN_POINT ( 'NONE',  ( 287.3560920573949602, 97.65102759271269406, 182.2559671125064824 ) ) ;
#4477 = AXIS2_PLACEMENT_3D ( 'NONE', #3249, #4587, #6062 ) ;
#4478 = EDGE_CURVE ( 'NONE', #6778, #5208, #851, .T. ) ;
#4479 = CARTESIAN_POINT ( 'NONE',  ( -291.1789894103999927, -3.552713678800499667E-14, 123.7207935539339871 ) ) ;
#4480 = VERTEX_POINT ( 'NONE', #4729 ) ;
#4481 = DIRECTION ( 'NONE',  ( 3.029124098583790169E-17, 1.000000000000000000, 0.000000000000000000 ) ) ;
#4482 = DIRECTION ( 'NONE',  ( -1.000000000000000000, 3.029120467170619751E-17, 0.000000000000000000 ) ) ;
#4483 = VERTEX_POINT ( 'NONE', #3793 ) ;
#4484 = AXIS2_PLACEMENT_3D ( 'NONE', #8666, #2047, #4338 ) ;
#4485 = ORIENTED_EDGE ( 'NONE', *, *, #3112, .T. ) ;
#4486 = DIRECTION ( 'NONE',  ( 0.000000000000000000, -0.7191424945380946454, 0.6948626285457626395 ) ) ;
#4487 = DIRECTION ( 'NONE',  ( 0.000000000000000000, 1.000000000000000000, 0.000000000000000000 ) ) ;
#4488 = ORIENTED_EDGE ( 'NONE', *, *, #1795, .T. ) ;
#4489 = EDGE_CURVE ( 'NONE', #2504, #9144, #4198, .T. ) ;
#4490 = FACE_OUTER_BOUND ( 'NONE', #2497, .T. ) ;
#4491 = EDGE_CURVE ( 'NONE', #6500, #1945, #5576, .T. ) ;
#4492 = DIRECTION ( 'NONE',  ( -1.000000000000000000, 1.159225409079259972E-17, -1.159225409079261975E-17 ) ) ;
#4493 = EDGE_CURVE ( 'NONE', #2220, #1787, #3421, .T. ) ;
#4494 = ADVANCED_FACE ( 'NONE', ( #1073 ), #1750, .T. ) ;
#4495 = DIRECTION ( 'NONE',  ( 0.7071067811865475727, 0.000000000000000000, 0.7071067811865475727 ) ) ;
#4496 = VERTEX_POINT ( 'NONE', #8155 ) ;
#4497 = EDGE_CURVE ( 'NONE', #1763, #2178, #1428, .T. ) ;
#4498 = ORIENTED_EDGE ( 'NONE', *, *, #7373, .F. ) ;
#4499 = ORIENTED_EDGE ( 'NONE', *, *, #6244, .F. ) ;
#4500 = DIRECTION ( 'NONE',  ( 1.000000000000000000, -1.514562049291894776E-17, -1.514562049291894776E-17 ) ) ;
#4501 = DIRECTION ( 'NONE',  ( 8.330697243152932491E-11, -1.000000000000000000, 0.000000000000000000 ) ) ;
#4502 = CARTESIAN_POINT ( 'NONE',  ( 92.72072205597478955, 116.2343508620287906, 183.7207935539340156 ) ) ;
#4503 = DIRECTION ( 'NONE',  ( 0.000000000000000000, 0.000000000000000000, -1.000000000000000000 ) ) ;
#4504 = EDGE_CURVE ( 'NONE', #4761, #6189, #8343, .T. ) ;
#4505 = CARTESIAN_POINT ( 'NONE',  ( -152.7366447448729900, 6.215927124023419736, 155.7207935539340156 ) ) ;
#4506 = FACE_OUTER_BOUND ( 'NONE', #983, .T. ) ;
#4507 = VERTEX_POINT ( 'NONE', #5551 ) ;
#4508 = CARTESIAN_POINT ( 'NONE',  ( 98.64490509033210230, 89.42653656005859375, 153.7207935539340156 ) ) ;
#4509 = VECTOR ( 'NONE', #1526, 1000.000000000000000 ) ;
#4510 = DIRECTION ( 'NONE',  ( 0.000000000000000000, -0.7071067811865486830, 0.7071067811865463515 ) ) ;
#4511 = FACE_OUTER_BOUND ( 'NONE', #3926, .T. ) ;
#4512 = CARTESIAN_POINT ( 'NONE',  ( -291.1789867425089824, 76.30575257978340176, 155.7260805710350269 ) ) ;
#4513 = ORIENTED_EDGE ( 'NONE', *, *, #8995, .F. ) ;
#4514 = DIRECTION ( 'NONE',  ( -1.000000000000000000, 4.873511200959419328E-18, -4.873511200959399298E-18 ) ) ;
#4515 = ADVANCED_FACE ( 'NONE', ( #8483 ), #55, .T. ) ;
#4516 = AXIS2_PLACEMENT_3D ( 'NONE', #7516, #308, #4536 ) ;
#4517 = CIRCLE ( 'NONE', #6497, 3.000000000000000888 ) ;
#4518 = FACE_OUTER_BOUND ( 'NONE', #2323, .T. ) ;
#4519 = VERTEX_POINT ( 'NONE', #1230 ) ;
#4520 = CARTESIAN_POINT ( 'NONE',  ( -291.1789894103999927, 76.32125139236450195, 158.7207935539340156 ) ) ;
#4521 = VERTEX_POINT ( 'NONE', #2726 ) ;
#4522 = CARTESIAN_POINT ( 'NONE',  ( -289.3333438594440281, 101.2175337572725766, 180.5186499269761100 ) ) ;
#4523 = CARTESIAN_POINT ( 'NONE',  ( 61.00001335144040127, 75.12078285217289420, 183.7207935539340156 ) ) ;
#4524 = CARTESIAN_POINT ( 'NONE',  ( 166.9414797402028512, 72.13024593410416685, 183.6625593521927726 ) ) ;
#4525 = DIRECTION ( 'NONE',  ( 1.000000000000000000, 2.775557561562950121E-15, 0.000000000000000000 ) ) ;
#4526 = VERTEX_POINT ( 'NONE', #5056 ) ;
#4527 = EDGE_CURVE ( 'NONE', #5458, #9190, #4959, .T. ) ;
#4528 = AXIS2_PLACEMENT_3D ( 'NONE', #7744, #1160, #4099 ) ;
#4529 = LINE ( 'NONE', #7455, #6266 ) ;
#4530 = DIRECTION ( 'NONE',  ( 1.000000000000000000, 0.000000000000000000, 0.000000000000000000 ) ) ;
#4531 = EDGE_LOOP ( 'NONE', ( #1865, #5858, #5833, #6988 ) ) ;
#4532 = ORIENTED_EDGE ( 'NONE', *, *, #4845, .F. ) ;
#4533 = DIRECTION ( 'NONE',  ( -1.000000000000000000, 4.250985102559089721E-17, 0.000000000000000000 ) ) ;
#4534 = PLANE ( 'NONE',  #3932 ) ;
#4535 = CARTESIAN_POINT ( 'NONE',  ( 216.5078353881840201, 22.12078094482420099, 155.7207935539340156 ) ) ;
#4536 = DIRECTION ( 'NONE',  ( -1.000000000000000000, 0.000000000000000000, 0.000000000000000000 ) ) ;
#4537 = EDGE_CURVE ( 'NONE', #6144, #603, #7106, .T. ) ;
#4538 = AXIS2_PLACEMENT_3D ( 'NONE', #7886, #4285, #3566 ) ;
#4539 = CARTESIAN_POINT ( 'NONE',  ( 286.9223127761350156, 65.60299289064120387, 159.9821171034290046 ) ) ;
#4540 = CARTESIAN_POINT ( 'NONE',  ( 200.0054576442690006, 76.52168743035379350, 183.5200739500569966 ) ) ;
#4541 = ORIENTED_EDGE ( 'NONE', *, *, #1429, .T. ) ;
#4542 = ORIENTED_EDGE ( 'NONE', *, *, #8275, .F. ) ;
#4543 = ORIENTED_EDGE ( 'NONE', *, *, #6376, .T. ) ;
#4544 = CARTESIAN_POINT ( 'NONE',  ( -45.45299509106060043, 75.12078285217289420, 178.7207935539339871 ) ) ;
#4545 = CIRCLE ( 'NONE', #8992, 15.90485334804940543 ) ;
#4546 = CARTESIAN_POINT ( 'NONE',  ( 183.5030736399810110, 76.52168743035359455, 158.7207935539340156 ) ) ;
#4547 = EDGE_CURVE ( 'NONE', #4047, #6357, #1906, .T. ) ;
#4548 = ADVANCED_FACE ( 'NONE', ( #5737 ), #506, .T. ) ;
#4549 = DIRECTION ( 'NONE',  ( 0.5310885545960910559, -0.8473163206129307179, 0.000000000000000000 ) ) ;
#4550 = CARTESIAN_POINT ( 'NONE',  ( -42.09727764129630145, 62.15238189787610423, 182.2563274598670091 ) ) ;
#4551 = CARTESIAN_POINT ( 'NONE',  ( 80.65757751464838066, 63.61684799194339490, 158.7207935539340156 ) ) ;
#4552 = CARTESIAN_POINT ( 'NONE',  ( 287.6141573150829913, 67.62280511159039520, 159.6278166765380035 ) ) ;
#4553 = ORIENTED_EDGE ( 'NONE', *, *, #9068, .T. ) ;
#4554 = DIRECTION ( 'NONE',  ( 0.000000000000000000, 0.000000000000000000, -1.000000000000000000 ) ) ;
#4555 = LINE ( 'NONE', #5365, #1991 ) ;
#4556 = VECTOR ( 'NONE', #3189, 1000.000000000000000 ) ;
#4557 = CYLINDRICAL_SURFACE ( 'NONE', #378, 12.90484791500049511 ) ;
#4558 = CARTESIAN_POINT ( 'NONE',  ( -40.43682098388680402, 22.12078094482420099, 158.7207935539340156 ) ) ;
#4559 = ORIENTED_EDGE ( 'NONE', *, *, #4838, .T. ) ;
#4560 = DIRECTION ( 'NONE',  ( 0.000000000000000000, 0.000000000000000000, -1.000000000000000000 ) ) ;
#4561 = VECTOR ( 'NONE', #864, 1000.000000000000000 ) ;
#4562 = ADVANCED_FACE ( 'NONE', ( #4208 ), #8577, .T. ) ;
#4563 = CARTESIAN_POINT ( 'NONE',  ( 285.1770809619200122, 98.55500090120548862, 183.0877672870760193 ) ) ;
#4564 = ORIENTED_EDGE ( 'NONE', *, *, #728, .T. ) ;
#4565 = CARTESIAN_POINT ( 'NONE',  ( -269.8896011036019900, 76.52169227600100498, 183.7207935539340156 ) ) ;
#4566 = VERTEX_POINT ( 'NONE', #7901 ) ;
#4567 = FACE_OUTER_BOUND ( 'NONE', #8044, .T. ) ;
#4568 = DIRECTION ( 'NONE',  ( 0.000000000000000000, 0.000000000000000000, 1.000000000000000000 ) ) ;
#4569 = AXIS2_PLACEMENT_3D ( 'NONE', #3969, #3151, #8292 ) ;
#4570 = CARTESIAN_POINT ( 'NONE',  ( -290.3003223957579735, 65.69607095445940104, 157.8421299108590006 ) ) ;
#4571 = FACE_OUTER_BOUND ( 'NONE', #6741, .T. ) ;
#4572 = ORIENTED_EDGE ( 'NONE', *, *, #8315, .T. ) ;
#4573 = EDGE_CURVE ( 'NONE', #8655, #6463, #2970, .T. ) ;
#4574 = EDGE_CURVE ( 'NONE', #4324, #5453, #9300, .T. ) ;
#4575 = DIRECTION ( 'NONE',  ( 1.000000000000000000, -8.176424475957199265E-17, -8.176424475957199265E-17 ) ) ;
#4576 = LINE ( 'NONE', #7506, #3153 ) ;
#4577 = EDGE_LOOP ( 'NONE', ( #9139, #4162, #3469, #1929 ) ) ;
#4578 = CIRCLE ( 'NONE', #1670, 3.000000000000002665 ) ;
#4579 = ORIENTED_EDGE ( 'NONE', *, *, #8724, .F. ) ;
#4580 = CARTESIAN_POINT ( 'NONE',  ( 283.8209915161129970, 74.74094335415090029, 183.7207935539340156 ) ) ;
#4581 = AXIS2_PLACEMENT_3D ( 'NONE', #8874, #2976, #2166 ) ;
#4582 = AXIS2_PLACEMENT_3D ( 'NONE', #5861, #6678, #2365 ) ;
#4583 = LINE ( 'NONE', #3050, #6573 ) ;
#4584 = VERTEX_POINT ( 'NONE', #7126 ) ;
#4585 = DIRECTION ( 'NONE',  ( 1.000000000000000000, 0.000000000000000000, 0.000000000000000000 ) ) ;
#4586 = AXIS2_PLACEMENT_3D ( 'NONE', #7360, #3668, #6483 ) ;
#4587 = DIRECTION ( 'NONE',  ( 0.000000000000000000, 0.000000000000000000, -1.000000000000000000 ) ) ;
#4588 = DIRECTION ( 'NONE',  ( 4.163336342344419857E-15, 1.000000000000000000, 0.000000000000000000 ) ) ;
#4589 = EDGE_LOOP ( 'NONE', ( #8437, #1358, #7515, #5717, #8325 ) ) ;
#4590 = ORIENTED_EDGE ( 'NONE', *, *, #3791, .F. ) ;
#4591 = VERTEX_POINT ( 'NONE', #591 ) ;
#4592 = CARTESIAN_POINT ( 'NONE',  ( -83.01558317658980002, 22.12078010271740069, 155.7207935539340156 ) ) ;
#4593 = DIRECTION ( 'NONE',  ( 0.000000000000000000, 0.000000000000000000, 1.000000000000000000 ) ) ;
#4594 = CARTESIAN_POINT ( 'NONE',  ( 132.3913246263579993, 76.52169227600100498, 133.7207935539339871 ) ) ;
#4595 = ORIENTED_EDGE ( 'NONE', *, *, #9172, .T. ) ;
#4596 = VECTOR ( 'NONE', #4503, 1000.000000000000000 ) ;
#4597 = CYLINDRICAL_SURFACE ( 'NONE', #1535, 5.000000000000021316 ) ;
#4598 = EDGE_CURVE ( 'NONE', #6039, #9111, #8529, .T. ) ;
#4599 = DIRECTION ( 'NONE',  ( 1.000000000000000000, -4.300670242972115092E-16, -4.300670242972095370E-16 ) ) ;
#4600 = AXIS2_PLACEMENT_3D ( 'NONE', #6929, #8618, #402 ) ;
#4601 = CARTESIAN_POINT ( 'NONE',  ( -218.8657760620120314, 6.215927124023390427, 155.7207935539340156 ) ) ;
#4602 = ORIENTED_EDGE ( 'NONE', *, *, #9135, .F. ) ;
#4603 =( BOUNDED_CURVE ( )  B_SPLINE_CURVE ( 3, ( #1417, #1465, #4349, #2195 ),
 .UNSPECIFIED., .F., .F. ) 
 B_SPLINE_CURVE_WITH_KNOTS ( ( 4, 4 ),
 ( -8.881784197001250351E-16, 1.570796326794895004 ),
 .UNSPECIFIED. ) 
 CURVE ( )  GEOMETRIC_REPRESENTATION_ITEM ( )  RATIONAL_B_SPLINE_CURVE ( ( 1.000000000000000000, 0.8047378541243649375, 0.8047378541243649375, 1.000000000000000000 ) ) 
 REPRESENTATION_ITEM ( '' )  );
#4604 = CARTESIAN_POINT ( 'NONE',  ( 143.8209962844850054, 115.8346203221669981, 183.7207935539340156 ) ) ;
#4605 = DIRECTION ( 'NONE',  ( 0.000000000000000000, 0.7071067811865490160, 0.7071067811865461294 ) ) ;
#4606 = CARTESIAN_POINT ( 'NONE',  ( -134.7493367092509970, 76.52169227600100498, 183.7207935539340156 ) ) ;
#4607 = ORIENTED_EDGE ( 'NONE', *, *, #9188, .F. ) ;
#4608 = DIRECTION ( 'NONE',  ( -1.613071426384554170E-15, -1.000000000000000000, 0.000000000000000000 ) ) ;
#4609 = ADVANCED_FACE ( 'NONE', ( #638 ), #3576, .T. ) ;
#4610 = ADVANCED_FACE ( 'NONE', ( #1272 ), #8402, .T. ) ;
#4611 = CARTESIAN_POINT ( 'NONE',  ( -101.0028879108200073, 22.12077956539249968, 155.7207935539340156 ) ) ;
#4612 = VERTEX_POINT ( 'NONE', #8628 ) ;
#4613 = CARTESIAN_POINT ( 'NONE',  ( -62.68753156123731429, 110.9465026855470029, 178.7207935539339871 ) ) ;
#4614 = ORIENTED_EDGE ( 'NONE', *, *, #4394, .T. ) ;
#4615 = EDGE_CURVE ( 'NONE', #3958, #3713, #5010, .T. ) ;
#4616 = DIRECTION ( 'NONE',  ( -1.000000000000000000, 1.635284895191439853E-16, 0.000000000000000000 ) ) ;
#4617 = CARTESIAN_POINT ( 'NONE',  ( -62.68753156017800876, 123.8515090942380112, 178.7207935539339871 ) ) ;
#4618 = CARTESIAN_POINT ( 'NONE',  ( 284.4247367519603813, 80.26144215338297272, 183.6843036943450613 ) ) ;
#4619 = ORIENTED_EDGE ( 'NONE', *, *, #2800, .F. ) ;
#4620 = AXIS2_PLACEMENT_3D ( 'NONE', #8728, #7276, #796 ) ;
#4621 = CARTESIAN_POINT ( 'NONE',  ( -95.82267236373628805, 116.9783032755031940, 183.4438521006775034 ) ) ;
#4622 = CIRCLE ( 'NONE', #6756, 12.90484428405758166 ) ;
#4623 = FACE_OUTER_BOUND ( 'NONE', #724, .T. ) ;
#4624 = CARTESIAN_POINT ( 'NONE',  ( -218.8657760620120314, 6.215927124023390427, 158.7207935539340156 ) ) ;
#4625 = EDGE_LOOP ( 'NONE', ( #2355, #7111, #8713, #3900 ) ) ;
#4626 = EDGE_LOOP ( 'NONE', ( #1081, #5385, #5595, #5867 ) ) ;
#4627 = CARTESIAN_POINT ( 'NONE',  ( -218.8657760620120314, 38.02563476562500000, 158.7207935539340156 ) ) ;
#4628 = EDGE_CURVE ( 'NONE', #7216, #4949, #9268, .T. ) ;
#4629 = AXIS2_PLACEMENT_3D ( 'NONE', #7330, #8687, #3789 ) ;
#4630 = CARTESIAN_POINT ( 'NONE',  ( 27.90500640869130322, 110.9465026855470029, 178.7207935539339871 ) ) ;
#4631 = DIRECTION ( 'NONE',  ( 0.000000000000000000, 0.000000000000000000, -1.000000000000000000 ) ) ;
#4632 = ORIENTED_EDGE ( 'NONE', *, *, #12, .T. ) ;
#4633 = CARTESIAN_POINT ( 'NONE',  ( -218.8657760620120314, 89.42653656005859375, 150.7207935539340156 ) ) ;
#4634 = CARTESIAN_POINT ( 'NONE',  ( -269.8896026611329830, 22.12078094482420099, 158.7207935539340156 ) ) ;
#4635 = CIRCLE ( 'NONE', #494, 12.90484428405760120 ) ;
#4636 = DIRECTION ( 'NONE',  ( 0.000000000000000000, 0.000000000000000000, 1.000000000000000000 ) ) ;
#4637 = ORIENTED_EDGE ( 'NONE', *, *, #3092, .F. ) ;
#4638 = VERTEX_POINT ( 'NONE', #5009 ) ;
#4639 = ORIENTED_EDGE ( 'NONE', *, *, #9015, .T. ) ;
#4640 = EDGE_CURVE ( 'NONE', #3673, #721, #1649, .T. ) ;
#4641 = CARTESIAN_POINT ( 'NONE',  ( -218.8657760620120314, 76.52169227600100498, 183.7207935539340156 ) ) ;
#4642 = EDGE_CURVE ( 'NONE', #2701, #1204, #8711, .T. ) ;
#4643 = FACE_OUTER_BOUND ( 'NONE', #1639, .T. ) ;
#4644 = ORIENTED_EDGE ( 'NONE', *, *, #7049, .T. ) ;
#4645 = DIRECTION ( 'NONE',  ( -1.000000000000000000, -4.711197327583760070E-16, 1.904225489767884685E-16 ) ) ;
#4646 = DIRECTION ( 'NONE',  ( -0.9999999999999998890, -1.226857528067279842E-08, 3.872322435549658739E-17 ) ) ;
#4647 = DIRECTION ( 'NONE',  ( -2.002303713784079765E-16, -1.000000000000000000, 0.000000000000000000 ) ) ;
#4648 = ORIENTED_EDGE ( 'NONE', *, *, #2139, .F. ) ;
#4649 = TOROIDAL_SURFACE ( 'NONE', #6330, 17.90484428405759942, 5.000000000000000000 ) ;
#4650 = CARTESIAN_POINT ( 'NONE',  ( -282.3921928459964761, 55.10804795676809675, 161.7207935539339871 ) ) ;
#4651 = ORIENTED_EDGE ( 'NONE', *, *, #7096, .F. ) ;
#4652 = ADVANCED_FACE ( 'NONE', ( #2680 ), #729, .F. ) ;
#4653 = LINE ( 'NONE', #5462, #831 ) ;
#4654 = CARTESIAN_POINT ( 'NONE',  ( 216.5078353881840201, 35.02563476562500000, 158.7207935539340156 ) ) ;
#4655 = ORIENTED_EDGE ( 'NONE', *, *, #6850, .T. ) ;
#4656 = DIRECTION ( 'NONE',  ( -1.000000000000000000, -7.558965274043620048E-16, 0.000000000000000000 ) ) ;
#4657 = AXIS2_PLACEMENT_3D ( 'NONE', #547, #2008, #3442 ) ;
#4658 = CARTESIAN_POINT ( 'NONE',  ( 283.8209915161129970, 98.36709992864669516, 183.2728467075930041 ) ) ;
#4659 = EDGE_LOOP ( 'NONE', ( #1839, #3194, #6849, #7358 ) ) ;
#4660 = CYLINDRICAL_SURFACE ( 'NONE', #2416, 2.500000000000000888 ) ;
#4661 = DIRECTION ( 'NONE',  ( -2.775557561562879518E-15, -0.7071067811865475727, 0.7071067811865475727 ) ) ;
#4662 = DIRECTION ( 'NONE',  ( 0.000000000000000000, 0.000000000000000000, 1.000000000000000000 ) ) ;
#4663 = EDGE_CURVE ( 'NONE', #7334, #6486, #5933, .T. ) ;
#4664 = DIRECTION ( 'NONE',  ( 0.000000000000000000, 0.000000000000000000, 1.000000000000000000 ) ) ;
#4665 = EDGE_LOOP ( 'NONE', ( #363, #124, #6118, #8250 ) ) ;
#4666 = EDGE_LOOP ( 'NONE', ( #9152, #1257, #1354, #2777, #4790 ) ) ;
#4667 = EDGE_CURVE ( 'NONE', #6697, #1934, #2907, .T. ) ;
#4668 = ADVANCED_FACE ( 'NONE', ( #3676 ), #7468, .T. ) ;
#4669 = LINE ( 'NONE', #7551, #170 ) ;
#4670 = AXIS2_PLACEMENT_3D ( 'NONE', #4158, #498, #3436 ) ;
#4671 = CARTESIAN_POINT ( 'NONE',  ( 216.5078370686659923, 63.61684799194339490, 150.7207935539340156 ) ) ;
#4672 = DIRECTION ( 'NONE',  ( 1.000000000000000000, -9.747022401918829411E-18, 0.000000000000000000 ) ) ;
#4673 = EDGE_LOOP ( 'NONE', ( #8401, #8367, #8192, #7436 ) ) ;
#4674 = ORIENTED_EDGE ( 'NONE', *, *, #7427, .F. ) ;
#4675 = DIRECTION ( 'NONE',  ( 0.000000000000000000, 0.000000000000000000, -1.000000000000000000 ) ) ;
#4676 = AXIS2_PLACEMENT_3D ( 'NONE', #2885, #5802, #3798 ) ;
#4677 = EDGE_CURVE ( 'NONE', #5103, #2560, #5313, .T. ) ;
#4678 = DIRECTION ( 'NONE',  ( -1.000000000000000000, 0.000000000000000000, 0.000000000000000000 ) ) ;
#4679 = AXIS2_PLACEMENT_3D ( 'NONE', #6921, #5581, #8515 ) ;
#4680 = CARTESIAN_POINT ( 'NONE',  ( 74.59984302520790322, 58.61684799194320306, 178.7207935539339871 ) ) ;
#4681 = VERTEX_POINT ( 'NONE', #8135 ) ;
#4682 = CARTESIAN_POINT ( 'NONE',  ( -67.96416759490981008, 8.337247467583070559, 157.8421138974935047 ) ) ;
#4683 = CARTESIAN_POINT ( 'NONE',  ( -146.1789941787719727, 96.89302241451029829, 183.7207935539340156 ) ) ;
#4684 = CARTESIAN_POINT ( 'NONE',  ( 115.5182380895372489, 80.81656113051840862, 183.6964867944326159 ) ) ;
#4685 = VERTEX_POINT ( 'NONE', #9481 ) ;
#4686 = EDGE_CURVE ( 'NONE', #7622, #3216, #3797, .T. ) ;
#4687 = ORIENTED_EDGE ( 'NONE', *, *, #7112, .T. ) ;
#4688 = DIRECTION ( 'NONE',  ( 0.000000000000000000, 0.000000000000000000, 1.000000000000000000 ) ) ;
#4689 = FACE_OUTER_BOUND ( 'NONE', #5498, .T. ) ;
#4690 = ORIENTED_EDGE ( 'NONE', *, *, #8778, .T. ) ;
#4691 = DIRECTION ( 'NONE',  ( 0.000000000000000000, 1.000000000000000000, 0.000000000000000000 ) ) ;
#4692 = ADVANCED_FACE ( 'NONE', ( #5870 ), #2423, .T. ) ;
#4693 = DIRECTION ( 'NONE',  ( 0.000000000000000000, 1.000000000000000000, 0.000000000000000000 ) ) ;
#4694 = EDGE_CURVE ( 'NONE', #1265, #2327, #6237, .T. ) ;
#4695 = DIRECTION ( 'NONE',  ( 1.000000000000000000, -4.014124903777145434E-15, -4.614112249766440116E-16 ) ) ;
#4696 = ORIENTED_EDGE ( 'NONE', *, *, #5068, .T. ) ;
#4697 = CARTESIAN_POINT ( 'NONE',  ( -63.35799196300879998, 75.12078285217289420, 183.7207935539340156 ) ) ;
#4698 = ORIENTED_EDGE ( 'NONE', *, *, #8973, .F. ) ;
#4699 = DIRECTION ( 'NONE',  ( 0.000000000000000000, 0.000000000000000000, -1.000000000000000000 ) ) ;
#4700 = CARTESIAN_POINT ( 'NONE',  ( -288.1789894103999927, 57.34758543135419728, 158.7207935539340156 ) ) ;
#4701 = ORIENTED_EDGE ( 'NONE', *, *, #870, .F. ) ;
#4702 = DIRECTION ( 'NONE',  ( -1.000000000000000000, 1.575545161384874918E-15, 3.870704119698439787E-16 ) ) ;
#4703 = DIRECTION ( 'NONE',  ( 0.7071067811865521247, 0.000000000000000000, 0.7071067811865427988 ) ) ;
#4704 = ORIENTED_EDGE ( 'NONE', *, *, #6781, .T. ) ;
#4705 = CIRCLE ( 'NONE', #1013, 3.000000000000002665 ) ;
#4706 = CARTESIAN_POINT ( 'NONE',  ( -62.68753155976759928, 128.8515090942379970, 178.7207935539339871 ) ) ;
#4707 = DIRECTION ( 'NONE',  ( 1.000000000000000000, -1.835214905568970957E-16, 0.000000000000000000 ) ) ;
#4708 = ORIENTED_EDGE ( 'NONE', *, *, #2108, .T. ) ;
#4709 = ORIENTED_EDGE ( 'NONE', *, *, #9273, .F. ) ;
#4710 = DIRECTION ( 'NONE',  ( 1.000000000000000000, 1.835214905568972190E-16, 0.000000000000000000 ) ) ;
#4711 = CIRCLE ( 'NONE', #2579, 15.90485382080081322 ) ;
#4712 = CARTESIAN_POINT ( 'NONE',  ( -169.2986658223262566, 75.46126898056319021, 183.5444167800855837 ) ) ;
#4713 = VERTEX_POINT ( 'NONE', #5823 ) ;
#4714 = VERTEX_POINT ( 'NONE', #3724 ) ;
#4715 = EDGE_CURVE ( 'NONE', #1717, #2988, #2189, .T. ) ;
#4716 = CARTESIAN_POINT ( 'NONE',  ( 27.90500640869130322, 110.9465026855470029, 178.7207935539339871 ) ) ;
#4717 = AXIS2_PLACEMENT_3D ( 'NONE', #645, #2868, #5063 ) ;
#4718 = CYLINDRICAL_SURFACE ( 'NONE', #8996, 2.999999999999999112 ) ;
#4719 = DIRECTION ( 'NONE',  ( 0.000000000000000000, 0.000000000000000000, -1.000000000000000000 ) ) ;
#4720 = ORIENTED_EDGE ( 'NONE', *, *, #7841, .F. ) ;
#4721 = CARTESIAN_POINT ( 'NONE',  ( -185.8610559998539884, 76.52168743035018394, 133.7207935539339871 ) ) ;
#4722 = CARTESIAN_POINT ( 'NONE',  ( 200.0061410337840186, 82.23773514924789652, 183.7037101686009919 ) ) ;
#4723 = AXIS2_PLACEMENT_3D ( 'NONE', #976, #1664, #3107 ) ;
#4724 = EDGE_CURVE ( 'NONE', #8936, #2814, #2735, .T. ) ;
#4725 = DIRECTION ( 'NONE',  ( 0.000000000000000000, -0.7071067811865499042, 0.7071067811865451302 ) ) ;
#4726 = ORIENTED_EDGE ( 'NONE', *, *, #704, .F. ) ;
#4727 = ADVANCED_FACE ( 'NONE', ( #680 ), #5477, .T. ) ;
#4728 = VERTEX_POINT ( 'NONE', #116 ) ;
#4729 = CARTESIAN_POINT ( 'NONE',  ( 267.5316238403320312, 62.15238189787610423, 182.2563274598670091 ) ) ;
#4730 = AXIS2_PLACEMENT_3D ( 'NONE', #5572, #434, #7010 ) ;
#4731 = CARTESIAN_POINT ( 'NONE',  ( 183.5030736399810110, 76.52168743035359455, 133.7207935539339871 ) ) ;
#4732 = CIRCLE ( 'NONE', #7332, 12.90484428405759587 ) ;
#4733 = CARTESIAN_POINT ( 'NONE',  ( -202.3633098917846667, 73.91923685781759445, 183.5748999665449332 ) ) ;
#4734 = ORIENTED_EDGE ( 'NONE', *, *, #8514, .F. ) ;
#4735 = CARTESIAN_POINT ( 'NONE',  ( 94.82099151611279808, 160.0000189074180241, 123.7207935680309987 ) ) ;
#4736 = ORIENTED_EDGE ( 'NONE', *, *, #6757, .T. ) ;
#4737 = DIRECTION ( 'NONE',  ( 8.601340485944210462E-16, 1.000000000000000000, 0.000000000000000000 ) ) ;
#4738 = CARTESIAN_POINT ( 'NONE',  ( 107.6644190607609914, 94.42653656005860796, 183.7207935539340156 ) ) ;
#4739 = AXIS2_PLACEMENT_3D ( 'NONE', #8400, #9165, #2019 ) ;
#4740 = CARTESIAN_POINT ( 'NONE',  ( -286.1789894103999927, 130.1411954946499918, 178.7207935539339871 ) ) ;
#4741 = AXIS2_PLACEMENT_3D ( 'NONE', #2346, #1815, #982 ) ;
#4742 = ORIENTED_EDGE ( 'NONE', *, *, #1502, .F. ) ;
#4743 = CARTESIAN_POINT ( 'NONE',  ( 283.8153447992265797, 58.75701126397335372, 159.4744328170146730 ) ) ;
#4744 = ORIENTED_EDGE ( 'NONE', *, *, #6951, .F. ) ;
#4745 = EDGE_CURVE ( 'NONE', #5427, #6956, #5288, .T. ) ;
#4746 = EDGE_CURVE ( 'NONE', #4383, #5239, #4865, .T. ) ;
#4747 = AXIS2_PLACEMENT_3D ( 'NONE', #5513, #374, #7820 ) ;
#4748 = DIRECTION ( 'NONE',  ( 0.000000000000000000, 0.000000000000000000, 1.000000000000000000 ) ) ;
#4749 = DIRECTION ( 'NONE',  ( 1.000000000000000000, -8.176424475957199265E-17, -8.176424475957199265E-17 ) ) ;
#4750 = VERTEX_POINT ( 'NONE', #8088 ) ;
#4751 = AXIS2_PLACEMENT_3D ( 'NONE', #7750, #1902, #7797 ) ;
#4752 = DIRECTION ( 'NONE',  ( 0.000000000000000000, 0.000000000000000000, -1.000000000000000000 ) ) ;
#4753 = AXIS2_PLACEMENT_3D ( 'NONE', #5557, #4927, #1916 ) ;
#4754 = DIRECTION ( 'NONE',  ( 0.000000000000000000, 0.000000000000000000, -1.000000000000000000 ) ) ;
#4755 = EDGE_LOOP ( 'NONE', ( #8052, #1846, #590, #7273, #4157, #3077 ) ) ;
#4756 = CARTESIAN_POINT ( 'NONE',  ( 286.7846599256342870, 62.78529210954597772, 158.7218876844869158 ) ) ;
#4757 = AXIS2_PLACEMENT_3D ( 'NONE', #8662, #5815, #8079 ) ;
#4758 = LINE ( 'NONE', #2512, #4429 ) ;
#4759 = DIRECTION ( 'NONE',  ( 1.000000000000000000, 0.000000000000000000, 0.000000000000000000 ) ) ;
#4760 = DIRECTION ( 'NONE',  ( -1.000000000000000000, 0.000000000000000000, 0.000000000000000000 ) ) ;
#4761 = VERTEX_POINT ( 'NONE', #6639 ) ;
#4762 = ORIENTED_EDGE ( 'NONE', *, *, #23, .T. ) ;
#4763 = ADVANCED_FACE ( 'NONE', ( #4385 ), #67, .F. ) ;
#4764 = DIRECTION ( 'NONE',  ( 1.000000000000000000, 2.036638432068759852E-16, 0.000000000000000000 ) ) ;
#4765 = DIRECTION ( 'NONE',  ( 0.000000000000000000, 0.000000000000000000, -1.000000000000000000 ) ) ;
#4766 = CARTESIAN_POINT ( 'NONE',  ( 115.5181112215780672, 73.13291933759985852, 183.6722978518416483 ) ) ;
#4767 = VERTEX_POINT ( 'NONE', #5195 ) ;
#4768 = B_SPLINE_SURFACE_WITH_KNOTS ( 'NONE', 3, 3, ( 
 ( #7387, #6658, #3790, #6703, #6506 ),
 ( #3742, #5985, #7280, #1472, #695 ),
 ( #8869, #2349, #133, #8731, #3018 ),
 ( #1427, #8153, #2161, #8775, #1583 ),
 ( #7331, #4552, #2969, #5260, #3640 ) ),
 .UNSPECIFIED., .F., .F., .F.,
 ( 4, 1, 4 ),
 ( 4, 1, 4 ),
 ( 0.000000000000000000, 0.5714285714285709528, 1.000000000000000000 ),
 ( 0.7810898772136000145, 1.540929027585810074, 2.110808390364959930 ),
 .UNSPECIFIED. ) ;
#4769 = ORIENTED_EDGE ( 'NONE', *, *, #5031, .T. ) ;
#4770 = DIRECTION ( 'NONE',  ( 1.000000000000000000, 0.000000000000000000, 0.000000000000000000 ) ) ;
#4771 = EDGE_CURVE ( 'NONE', #5037, #4852, #1805, .T. ) ;
#4772 = VECTOR ( 'NONE', #3786, 1000.000000000000000 ) ;
#4773 = CARTESIAN_POINT ( 'NONE',  ( -83.01555633544920454, 58.61684799194339490, 178.7207935539339871 ) ) ;
#4774 = AXIS2_PLACEMENT_3D ( 'NONE', #4327, #572, #1988 ) ;
#4775 = DIRECTION ( 'NONE',  ( -1.000000000000000000, -3.141450849044710390E-15, -7.837802976647229661E-16 ) ) ;
#4776 = VERTEX_POINT ( 'NONE', #8179 ) ;
#4777 = DIRECTION ( 'NONE',  ( 0.000000000000000000, 0.000000000000000000, -1.000000000000000000 ) ) ;
#4778 = CARTESIAN_POINT ( 'NONE',  ( 150.3786849975589917, 22.12078094482420099, 155.7207935539340156 ) ) ;
#4779 = AXIS2_PLACEMENT_3D ( 'NONE', #3017, #1381, #6505 ) ;
#4780 = CIRCLE ( 'NONE', #1876, 5.000000000000004441 ) ;
#4781 = ORIENTED_EDGE ( 'NONE', *, *, #3987, .F. ) ;
#4782 = VERTEX_POINT ( 'NONE', #2373 ) ;
#4783 = LINE ( 'NONE', #7757, #3280 ) ;
#4784 = EDGE_CURVE ( 'NONE', #4496, #1781, #4007, .T. ) ;
#4785 = DIRECTION ( 'NONE',  ( 0.000000000000000000, -1.000000000000000000, 0.000000000000000000 ) ) ;
#4786 = DIRECTION ( 'NONE',  ( 1.000000000000000000, -1.579971831557694880E-16, -1.579971831557694880E-16 ) ) ;
#4787 = ORIENTED_EDGE ( 'NONE', *, *, #6474, .T. ) ;
#4788 = DIRECTION ( 'NONE',  ( 0.000000000000000000, 0.000000000000000000, -1.000000000000000000 ) ) ;
#4789 = AXIS2_PLACEMENT_3D ( 'NONE', #3449, #6367, #2734 ) ;
#4790 = ORIENTED_EDGE ( 'NONE', *, *, #8264, .T. ) ;
#4791 = CARTESIAN_POINT ( 'NONE',  ( -96.63297664216142380, 117.7886075539282729, 182.7863162251970834 ) ) ;
#4792 = EDGE_CURVE ( 'NONE', #4566, #5208, #7160, .T. ) ;
#4793 = ADVANCED_FACE ( 'NONE', ( #1117 ), #6204, .T. ) ;
#4794 = CARTESIAN_POINT ( 'NONE',  ( -286.1789894103999927, 97.80763903398050729, 183.6145669827729989 ) ) ;
#4795 = DIRECTION ( 'NONE',  ( 0.9999999999999982236, 5.974482312985469348E-08, 0.000000000000000000 ) ) ;
#4796 = ORIENTED_EDGE ( 'NONE', *, *, #5144, .F. ) ;
#4797 = FACE_OUTER_BOUND ( 'NONE', #7064, .T. ) ;
#4798 = DIRECTION ( 'NONE',  ( 0.000000000000000000, -1.000000000000000000, 0.000000000000000000 ) ) ;
#4799 = ADVANCED_FACE ( 'NONE', ( #204 ), #1655, .T. ) ;
#4800 = LINE ( 'NONE', #1290, #4398 ) ;
#4801 = ORIENTED_EDGE ( 'NONE', *, *, #1884, .T. ) ;
#4802 = CARTESIAN_POINT ( 'NONE',  ( -62.68753156005781335, 96.57703018278830598, 182.2563274598670091 ) ) ;
#4803 = FACE_OUTER_BOUND ( 'NONE', #7069, .T. ) ;
#4804 = ORIENTED_EDGE ( 'NONE', *, *, #500, .T. ) ;
#4805 = CARTESIAN_POINT ( 'NONE',  ( 183.5030736399810110, 76.52168743035359455, 183.7207935539340156 ) ) ;
#4806 = CARTESIAN_POINT ( 'NONE',  ( 150.3786849975589917, 6.215927124023390427, 158.7207935539340156 ) ) ;
#4807 = DIRECTION ( 'NONE',  ( 0.000000000000000000, 0.000000000000000000, -1.000000000000000000 ) ) ;
#4808 = ORIENTED_EDGE ( 'NONE', *, *, #6163, .F. ) ;
#4809 = AXIS2_PLACEMENT_3D ( 'NONE', #4406, #5800, #7923 ) ;
#4810 = EDGE_CURVE ( 'NONE', #4713, #410, #3144, .T. ) ;
#4811 = ORIENTED_EDGE ( 'NONE', *, *, #2209, .T. ) ;
#4812 = CARTESIAN_POINT ( 'NONE',  ( -169.2988478788419968, 76.52168743035039711, 183.5371530072550001 ) ) ;
#4813 = CARTESIAN_POINT ( 'NONE',  ( 115.5182254443464984, 73.79607933809501219, 183.6542021794368793 ) ) ;
#4814 = EDGE_LOOP ( 'NONE', ( #6599, #6977, #3347, #7783 ) ) ;
#4815 = ORIENTED_EDGE ( 'NONE', *, *, #1884, .F. ) ;
#4816 = DIRECTION ( 'NONE',  ( 0.000000000000000000, 0.000000000000000000, 1.000000000000000000 ) ) ;
#4817 = LINE ( 'NONE', #1064, #5625 ) ;
#4818 = CARTESIAN_POINT ( 'NONE',  ( 60.32955169677730112, 93.04149627685561086, 178.7207935539339871 ) ) ;
#4819 = ORIENTED_EDGE ( 'NONE', *, *, #2713, .F. ) ;
#4820 = LINE ( 'NONE', #6985, #2983 ) ;
#4821 = DIRECTION ( 'NONE',  ( 4.688749442782618508E-16, -0.7191424945380946454, 0.6948626285457626395 ) ) ;
#4822 = DIRECTION ( 'NONE',  ( 1.000000000000000000, -3.499565783570085239E-15, 4.256653631393510258E-16 ) ) ;
#4823 = EDGE_LOOP ( 'NONE', ( #595, #3424, #3043, #1314 ) ) ;
#4824 = AXIS2_PLACEMENT_3D ( 'NONE', #1095, #4699, #4034 ) ;
#4825 = ORIENTED_EDGE ( 'NONE', *, *, #5516, .F. ) ;
#4826 = CARTESIAN_POINT ( 'NONE',  ( 60.32955169677730112, 123.8515090942380112, 163.7207935539339871 ) ) ;
#4827 = DIRECTION ( 'NONE',  ( 1.000000000000000000, 0.000000000000000000, 0.000000000000000000 ) ) ;
#4828 = EDGE_CURVE ( 'NONE', #4219, #7645, #1012, .T. ) ;
#4829 = CYLINDRICAL_SURFACE ( 'NONE', #5701, 2.999999999999996891 ) ;
#4830 = VERTEX_POINT ( 'NONE', #7510 ) ;
#4831 = CARTESIAN_POINT ( 'NONE',  ( 94.35497084745580310, 117.8685996535100031, 182.6743849957319981 ) ) ;
#4832 = ORIENTED_EDGE ( 'NONE', *, *, #8172, .F. ) ;
#4833 = DIRECTION ( 'NONE',  ( -0.9999999999999996669, -2.745767261192185469E-08, 0.000000000000000000 ) ) ;
#4834 = DIRECTION ( 'NONE',  ( 0.000000000000000000, 0.000000000000000000, 1.000000000000000000 ) ) ;
#4835 = AXIS2_PLACEMENT_3D ( 'NONE', #8214, #8980, #5947 ) ;
#4836 = CARTESIAN_POINT ( 'NONE',  ( 200.0056437038479942, 74.33355122591402164, 183.5594948938223183 ) ) ;
#4837 = ORIENTED_EDGE ( 'NONE', *, *, #3209, .T. ) ;
#4838 = EDGE_CURVE ( 'NONE', #8087, #1786, #2621, .T. ) ;
#4839 = CARTESIAN_POINT ( 'NONE',  ( 194.8209915161130255, 160.0000188955729925, 123.7207935534089955 ) ) ;
#4840 = CIRCLE ( 'NONE', #8527, 12.90485334804940187 ) ;
#4841 = CARTESIAN_POINT ( 'NONE',  ( -134.7493367092509970, 90.89100265412581336, 182.2563274598664975 ) ) ;
#4842 = CARTESIAN_POINT ( 'NONE',  ( -51.09094142913819780, 94.42653656005860796, 183.7207935539340156 ) ) ;
#4843 = ORIENTED_EDGE ( 'NONE', *, *, #5016, .F. ) ;
#4844 = CYLINDRICAL_SURFACE ( 'NONE', #8617, 2.999999999999994227 ) ;
#4845 = EDGE_CURVE ( 'NONE', #6249, #9415, #7312, .T. ) ;
#4846 = VERTEX_POINT ( 'NONE', #349 ) ;
#4847 = CARTESIAN_POINT ( 'NONE',  ( -101.0028839111329972, 63.61684799194339490, 153.7207935539340156 ) ) ;
#4848 = CARTESIAN_POINT ( 'NONE',  ( 166.9409430753199501, 78.63837556568452669, 183.5686525754678087 ) ) ;
#4849 = CARTESIAN_POINT ( 'NONE',  ( 280.4364776611419643, 22.12078094482420099, 155.7207935539340156 ) ) ;
#4850 = AXIS2_PLACEMENT_3D ( 'NONE', #72, #1757, #119 ) ;
#4851 = CARTESIAN_POINT ( 'NONE',  ( 150.3786849975589917, 63.61684799194339490, 148.7207935539339871 ) ) ;
#4852 = VERTEX_POINT ( 'NONE', #4627 ) ;
#4853 = VERTEX_POINT ( 'NONE', #9049 ) ;
#4854 = DIRECTION ( 'NONE',  ( 6.630299199421770504E-16, -1.000000000000000000, 0.000000000000000000 ) ) ;
#4855 = EDGE_CURVE ( 'NONE', #7839, #2971, #871, .T. ) ;
#4856 = CARTESIAN_POINT ( 'NONE',  ( -117.8761103101920042, 76.52169227600100498, 183.6132126426209936 ) ) ;
#4857 = CARTESIAN_POINT ( 'NONE',  ( 27.90500640869139914, 98.04149627685548296, 163.7207935539339871 ) ) ;
#4858 = VERTEX_POINT ( 'NONE', #7556 ) ;
#4859 = EDGE_LOOP ( 'NONE', ( #7647, #1206, #8916, #9366 ) ) ;
#4860 = VECTOR ( 'NONE', #4036, 1000.000000000000000 ) ;
#4861 = CARTESIAN_POINT ( 'NONE',  ( -202.3634137264342030, 79.85734586019256653, 183.6052363507599523 ) ) ;
#4862 = ADVANCED_FACE ( 'NONE', ( #1794 ), #3867, .T. ) ;
#4863 = EDGE_CURVE ( 'NONE', #3618, #2220, #886, .T. ) ;
#4864 = FACE_OUTER_BOUND ( 'NONE', #125, .T. ) ;
#4865 = CIRCLE ( 'NONE', #8241, 5.000000000000004441 ) ;
#4866 = CARTESIAN_POINT ( 'NONE',  ( -46.47526793210789720, 110.9465026855470029, 143.7207935539339871 ) ) ;
#4867 = ORIENTED_EDGE ( 'NONE', *, *, #520, .F. ) ;
#4868 = CYLINDRICAL_SURFACE ( 'NONE', #5272, 5.000000000000001776 ) ;
#4869 = CARTESIAN_POINT ( 'NONE',  ( 200.0054568189599991, 83.46826660389170627, 183.7207935539340156 ) ) ;
#4870 = CARTESIAN_POINT ( 'NONE',  ( 288.0887584690794938, 158.9462378524260089, 123.7207935539339871 ) ) ;
#4871 = AXIS2_PLACEMENT_3D ( 'NONE', #789, #836, #2289 ) ;
#4872 = CIRCLE ( 'NONE', #5786, 5.000000000000282441 ) ;
#4873 = ORIENTED_EDGE ( 'NONE', *, *, #3460, .F. ) ;
#4874 = ORIENTED_EDGE ( 'NONE', *, *, #488, .T. ) ;
#4875 = CARTESIAN_POINT ( 'NONE',  ( 74.59984302520778954, 6.215927124023419736, 155.7207935539340156 ) ) ;
#4876 = DIRECTION ( 'NONE',  ( 1.000000000000000000, 0.000000000000000000, 0.000000000000000000 ) ) ;
#4877 = CARTESIAN_POINT ( 'NONE',  ( -83.01555633544920454, 76.52169227600100498, 153.7207935539340156 ) ) ;
#4878 = VERTEX_POINT ( 'NONE', #2523 ) ;
#4879 = VECTOR ( 'NONE', #2532, 1000.000000000000000 ) ;
#4880 = DIRECTION ( 'NONE',  ( 0.000000000000000000, 0.000000000000000000, 1.000000000000000000 ) ) ;
#4881 = EDGE_LOOP ( 'NONE', ( #4796, #1228, #9092, #7281 ) ) ;
#4882 = DIRECTION ( 'NONE',  ( 0.9999999999999995559, 2.745767245451495601E-08, 0.000000000000000000 ) ) ;
#4883 = CARTESIAN_POINT ( 'NONE',  ( -83.01555633544920454, 89.42653656005859375, 153.7207935539340156 ) ) ;
#4884 = DIRECTION ( 'NONE',  ( 0.000000000000000000, 0.000000000000000000, 1.000000000000000000 ) ) ;
#4885 = ORIENTED_EDGE ( 'NONE', *, *, #7765, .F. ) ;
#4886 = ADVANCED_FACE ( 'NONE', ( #3337 ), #8332, .F. ) ;
#4887 = DIRECTION ( 'NONE',  ( 0.000000000000000000, 0.000000000000000000, -1.000000000000000000 ) ) ;
#4888 = CARTESIAN_POINT ( 'NONE',  ( -169.2988435145296080, 79.76003133717659921, 183.6137581854157759 ) ) ;
#4889 = AXIS2_PLACEMENT_3D ( 'NONE', #1729, #325, #945 ) ;
#4890 = ORIENTED_EDGE ( 'NONE', *, *, #2081, .T. ) ;
#4891 = CARTESIAN_POINT ( 'NONE',  ( 74.59984302520778954, 8.337247467583059901, 157.8421138974935047 ) ) ;
#4892 = AXIS2_PLACEMENT_3D ( 'NONE', #5108, #1466, #8097 ) ;
#4893 = CYLINDRICAL_SURFACE ( 'NONE', #2770, 5.000000000000021316 ) ;
#4894 = CARTESIAN_POINT ( 'NONE',  ( -269.8896026611329830, 38.02563476562500000, 158.7207935539340156 ) ) ;
#4895 = AXIS2_PLACEMENT_3D ( 'NONE', #8091, #9483, #2102 ) ;
#4896 = CARTESIAN_POINT ( 'NONE',  ( -291.1789894103999927, 99.48037732825460466, 178.7207935539339871 ) ) ;
#4897 = PLANE ( 'NONE',  #8501 ) ;
#4898 = ORIENTED_EDGE ( 'NONE', *, *, #6183, .T. ) ;
#4899 = EDGE_CURVE ( 'NONE', #4750, #2858, #4402, .T. ) ;
#4900 = VERTEX_POINT ( 'NONE', #5435 ) ;
#4901 = DIRECTION ( 'NONE',  ( 1.000000000000000000, -1.110223024625156067E-14, 0.000000000000000000 ) ) ;
#4902 = AXIS2_PLACEMENT_3D ( 'NONE', #8299, #178, #5983 ) ;
#4903 = EDGE_CURVE ( 'NONE', #3500, #3536, #5160, .T. ) ;
#4904 = EDGE_CURVE ( 'NONE', #2783, #8087, #7626, .T. ) ;
#4905 = AXIS2_PLACEMENT_3D ( 'NONE', #6581, #1403, #9387 ) ;
#4906 = LINE ( 'NONE', #4189, #2082 ) ;
#4907 = EDGE_LOOP ( 'NONE', ( #6591, #6391, #8303, #7939 ) ) ;
#4908 = EDGE_CURVE ( 'NONE', #1520, #9415, #8425, .T. ) ;
#4909 = ORIENTED_EDGE ( 'NONE', *, *, #504, .T. ) ;
#4910 = CARTESIAN_POINT ( 'NONE',  ( -152.7366447448729900, 22.12078094482420099, 158.7207935539340156 ) ) ;
#4911 = PLANE ( 'NONE',  #6530 ) ;
#4912 = LINE ( 'NONE', #1066, #8119 ) ;
#4913 = VERTEX_POINT ( 'NONE', #5537 ) ;
#4914 = EDGE_CURVE ( 'NONE', #8933, #5037, #4711, .T. ) ;
#4915 = CARTESIAN_POINT ( 'NONE',  ( 287.9423118596724862, 0.8786796564403590581, 157.8421138974935047 ) ) ;
#4916 = DIRECTION ( 'NONE',  ( 0.000000000000000000, 0.000000000000000000, -1.000000000000000000 ) ) ;
#4917 = ORIENTED_EDGE ( 'NONE', *, *, #1399, .T. ) ;
#4918 = ADVANCED_FACE ( 'NONE', ( #4153 ), #7887, .T. ) ;
#4919 = ORIENTED_EDGE ( 'NONE', *, *, #1076, .F. ) ;
#4920 = ORIENTED_EDGE ( 'NONE', *, *, #3672, .F. ) ;
#4921 = CARTESIAN_POINT ( 'NONE',  ( 288.8209915161129970, -1.776356839400250149E-14, 158.7207935539340156 ) ) ;
#4922 = CIRCLE ( 'NONE', #9381, 4.999999999999893419 ) ;
#4923 = PLANE ( 'NONE',  #6949 ) ;
#4924 = CARTESIAN_POINT ( 'NONE',  ( 65.60616299700279797, 89.42653656005880691, 178.7207935539339871 ) ) ;
#4925 = ORIENTED_EDGE ( 'NONE', *, *, #8550, .T. ) ;
#4926 = DIRECTION ( 'NONE',  ( -1.000000000000000000, -1.226859343532393077E-08, 0.000000000000000000 ) ) ;
#4927 = DIRECTION ( 'NONE',  ( 0.000000000000000000, 0.000000000000000000, -1.000000000000000000 ) ) ;
#4928 = CIRCLE ( 'NONE', #4316, 15.90485334804940543 ) ;
#4929 = CARTESIAN_POINT ( 'NONE',  ( 145.2961692252065689, 76.52169263033799496, 133.7207935539339871 ) ) ;
#4930 = CIRCLE ( 'NONE', #2332, 12.90485382080079546 ) ;
#4931 = DIRECTION ( 'NONE',  ( 1.000000000000000000, 0.000000000000000000, 0.000000000000000000 ) ) ;
#4932 = ORIENTED_EDGE ( 'NONE', *, *, #1516, .F. ) ;
#4933 = ADVANCED_FACE ( 'NONE', ( #1899 ), #6436, .T. ) ;
#4934 = CARTESIAN_POINT ( 'NONE',  ( -152.7366447448729900, 22.12078094482420099, 155.7207935539340156 ) ) ;
#4935 = VECTOR ( 'NONE', #4646, 1000.000000000000114 ) ;
#4936 = DIRECTION ( 'NONE',  ( 0.000000000000000000, 0.000000000000000000, -1.000000000000000000 ) ) ;
#4937 = ORIENTED_EDGE ( 'NONE', *, *, #4062, .F. ) ;
#4938 = CARTESIAN_POINT ( 'NONE',  ( -152.7366447448729900, 38.02563476562500000, 158.7207935539340156 ) ) ;
#4939 = CIRCLE ( 'NONE', #786, 3.000000000000002665 ) ;
#4940 = CARTESIAN_POINT ( 'NONE',  ( 286.3731022115889004, 60.37566264090931156, 158.7226196846961841 ) ) ;
#4941 = CARTESIAN_POINT ( 'NONE',  ( 166.9414786408794669, 81.21250955038441077, 183.6731383681494094 ) ) ;
#4942 = AXIS2_PLACEMENT_3D ( 'NONE', #7451, #3135, #150 ) ;
#4943 = CYLINDRICAL_SURFACE ( 'NONE', #7432, 12.90500640869139737 ) ;
#4944 = CARTESIAN_POINT ( 'NONE',  ( 150.3786849975589917, 6.215927124023390427, 155.7207935539340156 ) ) ;
#4945 = ORIENTED_EDGE ( 'NONE', *, *, #2738, .T. ) ;
#4946 = ORIENTED_EDGE ( 'NONE', *, *, #7607, .F. ) ;
#4947 = LINE ( 'NONE', #3561, #3244 ) ;
#4948 = DIRECTION ( 'NONE',  ( 0.000000000000000000, 0.000000000000000000, -1.000000000000000000 ) ) ;
#4949 = VERTEX_POINT ( 'NONE', #3471 ) ;
#4950 = FACE_OUTER_BOUND ( 'NONE', #4625, .T. ) ;
#4951 = CARTESIAN_POINT ( 'NONE',  ( -286.9863257573234705, 76.35465967813969712, 183.6551838974630186 ) ) ;
#4952 = VECTOR ( 'NONE', #2584, 1000.000000000000000 ) ;
#4953 = EDGE_CURVE ( 'NONE', #7063, #6189, #8518, .T. ) ;
#4954 = EDGE_CURVE ( 'NONE', #8846, #7034, #2119, .T. ) ;
#4955 = CARTESIAN_POINT ( 'NONE',  ( 166.9408631728711612, 72.72467343878980728, 183.6362145786222584 ) ) ;
#4956 = DIRECTION ( 'NONE',  ( 1.000000000000000000, 0.000000000000000000, 0.000000000000000000 ) ) ;
#4957 = ORIENTED_EDGE ( 'NONE', *, *, #4715, .T. ) ;
#4958 = DIRECTION ( 'NONE',  ( 0.000000000000000000, 0.000000000000000000, -1.000000000000000000 ) ) ;
#4959 = CIRCLE ( 'NONE', #518, 12.90484886281040744 ) ;
#4960 = FACE_OUTER_BOUND ( 'NONE', #8509, .T. ) ;
#4961 = ORIENTED_EDGE ( 'NONE', *, *, #6420, .F. ) ;
#4962 = VECTOR ( 'NONE', #2557, 1000.000000000000000 ) ;
#4963 = CIRCLE ( 'NONE', #2974, 12.90484428405759587 ) ;
#4964 = VERTEX_POINT ( 'NONE', #4999 ) ;
#4965 = ADVANCED_FACE ( 'NONE', ( #5631 ), #1969, .F. ) ;
#4966 = ORIENTED_EDGE ( 'NONE', *, *, #1501, .T. ) ;
#4967 = DIRECTION ( 'NONE',  ( 0.000000000000000000, 0.7071067811865495711, 0.7071067811865454633 ) ) ;
#4968 = LINE ( 'NONE', #7171, #2525 ) ;
#4969 = CYLINDRICAL_SURFACE ( 'NONE', #4014, 12.90484428405769712 ) ;
#4970 = ORIENTED_EDGE ( 'NONE', *, *, #6171, .F. ) ;
#4971 = LINE ( 'NONE', #2148, #1320 ) ;
#4972 = DIRECTION ( 'NONE',  ( -1.000000000000000000, 0.000000000000000000, 0.000000000000000000 ) ) ;
#4973 = CARTESIAN_POINT ( 'NONE',  ( -288.6789894103999927, 100.6369328146729885, 181.0796484784199833 ) ) ;
#4974 = CIRCLE ( 'NONE', #830, 2.999999683357827962 ) ;
#4975 = AXIS2_PLACEMENT_3D ( 'NONE', #2255, #5992, #5846 ) ;
#4976 = ADVANCED_FACE ( 'NONE', ( #4242 ), #7025, .F. ) ;
#4977 = CARTESIAN_POINT ( 'NONE',  ( -152.7366447448729900, 22.12078094482420099, 158.7207935539340156 ) ) ;
#4978 = ORIENTED_EDGE ( 'NONE', *, *, #6535, .T. ) ;
#4979 = DIRECTION ( 'NONE',  ( 0.000000000000000000, 1.000000000000000000, 0.000000000000000000 ) ) ;
#4980 = CARTESIAN_POINT ( 'NONE',  ( -101.0028839111329972, 76.52169227600100498, 178.7207935539339871 ) ) ;
#4981 = EDGE_CURVE ( 'NONE', #2295, #2178, #4333, .T. ) ;
#4982 = ADVANCED_FACE ( 'NONE', ( #4103 ), #3384, .F. ) ;
#4983 = CARTESIAN_POINT ( 'NONE',  ( -169.2988475903514143, 77.58436893888219288, 183.5371529268338975 ) ) ;
#4984 = ORIENTED_EDGE ( 'NONE', *, *, #1288, .T. ) ;
#4985 = VECTOR ( 'NONE', #5962, 1000.000000000000000 ) ;
#4986 = DIRECTION ( 'NONE',  ( 1.000000000000000000, 1.817666293956048780E-15, 0.000000000000000000 ) ) ;
#4987 = B_SPLINE_CURVE_WITH_KNOTS ( 'NONE', 3,
 ( #3407, #8635, #5559, #8495, #4836, #7766, #4125, #7863, #1281, #556, #6408, #8811, #2959, #2197, #8050, #2243, #5788 ),
 .UNSPECIFIED., .F., .F.,
 ( 4, 2, 2, 1, 1, 1, 2, 2, 2, 4 ),
 ( 0.000000000000000000, 0.2500000000000107692, 0.3750000000000131561, 0.4375000000000174860, 0.4687500000000228151, 0.4843750000000254241, 0.4921875000000300870, 0.5000000000000347500, 0.7500000000000174305, 1.000000000000000000 ),
 .UNSPECIFIED. ) ;
#4988 = DIRECTION ( 'NONE',  ( 0.000000000000000000, -1.000000000000000000, 0.000000000000000000 ) ) ;
#4989 = FACE_OUTER_BOUND ( 'NONE', #3110, .T. ) ;
#4990 = DIRECTION ( 'NONE',  ( -7.113514023918722135E-11, 1.000000000000000000, 0.000000000000000000 ) ) ;
#4991 = CARTESIAN_POINT ( 'NONE',  ( -56.34167480468759237, 22.12078094482420099, 158.7207935539340156 ) ) ;
#4992 = EDGE_LOOP ( 'NONE', ( #4937, #827, #1548, #3132 ) ) ;
#4993 = ORIENTED_EDGE ( 'NONE', *, *, #2728, .F. ) ;
#4994 = AXIS2_PLACEMENT_3D ( 'NONE', #9468, #713, #1304 ) ;
#4995 = DIRECTION ( 'NONE',  ( 0.000000000000000000, 0.000000000000000000, -1.000000000000000000 ) ) ;
#4996 = ORIENTED_EDGE ( 'NONE', *, *, #4981, .F. ) ;
#4997 = CARTESIAN_POINT ( 'NONE',  ( 288.8209915161129970, 156.4021854306319881, 123.7207935539339871 ) ) ;
#4998 = AXIS2_PLACEMENT_3D ( 'NONE', #7268, #1513, #2824 ) ;
#4999 = CARTESIAN_POINT ( 'NONE',  ( 196.4079225027914788, 76.52168743035359455, 178.7207935539339871 ) ) ;
#5000 = DIRECTION ( 'NONE',  ( -1.000000000000000000, -5.242698834279479876E-16, 2.697178306448655082E-16 ) ) ;
#5001 = CARTESIAN_POINT ( 'NONE',  ( 98.64490509033210230, 76.52169227600100498, 178.7207935539339871 ) ) ;
#5002 = VERTEX_POINT ( 'NONE', #6299 ) ;
#5003 = B_SPLINE_SURFACE_WITH_KNOTS ( 'NONE', 3, 3, ( 
 ( #7857, #1080, #7089, #4024, #6942 ),
 ( #364, #3537, #8807, #733, #3006 ),
 ( #5104, #5920, #5827, #3581, #2239 ),
 ( #8045, #7907, #7174, #684, #6490 ),
 ( #2193, #8854, #9485, #9438, #5060 ) ),
 .UNSPECIFIED., .F., .F., .F.,
 ( 4, 1, 4 ),
 ( 4, 1, 4 ),
 ( 0.000000000000000000, 0.5714285714285709528, 1.000000000000000000 ),
 ( 3.257309163864710259E-15, 0.7598391503717960571, 1.329718513150639936 ),
 .UNSPECIFIED. ) ;
#5004 = CARTESIAN_POINT ( 'NONE',  ( -30.26300430297849786, 110.9465026855470029, 143.7207935539339871 ) ) ;
#5005 = EDGE_CURVE ( 'NONE', #7934, #7592, #7070, .T. ) ;
#5006 = DIRECTION ( 'NONE',  ( 0.000000000000000000, 0.000000000000000000, -1.000000000000000000 ) ) ;
#5007 = EDGE_LOOP ( 'NONE', ( #530, #2723, #1195, #8650, #3258, #6169, #4434 ) ) ;
#5008 = EDGE_LOOP ( 'NONE', ( #7013, #6138, #3516, #4190 ) ) ;
#5009 = CARTESIAN_POINT ( 'NONE',  ( -291.1789894103999927, -1.776356839400250149E-14, 155.7207935539340156 ) ) ;
#5010 = CIRCLE ( 'NONE', #5633, 17.90484428405759942 ) ;
#5011 = CARTESIAN_POINT ( 'NONE',  ( -289.7141012682484984, 97.65103357956519403, 182.2559555430615035 ) ) ;
#5012 = CARTESIAN_POINT ( 'NONE',  ( -269.8896026611329830, 35.02563476562500000, 155.7207935539340156 ) ) ;
#5013 = VERTEX_POINT ( 'NONE', #6346 ) ;
#5014 = CARTESIAN_POINT ( 'NONE',  ( 60.32955169677730112, 123.8515090942380112, 178.7207935539339871 ) ) ;
#5015 = DIRECTION ( 'NONE',  ( -1.000000000000000000, 1.188474749415029953E-15, 0.000000000000000000 ) ) ;
#5016 = EDGE_CURVE ( 'NONE', #5239, #4224, #1942, .T. ) ;
#5017 = CYLINDRICAL_SURFACE ( 'NONE', #1260, 2.999999999999997780 ) ;
#5018 = VECTOR ( 'NONE', #5090, 1000.000000000000000 ) ;
#5019 =( BOUNDED_CURVE ( )  B_SPLINE_CURVE ( 3, ( #6458, #1374, #9444, #9406 ),
 .UNSPECIFIED., .F., .T. ) 
 B_SPLINE_CURVE_WITH_KNOTS ( ( 4, 4 ),
 ( 5.315636896936950073, 5.497787143782129959 ),
 .UNSPECIFIED. ) 
 CURVE ( )  GEOMETRIC_REPRESENTATION_ITEM ( )  RATIONAL_B_SPLINE_CURVE ( ( 1.000000000000000000, 0.9972370179274300250, 0.9972370179274300250, 1.000000000000000000 ) ) 
 REPRESENTATION_ITEM ( '' )  );
#5020 = ADVANCED_FACE ( 'NONE', ( #2131 ), #2180, .T. ) ;
#5021 = DIRECTION ( 'NONE',  ( 0.000000000000000000, 0.000000000000000000, -1.000000000000000000 ) ) ;
#5022 = ORIENTED_EDGE ( 'NONE', *, *, #5363, .T. ) ;
#5023 = ORIENTED_EDGE ( 'NONE', *, *, #5512, .T. ) ;
#5024 = DIRECTION ( 'NONE',  ( 1.274272494262450050E-16, -1.000000000000000000, 0.000000000000000000 ) ) ;
#5025 = DIRECTION ( 'NONE',  ( 1.000000000000000000, 0.000000000000000000, 0.000000000000000000 ) ) ;
#5026 = LINE ( 'NONE', #5932, #4509 ) ;
#5027 = ORIENTED_EDGE ( 'NONE', *, *, #6171, .T. ) ;
#5028 = CARTESIAN_POINT ( 'NONE',  ( 38.07888031005860086, 22.12078094482420099, 155.7207935539340156 ) ) ;
#5029 = CARTESIAN_POINT ( 'NONE',  ( 216.5078353881840201, 8.337247467583070559, 157.8421138974935047 ) ) ;
#5030 = CIRCLE ( 'NONE', #7030, 3.000000000000002665 ) ;
#5031 = EDGE_CURVE ( 'NONE', #1926, #2600, #2430, .T. ) ;
#5032 = CARTESIAN_POINT ( 'NONE',  ( -134.7493367092509970, 76.52169227600100498, 183.7207935539340156 ) ) ;
#5033 = FACE_BOUND ( 'NONE', #828, .T. ) ;
#5034 = CIRCLE ( 'NONE', #4582, 5.000000000000004441 ) ;
#5035 = CARTESIAN_POINT ( 'NONE',  ( -135.5343000258999950, 90.89100265412581336, 182.2563274598670091 ) ) ;
#5036 = CARTESIAN_POINT ( 'NONE',  ( -289.1330152136220022, 60.29947687527599953, 158.6011665095539911 ) ) ;
#5037 = VERTEX_POINT ( 'NONE', #816 ) ;
#5038 = AXIS2_PLACEMENT_3D ( 'NONE', #5935, #749, #6608 ) ;
#5039 = VERTEX_POINT ( 'NONE', #4332 ) ;
#5040 = DIRECTION ( 'NONE',  ( 8.166800569142643757E-11, -1.000000000000000000, 0.000000000000000000 ) ) ;
#5041 = CARTESIAN_POINT ( 'NONE',  ( 192.7207220559747896, 116.2343508620289327, 183.7207935539341861 ) ) ;
#5042 = AXIS2_PLACEMENT_3D ( 'NONE', #4032, #7138, #2597 ) ;
#5043 = DIRECTION ( 'NONE',  ( 0.000000000000000000, 0.000000000000000000, -1.000000000000000000 ) ) ;
#5044 = ORIENTED_EDGE ( 'NONE', *, *, #5787, .F. ) ;
#5045 = FACE_OUTER_BOUND ( 'NONE', #6731, .T. ) ;
#5046 = DIRECTION ( 'NONE',  ( 0.000000000000000000, 0.000000000000000000, -1.000000000000000000 ) ) ;
#5047 = EDGE_CURVE ( 'NONE', #4114, #4033, #3761, .T. ) ;
#5048 = CARTESIAN_POINT ( 'NONE',  ( -95.18947186078854372, 135.9089749753483716, 183.7207935539340440 ) ) ;
#5049 = TOROIDAL_SURFACE ( 'NONE', #9504, 15.90485382080079901, 3.000000000000000000 ) ;
#5050 = CARTESIAN_POINT ( 'NONE',  ( -152.7366433896910110, 89.42653656005859375, 148.7207935539339871 ) ) ;
#5051 = ORIENTED_EDGE ( 'NONE', *, *, #2844, .T. ) ;
#5052 = CIRCLE ( 'NONE', #4140, 17.90484428405761363 ) ;
#5053 = CYLINDRICAL_SURFACE ( 'NONE', #5654, 12.90484428405759587 ) ;
#5054 = ORIENTED_EDGE ( 'NONE', *, *, #7265, .F. ) ;
#5055 = ORIENTED_EDGE ( 'NONE', *, *, #4188, .T. ) ;
#5056 = CARTESIAN_POINT ( 'NONE',  ( -101.0028839111329972, 63.61684799194339490, 178.7207935539339871 ) ) ;
#5057 = EDGE_CURVE ( 'NONE', #4846, #3617, #8689, .T. ) ;
#5058 = DIRECTION ( 'NONE',  ( -1.000000000000000000, -1.018317597297121923E-16, 1.018317597297117979E-16 ) ) ;
#5059 = ORIENTED_EDGE ( 'NONE', *, *, #3116, .F. ) ;
#5060 = CARTESIAN_POINT ( 'NONE',  ( -290.4482188859409462, 69.74005044511349638, 158.7207935532600231 ) ) ;
#5061 = CARTESIAN_POINT ( 'NONE',  ( -15.72100162506090015, 98.04149627685548296, 178.7207935539339871 ) ) ;
#5062 = CARTESIAN_POINT ( 'NONE',  ( 284.6287314839045735, 76.52170188199448830, 183.6551184275425044 ) ) ;
#5063 = DIRECTION ( 'NONE',  ( 0.000000000000000000, 0.000000000000000000, 1.000000000000000000 ) ) ;
#5064 = ORIENTED_EDGE ( 'NONE', *, *, #2662, .T. ) ;
#5065 = VERTEX_POINT ( 'NONE', #5813 ) ;
#5066 = DIRECTION ( 'NONE',  ( 0.000000000000000000, 0.000000000000000000, -1.000000000000000000 ) ) ;
#5068 = EDGE_CURVE ( 'NONE', #7322, #2510, #1445, .T. ) ;
#5067 = CIRCLE ( 'NONE', #6604, 3.000000000000002665 ) ;
#5069 = EDGE_CURVE ( 'NONE', #8380, #5286, #6858, .T. ) ;
#5070 = DIRECTION ( 'NONE',  ( -1.000000000000000000, 2.688482178977771415E-16, 0.000000000000000000 ) ) ;
#5071 = AXIS2_PLACEMENT_3D ( 'NONE', #8360, #5317, #2408 ) ;
#5072 = LINE ( 'NONE', #3066, #3868 ) ;
#5073 = DIRECTION ( 'NONE',  ( -1.000000000000000000, 9.747022401918829411E-18, 0.000000000000000000 ) ) ;
#5074 = CIRCLE ( 'NONE', #1560, 4.999999999999997335 ) ;
#5075 = EDGE_LOOP ( 'NONE', ( #6051, #8557, #6549, #7189 ) ) ;
#5076 = CARTESIAN_POINT ( 'NONE',  ( -269.8896026611329830, 6.215927124023419736, 155.7207935539340156 ) ) ;
#5077 = EDGE_CURVE ( 'NONE', #7593, #3216, #2941, .T. ) ;
#5078 = DIRECTION ( 'NONE',  ( 0.9999999999999993339, 3.520767011266897492E-08, -1.102913575511399290E-21 ) ) ;
#5079 = B_SPLINE_SURFACE_WITH_KNOTS ( 'NONE', 3, 3, ( 
 ( #3599, #6665, #5036, #7441, #8110, #7339, #3025, #807, #5941, #5124, #9457, #9508 ),
 ( #2311, #3750, #6512, #5803, #7976, #5222, #1591, #5168, #1540, #1480, #1435, #8064 ),
 ( #8739, #94, #8876, #4323, #8159, #3701, #3649, #756, #7395, #4512, #2886, #6615 ),
 ( #855, #3800, #8827, #41, #4410, #1388, #2168, #2256, #7243, #4366, #2930, #4463 ),
 ( #8021, #3076, #5847, #6710, #5894, #139, #2213, #2122, #5993, #661, #2978, #7286 ) ),
 .UNSPECIFIED., .F., .F., .F.,
 ( 4, 1, 4 ),
 ( 4, 1, 1, 1, 1, 1, 1, 2, 4 ),
 ( 0.000000000000000000, 0.5714285714285709528, 1.000000000000000000 ),
 ( 3.257309163864710259E-15, 0.4221616780728669749, 0.6332425171092990190, 0.8443233561457309522, 1.055404195182159999, 1.266485034218600036, 1.688646712291459906, 2.110808390364319997, 2.113462086114830107 ),
 .UNSPECIFIED. ) ;
#5080 = PLANE ( 'NONE',  #3913 ) ;
#5081 = DIRECTION ( 'NONE',  ( -1.000000000000000000, 4.362752391243203476E-16, 0.000000000000000000 ) ) ;
#5082 = ORIENTED_EDGE ( 'NONE', *, *, #8312, .F. ) ;
#5083 = ORIENTED_EDGE ( 'NONE', *, *, #3497, .T. ) ;
#5084 = CARTESIAN_POINT ( 'NONE',  ( -282.3921928459964761, 55.10804795676809675, 158.7207935539340156 ) ) ;
#5085 = DIRECTION ( 'NONE',  ( 0.9999999999999994449, -3.520767068429227619E-08, 0.000000000000000000 ) ) ;
#5086 = AXIS2_PLACEMENT_3D ( 'NONE', #2721, #1948, #8524 ) ;
#5087 = CARTESIAN_POINT ( 'NONE',  ( -117.8758483510998190, 75.37703893771805497, 183.6195733523383922 ) ) ;
#5088 = ORIENTED_EDGE ( 'NONE', *, *, #9124, .F. ) ;
#5089 = DIRECTION ( 'NONE',  ( 0.000000000000000000, 0.000000000000000000, -1.000000000000000000 ) ) ;
#5090 = DIRECTION ( 'NONE',  ( -1.000000000000000000, 5.897598525349479809E-18, 0.000000000000000000 ) ) ;
#5091 = CARTESIAN_POINT ( 'NONE',  ( 98.64489001653309685, 22.12077988203889944, 155.7207935539340156 ) ) ;
#5092 = LINE ( 'NONE', #1308, #5677 ) ;
#5093 = ORIENTED_EDGE ( 'NONE', *, *, #7317, .T. ) ;
#5094 = EDGE_CURVE ( 'NONE', #8066, #6242, #2223, .T. ) ;
#5095 = DIRECTION ( 'NONE',  ( 1.000000000000000000, 0.000000000000000000, 0.000000000000000000 ) ) ;
#5096 = CARTESIAN_POINT ( 'NONE',  ( 216.5078353881840201, 6.215927124023419736, 155.7207935539340156 ) ) ;
#5097 = ORIENTED_EDGE ( 'NONE', *, *, #8191, .T. ) ;
#5098 = AXIS2_PLACEMENT_3D ( 'NONE', #3595, #7389, #3553 ) ;
#5099 = ORIENTED_EDGE ( 'NONE', *, *, #3911, .T. ) ;
#5100 = CARTESIAN_POINT ( 'NONE',  ( 132.3913192749020027, 6.215927124023430395, 155.7207935539340156 ) ) ;
#5101 = CARTESIAN_POINT ( 'NONE',  ( 132.3913192749020027, 22.12078094482420099, 155.7207935539340156 ) ) ;
#5102 = DIRECTION ( 'NONE',  ( -9.225865788923591948E-08, 0.9999999999999957812, 0.000000000000000000 ) ) ;
#5103 = VERTEX_POINT ( 'NONE', #3035 ) ;
#5104 = CARTESIAN_POINT ( 'NONE',  ( -286.1733425887920248, 58.75701035094510161, 159.4744332109189884 ) ) ;
#5105 = VECTOR ( 'NONE', #6035, 1000.000000000000000 ) ;
#5106 = CARTESIAN_POINT ( 'NONE',  ( -286.3016717067412173, 83.38957445983314187, 183.7207935539340156 ) ) ;
#5107 = CARTESIAN_POINT ( 'NONE',  ( 284.6287200598774803, 76.48829507031959452, 183.6551205169020022 ) ) ;
#5108 = CARTESIAN_POINT ( 'NONE',  ( 150.3786849975589917, 22.12078094482420099, 138.7207935539339871 ) ) ;
#5109 = ORIENTED_EDGE ( 'NONE', *, *, #3532, .T. ) ;
#5110 = ORIENTED_EDGE ( 'NONE', *, *, #3143, .F. ) ;
#5111 = EDGE_CURVE ( 'NONE', #5294, #1766, #4376, .T. ) ;
#5112 = CARTESIAN_POINT ( 'NONE',  ( 288.8209915161129970, 74.13649945451655299, 156.7455330415221226 ) ) ;
#5113 = DIRECTION ( 'NONE',  ( -1.000000000000000000, 5.453440489053999218E-15, 0.000000000000000000 ) ) ;
#5114 = CIRCLE ( 'NONE', #2073, 12.90484791500049511 ) ;
#5115 = CARTESIAN_POINT ( 'NONE',  ( 183.5030736399640148, 22.12077808833640091, 146.7207935539339871 ) ) ;
#5116 = DIRECTION ( 'NONE',  ( -1.000000000000000000, 1.635284895191439853E-16, 0.000000000000000000 ) ) ;
#5117 = EDGE_CURVE ( 'NONE', #839, #2932, #2162, .T. ) ;
#5118 = ORIENTED_EDGE ( 'NONE', *, *, #2291, .F. ) ;
#5119 = CARTESIAN_POINT ( 'NONE',  ( 143.8209962844850054, 115.8346203221669981, 181.2207935539339871 ) ) ;
#5120 = AXIS2_PLACEMENT_3D ( 'NONE', #806, #1434, #755 ) ;
#5121 = CYLINDRICAL_SURFACE ( 'NONE', #2599, 2.999999999999995115 ) ;
#5122 = CIRCLE ( 'NONE', #988, 17.90484428405769535 ) ;
#5123 = CARTESIAN_POINT ( 'NONE',  ( -269.8896026611329830, 35.02563476562500000, 158.7207935539340156 ) ) ;
#5124 = CARTESIAN_POINT ( 'NONE',  ( -291.1789878874490114, 76.30497765962000756, 155.7242630918030102 ) ) ;
#5125 = ORIENTED_EDGE ( 'NONE', *, *, #8436, .T. ) ;
#5126 = ORIENTED_EDGE ( 'NONE', *, *, #107, .T. ) ;
#5127 = DIRECTION ( 'NONE',  ( 0.000000000000000000, 0.000000000000000000, -1.000000000000000000 ) ) ;
#5128 = CYLINDRICAL_SURFACE ( 'NONE', #5695, 2.999999999999996891 ) ;
#5129 = EDGE_CURVE ( 'NONE', #6513, #2516, #8561, .T. ) ;
#5130 = CIRCLE ( 'NONE', #9284, 5.000000000000004441 ) ;
#5131 = CARTESIAN_POINT ( 'NONE',  ( 267.5316238403320312, 63.61684799194339490, 183.7207935539340156 ) ) ;
#5132 = ORIENTED_EDGE ( 'NONE', *, *, #4489, .F. ) ;
#5133 = DIRECTION ( 'NONE',  ( 0.000000000000000000, 0.7071067811865453523, 0.7071067811865495711 ) ) ;
#5134 = ORIENTED_EDGE ( 'NONE', *, *, #1089, .F. ) ;
#5135 = DIRECTION ( 'NONE',  ( 1.000000000000000000, 0.000000000000000000, 0.000000000000000000 ) ) ;
#5136 = VERTEX_POINT ( 'NONE', #3085 ) ;
#5137 = DIRECTION ( 'NONE',  ( 1.000000000000000000, 1.550171293047343908E-15, 0.000000000000000000 ) ) ;
#5138 = DIRECTION ( 'NONE',  ( 0.000000000000000000, 0.000000000000000000, 1.000000000000000000 ) ) ;
#5139 = ORIENTED_EDGE ( 'NONE', *, *, #2688, .F. ) ;
#5140 = CARTESIAN_POINT ( 'NONE',  ( 98.64490509033210230, 76.52169227600100498, 183.7207935539340156 ) ) ;
#5141 = CARTESIAN_POINT ( 'NONE',  ( -288.1789894103999927, 3.000000000000000000, 158.7207935539340156 ) ) ;
#5142 = ORIENTED_EDGE ( 'NONE', *, *, #3167, .F. ) ;
#5143 = EDGE_LOOP ( 'NONE', ( #8510, #2741, #4542, #712 ) ) ;
#5144 = EDGE_CURVE ( 'NONE', #2032, #5913, #4872, .T. ) ;
#5145 = EDGE_CURVE ( 'NONE', #4337, #5453, #1657, .T. ) ;
#5146 = CARTESIAN_POINT ( 'NONE',  ( 150.3786849975589917, 76.52169227600100498, 178.7207935539339871 ) ) ;
#5147 = LINE ( 'NONE', #5739, #3678 ) ;
#5148 = VERTEX_POINT ( 'NONE', #1105 ) ;
#5149 = LINE ( 'NONE', #1365, #7294 ) ;
#5150 = CARTESIAN_POINT ( 'NONE',  ( -62.68753156017800876, 123.8515090942380112, 143.7207935539339871 ) ) ;
#5151 = CARTESIAN_POINT ( 'NONE',  ( 288.8209900386809750, 76.30497789300710565, 155.7242630661160092 ) ) ;
#5152 = CYLINDRICAL_SURFACE ( 'NONE', #3495, 2.500000000000010658 ) ;
#5153 = AXIS2_PLACEMENT_3D ( 'NONE', #7704, #3961, #2479 ) ;
#5154 = VERTEX_POINT ( 'NONE', #3947 ) ;
#5155 = ORIENTED_EDGE ( 'NONE', *, *, #2506, .F. ) ;
#5156 = TOROIDAL_SURFACE ( 'NONE', #705, 17.90500640869139914, 5.000000000000000000 ) ;
#5157 = CARTESIAN_POINT ( 'NONE',  ( -146.1789941787719727, 115.8346203221669981, 183.7207935539340156 ) ) ;
#5158 = CARTESIAN_POINT ( 'NONE',  ( 53.98373413085939632, 22.12078094482420099, 155.7207935539340156 ) ) ;
#5159 = PLANE ( 'NONE',  #7421 ) ;
#5160 = CIRCLE ( 'NONE', #2262, 12.90484428405769179 ) ;
#5161 = FACE_OUTER_BOUND ( 'NONE', #1253, .T. ) ;
#5162 = CYLINDRICAL_SURFACE ( 'NONE', #1344, 2.500000000000010658 ) ;
#5163 = ORIENTED_EDGE ( 'NONE', *, *, #3061, .T. ) ;
#5164 = CYLINDRICAL_SURFACE ( 'NONE', #8644, 2.500000000000000888 ) ;
#5165 = ADVANCED_FACE ( 'NONE', ( #8364 ), #1047, .T. ) ;
#5166 = CARTESIAN_POINT ( 'NONE',  ( 18.44994068145760124, 6.215927124023430395, 158.7207935539340156 ) ) ;
#5167 = CYLINDRICAL_SURFACE ( 'NONE', #5120, 12.90484428405759587 ) ;
#5168 = CARTESIAN_POINT ( 'NONE',  ( -291.0719392640019691, 72.46263090222780079, 156.7190834188060080 ) ) ;
#5169 = ORIENTED_EDGE ( 'NONE', *, *, #1288, .F. ) ;
#5170 = CARTESIAN_POINT ( 'NONE',  ( -134.7493367092509970, 94.42653656005860796, 183.7207935539340156 ) ) ;
#5171 = CYLINDRICAL_SURFACE ( 'NONE', #2176, 5.000000000000007105 ) ;
#5172 = VECTOR ( 'NONE', #4061, 1000.000000000000000 ) ;
#5173 = DIRECTION ( 'NONE',  ( 1.387778780781445281E-15, 0.7071067811865447972, 0.7071067811865503483 ) ) ;
#5174 = ORIENTED_EDGE ( 'NONE', *, *, #4315, .F. ) ;
#5175 = DIRECTION ( 'NONE',  ( 0.000000000000000000, 0.000000000000000000, 1.000000000000000000 ) ) ;
#5176 = VERTEX_POINT ( 'NONE', #1643 ) ;
#5177 = CARTESIAN_POINT ( 'NONE',  ( -289.7891630979562478, 66.50976251788965499, 158.7267667070585162 ) ) ;
#5178 = ORIENTED_EDGE ( 'NONE', *, *, #1562, .F. ) ;
#5179 = AXIS2_PLACEMENT_3D ( 'NONE', #3907, #156, #5189 ) ;
#5180 = EDGE_CURVE ( 'NONE', #2595, #7593, #8251, .T. ) ;
#5181 = CARTESIAN_POINT ( 'NONE',  ( 267.5316238403299849, 6.215927124023390427, 158.7207935539340156 ) ) ;
#5182 = DIRECTION ( 'NONE',  ( 1.000000000000000000, 2.209936055264990155E-16, 0.000000000000000000 ) ) ;
#5183 = DIRECTION ( 'NONE',  ( 0.000000000000000000, 0.000000000000000000, -1.000000000000000000 ) ) ;
#5184 = ORIENTED_EDGE ( 'NONE', *, *, #8475, .F. ) ;
#5185 = EDGE_CURVE ( 'NONE', #7851, #1437, #5319, .T. ) ;
#5186 = EDGE_CURVE ( 'NONE', #5593, #9169, #4042, .T. ) ;
#5187 = VECTOR ( 'NONE', #226, 1000.000000000000000 ) ;
#5188 = ADVANCED_FACE ( 'NONE', ( #2556 ), #6862, .T. ) ;
#5189 = DIRECTION ( 'NONE',  ( 0.000000000000000000, 0.7071067811865495711, 0.7071067811865454633 ) ) ;
#5190 = DIRECTION ( 'NONE',  ( 0.000000000000000000, 0.000000000000000000, 1.000000000000000000 ) ) ;
#5191 = ORIENTED_EDGE ( 'NONE', *, *, #8047, .F. ) ;
#5192 = VECTOR ( 'NONE', #3787, 1000.000000000000000 ) ;
#5193 = AXIS2_PLACEMENT_3D ( 'NONE', #7254, #4243, #629 ) ;
#5194 = ORIENTED_EDGE ( 'NONE', *, *, #9078, .F. ) ;
#5195 = CARTESIAN_POINT ( 'NONE',  ( 216.5078353881840201, 35.02563476562500000, 143.7207935539339871 ) ) ;
#5196 = AXIS2_PLACEMENT_3D ( 'NONE', #4089, #4138, #6421 ) ;
#5197 = EDGE_CURVE ( 'NONE', #6720, #5913, #5375, .T. ) ;
#5198 = CIRCLE ( 'NONE', #299, 3.000000000000015543 ) ;
#5199 = CARTESIAN_POINT ( 'NONE',  ( -285.7883292040324363, 59.02757017883231327, 160.9355499008561594 ) ) ;
#5200 = ORIENTED_EDGE ( 'NONE', *, *, #7904, .F. ) ;
#5201 = LINE ( 'NONE', #3051, #696 ) ;
#5202 = EDGE_CURVE ( 'NONE', #3306, #7034, #7494, .T. ) ;
#5203 = CARTESIAN_POINT ( 'NONE',  ( 288.8209912125880123, 76.31374853371120537, 155.7240148342839916 ) ) ;
#5204 = AXIS2_PLACEMENT_3D ( 'NONE', #4027, #4123, #8445 ) ;
#5205 = DIRECTION ( 'NONE',  ( 0.000000000000000000, 0.000000000000000000, -1.000000000000000000 ) ) ;
#5206 = CIRCLE ( 'NONE', #4446, 12.90484428405759587 ) ;
#5207 = ORIENTED_EDGE ( 'NONE', *, *, #4504, .T. ) ;
#5208 = VERTEX_POINT ( 'NONE', #237 ) ;
#5209 = ORIENTED_EDGE ( 'NONE', *, *, #8377, .F. ) ;
#5210 = FACE_OUTER_BOUND ( 'NONE', #380, .T. ) ;
#5211 = DIRECTION ( 'NONE',  ( 1.000000000000000000, 0.000000000000000000, 0.000000000000000000 ) ) ;
#5212 = DIRECTION ( 'NONE',  ( -0.9999999999999995559, -2.745767247960928976E-08, 0.000000000000000000 ) ) ;
#5213 = CARTESIAN_POINT ( 'NONE',  ( 48.73295307159440171, 63.61684799194339490, 178.7207935539339871 ) ) ;
#5214 = FACE_OUTER_BOUND ( 'NONE', #646, .T. ) ;
#5215 = ORIENTED_EDGE ( 'NONE', *, *, #1979, .T. ) ;
#5216 = LINE ( 'NONE', #4508, #7878 ) ;
#5217 = VECTOR ( 'NONE', #328, 1000.000000000000000 ) ;
#5218 = FACE_OUTER_BOUND ( 'NONE', #3481, .T. ) ;
#5219 = AXIS2_PLACEMENT_3D ( 'NONE', #9234, #1300, #8511 ) ;
#5220 = ADVANCED_FACE ( 'NONE', ( #4567 ), #5278, .T. ) ;
#5221 = DIRECTION ( 'NONE',  ( -1.000000000000000000, -4.342824285326365118E-16, 2.991839073662619936E-16 ) ) ;
#5222 = CARTESIAN_POINT ( 'NONE',  ( -290.1958620142300447, 66.75436516742260551, 158.0011309426170101 ) ) ;
#5223 = ORIENTED_EDGE ( 'NONE', *, *, #2761, .T. ) ;
#5224 = DIRECTION ( 'NONE',  ( 0.000000000000000000, 0.7071067811865495711, 0.7071067811865454633 ) ) ;
#5225 = AXIS2_PLACEMENT_3D ( 'NONE', #2070, #1333, #4986 ) ;
#5226 = CARTESIAN_POINT ( 'NONE',  ( 288.3634044189010410, 100.7804657490849962, 180.0663096195080186 ) ) ;
#5227 = ORIENTED_EDGE ( 'NONE', *, *, #7672, .T. ) ;
#5228 = FACE_BOUND ( 'NONE', #3940, .T. ) ;
#5229 = VERTEX_POINT ( 'NONE', #8411 ) ;
#5230 = DIRECTION ( 'NONE',  ( -1.000000000000000000, 2.125492551279550099E-17, -2.125492551279550099E-17 ) ) ;
#5231 = EDGE_CURVE ( 'NONE', #3485, #6823, #5340, .T. ) ;
#5232 = DIRECTION ( 'NONE',  ( -1.000000000000000000, -5.490584315426699629E-17, 5.490584315426699629E-17 ) ) ;
#5233 = CARTESIAN_POINT ( 'NONE',  ( 286.3755255648878801, 63.97203097774494296, 161.0517147344053512 ) ) ;
#5234 = VECTOR ( 'NONE', #8479, 1000.000000000000000 ) ;
#5235 = CARTESIAN_POINT ( 'NONE',  ( 48.73295419027600417, 8.337245120274799248, 157.8421138974935047 ) ) ;
#5236 = VERTEX_POINT ( 'NONE', #6094 ) ;
#5237 = DIRECTION ( 'NONE',  ( 1.000000000000000000, -3.894295420493990102E-17, -3.894295420493974695E-17 ) ) ;
#5238 = CARTESIAN_POINT ( 'NONE',  ( -97.17898941040009220, 138.0740829037360129, 181.2207935539339871 ) ) ;
#5239 = VERTEX_POINT ( 'NONE', #9033 ) ;
#5240 = ORIENTED_EDGE ( 'NONE', *, *, #4272, .F. ) ;
#5241 = EDGE_CURVE ( 'NONE', #6357, #2888, #4758, .T. ) ;
#5242 = ADVANCED_FACE ( 'NONE', ( #7691 ), #9082, .T. ) ;
#5243 = CARTESIAN_POINT ( 'NONE',  ( 98.64490509033210230, 76.52169227600100498, 178.7207935539339871 ) ) ;
#5244 = DIRECTION ( 'NONE',  ( -1.000000000000000000, 2.688482178977771415E-16, 0.000000000000000000 ) ) ;
#5245 = DIRECTION ( 'NONE',  ( -1.000000000000000000, 9.747022401918829411E-18, 0.000000000000000000 ) ) ;
#5246 = DIRECTION ( 'NONE',  ( 6.409534987526679801E-16, -1.000000000000000000, 0.000000000000000000 ) ) ;
#5247 = CARTESIAN_POINT ( 'NONE',  ( 284.0722498399500182, 60.07649374637219353, 161.0953308843049854 ) ) ;
#5248 = ADVANCED_FACE ( 'NONE', ( #2415 ), #2292, .T. ) ;
#5249 = PLANE ( 'NONE',  #725 ) ;
#5250 = ORIENTED_EDGE ( 'NONE', *, *, #6294, .T. ) ;
#5251 = ORIENTED_EDGE ( 'NONE', *, *, #218, .T. ) ;
#5252 = ORIENTED_EDGE ( 'NONE', *, *, #2713, .T. ) ;
#5253 = CARTESIAN_POINT ( 'NONE',  ( 287.6211161163652719, 67.48297277756334722, 158.7209683230121300 ) ) ;
#5254 = VECTOR ( 'NONE', #1534, 1000.000000000000000 ) ;
#5255 = CARTESIAN_POINT ( 'NONE',  ( -202.3634178464045021, 76.52169227600100498, 183.5200677519565033 ) ) ;
#5256 = CARTESIAN_POINT ( 'NONE',  ( 216.5078370698039976, 76.52169227600100498, 178.7207935539339871 ) ) ;
#5257 = CARTESIAN_POINT ( 'NONE',  ( 288.8209915161132244, 99.70776928441766529, 178.9561311472984357 ) ) ;
#5258 = EDGE_CURVE ( 'NONE', #6324, #3904, #6768, .T. ) ;
#5259 = DIRECTION ( 'NONE',  ( 1.000000000000000000, -3.632510143678719152E-17, 0.000000000000000000 ) ) ;
#5260 = CARTESIAN_POINT ( 'NONE',  ( 284.3593478675729784, 60.48538819502430641, 161.7207935539339871 ) ) ;
#5261 = VERTEX_POINT ( 'NONE', #4090 ) ;
#5262 = DIRECTION ( 'NONE',  ( 0.000000000000000000, 0.000000000000000000, -1.000000000000000000 ) ) ;
#5263 =( BOUNDED_CURVE ( )  B_SPLINE_CURVE ( 3, ( #6654, #7234, #7327, #5836 ),
 .UNSPECIFIED., .F., .T. ) 
 B_SPLINE_CURVE_WITH_KNOTS ( ( 4, 4 ),
 ( 4.712388980384689674, 5.332882281185539419 ),
 .UNSPECIFIED. ) 
 CURVE ( )  GEOMETRIC_REPRESENTATION_ITEM ( )  RATIONAL_B_SPLINE_CURVE ( ( 1.000000000000000000, 0.9681721987222410286, 0.9681721987222410286, 1.000000000000000000 ) ) 
 REPRESENTATION_ITEM ( '' )  );
#5264 = CARTESIAN_POINT ( 'NONE',  ( 283.8209915161129970, 97.16738986521721699, 183.7207935539340156 ) ) ;
#5265 = EDGE_CURVE ( 'NONE', #8380, #9416, #2379, .T. ) ;
#5266 = EDGE_CURVE ( 'NONE', #7617, #2504, #8267, .T. ) ;
#5267 = CARTESIAN_POINT ( 'NONE',  ( 133.1763124465940109, 6.215927124023430395, 155.7207935539340156 ) ) ;
#5268 = DIRECTION ( 'NONE',  ( 0.000000000000000000, 0.000000000000000000, -1.000000000000000000 ) ) ;
#5269 = VERTEX_POINT ( 'NONE', #2746 ) ;
#5270 = CARTESIAN_POINT ( 'NONE',  ( 39.73928811949450335, 38.02563643273879990, 155.7207935539340156 ) ) ;
#5271 = AXIS2_PLACEMENT_3D ( 'NONE', #4944, #1154, #7062 ) ;
#5272 = AXIS2_PLACEMENT_3D ( 'NONE', #1391, #4108, #5492 ) ;
#5273 = AXIS2_PLACEMENT_3D ( 'NONE', #701, #8738, #1633 ) ;
#5274 = DIRECTION ( 'NONE',  ( 0.000000000000000000, 0.000000000000000000, 1.000000000000000000 ) ) ;
#5275 = ORIENTED_EDGE ( 'NONE', *, *, #2001, .T. ) ;
#5276 = CARTESIAN_POINT ( 'NONE',  ( 98.64490820428390805, 6.215926533999919457, 155.7207935539340156 ) ) ;
#5277 = ORIENTED_EDGE ( 'NONE', *, *, #1113, .T. ) ;
#5278 = CYLINDRICAL_SURFACE ( 'NONE', #9184, 2.499999999999995115 ) ;
#5279 = CARTESIAN_POINT ( 'NONE',  ( -185.8610559998539884, 76.52168743035018394, 158.7207935539340156 ) ) ;
#5280 = CARTESIAN_POINT ( 'NONE',  ( 288.0902209916829975, 69.74005044523980246, 158.7207935535700187 ) ) ;
#5281 = LINE ( 'NONE', #867, #512 ) ;
#5282 = ORIENTED_EDGE ( 'NONE', *, *, #5535, .T. ) ;
#5283 = CIRCLE ( 'NONE', #1151, 12.90500640869139737 ) ;
#5284 = FACE_OUTER_BOUND ( 'NONE', #6995, .T. ) ;
#5285 = CARTESIAN_POINT ( 'NONE',  ( 115.5181150157410173, 76.52169227600100498, 183.6132091689500214 ) ) ;
#5286 = VERTEX_POINT ( 'NONE', #3371 ) ;
#5287 = ORIENTED_EDGE ( 'NONE', *, *, #6474, .F. ) ;
#5288 = LINE ( 'NONE', #1455, #6852 ) ;
#5289 =( LENGTH_UNIT ( ) NAMED_UNIT ( * ) SI_UNIT ( .MILLI., .METRE. ) );
#5290 = VERTEX_POINT ( 'NONE', #4183 ) ;
#5291 = CARTESIAN_POINT ( 'NONE',  ( 10.00000000000000000, 110.9465026855470029, 183.7207935539340156 ) ) ;
#5292 = CARTESIAN_POINT ( 'NONE',  ( 285.4349763923639784, 62.30419548123899887, 161.4008675976479878 ) ) ;
#5293 = FACE_OUTER_BOUND ( 'NONE', #6930, .T. ) ;
#5294 = VERTEX_POINT ( 'NONE', #1887 ) ;
#5295 = ORIENTED_EDGE ( 'NONE', *, *, #315, .F. ) ;
#5296 = ORIENTED_EDGE ( 'NONE', *, *, #2097, .F. ) ;
#5297 = CARTESIAN_POINT ( 'NONE',  ( -62.68753155976759928, 128.8515090942379970, 183.7207935539340156 ) ) ;
#5298 = CIRCLE ( 'NONE', #4850, 3.000000000003340439 ) ;
#5299 = EDGE_CURVE ( 'NONE', #2544, #6270, #3978, .T. ) ;
#5300 = DIRECTION ( 'NONE',  ( 1.000000000000000000, 0.000000000000000000, 0.000000000000000000 ) ) ;
#5301 = DIRECTION ( 'NONE',  ( -1.000000000000000000, -5.490584315426709489E-17, 5.490584315426689768E-17 ) ) ;
#5302 = ORIENTED_EDGE ( 'NONE', *, *, #4504, .F. ) ;
#5303 = DIRECTION ( 'NONE',  ( 1.000000000000000000, 0.000000000000000000, 0.000000000000000000 ) ) ;
#5304 = EDGE_CURVE ( 'NONE', #8215, #1787, #1584, .T. ) ;
#5305 = CYLINDRICAL_SURFACE ( 'NONE', #9085, 5.000000000000001776 ) ;
#5306 = FACE_OUTER_BOUND ( 'NONE', #1149, .T. ) ;
#5307 = EDGE_CURVE ( 'NONE', #1592, #5415, #3822, .T. ) ;
#5308 = TOROIDAL_SURFACE ( 'NONE', #6845, 17.90484428405759942, 5.000000000000000000 ) ;
#5309 = AXIS2_PLACEMENT_3D ( 'NONE', #3847, #8358, #8209 ) ;
#5310 = ORIENTED_EDGE ( 'NONE', *, *, #1038, .T. ) ;
#5311 = CARTESIAN_POINT ( 'NONE',  ( -289.3167026594340996, 97.44608966818660178, 182.6520046322079622 ) ) ;
#5312 = FACE_OUTER_BOUND ( 'NONE', #2442, .T. ) ;
#5313 = CIRCLE ( 'NONE', #7009, 5.000000000000004441 ) ;
#5314 = DIRECTION ( 'NONE',  ( -1.000000000000000000, -1.274272494262450050E-16, 0.000000000000000000 ) ) ;
#5315 = CYLINDRICAL_SURFACE ( 'NONE', #4102, 2.500000000000012434 ) ;
#5316 = EDGE_LOOP ( 'NONE', ( #2110, #967, #5705, #1291 ) ) ;
#5317 = DIRECTION ( 'NONE',  ( 0.000000000000000000, 0.000000000000000000, -1.000000000000000000 ) ) ;
#5318 = ADVANCED_FACE ( 'NONE', ( #4989 ), #5617, .F. ) ;
#5319 = CIRCLE ( 'NONE', #6545, 12.90484428405761008 ) ;
#5320 = DIRECTION ( 'NONE',  ( -1.000000000000000000, 0.000000000000000000, 0.000000000000000000 ) ) ;
#5321 = ORIENTED_EDGE ( 'NONE', *, *, #3877, .T. ) ;
#5322 = DIRECTION ( 'NONE',  ( 0.000000000000000000, 0.7071067811865453523, 0.7071067811865495711 ) ) ;
#5323 = ORIENTED_EDGE ( 'NONE', *, *, #5094, .F. ) ;
#5324 = DIRECTION ( 'NONE',  ( -1.000000000000000000, 0.000000000000000000, 0.000000000000000000 ) ) ;
#5325 = CARTESIAN_POINT ( 'NONE',  ( 183.5030736399810110, 76.52168743035359455, 158.7207935539340156 ) ) ;
#5326 = VECTOR ( 'NONE', #634, 1000.000000000000000 ) ;
#5327 = CARTESIAN_POINT ( 'NONE',  ( 284.6287314839045735, 76.52170188199448830, 183.6551184275425044 ) ) ;
#5328 = CIRCLE ( 'NONE', #9020, 29.99999999999999645 ) ;
#5329 = LINE ( 'NONE', #8128, #9367 ) ;
#5330 = ORIENTED_EDGE ( 'NONE', *, *, #8163, .T. ) ;
#5331 = CARTESIAN_POINT ( 'NONE',  ( -95.07871995026201262, 116.2343508620289327, 183.7207935539341861 ) ) ;
#5332 = DIRECTION ( 'NONE',  ( 1.000000000000000000, 0.000000000000000000, 0.000000000000000000 ) ) ;
#5333 = CARTESIAN_POINT ( 'NONE',  ( -195.3172256590117968, 97.53125866312210235, 183.6593155262119126 ) ) ;
#5334 = ORIENTED_EDGE ( 'NONE', *, *, #189, .F. ) ;
#5335 = EDGE_LOOP ( 'NONE', ( #7777, #478, #2731, #8399, #4420 ) ) ;
#5336 = EDGE_CURVE ( 'NONE', #6429, #8092, #7235, .T. ) ;
#5337 = EDGE_CURVE ( 'NONE', #4224, #8969, #9374, .T. ) ;
#5338 = CARTESIAN_POINT ( 'NONE',  ( 27.90500640869139914, 123.8515090942380112, 183.7207935539340156 ) ) ;
#5339 = DIRECTION ( 'NONE',  ( 0.5310885545960910559, -0.8473163206129307179, 0.000000000000000000 ) ) ;
#5340 = CIRCLE ( 'NONE', #3049, 4.999999999999997335 ) ;
#5341 = CYLINDRICAL_SURFACE ( 'NONE', #3990, 5.000000000000007105 ) ;
#5342 = ORIENTED_EDGE ( 'NONE', *, *, #6016, .T. ) ;
#5343 = AXIS2_PLACEMENT_3D ( 'NONE', #6193, #9130, #1889 ) ;
#5344 = DIRECTION ( 'NONE',  ( 0.000000000000000000, 0.000000000000000000, 1.000000000000000000 ) ) ;
#5345 = AXIS2_PLACEMENT_3D ( 'NONE', #6246, #4050, #4098 ) ;
#5346 = CARTESIAN_POINT ( 'NONE',  ( 285.8209915161120307, 57.34758543134790187, 158.7207935539340156 ) ) ;
#5347 = FACE_OUTER_BOUND ( 'NONE', #7832, .T. ) ;
#5348 = EDGE_CURVE ( 'NONE', #8405, #8477, #7874, .T. ) ;
#5349 = VERTEX_POINT ( 'NONE', #1982 ) ;
#5350 = VERTEX_POINT ( 'NONE', #4894 ) ;
#5351 = VERTEX_POINT ( 'NONE', #4230 ) ;
#5352 = VECTOR ( 'NONE', #306, 1000.000000000000000 ) ;
#5353 = DIRECTION ( 'NONE',  ( 0.9999999999999997780, 2.745767261373882970E-08, 0.000000000000000000 ) ) ;
#5354 = DIRECTION ( 'NONE',  ( -1.000000000000000000, 1.188474749415029953E-15, 0.000000000000000000 ) ) ;
#5355 = ORIENTED_EDGE ( 'NONE', *, *, #5348, .T. ) ;
#5356 = AXIS2_PLACEMENT_3D ( 'NONE', #5405, #8350, #3931 ) ;
#5357 = DIRECTION ( 'NONE',  ( 1.000000000000000000, -8.176424475957199265E-17, -8.176424475957199265E-17 ) ) ;
#5358 = CARTESIAN_POINT ( 'NONE',  ( 288.4226352810969729, 68.84152390122906695, 157.2786110506823150 ) ) ;
#5359 = VECTOR ( 'NONE', #914, 1000.000000000000000 ) ;
#5360 = CYLINDRICAL_SURFACE ( 'NONE', #8857, 2.999999999999995115 ) ;
#5361 = ORIENTED_EDGE ( 'NONE', *, *, #3203, .F. ) ;
#5362 = EDGE_CURVE ( 'NONE', #3108, #2154, #8419, .T. ) ;
#5363 = EDGE_CURVE ( 'NONE', #9211, #5427, #7147, .T. ) ;
#5364 = EDGE_CURVE ( 'NONE', #6577, #4507, #3505, .T. ) ;
#5365 = CARTESIAN_POINT ( 'NONE',  ( -51.09094142913819780, 89.42653656005859375, 178.7207935539339871 ) ) ;
#5366 = ORIENTED_EDGE ( 'NONE', *, *, #8513, .T. ) ;
#5367 = LINE ( 'NONE', #6804, #7892 ) ;
#5368 = CARTESIAN_POINT ( 'NONE',  ( -288.6789894103999927, 108.1447414584200004, 170.3489578191650082 ) ) ;
#5369 = EDGE_LOOP ( 'NONE', ( #1891, #2215, #2285, #510, #3271 ) ) ;
#5370 = CARTESIAN_POINT ( 'NONE',  ( -15.72100162506090015, 93.04149627685549717, 178.7207935539339871 ) ) ;
#5371 = EDGE_CURVE ( 'NONE', #5261, #275, #132, .T. ) ;
#5372 = CARTESIAN_POINT ( 'NONE',  ( 285.9351275793119953, 97.34975805660688764, 183.4185269062169823 ) ) ;
#5373 = EDGE_LOOP ( 'NONE', ( #7572, #793, #875, #3665 ) ) ;
#5374 = DIRECTION ( 'NONE',  ( 0.000000000000000000, -1.000000000000000000, 0.000000000000000000 ) ) ;
#5375 = LINE ( 'NONE', #6002, #719 ) ;
#5376 = CARTESIAN_POINT ( 'NONE',  ( 194.8209915161130255, 100.4908558527999958, 181.2207935539339871 ) ) ;
#5377 = CARTESIAN_POINT ( 'NONE',  ( 107.6644182205200053, 38.02563476562500000, 155.7207935539340156 ) ) ;
#5378 = ORIENTED_EDGE ( 'NONE', *, *, #123, .T. ) ;
#5379 = VERTEX_POINT ( 'NONE', #3697 ) ;
#5380 = CIRCLE ( 'NONE', #6145, 17.90500640869139559 ) ;
#5381 = CARTESIAN_POINT ( 'NONE',  ( 98.64490509033210230, 63.61684799194339490, 178.7207935539339871 ) ) ;
#5382 = VECTOR ( 'NONE', #5465, 1000.000000000000000 ) ;
#5383 = DIRECTION ( 'NONE',  ( -9.747022401918829411E-18, -1.000000000000000000, 0.000000000000000000 ) ) ;
#5384 = DIRECTION ( 'NONE',  ( 0.000000000000000000, 0.000000000000000000, -1.000000000000000000 ) ) ;
#5385 = ORIENTED_EDGE ( 'NONE', *, *, #1867, .F. ) ;
#5386 = EDGE_LOOP ( 'NONE', ( #7396, #9460, #2488, #2406, #181, #2446 ) ) ;
#5387 = DIRECTION ( 'NONE',  ( -0.7071067811865475727, 0.000000000000000000, 0.7071067811865475727 ) ) ;
#5388 = PRESENTATION_LAYER_ASSIGNMENT (  '', '', ( #2946 ) ) ;
#5389 = ADVANCED_FACE ( 'NONE', ( #2928 ), #4460, .F. ) ;
#5390 = ADVANCED_FACE ( 'NONE', ( #2210, #5033, #7391, #3647 ), #3556, .T. ) ;
#5391 = DIRECTION ( 'NONE',  ( 0.000000000000000000, 0.000000000000000000, 1.000000000000000000 ) ) ;
#5392 = DIRECTION ( 'NONE',  ( 0.000000000000000000, 0.000000000000000000, -1.000000000000000000 ) ) ;
#5393 = ORIENTED_EDGE ( 'NONE', *, *, #1588, .F. ) ;
#5394 = DIRECTION ( 'NONE',  ( -1.000000000000000000, 8.176424475957218987E-17, -8.176424475957189405E-17 ) ) ;
#5395 = CYLINDRICAL_SURFACE ( 'NONE', #3562, 12.90485382080079901 ) ;
#5396 = CIRCLE ( 'NONE', #4789, 3.000000000000002665 ) ;
#5397 = CYLINDRICAL_SURFACE ( 'NONE', #8566, 12.90500640869139737 ) ;
#5398 = VERTEX_POINT ( 'NONE', #700 ) ;
#5399 = ORIENTED_EDGE ( 'NONE', *, *, #4792, .T. ) ;
#5400 = CIRCLE ( 'NONE', #8166, 17.90484886281041454 ) ;
#5401 = EDGE_LOOP ( 'NONE', ( #8359, #8505, #8576, #225, #1609 ) ) ;
#5402 = CARTESIAN_POINT ( 'NONE',  ( -202.3632012130203464, 74.60820116913902211, 183.5504302181147409 ) ) ;
#5403 = DIRECTION ( 'NONE',  ( 0.000000000000000000, 0.000000000000000000, 1.000000000000000000 ) ) ;
#5404 = EDGE_LOOP ( 'NONE', ( #8842, #1271, #6057, #3951 ) ) ;
#5405 = CARTESIAN_POINT ( 'NONE',  ( -97.17898941040009220, 136.5016367987730064, 156.6015757153489858 ) ) ;
#5406 = LINE ( 'NONE', #3162, #4935 ) ;
#5407 = CARTESIAN_POINT ( 'NONE',  ( -118.9077281951906002, 76.52169227600100498, 178.7207935539339871 ) ) ;
#5408 = EDGE_CURVE ( 'NONE', #5409, #6652, #5500, .T. ) ;
#5409 = VERTEX_POINT ( 'NONE', #6662 ) ;
#5410 = CIRCLE ( 'NONE', #6020, 3.000000000000002665 ) ;
#5411 = DIRECTION ( 'NONE',  ( 1.000000000000000000, -2.901163001883460083E-16, 0.000000000000000000 ) ) ;
#5412 = ORIENTED_EDGE ( 'NONE', *, *, #9417, .T. ) ;
#5413 = FACE_OUTER_BOUND ( 'NONE', #6292, .T. ) ;
#5414 = CYLINDRICAL_SURFACE ( 'NONE', #7228, 5.000000000000021316 ) ;
#5415 = VERTEX_POINT ( 'NONE', #805 ) ;
#5416 = CARTESIAN_POINT ( 'NONE',  ( -218.8657760620120314, 8.337247467583051019, 157.8421138974935047 ) ) ;
#5417 = AXIS2_PLACEMENT_3D ( 'NONE', #4875, #6487, #4967 ) ;
#5418 = EDGE_CURVE ( 'NONE', #7173, #6403, #1355, .T. ) ;
#5419 = TOROIDAL_SURFACE ( 'NONE', #1286, 17.90499687194819600, 5.000000000000000000 ) ;
#5420 = DIRECTION ( 'NONE',  ( 1.000000000000000000, 2.357670551379990086E-15, 0.000000000000000000 ) ) ;
#5421 = ORIENTED_EDGE ( 'NONE', *, *, #4904, .T. ) ;
#5422 = CARTESIAN_POINT ( 'NONE',  ( 89.65124130249020595, 76.52169227600100498, 153.7207935539340156 ) ) ;
#5423 = DIRECTION ( 'NONE',  ( 0.9999999999999997780, 2.745767261373882970E-08, 0.000000000000000000 ) ) ;
#5424 = CARTESIAN_POINT ( 'NONE',  ( 145.2961692252065689, 76.52169263033799496, 158.7207935539340156 ) ) ;
#5425 = EDGE_LOOP ( 'NONE', ( #4405, #5223, #1041, #7409, #3981 ) ) ;
#5426 = EDGE_CURVE ( 'NONE', #6788, #4088, #584, .T. ) ;
#5427 = VERTEX_POINT ( 'NONE', #8157 ) ;
#5428 = CARTESIAN_POINT ( 'NONE',  ( -218.8657760620120314, 22.12078094482420099, 155.7207935539340156 ) ) ;
#5429 = VECTOR ( 'NONE', #1017, 1000.000000000000000 ) ;
#5430 = LINE ( 'NONE', #4314, #8271 ) ;
#5431 = LINE ( 'NONE', #917, #9127 ) ;
#5432 = EDGE_LOOP ( 'NONE', ( #5490, #2521, #9264, #3783 ) ) ;
#5433 = VERTEX_POINT ( 'NONE', #7241 ) ;
#5434 = B_SPLINE_CURVE_WITH_KNOTS ( 'NONE', 3,
 ( #4400, #5112, #3691, #6699 ),
 .UNSPECIFIED., .F., .F.,
 ( 4, 4 ),
 ( 0.000000000000000000, 1.000000000000000000 ),
 .UNSPECIFIED. ) ;
#5435 = CARTESIAN_POINT ( 'NONE',  ( 38.07888031005860086, 38.02563476562500000, 158.7207935539340156 ) ) ;
#5436 = DIRECTION ( 'NONE',  ( -2.775557561562950516E-15, 1.000000000000000000, 0.000000000000000000 ) ) ;
#5437 = CIRCLE ( 'NONE', #8671, 12.90485382080079901 ) ;
#5438 = CARTESIAN_POINT ( 'NONE',  ( 194.8209915161130255, 146.4271501097099986, 142.7130177981149757 ) ) ;
#5439 = EDGE_LOOP ( 'NONE', ( #5215, #7755, #1005, #7803 ) ) ;
#5440 = DIRECTION ( 'NONE',  ( 0.000000000000000000, 0.000000000000000000, 1.000000000000000000 ) ) ;
#5441 = CARTESIAN_POINT ( 'NONE',  ( -196.4467563633664895, 98.66131964795501119, 182.9885605069005123 ) ) ;
#5442 = FACE_OUTER_BOUND ( 'NONE', #9432, .T. ) ;
#5443 = ADVANCED_FACE ( 'NONE', ( #1386 ), #1478, .T. ) ;
#5444 = B_SPLINE_CURVE_WITH_KNOTS ( 'NONE', 3,
 ( #6116, #9056, #2486, #1759, #4684, #6884, #311, #3251, #4111, #1125, #9295, #543, #3526, #5687, #3476, #2578, #7080 ),
 .UNSPECIFIED., .F., .F.,
 ( 4, 2, 2, 1, 1, 1, 1, 1, 2, 2, 4 ),
 ( 0.000000000000000000, 0.2500000000002391976, 0.3750000000003544387, 0.4375000000004123368, 0.4687500000004412581, 0.4843750000004557466, 0.4921875000004629630, 0.4960937500004666267, 0.4980468750004681810, 0.5000000000004697354, 1.000000000000000000 ),
 .UNSPECIFIED. ) ;
#5445 = ADVANCED_FACE ( 'NONE', ( #9455 ), #5121, .T. ) ;
#5446 = ORIENTED_EDGE ( 'NONE', *, *, #8759, .F. ) ;
#5447 = AXIS2_PLACEMENT_3D ( 'NONE', #5146, #8953, #5824 ) ;
#5448 = ORIENTED_EDGE ( 'NONE', *, *, #1707, .T. ) ;
#5449 = CARTESIAN_POINT ( 'NONE',  ( -202.3627659458066432, 72.01840683369928797, 183.6581377909037371 ) ) ;
#5450 = ORIENTED_EDGE ( 'NONE', *, *, #5371, .T. ) ;
#5451 = B_SPLINE_CURVE_WITH_KNOTS ( 'NONE', 3,
 ( #3486, #9256, #6221, #9354, #2732, #8632 ),
 .UNSPECIFIED., .F., .F.,
 ( 4, 2, 4 ),
 ( 0.000000000000000000, 0.5000000000000000000, 1.000000000000000000 ),
 .UNSPECIFIED. ) ;
#5452 = DIRECTION ( 'NONE',  ( -5.974482020221200890E-08, -0.9999999999999982236, 0.000000000000000000 ) ) ;
#5453 = VERTEX_POINT ( 'NONE', #2308 ) ;
#5454 = CARTESIAN_POINT ( 'NONE',  ( 216.5078353881840201, 6.215927124023419736, 158.7207935539340156 ) ) ;
#5455 = DIRECTION ( 'NONE',  ( 0.000000000000000000, 0.000000000000000000, -1.000000000000000000 ) ) ;
#5456 = DIRECTION ( 'NONE',  ( 1.000000000000000000, 6.974437143599260226E-16, 0.000000000000000000 ) ) ;
#5457 = AXIS2_PLACEMENT_3D ( 'NONE', #8346, #1765, #7474 ) ;
#5458 = VERTEX_POINT ( 'NONE', #8018 ) ;
#5459 = ADVANCED_FACE ( 'NONE', ( #5218 ), #2840, .T. ) ;
#5460 = CARTESIAN_POINT ( 'NONE',  ( -96.44675636336651792, 117.6023872751334096, 182.9885605069005123 ) ) ;
#5461 = VERTEX_POINT ( 'NONE', #9413 ) ;
#5462 = CARTESIAN_POINT ( 'NONE',  ( 286.3209915161129970, 150.5109035198869947, 132.8895350538220157 ) ) ;
#5463 = FACE_OUTER_BOUND ( 'NONE', #4161, .T. ) ;
#5464 = ORIENTED_EDGE ( 'NONE', *, *, #7479, .T. ) ;
#5465 = DIRECTION ( 'NONE',  ( 6.519917093474220715E-16, -1.000000000000000000, 0.000000000000000000 ) ) ;
#5466 = EDGE_CURVE ( 'NONE', #4094, #1926, #39, .T. ) ;
#5467 = CYLINDRICAL_SURFACE ( 'NONE', #8979, 12.90485382080079901 ) ;
#5468 = VERTEX_POINT ( 'NONE', #1432 ) ;
#5469 = AXIS2_PLACEMENT_3D ( 'NONE', #252, #4056, #6981 ) ;
#5470 = CARTESIAN_POINT ( 'NONE',  ( 287.1580188578306547, 64.95717624215411945, 158.7212716730415991 ) ) ;
#5471 = CARTESIAN_POINT ( 'NONE',  ( -146.1789941787719727, 96.89302241451029829, 181.2207935539339871 ) ) ;
#5472 = DIRECTION ( 'NONE',  ( 0.000000000000000000, 1.000000000000000000, 0.000000000000000000 ) ) ;
#5473 = FACE_OUTER_BOUND ( 'NONE', #7125, .T. ) ;
#5474 = ORIENTED_EDGE ( 'NONE', *, *, #5145, .F. ) ;
#5475 = ORIENTED_EDGE ( 'NONE', *, *, #429, .F. ) ;
#5476 = CYLINDRICAL_SURFACE ( 'NONE', #3861, 30.00000000000001066 ) ;
#5477 = TOROIDAL_SURFACE ( 'NONE', #3339, 17.90484428405759942, 5.000000000000000000 ) ;
#5478 = CARTESIAN_POINT ( 'NONE',  ( -169.2986753797222832, 74.39681859749012460, 183.5725431871549347 ) ) ;
#5479 = DIRECTION ( 'NONE',  ( -0.7071067811865481278, -0.7071067811865470176, 0.000000000000000000 ) ) ;
#5480 = ORIENTED_EDGE ( 'NONE', *, *, #5497, .F. ) ;
#5481 = ADVANCED_FACE ( 'NONE', ( #3597 ), #8578, .T. ) ;
#5482 = VERTEX_POINT ( 'NONE', #2884 ) ;
#5483 = ADVANCED_FACE ( 'NONE', ( #6613 ), #3506, .T. ) ;
#5484 = DIRECTION ( 'NONE',  ( -1.000000000000000000, 0.000000000000000000, 0.000000000000000000 ) ) ;
#5485 = AXIS2_PLACEMENT_3D ( 'NONE', #6899, #6751, #6078 ) ;
#5486 = EDGE_CURVE ( 'NONE', #6873, #8051, #5890, .T. ) ;
#5487 = EDGE_CURVE ( 'NONE', #3673, #3530, #9031, .T. ) ;
#5488 = DIRECTION ( 'NONE',  ( -1.000000000000000000, 0.000000000000000000, 0.000000000000000000 ) ) ;
#5489 = DIRECTION ( 'NONE',  ( 1.000000000000000000, -3.159943663115390253E-16, 0.000000000000000000 ) ) ;
#5490 = ORIENTED_EDGE ( 'NONE', *, *, #1063, .F. ) ;
#5491 = ADVANCED_FACE ( 'NONE', ( #5312 ), #5658, .T. ) ;
#5492 = DIRECTION ( 'NONE',  ( 0.000000000000000000, -0.7071067811865447972, 0.7071067811865503483 ) ) ;
#5493 = CARTESIAN_POINT ( 'NONE',  ( 200.0054579402406603, 77.61573380551892853, 183.5200738635669211 ) ) ;
#5494 = VECTOR ( 'NONE', #2004, 1000.000000000000000 ) ;
#5495 = LINE ( 'NONE', #9200, #1197 ) ;
#5496 = VERTEX_POINT ( 'NONE', #4650 ) ;
#5497 = EDGE_CURVE ( 'NONE', #3854, #6720, #7806, .T. ) ;
#5498 = EDGE_LOOP ( 'NONE', ( #4052, #977, #3238, #7597 ) ) ;
#5499 = DIRECTION ( 'NONE',  ( -0.9999999999999982236, -5.974482020221188978E-08, 0.000000000000000000 ) ) ;
#5500 = CIRCLE ( 'NONE', #4131, 12.90484428405759587 ) ;
#5501 = CARTESIAN_POINT ( 'NONE',  ( -269.8896026611329830, 22.12078094482420099, 158.7207935539340156 ) ) ;
#5502 = CIRCLE ( 'NONE', #445, 3.000000000000039080 ) ;
#5503 = CARTESIAN_POINT ( 'NONE',  ( 170.5982239441825072, 22.12077773399925107, 155.7207935539340156 ) ) ;
#5504 = VERTEX_POINT ( 'NONE', #1682 ) ;
#5505 = CARTESIAN_POINT ( 'NONE',  ( 163.2835292816164952, 76.52169227600100498, 178.7207935539339871 ) ) ;
#5506 = ORIENTED_EDGE ( 'NONE', *, *, #6535, .F. ) ;
#5507 = DIRECTION ( 'NONE',  ( 1.000000000000000000, 0.000000000000000000, 0.000000000000000000 ) ) ;
#5508 = CARTESIAN_POINT ( 'NONE',  ( -288.3509037749669801, 99.67291092262189522, 182.0111228259569884 ) ) ;
#5509 = TOROIDAL_SURFACE ( 'NONE', #3370, 17.90499687194819600, 5.000000000000000000 ) ;
#5510 = CARTESIAN_POINT ( 'NONE',  ( -101.0029029846149911, 35.02563291343309970, 155.7207935539340156 ) ) ;
#5511 = ORIENTED_EDGE ( 'NONE', *, *, #6607, .T. ) ;
#5512 = EDGE_CURVE ( 'NONE', #87, #8274, #117, .T. ) ;
#5513 = CARTESIAN_POINT ( 'NONE',  ( -83.01558317658980002, 22.12077978607110040, 155.7207935539340156 ) ) ;
#5514 = CIRCLE ( 'NONE', #3377, 5.000000000000004441 ) ;
#5515 = DIRECTION ( 'NONE',  ( 0.000000000000000000, -1.000000000000000000, 0.000000000000000000 ) ) ;
#5516 = EDGE_CURVE ( 'NONE', #5039, #4714, #5949, .T. ) ;
#5517 = CARTESIAN_POINT ( 'NONE',  ( 80.65757769388380893, 38.02563398808290174, 158.7207935539340156 ) ) ;
#5518 = ORIENTED_EDGE ( 'NONE', *, *, #788, .T. ) ;
#5519 = AXIS2_PLACEMENT_3D ( 'NONE', #3870, #8233, #6782 ) ;
#5520 = DIRECTION ( 'NONE',  ( 1.000000000000000000, -1.075393666311713415E-15, 0.000000000000000000 ) ) ;
#5521 = TOROIDAL_SURFACE ( 'NONE', #3071, 17.90484428405759942, 5.000000000000000000 ) ;
#5522 = LINE ( 'NONE', #8456, #6214 ) ;
#5523 = ORIENTED_EDGE ( 'NONE', *, *, #5348, .F. ) ;
#5524 = CARTESIAN_POINT ( 'NONE',  ( -40.43682098388670454, 35.02563476562500000, 158.7207935539340156 ) ) ;
#5525 = ADVANCED_FACE ( 'NONE', ( #7532 ), #2499, .T. ) ;
#5526 = CARTESIAN_POINT ( 'NONE',  ( 166.9408777816935583, 82.71309263343589180, 183.7207935539340724 ) ) ;
#5527 = CARTESIAN_POINT ( 'NONE',  ( -286.1789894103999927, 130.1411954946499918, 183.7207935539340156 ) ) ;
#5528 = CARTESIAN_POINT ( 'NONE',  ( 284.2562478956218683, 81.69840366286796041, 183.7037113798589019 ) ) ;
#5529 = ORIENTED_EDGE ( 'NONE', *, *, #1833, .F. ) ;
#5530 = ORIENTED_EDGE ( 'NONE', *, *, #6850, .F. ) ;
#5531 = DIRECTION ( 'NONE',  ( 0.7071067811865484609, -0.7071067811865465735, 0.000000000000000000 ) ) ;
#5532 = CARTESIAN_POINT ( 'NONE',  ( -117.8761127927369614, 79.98748580747344761, 183.6744266277869997 ) ) ;
#5533 = CARTESIAN_POINT ( 'NONE',  ( 115.5181150157410173, 70.53184789993851211, 183.7207935539340156 ) ) ;
#5534 = VERTEX_POINT ( 'NONE', #3845 ) ;
#5535 = EDGE_CURVE ( 'NONE', #4713, #4219, #4226, .T. ) ;
#5536 = CARTESIAN_POINT ( 'NONE',  ( -261.1789894103999359, 76.32125139236450195, 178.7207935539339871 ) ) ;
#5537 = CARTESIAN_POINT ( 'NONE',  ( 67.75273323059069241, 76.52169227600100498, 178.7207935539339871 ) ) ;
#5538 = AXIS2_PLACEMENT_3D ( 'NONE', #3305, #175, #3255 ) ;
#5539 = FACE_OUTER_BOUND ( 'NONE', #4659, .T. ) ;
#5540 = CIRCLE ( 'NONE', #1394, 4.999999999999997335 ) ;
#5541 = DIRECTION ( 'NONE',  ( -0.9999999999999982236, -5.974482337674438940E-08, 0.000000000000000000 ) ) ;
#5542 = ORIENTED_EDGE ( 'NONE', *, *, #8658, .F. ) ;
#5543 = CARTESIAN_POINT ( 'NONE',  ( 64.75273139693150881, 22.12078010271750017, 158.7207935539340156 ) ) ;
#5544 = DIRECTION ( 'NONE',  ( 0.000000000000000000, 0.000000000000000000, 1.000000000000000000 ) ) ;
#5545 = CIRCLE ( 'NONE', #8615, 3.000000000000002665 ) ;
#5546 = ADVANCED_FACE ( 'NONE', ( #2352 ), #6176, .T. ) ;
#5547 = CARTESIAN_POINT ( 'NONE',  ( 288.8209915161129970, 99.48037732825500257, 178.7207935539339871 ) ) ;
#5548 = AXIS2_PLACEMENT_3D ( 'NONE', #5984, #8301, #941 ) ;
#5549 = ORIENTED_EDGE ( 'NONE', *, *, #7963, .T. ) ;
#5550 = EDGE_LOOP ( 'NONE', ( #932, #8028, #4235, #3465 ) ) ;
#5551 = CARTESIAN_POINT ( 'NONE',  ( 38.07888031005860086, 6.215927124023390427, 158.7207935539340156 ) ) ;
#5552 = LINE ( 'NONE', #509, #1091 ) ;
#5553 = ORIENTED_EDGE ( 'NONE', *, *, #7775, .T. ) ;
#5554 = DIRECTION ( 'NONE',  ( 2.036638432068759852E-16, -1.000000000000000000, 0.000000000000000000 ) ) ;
#5555 = AXIS2_PLACEMENT_3D ( 'NONE', #8049, #8003, #5830 ) ;
#5556 = ORIENTED_EDGE ( 'NONE', *, *, #3134, .T. ) ;
#5557 = CARTESIAN_POINT ( 'NONE',  ( 43.09501647949219461, 75.12078285217289420, 178.7207935539339871 ) ) ;
#5558 = CARTESIAN_POINT ( 'NONE',  ( -288.4200663014339625, 97.07015192581170027, 183.3784951116890340 ) ) ;
#5559 = CARTESIAN_POINT ( 'NONE',  ( 200.0056562829965401, 75.43001092215300218, 183.5281763257798957 ) ) ;
#5560 = EDGE_LOOP ( 'NONE', ( #9187, #1093, #3781, #5207 ) ) ;
#5561 = DIRECTION ( 'NONE',  ( -1.000000000000000000, 0.000000000000000000, 0.000000000000000000 ) ) ;
#5562 = DIRECTION ( 'NONE',  ( -1.000000000000000000, 0.000000000000000000, 0.000000000000000000 ) ) ;
#5563 = EDGE_CURVE ( 'NONE', #8959, #1852, #4555, .T. ) ;
#5564 = DIRECTION ( 'NONE',  ( 0.000000000000000000, 0.000000000000000000, -1.000000000000000000 ) ) ;
#5565 = ORIENTED_EDGE ( 'NONE', *, *, #6524, .T. ) ;
#5566 = DIRECTION ( 'NONE',  ( 0.000000000000000000, 0.000000000000000000, 1.000000000000000000 ) ) ;
#5567 = CIRCLE ( 'NONE', #9411, 3.000000000000002665 ) ;
#5568 = ORIENTED_EDGE ( 'NONE', *, *, #798, .T. ) ;
#5569 = EDGE_CURVE ( 'NONE', #5351, #2188, #6877, .T. ) ;
#5570 = EDGE_CURVE ( 'NONE', #2829, #7216, #7485, .T. ) ;
#5571 = DIRECTION ( 'NONE',  ( -1.000000000000000000, 0.000000000000000000, 0.000000000000000000 ) ) ;
#5572 = CARTESIAN_POINT ( 'NONE',  ( 267.5316238403410125, 22.12078094482420099, 155.7207935539340156 ) ) ;
#5573 = DIRECTION ( 'NONE',  ( 1.000000000000000000, 0.000000000000000000, 0.000000000000000000 ) ) ;
#5574 = CYLINDRICAL_SURFACE ( 'NONE', #7258, 12.90485382080079901 ) ;
#5575 = VERTEX_POINT ( 'NONE', #3165 ) ;
#5576 = CIRCLE ( 'NONE', #8031, 15.90485388537120492 ) ;
#5577 = VERTEX_POINT ( 'NONE', #6082 ) ;
#5578 = CARTESIAN_POINT ( 'NONE',  ( -97.17898941040009220, 119.8311360573549962, 181.2207935539339871 ) ) ;
#5579 = CARTESIAN_POINT ( 'NONE',  ( -117.8759583280422447, 81.02725094321048971, 183.7015665144685954 ) ) ;
#5580 = CIRCLE ( 'NONE', #1433, 15.90485382080078480 ) ;
#5581 = DIRECTION ( 'NONE',  ( -3.779482637021810024E-16, 1.000000000000000000, 3.779482637021810024E-16 ) ) ;
#5582 = EDGE_LOOP ( 'NONE', ( #2716, #8457, #7606, #1467 ) ) ;
#5583 = ORIENTED_EDGE ( 'NONE', *, *, #3245, .F. ) ;
#5584 = DIRECTION ( 'NONE',  ( -1.000000000000000000, 0.000000000000000000, 0.000000000000000000 ) ) ;
#5585 =( BOUNDED_CURVE ( )  B_SPLINE_CURVE ( 3, ( #406, #6306, #5590, #3343 ),
 .UNSPECIFIED., .F., .F. ) 
 B_SPLINE_CURVE_WITH_KNOTS ( ( 4, 4 ),
 ( 2.356194490192350166, 3.141592653589795336 ),
 .UNSPECIFIED. ) 
 CURVE ( )  GEOMETRIC_REPRESENTATION_ITEM ( )  RATIONAL_B_SPLINE_CURVE ( ( 1.000000000000000000, 0.9492530216741920102, 0.9492530216741920102, 1.000000000000000000 ) ) 
 REPRESENTATION_ITEM ( '' )  );
#5586 = CARTESIAN_POINT ( 'NONE',  ( 166.9409394958139785, 73.79343891989161364, 183.5937374189101661 ) ) ;
#5587 = CARTESIAN_POINT ( 'NONE',  ( -288.1789894103999927, 57.34758543135419728, 158.7207935539340156 ) ) ;
#5588 = VERTEX_POINT ( 'NONE', #7577 ) ;
#5589 = CARTESIAN_POINT ( 'NONE',  ( 38.07888031005860086, 35.90431442206534740, 157.8421138974935047 ) ) ;
#5590 = CARTESIAN_POINT ( 'NONE',  ( -291.1789894103997085, -1.112785950878199425E-15, 156.5270768601280054 ) ) ;
#5591 = DIRECTION ( 'NONE',  ( 0.000000000000000000, -0.7071067811865495711, 0.7071067811865454633 ) ) ;
#5592 = ADVANCED_FACE ( 'NONE', ( #8354 ), #1046, .T. ) ;
#5593 = VERTEX_POINT ( 'NONE', #1772 ) ;
#5594 = AXIS2_PLACEMENT_3D ( 'NONE', #5267, #6511, #4605 ) ;
#5595 = ORIENTED_EDGE ( 'NONE', *, *, #7954, .T. ) ;
#5596 = DIRECTION ( 'NONE',  ( 0.9999999999999997780, 2.745767261373882970E-08, 0.000000000000000000 ) ) ;
#5597 = FACE_OUTER_BOUND ( 'NONE', #43, .T. ) ;
#5598 = FACE_OUTER_BOUND ( 'NONE', #220, .T. ) ;
#5599 = ORIENTED_EDGE ( 'NONE', *, *, #7607, .T. ) ;
#5600 = DIRECTION ( 'NONE',  ( 0.000000000000000000, 0.000000000000000000, 1.000000000000000000 ) ) ;
#5601 = VERTEX_POINT ( 'NONE', #4697 ) ;
#5602 = CARTESIAN_POINT ( 'NONE',  ( 27.90500640869139914, 98.04149627685548296, 178.7207935539339871 ) ) ;
#5603 = CARTESIAN_POINT ( 'NONE',  ( -287.2995278559170060, 98.80730849717610909, 182.8475005691570345 ) ) ;
#5604 = CARTESIAN_POINT ( 'NONE',  ( 107.6644190607609914, 90.89100265412581336, 182.2563274598670091 ) ) ;
#5605 = ORIENTED_EDGE ( 'NONE', *, *, #844, .T. ) ;
#5606 = EDGE_CURVE ( 'NONE', #6189, #2069, #450, .T. ) ;
#5607 = CARTESIAN_POINT ( 'NONE',  ( 89.65124114416470036, 22.12077983405499992, 155.7207935539340156 ) ) ;
#5608 = CARTESIAN_POINT ( 'NONE',  ( 80.65758528230271907, 22.12078010271750017, 155.7207935539340156 ) ) ;
#5609 = EDGE_CURVE ( 'NONE', #1960, #3565, #8543, .T. ) ;
#5610 = ADVANCED_FACE ( 'NONE', ( #2784 ), #6278, .T. ) ;
#5611 = CARTESIAN_POINT ( 'NONE',  ( -290.9218633578395270, 158.2624955198342604, 123.7207935539340866 ) ) ;
#5612 = ORIENTED_EDGE ( 'NONE', *, *, #1372, .F. ) ;
#5613 = ADVANCED_FACE ( 'NONE', ( #1141 ), #8880, .T. ) ;
#5614 = CARTESIAN_POINT ( 'NONE',  ( -197.1789894103999927, 100.4908558527999958, 181.2207935539339871 ) ) ;
#5615 = ORIENTED_EDGE ( 'NONE', *, *, #2562, .T. ) ;
#5616 = DIRECTION ( 'NONE',  ( 0.000000000000000000, 0.000000000000000000, -1.000000000000000000 ) ) ;
#5617 = CYLINDRICAL_SURFACE ( 'NONE', #9349, 12.90485382080079901 ) ;
#5618 = CARTESIAN_POINT ( 'NONE',  ( -185.8610559998539884, 76.52168743035018394, 133.7207935539339871 ) ) ;
#5619 = VECTOR ( 'NONE', #5246, 1000.000000000000000 ) ;
#5620 = FACE_OUTER_BOUND ( 'NONE', #9151, .T. ) ;
#5621 = EDGE_LOOP ( 'NONE', ( #790, #9163, #8039, #5599, #1771, #689 ) ) ;
#5622 = ORIENTED_EDGE ( 'NONE', *, *, #3877, .F. ) ;
#5623 = ADVANCED_FACE ( 'NONE', ( #5655 ), #1527, .T. ) ;
#5624 = DIRECTION ( 'NONE',  ( -2.150785777198151406E-15, -1.732051036371922851E-07, -0.9999999999999850120 ) ) ;
#5625 = VECTOR ( 'NONE', #9142, 1000.000000000000000 ) ;
#5626 = LINE ( 'NONE', #2664, #9026 ) ;
#5627 = CARTESIAN_POINT ( 'NONE',  ( 150.3786849975589917, 63.61684799194339490, 158.7207935539340156 ) ) ;
#5628 = EDGE_LOOP ( 'NONE', ( #2863, #3287, #4996, #7891, #2679, #3034 ) ) ;
#5629 = ORIENTED_EDGE ( 'NONE', *, *, #6122, .T. ) ;
#5630 = AXIS2_PLACEMENT_3D ( 'NONE', #2354, #7487, #7581 ) ;
#5631 = FACE_OUTER_BOUND ( 'NONE', #3005, .T. ) ;
#5632 = PLANE ( 'NONE',  #2298 ) ;
#5633 = AXIS2_PLACEMENT_3D ( 'NONE', #2052, #3531, #6446 ) ;
#5634 = CARTESIAN_POINT ( 'NONE',  ( -290.0666482585295398, 64.37494086945849858, 158.0620128401620264 ) ) ;
#5635 = VERTEX_POINT ( 'NONE', #6325 ) ;
#5636 = CARTESIAN_POINT ( 'NONE',  ( -195.6158350244519966, 97.82986802856230213, 183.5386201858094921 ) ) ;
#5637 = CARTESIAN_POINT ( 'NONE',  ( 288.8209915161129970, -1.776356839400250149E-14, 155.7207935539340156 ) ) ;
#5638 = EDGE_CURVE ( 'NONE', #6381, #275, #2908, .T. ) ;
#5639 = CARTESIAN_POINT ( 'NONE',  ( -53.34167480468759948, 22.12078094482420099, 155.7207935539340156 ) ) ;
#5640 = VECTOR ( 'NONE', #4695, 1000.000000000000000 ) ;
#5641 = AXIS2_PLACEMENT_3D ( 'NONE', #9335, #447, #9385 ) ;
#5642 = ORIENTED_EDGE ( 'NONE', *, *, #1457, .F. ) ;
#5643 =( BOUNDED_CURVE ( )  B_SPLINE_CURVE ( 3, ( #7697, #394, #9134, #5921 ),
 .UNSPECIFIED., .F., .T. ) 
 B_SPLINE_CURVE_WITH_KNOTS ( ( 4, 4 ),
 ( 5.497787143782069563, 6.283185307179580015 ),
 .UNSPECIFIED. ) 
 CURVE ( )  GEOMETRIC_REPRESENTATION_ITEM ( )  RATIONAL_B_SPLINE_CURVE ( ( 1.000000000000000000, 0.9492530216741830174, 0.9492530216741830174, 1.000000000000000000 ) ) 
 REPRESENTATION_ITEM ( '' )  );
#5644 = VERTEX_POINT ( 'NONE', #1921 ) ;
#5645 = DIRECTION ( 'NONE',  ( 0.000000000000000000, 0.000000000000000000, -1.000000000000000000 ) ) ;
#5646 = CARTESIAN_POINT ( 'NONE',  ( 80.65757730362400935, 6.215925900706809060, 158.7207935539340156 ) ) ;
#5647 = DIRECTION ( 'NONE',  ( 1.000000000000000000, 4.395960322595069756E-10, 0.000000000000000000 ) ) ;
#5648 = VERTEX_POINT ( 'NONE', #3313 ) ;
#5649 = AXIS2_PLACEMENT_3D ( 'NONE', #6065, #1070, #4588 ) ;
#5650 = DIRECTION ( 'NONE',  ( -1.000000000000000000, 0.000000000000000000, 0.000000000000000000 ) ) ;
#5651 = CARTESIAN_POINT ( 'NONE',  ( -65.11071205139160156, 76.52169227600100498, 178.7207935539339871 ) ) ;
#5652 = CARTESIAN_POINT ( 'NONE',  ( -152.7366447448729900, 9.215927124023419736, 138.7207935539339871 ) ) ;
#5653 = ORIENTED_EDGE ( 'NONE', *, *, #3166, .F. ) ;
#5654 = AXIS2_PLACEMENT_3D ( 'NONE', #4430, #633, #7991 ) ;
#5655 = FACE_OUTER_BOUND ( 'NONE', #9005, .T. ) ;
#5656 = DIRECTION ( 'NONE',  ( -1.000000000000000000, 0.000000000000000000, 0.000000000000000000 ) ) ;
#5657 = CARTESIAN_POINT ( 'NONE',  ( -169.2986045208055259, 80.46730022034493857, 183.6428782119963046 ) ) ;
#5658 = TOROIDAL_SURFACE ( 'NONE', #7650, 17.90484428405759942, 5.000000000000000000 ) ;
#5659 = ORIENTED_EDGE ( 'NONE', *, *, #6799, .F. ) ;
#5660 = DIRECTION ( 'NONE',  ( 1.000000000000000000, -3.894295420493984556E-17, -3.894295420493984556E-17 ) ) ;
#5661 = CIRCLE ( 'NONE', #2587, 30.00000000000001066 ) ;
#5662 = CIRCLE ( 'NONE', #3059, 15.90485382080079901 ) ;
#5663 = EDGE_CURVE ( 'NONE', #5698, #4566, #9218, .T. ) ;
#5664 = EDGE_CURVE ( 'NONE', #8087, #1420, #8730, .T. ) ;
#5665 = EDGE_CURVE ( 'NONE', #8596, #7173, #6727, .T. ) ;
#5666 = DIRECTION ( 'NONE',  ( 1.000000000000000000, -2.318449469649669936E-17, 0.000000000000000000 ) ) ;
#5667 = VECTOR ( 'NONE', #9226, 1000.000000000000000 ) ;
#5668 = CARTESIAN_POINT ( 'NONE',  ( 166.9408825815275179, 79.73980027838614149, 183.6129400194336938 ) ) ;
#5669 = CIRCLE ( 'NONE', #9500, 3.000000000003340439 ) ;
#5670 = DIRECTION ( 'NONE',  ( 1.000000000000000000, -4.475536128753789939E-15, 0.000000000000000000 ) ) ;
#5671 = FACE_OUTER_BOUND ( 'NONE', #6457, .T. ) ;
#5672 = VERTEX_POINT ( 'NONE', #422 ) ;
#5673 = ORIENTED_EDGE ( 'NONE', *, *, #8136, .T. ) ;
#5674 = DIRECTION ( 'NONE',  ( 1.000000000000000000, 0.000000000000000000, 0.000000000000000000 ) ) ;
#5675 = VECTOR ( 'NONE', #7719, 1000.000000000000000 ) ;
#5676 = ADVANCED_FACE ( 'NONE', ( #4797 ), #6117, .T. ) ;
#5677 = VECTOR ( 'NONE', #6526, 1000.000000000000000 ) ;
#5678 = CARTESIAN_POINT ( 'NONE',  ( 115.5181129420630555, 73.19679693365419837, 183.6705326700817409 ) ) ;
#5679 = VERTEX_POINT ( 'NONE', #4839 ) ;
#5680 = FACE_OUTER_BOUND ( 'NONE', #884, .T. ) ;
#5681 = CARTESIAN_POINT ( 'NONE',  ( 242.0197304550679860, 76.52169227600100498, 150.7207935539340156 ) ) ;
#5682 = DIRECTION ( 'NONE',  ( -1.000000000000000000, 2.002303713784079765E-16, 0.000000000000000000 ) ) ;
#5683 = DIRECTION ( 'NONE',  ( 1.001151856892051962E-16, 1.000000000000000000, 1.001151856892039882E-16 ) ) ;
#5684 = ORIENTED_EDGE ( 'NONE', *, *, #2329, .T. ) ;
#5685 = EDGE_CURVE ( 'NONE', #2293, #7310, #3378, .T. ) ;
#5686 = DIRECTION ( 'NONE',  ( 1.000000000000000000, 4.395960322595069756E-10, 0.000000000000000000 ) ) ;
#5687 = CARTESIAN_POINT ( 'NONE',  ( 115.5181123342217688, 79.97896872331344298, 183.6741894004527182 ) ) ;
#5688 = ORIENTED_EDGE ( 'NONE', *, *, #4863, .F. ) ;
#5689 = ORIENTED_EDGE ( 'NONE', *, *, #7220, .T. ) ;
#5690 = AXIS2_PLACEMENT_3D ( 'NONE', #7428, #5793, #842 ) ;
#5691 = ORIENTED_EDGE ( 'NONE', *, *, #3292, .F. ) ;
#5692 = DIRECTION ( 'NONE',  ( 1.000000000000000000, 1.817666293956048780E-15, 0.000000000000000000 ) ) ;
#5693 = EDGE_CURVE ( 'NONE', #6012, #4306, #7965, .T. ) ;
#5694 = ADVANCED_FACE ( 'NONE', ( #3409 ), #9266, .F. ) ;
#5695 = AXIS2_PLACEMENT_3D ( 'NONE', #5270, #3079, #2259 ) ;
#5696 = FACE_OUTER_BOUND ( 'NONE', #6060, .T. ) ;
#5697 = FACE_OUTER_BOUND ( 'NONE', #8828, .T. ) ;
#5698 = VERTEX_POINT ( 'NONE', #7094 ) ;
#5699 = FACE_OUTER_BOUND ( 'NONE', #1254, .T. ) ;
#5700 = CARTESIAN_POINT ( 'NONE',  ( 288.0887584690794938, 158.9462378524260089, 123.7207935539339871 ) ) ;
#5701 = AXIS2_PLACEMENT_3D ( 'NONE', #9208, #7714, #2585 ) ;
#5702 = CARTESIAN_POINT ( 'NONE',  ( -288.6789894103999927, 101.2175338996189851, 180.5186497902789995 ) ) ;
#5703 = AXIS2_PLACEMENT_3D ( 'NONE', #7631, #3991, #6907 ) ;
#5704 = DIRECTION ( 'NONE',  ( 1.000000000000000000, -3.632510143678719152E-17, 0.000000000000000000 ) ) ;
#5705 = ORIENTED_EDGE ( 'NONE', *, *, #3675, .F. ) ;
#5706 = CARTESIAN_POINT ( 'NONE',  ( -20.80790996551509764, 38.02563476562500000, 155.7207935539340156 ) ) ;
#5707 = VECTOR ( 'NONE', #7477, 1000.000000000000000 ) ;
#5708 = DIRECTION ( 'NONE',  ( -1.000000000000000000, 0.000000000000000000, 0.000000000000000000 ) ) ;
#5709 = VERTEX_POINT ( 'NONE', #519 ) ;
#5710 = DIRECTION ( 'NONE',  ( -8.029132914089142387E-15, 0.7191424945381000855, -0.6948626285457570884 ) ) ;
#5711 = VECTOR ( 'NONE', #2949, 1000.000000000000000 ) ;
#5712 = DIRECTION ( 'NONE',  ( 0.000000000000000000, -1.000000000000000000, 0.000000000000000000 ) ) ;
#5713 = CARTESIAN_POINT ( 'NONE',  ( 166.9408770293939881, 76.52168743035359455, 183.5371495342995161 ) ) ;
#5714 = CIRCLE ( 'NONE', #7109, 5.000000000000004441 ) ;
#5715 = DIRECTION ( 'NONE',  ( 0.000000000000000000, 0.000000000000000000, -1.000000000000000000 ) ) ;
#5716 = FACE_OUTER_BOUND ( 'NONE', #4279, .T. ) ;
#5717 = ORIENTED_EDGE ( 'NONE', *, *, #8608, .T. ) ;
#5718 = VERTEX_POINT ( 'NONE', #3453 ) ;
#5719 = ADVANCED_FACE ( 'NONE', ( #9310 ), #1220, .T. ) ;
#5720 = CARTESIAN_POINT ( 'NONE',  ( 94.82099151611279808, 137.9576753804757345, 181.5260682106093100 ) ) ;
#5721 = CARTESIAN_POINT ( 'NONE',  ( 80.65757751464838066, 63.61684799194339490, 153.7207935539340156 ) ) ;
#5722 = EDGE_LOOP ( 'NONE', ( #6067, #2618, #775, #6795, #1390, #8541 ) ) ;
#5723 = CARTESIAN_POINT ( 'NONE',  ( 194.8209915161130255, 91.72166796604639671, 189.6939139598069914 ) ) ;
#5724 = CARTESIAN_POINT ( 'NONE',  ( -202.3634178464045021, 76.52169227600100498, 183.5200677519565033 ) ) ;
#5725 = AXIS2_PLACEMENT_3D ( 'NONE', #1178, #2775, #7854 ) ;
#5726 = EDGE_CURVE ( 'NONE', #1138, #5733, #6626, .T. ) ;
#5727 = DIRECTION ( 'NONE',  ( 0.000000000000000000, 0.000000000000000000, 1.000000000000000000 ) ) ;
#5728 = DIRECTION ( 'NONE',  ( 0.000000000000000000, 0.000000000000000000, -1.000000000000000000 ) ) ;
#5729 = ORIENTED_EDGE ( 'NONE', *, *, #2966, .T. ) ;
#5730 = EDGE_CURVE ( 'NONE', #1960, #7622, #9041, .T. ) ;
#5731 = CARTESIAN_POINT ( 'NONE',  ( 98.64490509033210230, 89.42653656005859375, 153.7207935539340156 ) ) ;
#5732 = DIRECTION ( 'NONE',  ( 0.000000000000000000, 0.000000000000000000, -1.000000000000000000 ) ) ;
#5733 = VERTEX_POINT ( 'NONE', #648 ) ;
#5734 = AXIS2_PLACEMENT_3D ( 'NONE', #7406, #1549, #106 ) ;
#5735 = AXIS2_PLACEMENT_3D ( 'NONE', #1379, #7383, #5794 ) ;
#5736 = ORIENTED_EDGE ( 'NONE', *, *, #4307, .T. ) ;
#5737 = FACE_OUTER_BOUND ( 'NONE', #416, .T. ) ;
#5738 = FACE_OUTER_BOUND ( 'NONE', #6999, .T. ) ;
#5739 = CARTESIAN_POINT ( 'NONE',  ( -261.1789894103999359, 46.32125139236449485, 158.7207935539340156 ) ) ;
#5740 = EDGE_LOOP ( 'NONE', ( #2693, #2476, #7722, #7460, #3089, #1737 ) ) ;
#5741 = LINE ( 'NONE', #4441, #97 ) ;
#5742 = CARTESIAN_POINT ( 'NONE',  ( -30.26300430297849786, 128.8515090942379970, 178.7207935539339871 ) ) ;
#5743 = ADVANCED_FACE ( 'NONE', ( #605 ), #7914, .T. ) ;
#5744 = CARTESIAN_POINT ( 'NONE',  ( 183.5030736399640148, 22.12077808833640091, 155.7207935539340156 ) ) ;
#5745 = EDGE_CURVE ( 'NONE', #6778, #2790, #1683, .T. ) ;
#5746 = AXIS2_PLACEMENT_3D ( 'NONE', #7418, #5394, #2483 ) ;
#5747 = AXIS2_PLACEMENT_3D ( 'NONE', #3749, #7440, #854 ) ;
#5748 = LINE ( 'NONE', #2828, #3214 ) ;
#5749 = ORIENTED_EDGE ( 'NONE', *, *, #6423, .T. ) ;
#5750 = CARTESIAN_POINT ( 'NONE',  ( -134.7493367092509970, 63.61684799194339490, 158.7207935539340156 ) ) ;
#5751 = DIRECTION ( 'NONE',  ( -1.000000000000000000, 2.775557561562888984E-15, 0.000000000000000000 ) ) ;
#5752 = DIRECTION ( 'NONE',  ( 0.000000000000000000, 0.000000000000000000, -1.000000000000000000 ) ) ;
#5753 = ORIENTED_EDGE ( 'NONE', *, *, #1707, .F. ) ;
#5754 = CIRCLE ( 'NONE', #1458, 12.90485382080080967 ) ;
#5755 = CARTESIAN_POINT ( 'NONE',  ( -76.95782184600820131, 35.02563476562500000, 155.7207935539340156 ) ) ;
#5756 = ADVANCED_FACE ( 'NONE', ( #6501 ), #9495, .F. ) ;
#5757 = DIRECTION ( 'NONE',  ( -1.075393666311713415E-15, -1.000000000000000000, 0.000000000000000000 ) ) ;
#5758 = CARTESIAN_POINT ( 'NONE',  ( -15.72100162506090015, 93.04149627685549717, 183.7207935539340156 ) ) ;
#5759 = DIRECTION ( 'NONE',  ( 1.000000000000000000, -4.475536128753789939E-15, 0.000000000000000000 ) ) ;
#5760 = CARTESIAN_POINT ( 'NONE',  ( -96.22246301200472374, 136.9419661265645232, 183.1933030920169756 ) ) ;
#5761 = ORIENTED_EDGE ( 'NONE', *, *, #4792, .F. ) ;
#5762 = EDGE_LOOP ( 'NONE', ( #3727, #5142, #1036, #3199 ) ) ;
#5763 = CIRCLE ( 'NONE', #8221, 12.90484874797840398 ) ;
#5764 = DIRECTION ( 'NONE',  ( 1.226857500901394668E-08, 0.9999999999999998890, 0.000000000000000000 ) ) ;
#5765 = CARTESIAN_POINT ( 'NONE',  ( -117.8760802016814893, 72.22706767138167550, 183.6972993635913838 ) ) ;
#5766 = ORIENTED_EDGE ( 'NONE', *, *, #1726, .T. ) ;
#5767 = CARTESIAN_POINT ( 'NONE',  ( -51.09095215924970290, 6.215924776715099576, 155.7207935539340156 ) ) ;
#5768 = CIRCLE ( 'NONE', #857, 2.999999999999999112 ) ;
#5769 = CARTESIAN_POINT ( 'NONE',  ( -288.4850790370414870, 58.98195554420217945, 158.7225814199553042 ) ) ;
#5770 = LINE ( 'NONE', #3472, #9001 ) ;
#5771 = DIRECTION ( 'NONE',  ( -5.394356612897332845E-16, 0.8135917325371639919, 0.5814365767194009660 ) ) ;
#5772 = ORIENTED_EDGE ( 'NONE', *, *, #4663, .T. ) ;
#5773 = EDGE_CURVE ( 'NONE', #7201, #6941, #1469, .T. ) ;
#5774 = DIRECTION ( 'NONE',  ( 0.000000000000000000, 0.000000000000000000, -1.000000000000000000 ) ) ;
#5775 = DIRECTION ( 'NONE',  ( 0.000000000000000000, 0.000000000000000000, -1.000000000000000000 ) ) ;
#5776 = ORIENTED_EDGE ( 'NONE', *, *, #2212, .T. ) ;
#5777 = ORIENTED_EDGE ( 'NONE', *, *, #3112, .F. ) ;
#5778 = EDGE_CURVE ( 'NONE', #3565, #2388, #3543, .T. ) ;
#5779 = EDGE_CURVE ( 'NONE', #2843, #5136, #5019, .T. ) ;
#5780 = DIRECTION ( 'NONE',  ( 1.000000000000000000, 0.000000000000000000, 0.000000000000000000 ) ) ;
#5781 = AXIS2_PLACEMENT_3D ( 'NONE', #3912, #2478, #6250 ) ;
#5782 = DIRECTION ( 'NONE',  ( 1.000000000000000000, -7.031412489292660782E-13, 0.000000000000000000 ) ) ;
#5783 = ORIENTED_EDGE ( 'NONE', *, *, #3395, .F. ) ;
#5784 = DIRECTION ( 'NONE',  ( 0.000000000000000000, 1.000000000000000000, 0.000000000000000000 ) ) ;
#5785 = CARTESIAN_POINT ( 'NONE',  ( -67.96416759490981008, 9.215927124023439276, 155.7207935539340156 ) ) ;
#5786 = AXIS2_PLACEMENT_3D ( 'NONE', #4706, #6912, #6140 ) ;
#5787 = EDGE_CURVE ( 'NONE', #7622, #2595, #2873, .T. ) ;
#5788 = CARTESIAN_POINT ( 'NONE',  ( 200.0054588587060209, 69.57511310246370329, 183.7207935539340156 ) ) ;
#5789 = EDGE_LOOP ( 'NONE', ( #1749, #7678, #7425, #491 ) ) ;
#5790 = VERTEX_POINT ( 'NONE', #2200 ) ;
#5791 = DIRECTION ( 'NONE',  ( -1.000000000000000000, -6.371362471312260112E-17, 6.371362471312240391E-17 ) ) ;
#5792 = AXIS2_PLACEMENT_3D ( 'NONE', #7272, #688, #167 ) ;
#5793 = DIRECTION ( 'NONE',  ( 0.000000000000000000, 0.000000000000000000, -1.000000000000000000 ) ) ;
#5794 = DIRECTION ( 'NONE',  ( -1.000000000000000000, 2.688482178977768457E-16, 0.000000000000000000 ) ) ;
#5795 = LINE ( 'NONE', #5213, #2028 ) ;
#5796 = LINE ( 'NONE', #8013, #8422 ) ;
#5797 = TOROIDAL_SURFACE ( 'NONE', #435, 15.90485382080079901, 3.000000000000000000 ) ;
#5798 = EDGE_CURVE ( 'NONE', #5534, #3477, #9195, .T. ) ;
#5799 = ORIENTED_EDGE ( 'NONE', *, *, #6757, .F. ) ;
#5800 = DIRECTION ( 'NONE',  ( -1.000000000000000000, 4.873511200959419328E-18, -4.873511200959399298E-18 ) ) ;
#5801 = AXIS2_PLACEMENT_3D ( 'NONE', #6510, #5078, #2254 ) ;
#5802 = DIRECTION ( 'NONE',  ( 1.000000000000000000, 0.000000000000000000, 0.000000000000000000 ) ) ;
#5803 = CARTESIAN_POINT ( 'NONE',  ( -289.2689920250909950, 63.06408148392760182, 158.5912389965569957 ) ) ;
#5804 = ORIENTED_EDGE ( 'NONE', *, *, #2009, .F. ) ;
#5805 = VECTOR ( 'NONE', #5237, 1000.000000000000000 ) ;
#5806 = ORIENTED_EDGE ( 'NONE', *, *, #3976, .F. ) ;
#5807 = DIRECTION ( 'NONE',  ( -1.000000000000000000, 1.482415794407639913E-15, 2.939410449926109953E-16 ) ) ;
#5808 = CARTESIAN_POINT ( 'NONE',  ( 93.46467446944910762, 116.9783032755031940, 183.4438521006775034 ) ) ;
#5809 = AXIS2_PLACEMENT_3D ( 'NONE', #5750, #5024, #5066 ) ;
#5810 = DIRECTION ( 'NONE',  ( -1.000000000000000000, 0.000000000000000000, 0.000000000000000000 ) ) ;
#5811 = ORIENTED_EDGE ( 'NONE', *, *, #566, .T. ) ;
#5812 = PLANE ( 'NONE',  #850 ) ;
#5813 = CARTESIAN_POINT ( 'NONE',  ( 98.64490526956279837, 38.02563291343319918, 158.7207935539340156 ) ) ;
#5814 = CARTESIAN_POINT ( 'NONE',  ( -291.1785103360849689, 75.00242324095381719, 156.0019761893436794 ) ) ;
#5815 = DIRECTION ( 'NONE',  ( -0.9999999999999982236, 5.974482020221188978E-08, 0.000000000000000000 ) ) ;
#5816 = ORIENTED_EDGE ( 'NONE', *, *, #7302, .F. ) ;
#5817 = CIRCLE ( 'NONE', #1691, 17.90500640869139914 ) ;
#5818 = PLANE ( 'NONE',  #4586 ) ;
#5819 = ADVANCED_FACE ( 'NONE', ( #2830 ), #6602, .F. ) ;
#5820 = DIRECTION ( 'NONE',  ( 0.000000000000000000, 1.000000000000000000, 0.000000000000000000 ) ) ;
#5821 = ORIENTED_EDGE ( 'NONE', *, *, #8264, .F. ) ;
#5822 = ORIENTED_EDGE ( 'NONE', *, *, #8187, .F. ) ;
#5823 = CARTESIAN_POINT ( 'NONE',  ( 283.8209915161129970, 97.82984857965038827, 183.5385722743629913 ) ) ;
#5824 = DIRECTION ( 'NONE',  ( 1.000000000000000000, 0.000000000000000000, 0.000000000000000000 ) ) ;
#5825 = CARTESIAN_POINT ( 'NONE',  ( 119.4864806570912066, 76.52169227600100498, 178.7207935539339871 ) ) ;
#5826 = ORIENTED_EDGE ( 'NONE', *, *, #6524, .F. ) ;
#5827 = CARTESIAN_POINT ( 'NONE',  ( -288.9949040368250053, 64.02521167726931139, 159.4476298067159803 ) ) ;
#5828 = CARTESIAN_POINT ( 'NONE',  ( 80.65757751464829539, 76.52169227600100498, 178.7207935539339871 ) ) ;
#5829 = ADVANCED_FACE ( 'NONE', ( #794 ), #4355, .T. ) ;
#5830 = DIRECTION ( 'NONE',  ( -1.000000000000000000, 0.000000000000000000, 0.000000000000000000 ) ) ;
#5831 = CARTESIAN_POINT ( 'NONE',  ( -83.01555633544920454, 63.61684799194339490, 183.7207935539340156 ) ) ;
#5832 = ORIENTED_EDGE ( 'NONE', *, *, #8315, .F. ) ;
#5833 = ORIENTED_EDGE ( 'NONE', *, *, #5258, .T. ) ;
#5834 = FACE_OUTER_BOUND ( 'NONE', #5369, .T. ) ;
#5835 = EDGE_CURVE ( 'NONE', #3466, #4119, #898, .T. ) ;
#5836 = CARTESIAN_POINT ( 'NONE',  ( 194.3549708474560020, 117.8685996535100031, 182.6743849957319981 ) ) ;
#5837 = CIRCLE ( 'NONE', #1393, 5.000000000000004441 ) ;
#5838 = DIRECTION ( 'NONE',  ( -1.000000000000000000, -6.630299199421770504E-16, 0.000000000000000000 ) ) ;
#5839 = AXIS2_PLACEMENT_3D ( 'NONE', #2752, #4901, #9330 ) ;
#5840 = DIRECTION ( 'NONE',  ( -1.000000000000000000, 2.318450818158519635E-17, 0.000000000000000000 ) ) ;
#5841 = CARTESIAN_POINT ( 'NONE',  ( -196.4467563633664895, 117.6023872751334096, 182.9885605069005123 ) ) ;
#5842 = ORIENTED_EDGE ( 'NONE', *, *, #6437, .T. ) ;
#5843 = DIRECTION ( 'NONE',  ( 0.000000000000000000, 0.000000000000000000, -1.000000000000000000 ) ) ;
#5844 = AXIS2_PLACEMENT_3D ( 'NONE', #7870, #1292, #428 ) ;
#5845 = DIRECTION ( 'NONE',  ( 0.000000000000000000, -1.000000000000000000, 0.000000000000000000 ) ) ;
#5846 = DIRECTION ( 'NONE',  ( 0.000000000000000000, -1.000000000000000000, 0.000000000000000000 ) ) ;
#5847 = CARTESIAN_POINT ( 'NONE',  ( -287.4590363253500414, 61.75600183137490262, 161.4815394651750182 ) ) ;
#5848 = ORIENTED_EDGE ( 'NONE', *, *, #2916, .T. ) ;
#5849 = ORIENTED_EDGE ( 'NONE', *, *, #1165, .T. ) ;
#5850 = DIRECTION ( 'NONE',  ( 2.150787332623426829E-15, -1.000000000000000000, 0.000000000000000000 ) ) ;
#5851 = CARTESIAN_POINT ( 'NONE',  ( -261.1789894103999359, 51.32125139236450195, 178.7207935539339871 ) ) ;
#5852 = CIRCLE ( 'NONE', #3874, 4.999999999999997335 ) ;
#5853 = EDGE_CURVE ( 'NONE', #8092, #7662, #1522, .T. ) ;
#5854 = ADVANCED_FACE ( 'NONE', ( #5834 ), #3054, .T. ) ;
#5855 = DIRECTION ( 'NONE',  ( -0.9999999999999995559, -2.745767241464908234E-08, 0.000000000000000000 ) ) ;
#5856 = VERTEX_POINT ( 'NONE', #8053 ) ;
#5857 = DIRECTION ( 'NONE',  ( 1.000000000000000000, 0.000000000000000000, 0.000000000000000000 ) ) ;
#5858 = ORIENTED_EDGE ( 'NONE', *, *, #8531, .F. ) ;
#5859 = CARTESIAN_POINT ( 'NONE',  ( -289.2617778950251477, 63.47922687401444364, 158.7226415907894648 ) ) ;
#5860 = VERTEX_POINT ( 'NONE', #7324 ) ;
#5861 = CARTESIAN_POINT ( 'NONE',  ( -269.8896011050640027, 94.42653656005860796, 178.7207935539339871 ) ) ;
#5862 = DIRECTION ( 'NONE',  ( 1.000000000000000000, -2.901163001883460083E-16, 0.000000000000000000 ) ) ;
#5863 = VERTEX_POINT ( 'NONE', #4450 ) ;
#5864 = PRODUCT_DEFINITION ( 'UNKNOWN', '', #997, #6103 ) ;
#5865 = DIRECTION ( 'NONE',  ( 1.000000000000000000, 0.000000000000000000, 0.000000000000000000 ) ) ;
#5866 = CARTESIAN_POINT ( 'NONE',  ( 74.59984302520790322, 62.15238189787590528, 182.2563274598670091 ) ) ;
#5867 = ORIENTED_EDGE ( 'NONE', *, *, #1855, .F. ) ;
#5868 = CIRCLE ( 'NONE', #4341, 2.999999999999999112 ) ;
#5869 = ORIENTED_EDGE ( 'NONE', *, *, #1456, .F. ) ;
#5870 = FACE_OUTER_BOUND ( 'NONE', #2673, .T. ) ;
#5871 = DIRECTION ( 'NONE',  ( -0.9999999999999956701, -9.225865788923582684E-08, 0.000000000000000000 ) ) ;
#5872 = ORIENTED_EDGE ( 'NONE', *, *, #9322, .F. ) ;
#5873 = AXIS2_PLACEMENT_3D ( 'NONE', #8970, #3120, #8388 ) ;
#5874 = DIRECTION ( 'NONE',  ( 0.000000000000000000, 0.000000000000000000, -1.000000000000000000 ) ) ;
#5875 = CARTESIAN_POINT ( 'NONE',  ( 288.8200797549710046, 75.06517292097230154, 156.1492064311949832 ) ) ;
#5876 = ADVANCED_FACE ( 'NONE', ( #29 ), #2962, .T. ) ;
#5877 = CARTESIAN_POINT ( 'NONE',  ( 286.6272748223070153, 2.193716693805932039, 158.7207935539338166 ) ) ;
#5878 = ORIENTED_EDGE ( 'NONE', *, *, #2943, .F. ) ;
#5879 = ORIENTED_EDGE ( 'NONE', *, *, #3720, .F. ) ;
#5880 = CARTESIAN_POINT ( 'NONE',  ( 258.8209915161129970, 76.32125139236430300, 158.7207935539340156 ) ) ;
#5881 = DIRECTION ( 'NONE',  ( 0.000000000000000000, 0.000000000000000000, -1.000000000000000000 ) ) ;
#5882 = VECTOR ( 'NONE', #5807, 1000.000000000000000 ) ;
#5883 = CARTESIAN_POINT ( 'NONE',  ( 283.8209915161129970, 74.74094335415090029, 178.7207935539339871 ) ) ;
#5884 = CYLINDRICAL_SURFACE ( 'NONE', #7960, 2.500000000000010658 ) ;
#5885 = ADVANCED_FACE ( 'NONE', ( #3014 ), #841, .F. ) ;
#5886 = VERTEX_POINT ( 'NONE', #2296 ) ;
#5887 = CARTESIAN_POINT ( 'NONE',  ( 98.64490509033210230, 76.52169227600100498, 153.7207935539340156 ) ) ;
#5888 = EDGE_CURVE ( 'NONE', #4761, #6381, #7504, .T. ) ;
#5889 = EDGE_CURVE ( 'NONE', #4750, #6046, #2763, .T. ) ;
#5890 = LINE ( 'NONE', #4604, #442 ) ;
#5891 = VECTOR ( 'NONE', #4672, 1000.000000000000000 ) ;
#5892 = DIRECTION ( 'NONE',  ( 0.000000000000000000, 1.000000000000000000, 0.000000000000000000 ) ) ;
#5893 = EDGE_CURVE ( 'NONE', #3904, #4853, #7522, .T. ) ;
#5894 = CARTESIAN_POINT ( 'NONE',  ( -289.2645901247819893, 65.72271179913170158, 160.3173137042129781 ) ) ;
#5895 = VERTEX_POINT ( 'NONE', #8961 ) ;
#5896 = ORIENTED_EDGE ( 'NONE', *, *, #7208, .F. ) ;
#5897 = DIRECTION ( 'NONE',  ( 0.000000000000000000, 0.000000000000000000, -1.000000000000000000 ) ) ;
#5898 = DIRECTION ( 'NONE',  ( -1.000000000000000000, 1.159225409079259972E-17, -1.159225409079261975E-17 ) ) ;
#5899 = ADVANCED_FACE ( 'NONE', ( #8147 ), #5509, .T. ) ;
#5900 = DIRECTION ( 'NONE',  ( 0.000000000000000000, -1.000000000000000000, 0.000000000000000000 ) ) ;
#5901 = ORIENTED_EDGE ( 'NONE', *, *, #8773, .F. ) ;
#5902 = DIRECTION ( 'NONE',  ( 0.9999999999993463007, 1.143534646604212148E-06, -1.654364815295145282E-21 ) ) ;
#5903 = ORIENTED_EDGE ( 'NONE', *, *, #4828, .T. ) ;
#5904 = CARTESIAN_POINT ( 'NONE',  ( -289.4081679174890951, 64.33136141303178590, 158.7221393751199514 ) ) ;
#5905 = ORIENTED_EDGE ( 'NONE', *, *, #9239, .F. ) ;
#5906 = FACE_OUTER_BOUND ( 'NONE', #4204, .T. ) ;
#5907 = ADVANCED_FACE ( 'NONE', ( #5210 ), #933, .T. ) ;
#5908 = DIRECTION ( 'NONE',  ( -1.000000000000000000, -8.330697243152929906E-11, 0.000000000000000000 ) ) ;
#5909 = CARTESIAN_POINT ( 'NONE',  ( 80.65757751464838066, 89.42653656005859375, 158.7207935539340156 ) ) ;
#5910 = ORIENTED_EDGE ( 'NONE', *, *, #6714, .T. ) ;
#5911 = DIRECTION ( 'NONE',  ( 0.000000000000000000, -1.000000000000000000, 0.000000000000000000 ) ) ;
#5912 = DIRECTION ( 'NONE',  ( -1.000000000000000000, 7.788590840987949389E-17, 0.000000000000000000 ) ) ;
#5913 = VERTEX_POINT ( 'NONE', #5297 ) ;
#5914 = B_SPLINE_CURVE_WITH_KNOTS ( 'NONE', 3,
 ( #5280, #7452, #5233, #718, #1446 ),
 .UNSPECIFIED., .F., .F.,
 ( 4, 1, 4 ),
 ( 0.000000000000000000, 0.5714285714285747275, 1.000000000000000000 ),
 .UNSPECIFIED. ) ;
#5915 = ORIENTED_EDGE ( 'NONE', *, *, #6814, .F. ) ;
#5916 = CARTESIAN_POINT ( 'NONE',  ( -287.7944453876595503, 76.52169227600100498, 178.7207935539339871 ) ) ;
#5917 = PRODUCT_CONTEXT ( 'NONE', #6009, 'mechanical' ) ;
#5918 = LINE ( 'NONE', #6641, #2153 ) ;
#5919 = ORIENTED_EDGE ( 'NONE', *, *, #844, .F. ) ;
#5920 = CARTESIAN_POINT ( 'NONE',  ( -287.2226495492390086, 60.50241384080040064, 159.7585983188379828 ) ) ;
#5921 = CARTESIAN_POINT ( 'NONE',  ( 286.3209915161129970, 160.0000188687020000, 123.7207935539339871 ) ) ;
#5922 = CARTESIAN_POINT ( 'NONE',  ( 288.8209899497859965, 76.30575297298069870, 155.7260813108020159 ) ) ;
#5923 = CARTESIAN_POINT ( 'NONE',  ( 283.8209915161129970, 98.63017898587500554, 183.0186497902790279 ) ) ;
#5924 = CIRCLE ( 'NONE', #1640, 12.90484886281040744 ) ;
#5925 = EDGE_CURVE ( 'NONE', #7105, #1222, #7601, .T. ) ;
#5926 = ORIENTED_EDGE ( 'NONE', *, *, #4694, .F. ) ;
#5927 = ORIENTED_EDGE ( 'NONE', *, *, #5959, .T. ) ;
#5928 = ORIENTED_EDGE ( 'NONE', *, *, #8017, .F. ) ;
#5929 = DIRECTION ( 'NONE',  ( -1.000000000000000000, 0.000000000000000000, 0.000000000000000000 ) ) ;
#5930 = DIRECTION ( 'NONE',  ( -1.000000000000000000, 5.551115123125780336E-15, 0.000000000000000000 ) ) ;
#5931 = CARTESIAN_POINT ( 'NONE',  ( -147.6541809933085858, 76.52169192166400080, 148.7207935539339871 ) ) ;
#5932 = CARTESIAN_POINT ( 'NONE',  ( -67.96416782819719060, 58.61684799194339490, 183.7207935539340156 ) ) ;
#5933 = CIRCLE ( 'NONE', #6537, 12.90484428405761008 ) ;
#5934 = CARTESIAN_POINT ( 'NONE',  ( 80.65757751464849434, 58.61684799194339490, 178.7207935539339871 ) ) ;
#5935 = CARTESIAN_POINT ( 'NONE',  ( 216.5078370698039976, 76.52169227600100498, 183.7207935539340156 ) ) ;
#5936 = ORIENTED_EDGE ( 'NONE', *, *, #5202, .F. ) ;
#5937 = AXIS2_PLACEMENT_3D ( 'NONE', #5973, #8006, #7422 ) ;
#5938 = DIRECTION ( 'NONE',  ( -1.000000000000000000, 0.000000000000000000, 0.000000000000000000 ) ) ;
#5939 = CARTESIAN_POINT ( 'NONE',  ( -80.59253796992869923, 110.9465026855470029, 178.7207935539339871 ) ) ;
#5940 = LINE ( 'NONE', #6614, #4065 ) ;
#5941 = CARTESIAN_POINT ( 'NONE',  ( -291.1785103360849689, 75.00242324095310664, 156.0019761893420025 ) ) ;
#5942 = ORIENTED_EDGE ( 'NONE', *, *, #3385, .F. ) ;
#5943 = DIRECTION ( 'NONE',  ( 0.000000000000000000, 1.000000000000000000, 0.000000000000000000 ) ) ;
#5944 = AXIS2_PLACEMENT_3D ( 'NONE', #1714, #4636, #7563 ) ;
#5945 = EDGE_CURVE ( 'NONE', #6312, #5733, #8235, .T. ) ;
#5946 = EDGE_CURVE ( 'NONE', #8944, #9416, #3219, .T. ) ;
#5947 = DIRECTION ( 'NONE',  ( -1.000000000000000000, 0.000000000000000000, 0.000000000000000000 ) ) ;
#5948 = ORIENTED_EDGE ( 'NONE', *, *, #369, .F. ) ;
#5949 = CIRCLE ( 'NONE', #9490, 2.999999999999999112 ) ;
#5950 = CARTESIAN_POINT ( 'NONE',  ( 98.64490509033210230, 62.15238189787610423, 182.2563274598670091 ) ) ;
#5951 = VERTEX_POINT ( 'NONE', #8410 ) ;
#5952 = CARTESIAN_POINT ( 'NONE',  ( -289.4053828987746328, 64.31524207541917804, 158.7221483132055369 ) ) ;
#5953 = ORIENTED_EDGE ( 'NONE', *, *, #5512, .F. ) ;
#5954 = VECTOR ( 'NONE', #8945, 1000.000000000000000 ) ;
#5955 = CARTESIAN_POINT ( 'NONE',  ( -196.4467563633664895, 117.6023872751334096, 182.9885605069005123 ) ) ;
#5956 = CARTESIAN_POINT ( 'NONE',  ( -291.1012222505481759, 72.39506839876052879, 156.5579064302559971 ) ) ;
#5957 = DIRECTION ( 'NONE',  ( 1.439941687553569204E-16, 0.7191424945380946454, -0.6948626285457626395 ) ) ;
#5958 = ORIENTED_EDGE ( 'NONE', *, *, #3273, .F. ) ;
#5959 = EDGE_CURVE ( 'NONE', #1396, #7201, #6332, .T. ) ;
#5960 = AXIS2_PLACEMENT_3D ( 'NONE', #1822, #2694, #5561 ) ;
#5961 = FACE_OUTER_BOUND ( 'NONE', #4577, .T. ) ;
#5962 = DIRECTION ( 'NONE',  ( -1.000000000000000000, 1.159225409079261975E-17, -1.159225409079259972E-17 ) ) ;
#5963 = ORIENTED_EDGE ( 'NONE', *, *, #9348, .T. ) ;
#5964 = CIRCLE ( 'NONE', #8878, 17.90484791500050221 ) ;
#5965 = ORIENTED_EDGE ( 'NONE', *, *, #93, .T. ) ;
#5966 = DIRECTION ( 'NONE',  ( 1.000000000000000000, 0.000000000000000000, 0.000000000000000000 ) ) ;
#5967 = ADVANCED_FACE ( 'NONE', ( #7008 ), #4182, .F. ) ;
#5968 = AXIS2_PLACEMENT_3D ( 'NONE', #7116, #1999, #4106 ) ;
#5969 = FACE_OUTER_BOUND ( 'NONE', #282, .T. ) ;
#5970 = CARTESIAN_POINT ( 'NONE',  ( -134.7493362426759802, 8.337247467583081217, 157.8421138974935047 ) ) ;
#5971 = DIRECTION ( 'NONE',  ( 2.150760312442448859E-15, -1.000000000000000000, 0.000000000000000000 ) ) ;
#5972 = CIRCLE ( 'NONE', #7511, 12.90485318971760265 ) ;
#5973 = CARTESIAN_POINT ( 'NONE',  ( 183.5030736399640148, 22.12077808833640091, 155.7207935539340156 ) ) ;
#5974 = ADVANCED_FACE ( 'NONE', ( #3368 ), #2301, .T. ) ;
#5975 = ADVANCED_FACE ( 'NONE', ( #1930 ), #7660, .T. ) ;
#5976 = CIRCLE ( 'NONE', #4757, 3.000000000000007994 ) ;
#5977 = VERTEX_POINT ( 'NONE', #564 ) ;
#5978 = EDGE_LOOP ( 'NONE', ( #37, #6993, #9287 ) ) ;
#5979 = ORIENTED_EDGE ( 'NONE', *, *, #6147, .T. ) ;
#5980 = CARTESIAN_POINT ( 'NONE',  ( 288.0902209916829975, 69.74005044523980246, 158.7207935535700187 ) ) ;
#5981 = DIRECTION ( 'NONE',  ( 1.000000000000000000, -4.163336342344419857E-15, 0.000000000000000000 ) ) ;
#5982 = CARTESIAN_POINT ( 'NONE',  ( -62.68753156017800876, 98.04149627685548296, 143.7207935539339871 ) ) ;
#5983 = DIRECTION ( 'NONE',  ( 1.000000000000000000, 0.000000000000000000, 0.000000000000000000 ) ) ;
#5984 = CARTESIAN_POINT ( 'NONE',  ( 147.8374267960859925, 76.52169227600100498, 148.7207935539339871 ) ) ;
#5985 = CARTESIAN_POINT ( 'NONE',  ( 287.9182305946719680, 66.93249466260580505, 157.9851737423090015 ) ) ;
#5986 = ORIENTED_EDGE ( 'NONE', *, *, #3046, .F. ) ;
#5987 = FACE_OUTER_BOUND ( 'NONE', #3527, .T. ) ;
#5988 = TOROIDAL_SURFACE ( 'NONE', #477, 17.90484428405759942, 5.000000000000000000 ) ;
#5989 = DIRECTION ( 'NONE',  ( 1.000000000000000000, 6.409534987526679801E-16, 0.000000000000000000 ) ) ;
#5990 = AXIS2_PLACEMENT_3D ( 'NONE', #2802, #6472, #5764 ) ;
#5991 = ADVANCED_BREP_SHAPE_REPRESENTATION ( 'Hanger200', ( #7119, #846 ), #6669 ) ;
#5992 = DIRECTION ( 'NONE',  ( 0.000000000000000000, 0.000000000000000000, -1.000000000000000000 ) ) ;
#5993 = CARTESIAN_POINT ( 'NONE',  ( -291.1781183661969976, 75.12231670926360039, 156.2831588247489947 ) ) ;
#5994 = ORIENTED_EDGE ( 'NONE', *, *, #5893, .F. ) ;
#5995 = DIRECTION ( 'NONE',  ( 0.000000000000000000, 0.000000000000000000, -1.000000000000000000 ) ) ;
#5996 = CIRCLE ( 'NONE', #3550, 12.90484428405759587 ) ;
#5997 = AXIS2_PLACEMENT_3D ( 'NONE', #9075, #5268, #1685 ) ;
#5998 = DIRECTION ( 'NONE',  ( 0.000000000000000000, -1.000000000000000000, 0.000000000000000000 ) ) ;
#5999 = ORIENTED_EDGE ( 'NONE', *, *, #6311, .F. ) ;
#6000 = LINE ( 'NONE', #3759, #2729 ) ;
#6001 = ORIENTED_EDGE ( 'NONE', *, *, #6928, .F. ) ;
#6002 = CARTESIAN_POINT ( 'NONE',  ( -31.93326525366059343, 128.8515090942379970, 183.7207935539340156 ) ) ;
#6003 = CARTESIAN_POINT ( 'NONE',  ( 216.5078353881840201, 38.02563476562500000, 155.7207935539340156 ) ) ;
#6004 = ADVANCED_FACE ( 'NONE', ( #3503 ), #5049, .T. ) ;
#6005 = LINE ( 'NONE', #6631, #6419 ) ;
#6006 = VECTOR ( 'NONE', #6797, 1000.000000000000000 ) ;
#6007 = CARTESIAN_POINT ( 'NONE',  ( -23.31599701963950011, 93.02577972412109375, 178.7207935539339871 ) ) ;
#6008 = ORIENTED_EDGE ( 'NONE', *, *, #6016, .F. ) ;
#6009 = APPLICATION_CONTEXT ( 'automotive_design' ) ;
#6010 = DIRECTION ( 'NONE',  ( -1.000000000000000000, 9.747022401918829411E-18, 0.000000000000000000 ) ) ;
#6011 = CARTESIAN_POINT ( 'NONE',  ( 27.90500640869139914, 98.04149627685548296, 183.7207935539340156 ) ) ;
#6012 = VERTEX_POINT ( 'NONE', #4847 ) ;
#6013 = ORIENTED_EDGE ( 'NONE', *, *, #5773, .F. ) ;
#6014 = ADVANCED_FACE ( 'NONE', ( #1981 ), #4893, .T. ) ;
#6015 = CARTESIAN_POINT ( 'NONE',  ( -101.0028839111329972, 94.42653656005860796, 178.7207935539339871 ) ) ;
#6016 = EDGE_CURVE ( 'NONE', #4830, #8788, #2634, .T. ) ;
#6017 = LINE ( 'NONE', #877, #3839 ) ;
#6018 = CARTESIAN_POINT ( 'NONE',  ( -83.01557321292520442, 6.215926217349330152, 155.7207935539340156 ) ) ;
#6019 = DIRECTION ( 'NONE',  ( 0.000000000000000000, 0.000000000000000000, -1.000000000000000000 ) ) ;
#6020 = AXIS2_PLACEMENT_3D ( 'NONE', #412, #4785, #8440 ) ;
#6021 = CYLINDRICAL_SURFACE ( 'NONE', #4416, 2.999999999999999112 ) ;
#6022 = ORIENTED_EDGE ( 'NONE', *, *, #4527, .F. ) ;
#6023 = VERTEX_POINT ( 'NONE', #6749 ) ;
#6024 = ORIENTED_EDGE ( 'NONE', *, *, #5299, .T. ) ;
#6025 = CARTESIAN_POINT ( 'NONE',  ( -134.7493362426759802, 89.42653656005859375, 148.7207935539339871 ) ) ;
#6026 = TOROIDAL_SURFACE ( 'NONE', #8490, 17.90500640869139914, 5.000000000000000000 ) ;
#6027 = LINE ( 'NONE', #8962, #6754 ) ;
#6028 = EDGE_CURVE ( 'NONE', #6948, #7413, #7618, .T. ) ;
#6029 = PLANE ( 'NONE',  #8114 ) ;
#6030 = CARTESIAN_POINT ( 'NONE',  ( 93.69550014402787497, 117.2091289500819329, 183.3251006671647758 ) ) ;
#6032 = VECTOR ( 'NONE', #3422, 1000.000000000000000 ) ;
#6031 = CARTESIAN_POINT ( 'NONE',  ( 194.0581480874770079, 98.63017898587490606, 183.0186497902790279 ) ) ;
#6033 = DIRECTION ( 'NONE',  ( 1.000000000000000000, 0.000000000000000000, 0.000000000000000000 ) ) ;
#6034 = VERTEX_POINT ( 'NONE', #940 ) ;
#6035 = DIRECTION ( 'NONE',  ( 1.000000000000000000, -3.372392848055450117E-16, 0.000000000000000000 ) ) ;
#6036 = CARTESIAN_POINT ( 'NONE',  ( 267.5316238403299849, 6.215927124023390427, 155.7207935539340156 ) ) ;
#6037 = DIRECTION ( 'NONE',  ( 0.000000000000000000, 0.000000000000000000, -1.000000000000000000 ) ) ;
#6038 = FACE_OUTER_BOUND ( 'NONE', #5316, .T. ) ;
#6039 = VERTEX_POINT ( 'NONE', #845 ) ;
#6040 = CARTESIAN_POINT ( 'NONE',  ( 286.3209915161129970, 148.7737469485219890, 131.0916788174770033 ) ) ;
#6041 = EDGE_CURVE ( 'NONE', #817, #1763, #1848, .T. ) ;
#6042 = CIRCLE ( 'NONE', #8200, 3.000000000000002665 ) ;
#6043 = LINE ( 'NONE', #190, #3314 ) ;
#6044 = ORIENTED_EDGE ( 'NONE', *, *, #2804, .F. ) ;
#6045 = DIRECTION ( 'NONE',  ( -1.000000000000000000, 0.000000000000000000, 0.000000000000000000 ) ) ;
#6046 = VERTEX_POINT ( 'NONE', #6125 ) ;
#6047 = DIRECTION ( 'NONE',  ( -1.000000000000000000, 4.475536128753789939E-15, 0.000000000000000000 ) ) ;
#6048 = CARTESIAN_POINT ( 'NONE',  ( 98.64489001653309685, 22.12077988203889944, 155.7207935539340156 ) ) ;
#6049 = DIRECTION ( 'NONE',  ( 0.7071067811865469066, -0.7071067811865481278, 0.000000000000000000 ) ) ;
#6050 = DIRECTION ( 'NONE',  ( -1.000000000000000000, 4.362752391243203476E-16, 0.000000000000000000 ) ) ;
#6051 = ORIENTED_EDGE ( 'NONE', *, *, #1085, .F. ) ;
#6052 = EDGE_CURVE ( 'NONE', #6922, #5433, #7430, .T. ) ;
#6053 = CIRCLE ( 'NONE', #7439, 3.000000000000002665 ) ;
#6054 = CARTESIAN_POINT ( 'NONE',  ( 150.3786849975589917, 89.42653656005859375, 178.7207935539339871 ) ) ;
#6055 = CYLINDRICAL_SURFACE ( 'NONE', #2997, 29.99999999999999645 ) ;
#6056 = ORIENTED_EDGE ( 'NONE', *, *, #8849, .F. ) ;
#6057 = ORIENTED_EDGE ( 'NONE', *, *, #503, .F. ) ;
#6058 = CARTESIAN_POINT ( 'NONE',  ( -291.1789894103999927, 99.48037732825460466, 178.7207935539339871 ) ) ;
#6059 = LINE ( 'NONE', #1709, #5352 ) ;
#6060 = EDGE_LOOP ( 'NONE', ( #3601, #8847, #8725, #5848 ) ) ;
#6061 = DIRECTION ( 'NONE',  ( -1.143534646602941810E-06, 0.9999999999982359666, 1.490124283222693674E-06 ) ) ;
#6062 = DIRECTION ( 'NONE',  ( -0.9999999999999995559, -2.745767258921879090E-08, 0.000000000000000000 ) ) ;
#6063 = EDGE_CURVE ( 'NONE', #5577, #6711, #8225, .T. ) ;
#6064 = EDGE_CURVE ( 'NONE', #8788, #64, #221, .T. ) ;
#6065 = CARTESIAN_POINT ( 'NONE',  ( 43.09501647949219461, 57.21578598022470175, 178.7207935539339871 ) ) ;
#6066 = ORIENTED_EDGE ( 'NONE', *, *, #8424, .F. ) ;
#6067 = ORIENTED_EDGE ( 'NONE', *, *, #8069, .T. ) ;
#6068 = VERTEX_POINT ( 'NONE', #272 ) ;
#6069 = CARTESIAN_POINT ( 'NONE',  ( 287.7293671130984762, 68.03450653868630127, 158.7213180646529622 ) ) ;
#6070 = CIRCLE ( 'NONE', #6998, 17.90484428405758521 ) ;
#6071 = CARTESIAN_POINT ( 'NONE',  ( -289.7145233163330431, 76.32125139236450195, 182.2563274598670091 ) ) ;
#6072 = CARTESIAN_POINT ( 'NONE',  ( 74.59984302520778954, 6.215927124023419736, 158.7207935539340156 ) ) ;
#6073 = VERTEX_POINT ( 'NONE', #8923 ) ;
#6074 = DIRECTION ( 'NONE',  ( 0.000000000000000000, -0.7071067811865447972, 0.7071067811865503483 ) ) ;
#6075 = EDGE_CURVE ( 'NONE', #4714, #6577, #1841, .T. ) ;
#6076 = TOROIDAL_SURFACE ( 'NONE', #2571, 15.90485382080079901, 3.000000000000000000 ) ;
#6077 = DIRECTION ( 'NONE',  ( 1.000000000000000000, -1.110223024625156067E-14, 0.000000000000000000 ) ) ;
#6078 = DIRECTION ( 'NONE',  ( -1.000000000000000000, 0.000000000000000000, 0.000000000000000000 ) ) ;
#6079 = VECTOR ( 'NONE', #814, 1000.000000000000000 ) ;
#6080 = AXIS2_PLACEMENT_3D ( 'NONE', #8452, #3499, #7823 ) ;
#6081 = ORIENTED_EDGE ( 'NONE', *, *, #4145, .F. ) ;
#6082 = CARTESIAN_POINT ( 'NONE',  ( 94.08875846907929485, 117.6023872751334096, 182.9885605069005123 ) ) ;
#6083 = VECTOR ( 'NONE', #250, 1000.000000000000000 ) ;
#6084 = CARTESIAN_POINT ( 'NONE',  ( 107.6644190607609914, 89.42653656005859375, 178.7207935539339871 ) ) ;
#6085 = DIRECTION ( 'NONE',  ( 0.000000000000000000, 0.000000000000000000, -1.000000000000000000 ) ) ;
#6086 = ORIENTED_EDGE ( 'NONE', *, *, #3755, .F. ) ;
#6087 = PLANE ( 'NONE',  #6612 ) ;
#6088 = CIRCLE ( 'NONE', #7341, 3.000000000000039080 ) ;
#6089 = VECTOR ( 'NONE', #4616, 1000.000000000000000 ) ;
#6090 = CARTESIAN_POINT ( 'NONE',  ( 288.8209915161129970, 99.87019435130740419, 179.1242315499560220 ) ) ;
#6091 = VERTEX_POINT ( 'NONE', #8252 ) ;
#6092 = ADVANCED_FACE ( 'NONE', ( #3207 ), #4597, .T. ) ;
#6093 = FACE_BOUND ( 'NONE', #2199, .T. ) ;
#6094 = CARTESIAN_POINT ( 'NONE',  ( 258.8209915161129970, 46.32125139236429590, 178.7207935539339871 ) ) ;
#6095 = CARTESIAN_POINT ( 'NONE',  ( -40.43682098388670454, 35.02563476562500000, 158.7207935539340156 ) ) ;
#6096 = CIRCLE ( 'NONE', #1034, 5.000000000000004441 ) ;
#6097 = DIRECTION ( 'NONE',  ( 1.000000000000000000, -1.514562049291894776E-17, -1.514562049291894776E-17 ) ) ;
#6098 = ORIENTED_EDGE ( 'NONE', *, *, #1561, .T. ) ;
#6099 = AXIS2_PLACEMENT_3D ( 'NONE', #671, #3610, #6525 ) ;
#6100 = ORIENTED_EDGE ( 'NONE', *, *, #1688, .T. ) ;
#6101 = CARTESIAN_POINT ( 'NONE',  ( -286.9087394465798866, 79.20096685721101437, 183.6699497856149890 ) ) ;
#6102 = LINE ( 'NONE', #3815, #7809 ) ;
#6103 = PRODUCT_DEFINITION_CONTEXT ( 'detailed design', #2275, 'design' ) ;
#6104 = CARTESIAN_POINT ( 'NONE',  ( -195.6158350244519966, 97.82986802856230213, 183.5386201858094921 ) ) ;
#6105 = ORIENTED_EDGE ( 'NONE', *, *, #1097, .F. ) ;
#6106 = CIRCLE ( 'NONE', #893, 5.000000000000004441 ) ;
#6107 = ORIENTED_EDGE ( 'NONE', *, *, #6183, .F. ) ;
#6108 = CARTESIAN_POINT ( 'NONE',  ( 27.90500640869139914, 93.04149627685549717, 178.7207935539339871 ) ) ;
#6109 = DIRECTION ( 'NONE',  ( 0.000000000000000000, 0.000000000000000000, -1.000000000000000000 ) ) ;
#6110 = LINE ( 'NONE', #5438, #3067 ) ;
#6111 = ORIENTED_EDGE ( 'NONE', *, *, #6733, .F. ) ;
#6112 = CARTESIAN_POINT ( 'NONE',  ( 183.5030736399810110, 76.52168743035359455, 133.7207935539339871 ) ) ;
#6113 = ADVANCED_FACE ( 'NONE', ( #1723 ), #3885, .T. ) ;
#6114 = AXIS2_PLACEMENT_3D ( 'NONE', #1418, #4392, #4351 ) ;
#6115 = CARTESIAN_POINT ( 'NONE',  ( 287.9423423734090193, 65.69595131472290461, 157.8421407196165092 ) ) ;
#6116 = CARTESIAN_POINT ( 'NONE',  ( 115.5181150157410173, 82.51153665206351207, 183.7207935539340156 ) ) ;
#6117 = TOROIDAL_SURFACE ( 'NONE', #5960, 17.90484428405759942, 5.000000000000000000 ) ;
#6118 = ORIENTED_EDGE ( 'NONE', *, *, #1509, .T. ) ;
#6119 = ORIENTED_EDGE ( 'NONE', *, *, #8907, .F. ) ;
#6120 = ORIENTED_EDGE ( 'NONE', *, *, #5129, .T. ) ;
#6121 = DIRECTION ( 'NONE',  ( 0.000000000000000000, 0.000000000000000000, -1.000000000000000000 ) ) ;
#6122 = EDGE_CURVE ( 'NONE', #1880, #8215, #3160, .T. ) ;
#6123 = FACE_OUTER_BOUND ( 'NONE', #2651, .T. ) ;
#6124 = ORIENTED_EDGE ( 'NONE', *, *, #6187, .F. ) ;
#6125 = CARTESIAN_POINT ( 'NONE',  ( -118.8444824218751990, 22.12078094482420099, 158.7207935539340156 ) ) ;
#6126 = LINE ( 'NONE', #3977, #8473 ) ;
#6127 = AXIS2_PLACEMENT_3D ( 'NONE', #2134, #631, #7255 ) ;
#6128 = LINE ( 'NONE', #5510, #1994 ) ;
#6129 = ORIENTED_EDGE ( 'NONE', *, *, #6960, .F. ) ;
#6130 = ADVANCED_FACE ( 'NONE', ( #6894 ), #1579, .T. ) ;
#6131 = VERTEX_POINT ( 'NONE', #9014 ) ;
#6132 = CARTESIAN_POINT ( 'NONE',  ( -101.0029031638499930, 38.02563291343300023, 155.7207935539340156 ) ) ;
#6133 = CARTESIAN_POINT ( 'NONE',  ( 216.5078353881840201, 38.02563476562500000, 158.7207935539340156 ) ) ;
#6134 = ORIENTED_EDGE ( 'NONE', *, *, #4899, .F. ) ;
#6135 = CARTESIAN_POINT ( 'NONE',  ( -261.1789894103999359, 43.32125139236450195, 158.7207935539340156 ) ) ;
#6136 = CIRCLE ( 'NONE', #2021, 5.000000000000004441 ) ;
#6137 = CARTESIAN_POINT ( 'NONE',  ( 283.8209915161129970, 97.16738986521721699, 183.7207935539340156 ) ) ;
#6138 = ORIENTED_EDGE ( 'NONE', *, *, #3292, .T. ) ;
#6139 = FACE_OUTER_BOUND ( 'NONE', #6507, .T. ) ;
#6140 = DIRECTION ( 'NONE',  ( -8.208433932565630885E-11, -1.000000000000000000, 0.000000000000000000 ) ) ;
#6141 = DIRECTION ( 'NONE',  ( 0.000000000000000000, 0.000000000000000000, -1.000000000000000000 ) ) ;
#6142 = CARTESIAN_POINT ( 'NONE',  ( 284.3920360480571503, 80.54787746740240095, 183.6881535825017693 ) ) ;
#6143 = ORIENTED_EDGE ( 'NONE', *, *, #5779, .F. ) ;
#6144 = VERTEX_POINT ( 'NONE', #2447 ) ;
#6145 = AXIS2_PLACEMENT_3D ( 'NONE', #8817, #2299, #5211 ) ;
#6146 = ADVANCED_FACE ( 'NONE', ( #7573 ), #984, .T. ) ;
#6147 = EDGE_CURVE ( 'NONE', #3200, #4224, #904, .T. ) ;
#6148 = FACE_OUTER_BOUND ( 'NONE', #9174, .T. ) ;
#6149 = CIRCLE ( 'NONE', #6763, 17.90484428405758521 ) ;
#6150 = DIRECTION ( 'NONE',  ( 0.000000000000000000, 0.000000000000000000, -1.000000000000000000 ) ) ;
#6151 = LINE ( 'NONE', #6011, #681 ) ;
#6152 = ORIENTED_EDGE ( 'NONE', *, *, #4154, .T. ) ;
#6153 = VERTEX_POINT ( 'NONE', #5454 ) ;
#6154 = DIRECTION ( 'NONE',  ( 1.000000000000000000, -2.688482178977771415E-16, 0.000000000000000000 ) ) ;
#6155 = AXIS2_PLACEMENT_3D ( 'NONE', #2016, #7861, #6407 ) ;
#6156 = CARTESIAN_POINT ( 'NONE',  ( -101.0028839111329972, 94.42653656005860796, 178.7207935539339871 ) ) ;
#6157 = CARTESIAN_POINT ( 'NONE',  ( -269.8896011046559806, 63.61684799194339490, 178.7207935539339871 ) ) ;
#6158 = ORIENTED_EDGE ( 'NONE', *, *, #2149, .T. ) ;
#6159 = DIRECTION ( 'NONE',  ( 0.000000000000000000, 0.000000000000000000, -1.000000000000000000 ) ) ;
#6160 = CARTESIAN_POINT ( 'NONE',  ( 288.6801093232600124, 72.75326327301019091, 157.3945654793559754 ) ) ;
#6161 = AXIS2_PLACEMENT_3D ( 'NONE', #2138, #3572, #6529 ) ;
#6162 = CARTESIAN_POINT ( 'NONE',  ( -62.68753156017800876, 98.04149627685548296, 143.7207935539339871 ) ) ;
#6163 = EDGE_CURVE ( 'NONE', #8708, #2370, #513, .T. ) ;
#6164 = ORIENTED_EDGE ( 'NONE', *, *, #1476, .F. ) ;
#6165 = ORIENTED_EDGE ( 'NONE', *, *, #8658, .T. ) ;
#6166 = CIRCLE ( 'NONE', #8185, 3.000000000000002665 ) ;
#6167 = DIRECTION ( 'NONE',  ( -1.000000000000000000, -2.357670551379990086E-15, 0.000000000000000000 ) ) ;
#6168 = CARTESIAN_POINT ( 'NONE',  ( -135.5343008041380131, 35.02563476562500000, 155.7207935539340156 ) ) ;
#6169 = ORIENTED_EDGE ( 'NONE', *, *, #5180, .F. ) ;
#6170 = DIRECTION ( 'NONE',  ( -1.000000000000000000, 0.000000000000000000, 0.000000000000000000 ) ) ;
#6171 = EDGE_CURVE ( 'NONE', #8274, #4949, #9213, .T. ) ;
#6172 = CARTESIAN_POINT ( 'NONE',  ( 194.0684375257363854, 98.64046842413432614, 183.0087077465684615 ) ) ;
#6173 = CARTESIAN_POINT ( 'NONE',  ( 267.5316238403320312, 76.52169227600100498, 158.7207935539340156 ) ) ;
#6174 = ORIENTED_EDGE ( 'NONE', *, *, #8832, .T. ) ;
#6175 = AXIS2_PLACEMENT_3D ( 'NONE', #1431, #4362, #6560 ) ;
#6176 = CYLINDRICAL_SURFACE ( 'NONE', #1519, 2.999999999999994227 ) ;
#6177 = VERTEX_POINT ( 'NONE', #9259 ) ;
#6178 = CARTESIAN_POINT ( 'NONE',  ( 132.3913192749020027, 9.215927124023428618, 138.7207935539339871 ) ) ;
#6179 = DIRECTION ( 'NONE',  ( 0.000000000000000000, 0.000000000000000000, -1.000000000000000000 ) ) ;
#6180 = ORIENTED_EDGE ( 'NONE', *, *, #2026, .F. ) ;
#6181 = EDGE_CURVE ( 'NONE', #8708, #5504, #5972, .T. ) ;
#6182 = CARTESIAN_POINT ( 'NONE',  ( -152.7366433887729897, 76.52169227600100498, 148.7207935539339871 ) ) ;
#6183 = EDGE_CURVE ( 'NONE', #3658, #7022, #4073, .T. ) ;
#6184 = VECTOR ( 'NONE', #1740, 1000.000000000000000 ) ;
#6185 = AXIS2_PLACEMENT_3D ( 'NONE', #9447, #5752, #2113 ) ;
#6186 = EDGE_CURVE ( 'NONE', #1909, #9433, #5514, .T. ) ;
#6187 = EDGE_CURVE ( 'NONE', #5236, #52, #2915, .T. ) ;
#6188 = CARTESIAN_POINT ( 'NONE',  ( -218.8657760620120314, 22.12078094482420099, 158.7207935539340156 ) ) ;
#6189 = VERTEX_POINT ( 'NONE', #3447 ) ;
#6190 = ADVANCED_FACE ( 'NONE', ( #368 ), #6223, .F. ) ;
#6191 = CARTESIAN_POINT ( 'NONE',  ( -269.8896011046559806, 58.61684799194339490, 178.7207935539339871 ) ) ;
#6192 = CARTESIAN_POINT ( 'NONE',  ( -101.0028839111329972, 94.42653656005860796, 183.7207935539340156 ) ) ;
#6193 = CARTESIAN_POINT ( 'NONE',  ( -40.43682098388680402, 22.12078094482420099, 155.7207935539340156 ) ) ;
#6194 = ORIENTED_EDGE ( 'NONE', *, *, #5730, .T. ) ;
#6195 = ORIENTED_EDGE ( 'NONE', *, *, #3116, .T. ) ;
#6196 = CYLINDRICAL_SURFACE ( 'NONE', #2936, 12.90485361670298836 ) ;
#6197 = CIRCLE ( 'NONE', #7117, 3.000000000000002665 ) ;
#6198 = AXIS2_PLACEMENT_3D ( 'NONE', #5618, #1202, #4141 ) ;
#6199 = EDGE_CURVE ( 'NONE', #992, #1816, #4147, .T. ) ;
#6200 = DIRECTION ( 'NONE',  ( 1.000000000000000000, -9.747022401918829411E-18, 0.000000000000000000 ) ) ;
#6201 = CARTESIAN_POINT ( 'NONE',  ( 115.5183770014390063, 75.37701517409149687, 183.6195702594826571 ) ) ;
#6202 = EDGE_LOOP ( 'NONE', ( #7694, #813, #7869, #2980 ) ) ;
#6203 = ORIENTED_EDGE ( 'NONE', *, *, #6384, .T. ) ;
#6204 = CYLINDRICAL_SURFACE ( 'NONE', #710, 5.000000000000021316 ) ;
#6205 = DIRECTION ( 'NONE',  ( 1.000000000000000000, -1.294835018885021858E-17, -1.294835018885025864E-17 ) ) ;
#6206 = AXIS2_PLACEMENT_3D ( 'NONE', #5627, #1114, #8562 ) ;
#6207 = DIRECTION ( 'NONE',  ( 0.000000000000000000, 0.000000000000000000, 1.000000000000000000 ) ) ;
#6208 = ORIENTED_EDGE ( 'NONE', *, *, #243, .T. ) ;
#6209 = DIRECTION ( 'NONE',  ( 0.000000000000000000, 0.000000000000000000, -1.000000000000000000 ) ) ;
#6210 = CARTESIAN_POINT ( 'NONE',  ( 183.5030736399640148, 22.12077808833640091, 158.7207935539340156 ) ) ;
#6211 = EDGE_CURVE ( 'NONE', #3020, #9045, #6893, .T. ) ;
#6212 = LINE ( 'NONE', #3875, #1506 ) ;
#6213 = ORIENTED_EDGE ( 'NONE', *, *, #8724, .T. ) ;
#6214 = VECTOR ( 'NONE', #4087, 1000.000000000000000 ) ;
#6215 = ORIENTED_EDGE ( 'NONE', *, *, #48, .F. ) ;
#6216 = CARTESIAN_POINT ( 'NONE',  ( -83.01558317658980002, 22.12078010271740069, 158.7207935539340156 ) ) ;
#6217 = DIRECTION ( 'NONE',  ( 0.000000000000000000, 0.000000000000000000, -1.000000000000000000 ) ) ;
#6218 = DIRECTION ( 'NONE',  ( 1.000000000000000000, -3.226180998935143991E-15, 0.000000000000000000 ) ) ;
#6219 = ORIENTED_EDGE ( 'NONE', *, *, #5005, .T. ) ;
#6220 = AXIS2_PLACEMENT_3D ( 'NONE', #5536, #3239, #8471 ) ;
#6221 = CARTESIAN_POINT ( 'NONE',  ( 286.9753648203414969, 101.1723198607934648, 180.4718558840687592 ) ) ;
#6222 = EDGE_LOOP ( 'NONE', ( #3880, #8668, #340, #8535 ) ) ;
#6223 = CYLINDRICAL_SURFACE ( 'NONE', #8893, 12.90499687194819600 ) ;
#6224 = EDGE_CURVE ( 'NONE', #995, #762, #6579, .T. ) ;
#6225 = CARTESIAN_POINT ( 'NONE',  ( -291.1789894103999927, 130.1411954946499918, 178.7207935539339871 ) ) ;
#6226 = AXIS2_PLACEMENT_3D ( 'NONE', #6994, #5600, #5650 ) ;
#6227 = ORIENTED_EDGE ( 'NONE', *, *, #2034, .F. ) ;
#6228 = DIRECTION ( 'NONE',  ( -1.000000000000000000, 0.000000000000000000, 0.000000000000000000 ) ) ;
#6229 = CARTESIAN_POINT ( 'NONE',  ( 258.8209915161129970, 51.32125139236429590, 183.7207935539340156 ) ) ;
#6230 = CARTESIAN_POINT ( 'NONE',  ( 283.8209915161129970, 97.82984857965038827, 183.5385722743629913 ) ) ;
#6231 = EDGE_LOOP ( 'NONE', ( #1727, #9394, #7168, #8118 ) ) ;
#6232 = CYLINDRICAL_SURFACE ( 'NONE', #487, 12.90499687194819600 ) ;
#6233 = EDGE_CURVE ( 'NONE', #4782, #2625, #7821, .T. ) ;
#6234 = CARTESIAN_POINT ( 'NONE',  ( 74.59984302520790322, 58.61684799194320306, 183.7207935539340156 ) ) ;
#6235 = EDGE_LOOP ( 'NONE', ( #4294, #9272, #8623, #4726, #7314, #669 ) ) ;
#6236 = CARTESIAN_POINT ( 'NONE',  ( 286.6811429808374214, 62.17456137709405084, 158.7218937699158516 ) ) ;
#6237 = CIRCLE ( 'NONE', #2114, 5.000000000000004441 ) ;
#6238 = CARTESIAN_POINT ( 'NONE',  ( 166.9408832593984755, 79.79733756880935402, 183.6152638065543670 ) ) ;
#6239 = DIRECTION ( 'NONE',  ( 0.9999999999999957812, 9.225865808988583535E-08, 0.000000000000000000 ) ) ;
#6240 = FACE_OUTER_BOUND ( 'NONE', #8503, .T. ) ;
#6241 = ORIENTED_EDGE ( 'NONE', *, *, #2916, .F. ) ;
#6242 = VERTEX_POINT ( 'NONE', #7671 ) ;
#6243 = EDGE_CURVE ( 'NONE', #5468, #6730, #1368, .T. ) ;
#6244 = EDGE_CURVE ( 'NONE', #9346, #5863, #606, .T. ) ;
#6245 = CARTESIAN_POINT ( 'NONE',  ( -286.7476910067527456, 80.56762587905234341, 183.6884216386693822 ) ) ;
#6246 = CARTESIAN_POINT ( 'NONE',  ( 150.3786849975589917, 38.02563476562500000, 155.7207935539340156 ) ) ;
#6247 = CARTESIAN_POINT ( 'NONE',  ( 115.5181113791359593, 73.10095903107209381, 183.6731806186212168 ) ) ;
#6248 = ORIENTED_EDGE ( 'NONE', *, *, #3642, .F. ) ;
#6249 = VERTEX_POINT ( 'NONE', #5602 ) ;
#6250 = DIRECTION ( 'NONE',  ( 0.7071067811865521247, 0.000000000000000000, 0.7071067811865427988 ) ) ;
#6251 = AXIS2_PLACEMENT_3D ( 'NONE', #26, #6693, #122 ) ;
#6252 = FACE_OUTER_BOUND ( 'NONE', #3832, .T. ) ;
#6253 = DIRECTION ( 'NONE',  ( 0.000000000000000000, 1.000000000000000000, 0.000000000000000000 ) ) ;
#6254 = ORIENTED_EDGE ( 'NONE', *, *, #2196, .F. ) ;
#6255 = DIRECTION ( 'NONE',  ( 1.000000000000000000, 0.000000000000000000, 0.000000000000000000 ) ) ;
#6256 = CARTESIAN_POINT ( 'NONE',  ( 200.0059696521334160, 81.02606641189683501, 183.6566701022154575 ) ) ;
#6257 = AXIS2_PLACEMENT_3D ( 'NONE', #8845, #2277, #7307 ) ;
#6258 = CARTESIAN_POINT ( 'NONE',  ( -218.8657760620120314, 22.12078094482420099, 155.7207935539340156 ) ) ;
#6259 = ORIENTED_EDGE ( 'NONE', *, *, #4320, .T. ) ;
#6260 = EDGE_CURVE ( 'NONE', #8806, #3650, #1185, .T. ) ;
#6261 = ORIENTED_EDGE ( 'NONE', *, *, #7032, .F. ) ;
#6262 = CARTESIAN_POINT ( 'NONE',  ( -172.9562072518735079, 22.12077844267899707, 146.7207935539339871 ) ) ;
#6263 = VECTOR ( 'NONE', #7973, 1000.000000000000000 ) ;
#6264 = AXIS2_PLACEMENT_3D ( 'NONE', #8794, #2226, #866 ) ;
#6265 = DIRECTION ( 'NONE',  ( -6.519917093474220715E-16, 1.000000000000000000, 0.000000000000000000 ) ) ;
#6266 = VECTOR ( 'NONE', #4575, 1000.000000000000000 ) ;
#6267 = DIRECTION ( 'NONE',  ( 0.000000000000000000, 0.000000000000000000, -1.000000000000000000 ) ) ;
#6268 = ORIENTED_EDGE ( 'NONE', *, *, #5068, .F. ) ;
#6269 = DIRECTION ( 'NONE',  ( -1.000000000000000000, 0.000000000000000000, 0.000000000000000000 ) ) ;
#6270 = VERTEX_POINT ( 'NONE', #466 ) ;
#6271 = CARTESIAN_POINT ( 'NONE',  ( -76.95782184600820131, 38.02563476562500000, 158.7207935539340156 ) ) ;
#6272 = EDGE_CURVE ( 'NONE', #6730, #4367, #9050, .T. ) ;
#6273 = CARTESIAN_POINT ( 'NONE',  ( 94.66054462134499659, 118.1741734273992535, 182.2468021671475924 ) ) ;
#6274 = EDGE_CURVE ( 'NONE', #6778, #5039, #4168, .T. ) ;
#6275 = AXIS2_PLACEMENT_3D ( 'NONE', #1190, #1092, #7677 ) ;
#6276 = DIRECTION ( 'NONE',  ( -1.000000000000000000, 2.318449469649669936E-17, 0.000000000000000000 ) ) ;
#6277 = ORIENTED_EDGE ( 'NONE', *, *, #2671, .T. ) ;
#6278 = CYLINDRICAL_SURFACE ( 'NONE', #5042, 2.999999999999996891 ) ;
#6279 = VECTOR ( 'NONE', #130, 1000.000000000000000 ) ;
#6280 = FACE_OUTER_BOUND ( 'NONE', #6743, .T. ) ;
#6281 = FACE_OUTER_BOUND ( 'NONE', #3814, .T. ) ;
#6282 = EDGE_LOOP ( 'NONE', ( #2820, #8783, #856, #7520, #1652, #5872 ) ) ;
#6283 = CIRCLE ( 'NONE', #1224, 12.90485382080080967 ) ;
#6284 = CARTESIAN_POINT ( 'NONE',  ( -134.7493362426759802, 35.02563476562500000, 138.7207935539339871 ) ) ;
#6285 = DIRECTION ( 'NONE',  ( -0.7071067811865469066, -0.7071067811865481278, 0.000000000000000000 ) ) ;
#6286 = ORIENTED_EDGE ( 'NONE', *, *, #4497, .F. ) ;
#6287 = CARTESIAN_POINT ( 'NONE',  ( 287.1261574420684042, 64.77514225784997848, 158.7212859518716357 ) ) ;
#6288 = CARTESIAN_POINT ( 'NONE',  ( 166.9415129775761670, 82.11034705211685036, 183.7048573595593268 ) ) ;
#6289 = DIRECTION ( 'NONE',  ( -1.000000000000000000, 0.000000000000000000, 0.000000000000000000 ) ) ;
#6290 = CARTESIAN_POINT ( 'NONE',  ( 61.00001335144040127, 75.12078285217289420, 178.7207935539339871 ) ) ;
#6291 = EDGE_LOOP ( 'NONE', ( #4472, #2870, #8698, #8680, #2771, #114 ) ) ;
#6292 = EDGE_LOOP ( 'NONE', ( #2686, #8604, #2860, #1216 ) ) ;
#6293 = CARTESIAN_POINT ( 'NONE',  ( -94.67898941040009220, 119.8311360573549962, 183.7207935539340156 ) ) ;
#6294 = EDGE_CURVE ( 'NONE', #868, #6470, #2005, .T. ) ;
#6295 = CARTESIAN_POINT ( 'NONE',  ( -117.8759872296851086, 80.81649726399832900, 183.6964868090418577 ) ) ;
#6296 = CARTESIAN_POINT ( 'NONE',  ( -117.8761103101920042, 82.51149024608710647, 183.7207935539340156 ) ) ;
#6297 = EDGE_LOOP ( 'NONE', ( #1679, #5919, #2163, #4488 ) ) ;
#6298 = ORIENTED_EDGE ( 'NONE', *, *, #2290, .F. ) ;
#6299 = CARTESIAN_POINT ( 'NONE',  ( -269.8896011046559806, 89.42653656005859375, 178.7207935539339871 ) ) ;
#6300 = AXIS2_PLACEMENT_3D ( 'NONE', #7095, #7822, #9311 ) ;
#6301 = CARTESIAN_POINT ( 'NONE',  ( 267.5316238403320312, 35.90431442206534740, 157.8421138974935047 ) ) ;
#6302 = AXIS2_PLACEMENT_3D ( 'NONE', #1778, #4656, #3225 ) ;
#6303 = DIRECTION ( 'NONE',  ( 1.075392853016842325E-15, -1.000000000000000000, 0.000000000000000000 ) ) ;
#6304 = ORIENTED_EDGE ( 'NONE', *, *, #2780, .T. ) ;
#6305 = CARTESIAN_POINT ( 'NONE',  ( -218.8657760620120314, 94.42653656005860796, 178.7207935539339871 ) ) ;
#6306 = CARTESIAN_POINT ( 'NONE',  ( -290.8704381473271496, 0.3085512630730165573, 157.2719855041262917 ) ) ;
#6307 = ADVANCED_FACE ( 'NONE', ( #9356 ), #2779, .F. ) ;
#6308 = FACE_OUTER_BOUND ( 'NONE', #8340, .T. ) ;
#6309 = ORIENTED_EDGE ( 'NONE', *, *, #9018, .F. ) ;
#6310 =( BOUNDED_CURVE ( )  B_SPLINE_CURVE ( 3, ( #5141, #2999, #3616, #2232 ),
 .UNSPECIFIED., .F., .F. ) 
 B_SPLINE_CURVE_WITH_KNOTS ( ( 4, 4 ),
 ( 1.570796326794895004, 2.356194490192350166 ),
 .UNSPECIFIED. ) 
 CURVE ( )  GEOMETRIC_REPRESENTATION_ITEM ( )  RATIONAL_B_SPLINE_CURVE ( ( 1.000000000000000000, 0.9492530216741910110, 0.9492530216741910110, 1.000000000000000000 ) ) 
 REPRESENTATION_ITEM ( '' )  );
#6311 = EDGE_CURVE ( 'NONE', #7839, #3854, #8591, .T. ) ;
#6312 = VERTEX_POINT ( 'NONE', #4390 ) ;
#6313 = CARTESIAN_POINT ( 'NONE',  ( -97.17898941039999272, 118.9074145751319946, 181.2207935539339871 ) ) ;
#6314 = CARTESIAN_POINT ( 'NONE',  ( 98.64490509033210230, 58.61684799194339490, 183.7207935539340156 ) ) ;
#6315 = EDGE_CURVE ( 'NONE', #5453, #3658, #4444, .T. ) ;
#6316 = DIRECTION ( 'NONE',  ( 0.000000000000000000, 0.000000000000000000, 1.000000000000000000 ) ) ;
#6317 = ORIENTED_EDGE ( 'NONE', *, *, #3345, .T. ) ;
#6318 = DIRECTION ( 'NONE',  ( 3.315149599710885252E-16, -1.000000000000000000, 3.315149599710885252E-16 ) ) ;
#6319 = AXIS2_PLACEMENT_3D ( 'NONE', #7079, #3297, #5544 ) ;
#6320 = EDGE_LOOP ( 'NONE', ( #95, #6195, #4137, #2799, #2453, #2751 ) ) ;
#6321 = DIRECTION ( 'NONE',  ( -0.9999999999999982236, 5.974482182587129398E-08, 0.000000000000000000 ) ) ;
#6322 = CARTESIAN_POINT ( 'NONE',  ( -289.3484337494809893, 100.5504622009259919, 181.1587550429640032 ) ) ;
#6323 = CARTESIAN_POINT ( 'NONE',  ( 283.8209915161129970, 98.63017898587500554, 183.0186497902790279 ) ) ;
#6324 = VERTEX_POINT ( 'NONE', #7371 ) ;
#6325 = CARTESIAN_POINT ( 'NONE',  ( 192.3209915161129970, 96.89302241451051145, 183.7207935539340156 ) ) ;
#6326 = ADVANCED_FACE ( 'NONE', ( #7269 ), #1416, .T. ) ;
#6327 = DIRECTION ( 'NONE',  ( -1.000000000000000000, 3.372392848055450117E-16, 0.000000000000000000 ) ) ;
#6328 = EDGE_LOOP ( 'NONE', ( #4648, #5901, #6540 ) ) ;
#6329 = LINE ( 'NONE', #1928, #8765 ) ;
#6330 = AXIS2_PLACEMENT_3D ( 'NONE', #4068, #6400, #6991 ) ;
#6331 = ORIENTED_EDGE ( 'NONE', *, *, #803, .F. ) ;
#6332 = LINE ( 'NONE', #9275, #5667 ) ;
#6333 = CARTESIAN_POINT ( 'NONE',  ( -285.4322979667330173, 68.32472431926996137, 183.7019307954092824 ) ) ;
#6334 = DIRECTION ( 'NONE',  ( 0.000000000000000000, 0.000000000000000000, -1.000000000000000000 ) ) ;
#6335 = CARTESIAN_POINT ( 'NONE',  ( 44.11727905273430395, 110.9465026855470029, 163.7207935539339871 ) ) ;
#6336 = EDGE_LOOP ( 'NONE', ( #2708, #8533, #42, #2103, #7833, #910 ) ) ;
#6337 = AXIS2_PLACEMENT_3D ( 'NONE', #7218, #4298, #7853 ) ;
#6338 = EDGE_CURVE ( 'NONE', #1265, #5349, #9486, .T. ) ;
#6339 = ORIENTED_EDGE ( 'NONE', *, *, #5117, .T. ) ;
#6340 = EDGE_CURVE ( 'NONE', #7300, #427, #4288, .T. ) ;
#6341 = PLANE ( 'NONE',  #4461 ) ;
#6342 = CARTESIAN_POINT ( 'NONE',  ( -169.2988407158842676, 73.33921237561155237, 183.6115099416902581 ) ) ;
#6343 = DIRECTION ( 'NONE',  ( 2.150785743182216738E-15, 1.000000000000000000, 0.000000000000000000 ) ) ;
#6344 = EDGE_LOOP ( 'NONE', ( #9030, #4093, #882, #1659 ) ) ;
#6345 = ORIENTED_EDGE ( 'NONE', *, *, #6340, .F. ) ;
#6346 = CARTESIAN_POINT ( 'NONE',  ( 150.3786849975589917, 9.215927124023428618, 155.7207935539340156 ) ) ;
#6347 = CARTESIAN_POINT ( 'NONE',  ( 166.9408896256334742, 73.43904962388329238, 183.6075205531207928 ) ) ;
#6348 = ADVANCED_FACE ( 'NONE', ( #1514 ), #7670, .T. ) ;
#6349 = DIRECTION ( 'NONE',  ( -2.775557561562887407E-15, 0.7071067811865453523, 0.7071067811865495711 ) ) ;
#6350 = AXIS2_PLACEMENT_3D ( 'NONE', #404, #9145, #1946 ) ;
#6351 = VERTEX_POINT ( 'NONE', #5700 ) ;
#6352 = CARTESIAN_POINT ( 'NONE',  ( -269.8896011050640027, 94.42653656005860796, 178.7207935539339871 ) ) ;
#6353 = CARTESIAN_POINT ( 'NONE',  ( -218.8657760620120314, 62.15238189787610423, 182.2563274598670091 ) ) ;
#6354 = DIRECTION ( 'NONE',  ( 1.000000000000000000, -2.688482178977768457E-16, 0.000000000000000000 ) ) ;
#6355 = ORIENTED_EDGE ( 'NONE', *, *, #1440, .F. ) ;
#6356 = AXIS2_PLACEMENT_3D ( 'NONE', #8692, #2121, #4275 ) ;
#6357 = VERTEX_POINT ( 'NONE', #3538 ) ;
#6358 = CARTESIAN_POINT ( 'NONE',  ( 132.3913192749020027, 38.02563476562500000, 155.7207935539340156 ) ) ;
#6359 = AXIS2_PLACEMENT_3D ( 'NONE', #860, #3851, #3805 ) ;
#6360 = DIRECTION ( 'NONE',  ( 0.000000000000000000, 0.4574731813344888320, 0.8892234186972931553 ) ) ;
#6361 = DIRECTION ( 'NONE',  ( 0.9999999999999982236, -5.974481946206379345E-08, 0.000000000000000000 ) ) ;
#6362 = ORIENTED_EDGE ( 'NONE', *, *, #3896, .T. ) ;
#6363 = FACE_OUTER_BOUND ( 'NONE', #8602, .T. ) ;
#6364 = CARTESIAN_POINT ( 'NONE',  ( 18.44994068145760124, 9.215927124023428618, 155.7207935539340156 ) ) ;
#6365 = EDGE_CURVE ( 'NONE', #4584, #2544, #6734, .T. ) ;
#6366 = EDGE_CURVE ( 'NONE', #5269, #8596, #8808, .T. ) ;
#6367 = DIRECTION ( 'NONE',  ( -1.000000000000000000, 0.000000000000000000, 0.000000000000000000 ) ) ;
#6368 = DIRECTION ( 'NONE',  ( 3.632510143678719152E-17, 1.000000000000000000, 0.000000000000000000 ) ) ;
#6369 = ORIENTED_EDGE ( 'NONE', *, *, #357, .T. ) ;
#6370 = LINE ( 'NONE', #7916, #3545 ) ;
#6371 = ADVANCED_FACE ( 'NONE', ( #3682 ), #22, .T. ) ;
#6372 = CARTESIAN_POINT ( 'NONE',  ( -45.45299509106060043, 75.12078285217289420, 183.7207935539340156 ) ) ;
#6373 = ORIENTED_EDGE ( 'NONE', *, *, #4903, .F. ) ;
#6374 = CARTESIAN_POINT ( 'NONE',  ( -40.43682098388670454, 9.215927124023428618, 135.7207935539339871 ) ) ;
#6375 = CARTESIAN_POINT ( 'NONE',  ( 287.0884160671149061, 64.55810341271548225, 158.7213176150381742 ) ) ;
#6376 = EDGE_CURVE ( 'NONE', #1607, #492, #9262, .T. ) ;
#6377 = DIRECTION ( 'NONE',  ( 0.000000000000000000, 0.000000000000000000, -1.000000000000000000 ) ) ;
#6378 = CARTESIAN_POINT ( 'NONE',  ( -291.1789893262709370, 99.87019377995719083, 179.1242325462342535 ) ) ;
#6379 = CARTESIAN_POINT ( 'NONE',  ( 60.32955169677730112, 123.8515090942380112, 163.7207935539339871 ) ) ;
#6380 = ORIENTED_EDGE ( 'NONE', *, *, #5418, .F. ) ;
#6381 = VERTEX_POINT ( 'NONE', #2240 ) ;
#6382 = LINE ( 'NONE', #5578, #772 ) ;
#6383 = VECTOR ( 'NONE', #6677, 1000.000000000000000 ) ;
#6384 = EDGE_CURVE ( 'NONE', #2858, #1189, #2957, .T. ) ;
#6385 = CARTESIAN_POINT ( 'NONE',  ( 115.5181150157409036, 75.94777846395273002, 183.6132091689501351 ) ) ;
#6386 = VERTEX_POINT ( 'NONE', #5150 ) ;
#6387 = DIRECTION ( 'NONE',  ( 1.000000000000000000, 1.236900276880090216E-15, -5.394565625201630099E-16 ) ) ;
#6388 = CARTESIAN_POINT ( 'NONE',  ( -202.3634076919496465, 79.95161344438312767, 183.6093350294727600 ) ) ;
#6389 = DIRECTION ( 'NONE',  ( 0.000000000000000000, 0.000000000000000000, 1.000000000000000000 ) ) ;
#6390 = DIRECTION ( 'NONE',  ( 0.000000000000000000, 0.000000000000000000, -1.000000000000000000 ) ) ;
#6391 = ORIENTED_EDGE ( 'NONE', *, *, #381, .T. ) ;
#6392 = TOROIDAL_SURFACE ( 'NONE', #3957, 15.90485382080079901, 3.000000000000000000 ) ;
#6393 = CARTESIAN_POINT ( 'NONE',  ( -45.45299509213570133, 88.02577972412109375, 133.7207935539339871 ) ) ;
#6394 = DIRECTION ( 'NONE',  ( -1.000000000000000000, 2.948799262674739905E-18, 2.948799262674744912E-18 ) ) ;
#6395 = ORIENTED_EDGE ( 'NONE', *, *, #7032, .T. ) ;
#6396 = AXIS2_PLACEMENT_3D ( 'NONE', #1571, #8766, #6598 ) ;
#6397 = EDGE_LOOP ( 'NONE', ( #6789, #8165, #5295, #8293 ) ) ;
#6398 = ORIENTED_EDGE ( 'NONE', *, *, #5145, .T. ) ;
#6399 = DIRECTION ( 'NONE',  ( 0.000000000000000000, 0.000000000000000000, 1.000000000000000000 ) ) ;
#6400 = DIRECTION ( 'NONE',  ( 0.000000000000000000, 0.000000000000000000, -1.000000000000000000 ) ) ;
#6401 = ADVANCED_FACE ( 'NONE', ( #734 ), #8001, .T. ) ;
#6402 = CARTESIAN_POINT ( 'NONE',  ( -289.1789920717250197, 160.0000186157149926, 123.7207935539339871 ) ) ;
#6403 = VERTEX_POINT ( 'NONE', #7224 ) ;
#6404 = AXIS2_PLACEMENT_3D ( 'NONE', #3670, #7992, #7942 ) ;
#6405 = DIRECTION ( 'NONE',  ( 0.000000000000000000, 0.000000000000000000, -1.000000000000000000 ) ) ;
#6406 = DIRECTION ( 'NONE',  ( 0.000000000000000000, 0.000000000000000000, 1.000000000000000000 ) ) ;
#6407 = DIRECTION ( 'NONE',  ( -1.000000000000000000, 0.000000000000000000, 0.000000000000000000 ) ) ;
#6408 = CARTESIAN_POINT ( 'NONE',  ( 200.0054639275183206, 73.25881879350983183, 183.6020964564592077 ) ) ;
#6409 = VERTEX_POINT ( 'NONE', #642 ) ;
#6410 = CIRCLE ( 'NONE', #2287, 12.90485382080080967 ) ;
#6411 = ADVANCED_FACE ( 'NONE', ( #8716 ), #5521, .T. ) ;
#6412 = CARTESIAN_POINT ( 'NONE',  ( 283.3664465667059176, 59.07246487288123404, 161.0475951614926942 ) ) ;
#6413 = DIRECTION ( 'NONE',  ( 7.788590840987949389E-17, 1.000000000000000000, 0.000000000000000000 ) ) ;
#6414 = CARTESIAN_POINT ( 'NONE',  ( 242.0197296142629853, 22.12078094482420099, 143.7207935539339871 ) ) ;
#6415 = AXIS2_PLACEMENT_3D ( 'NONE', #991, #6848, #277 ) ;
#6416 = EDGE_LOOP ( 'NONE', ( #4132, #972, #3281, #5936 ) ) ;
#6417 = DIRECTION ( 'NONE',  ( 0.000000000000000000, 0.000000000000000000, -1.000000000000000000 ) ) ;
#6418 = VECTOR ( 'NONE', #1720, 1000.000000000000000 ) ;
#6419 = VECTOR ( 'NONE', #5182, 1000.000000000000000 ) ;
#6420 = EDGE_CURVE ( 'NONE', #1067, #5239, #1459, .T. ) ;
#6421 = DIRECTION ( 'NONE',  ( 0.000000000000000000, 0.000000000000000000, -1.000000000000000000 ) ) ;
#6422 = AXIS2_PLACEMENT_3D ( 'NONE', #1293, #2656, #5571 ) ;
#6423 = EDGE_CURVE ( 'NONE', #8362, #126, #8326, .T. ) ;
#6424 = CARTESIAN_POINT ( 'NONE',  ( -134.7493362426759802, 6.215927124023390427, 155.7207935539340156 ) ) ;
#6425 = CIRCLE ( 'NONE', #2303, 4.999999999999893419 ) ;
#6426 = DIRECTION ( 'NONE',  ( 0.000000000000000000, 0.000000000000000000, -1.000000000000000000 ) ) ;
#6427 = DIRECTION ( 'NONE',  ( 0.000000000000000000, -1.000000000000000000, 0.000000000000000000 ) ) ;
#6428 = ORIENTED_EDGE ( 'NONE', *, *, #2320, .F. ) ;
#6429 = VERTEX_POINT ( 'NONE', #3952 ) ;
#6430 = CARTESIAN_POINT ( 'NONE',  ( 89.65124114416470036, 22.12077983405499992, 155.7207935539340156 ) ) ;
#6431 = VECTOR ( 'NONE', #7316, 1000.000000000000000 ) ;
#6432 = AXIS2_PLACEMENT_3D ( 'NONE', #60, #5771, #2182 ) ;
#6433 = CARTESIAN_POINT ( 'NONE',  ( -185.8610559998539884, 76.52168743035018394, 183.7207935539340156 ) ) ;
#6434 = ORIENTED_EDGE ( 'NONE', *, *, #667, .T. ) ;
#6435 = CYLINDRICAL_SURFACE ( 'NONE', #2859, 5.000000000000007105 ) ;
#6436 = PLANE ( 'NONE',  #3803 ) ;
#6437 = EDGE_CURVE ( 'NONE', #6351, #1915, #5643, .T. ) ;
#6438 = EDGE_CURVE ( 'NONE', #3045, #8374, #1157, .T. ) ;
#6439 = CARTESIAN_POINT ( 'NONE',  ( -30.26300430297849786, 125.3159751883052024, 182.2563274598670091 ) ) ;
#6440 = ORIENTED_EDGE ( 'NONE', *, *, #1076, .T. ) ;
#6441 = FACE_OUTER_BOUND ( 'NONE', #7088, .T. ) ;
#6442 = DIRECTION ( 'NONE',  ( 0.000000000000000000, 0.000000000000000000, -1.000000000000000000 ) ) ;
#6443 = ORIENTED_EDGE ( 'NONE', *, *, #1616, .F. ) ;
#6444 = ORIENTED_EDGE ( 'NONE', *, *, #5638, .F. ) ;
#6445 = CIRCLE ( 'NONE', #8455, 4.999999999999997335 ) ;
#6446 = DIRECTION ( 'NONE',  ( -1.000000000000000000, 0.000000000000000000, 0.000000000000000000 ) ) ;
#6447 = AXIS2_PLACEMENT_3D ( 'NONE', #7290, #5943, #3027 ) ;
#6448 = LINE ( 'NONE', #3714, #2724 ) ;
#6449 = DIRECTION ( 'NONE',  ( 0.000000000000000000, 0.7071067811865453523, 0.7071067811865495711 ) ) ;
#6450 = ORIENTED_EDGE ( 'NONE', *, *, #2435, .F. ) ;
#6451 = CARTESIAN_POINT ( 'NONE',  ( 150.3786849975589917, 76.52169227600100498, 183.7207935539340156 ) ) ;
#6452 = AXIS2_PLACEMENT_3D ( 'NONE', #4253, #6361, #1912 ) ;
#6453 = EDGE_CURVE ( 'NONE', #240, #1481, #6868, .T. ) ;
#6454 = CARTESIAN_POINT ( 'NONE',  ( 285.5211349976269730, 58.94757189938970043, 158.8205917146800346 ) ) ;
#6455 = AXIS2_PLACEMENT_3D ( 'NONE', #5934, #653, #4313 ) ;
#6456 = CYLINDRICAL_SURFACE ( 'NONE', #2429, 5.000000000000001776 ) ;
#6457 = EDGE_LOOP ( 'NONE', ( #348, #2222, #1298, #2906 ) ) ;
#6458 = CARTESIAN_POINT ( 'NONE',  ( 93.73929179534680145, 136.8167928041950177, 183.2795369371475260 ) ) ;
#6459 = AXIS2_PLACEMENT_3D ( 'NONE', #1324, #7764, #2690 ) ;
#6460 = ADVANCED_FACE ( 'NONE', ( #4095 ), #5476, .T. ) ;
#6461 = DIRECTION ( 'NONE',  ( 2.002303713784079765E-16, 1.000000000000000000, 0.000000000000000000 ) ) ;
#6462 = DIRECTION ( 'NONE',  ( -1.000000000000000000, -0.000000000000000000, -0.000000000000000000 ) ) ;
#6463 = VERTEX_POINT ( 'NONE', #8371 ) ;
#6464 = CARTESIAN_POINT ( 'NONE',  ( -94.67898941040009220, 115.8346203221669981, 183.7207935539340156 ) ) ;
#6465 = CARTESIAN_POINT ( 'NONE',  ( -286.9861299235289493, 76.32125139236450195, 183.6552159306729948 ) ) ;
#6466 = CARTESIAN_POINT ( 'NONE',  ( 141.3850021362299856, 22.12078094482420099, 138.7207935539339871 ) ) ;
#6467 = CARTESIAN_POINT ( 'NONE',  ( -101.0028839111329972, 76.52169227600100498, 183.7207935539340156 ) ) ;
#6468 = ADVANCED_FACE ( 'NONE', ( #8466 ), #7690, .F. ) ;
#6469 = DIRECTION ( 'NONE',  ( 0.000000000000000000, 0.000000000000000000, 1.000000000000000000 ) ) ;
#6470 = VERTEX_POINT ( 'NONE', #2422 ) ;
#6471 = ORIENTED_EDGE ( 'NONE', *, *, #1325, .T. ) ;
#6472 = DIRECTION ( 'NONE',  ( -1.000000000000000000, 1.226857500901394006E-08, 1.316277026091829943E-15 ) ) ;
#6473 = EDGE_CURVE ( 'NONE', #6941, #87, #7971, .T. ) ;
#6474 = EDGE_CURVE ( 'NONE', #5208, #6984, #4669, .T. ) ;
#6475 = DIRECTION ( 'NONE',  ( 0.000000000000000000, 0.000000000000000000, -1.000000000000000000 ) ) ;
#6476 = ORIENTED_EDGE ( 'NONE', *, *, #31, .F. ) ;
#6477 = FACE_OUTER_BOUND ( 'NONE', #6810, .T. ) ;
#6478 = TOROIDAL_SURFACE ( 'NONE', #3582, 15.90484874797840043, 3.000000000000000000 ) ;
#6479 = DIRECTION ( 'NONE',  ( 0.9999999999999998890, 1.226856837129686445E-08, 0.000000000000000000 ) ) ;
#6480 = CARTESIAN_POINT ( 'NONE',  ( 267.5316238403410125, 22.12078094482420099, 158.7207935539340156 ) ) ;
#6481 = ORIENTED_EDGE ( 'NONE', *, *, #9329, .T. ) ;
#6482 = ADVANCED_FACE ( 'NONE', ( #242 ), #7844, .T. ) ;
#6483 = DIRECTION ( 'NONE',  ( 1.000000000000000000, -9.747022401918829411E-18, 0.000000000000000000 ) ) ;
#6484 = DIRECTION ( 'NONE',  ( 0.000000000000000000, 1.000000000000000000, 0.000000000000000000 ) ) ;
#6485 = VERTEX_POINT ( 'NONE', #5381 ) ;
#6486 = VERTEX_POINT ( 'NONE', #1006 ) ;
#6487 = DIRECTION ( 'NONE',  ( -1.000000000000000000, -8.450180604994439389E-17, 8.450180604994468971E-17 ) ) ;
#6488 = CARTESIAN_POINT ( 'NONE',  ( -101.0029027735899945, 6.215926533998620052, 155.7207935539340156 ) ) ;
#6489 = ORIENTED_EDGE ( 'NONE', *, *, #769, .T. ) ;
#6490 = CARTESIAN_POINT ( 'NONE',  ( -290.4293726068740398, 69.65623351394899032, 158.4946953055469976 ) ) ;
#6491 = AXIS2_PLACEMENT_3D ( 'NONE', #6290, #4233, #483 ) ;
#6492 = CARTESIAN_POINT ( 'NONE',  ( 284.3060580912052160, 72.26843799493835263, 183.6701165532988114 ) ) ;
#6493 = ADVANCED_FACE ( 'NONE', ( #6148 ), #8758, .T. ) ;
#6494 = B_SPLINE_CURVE_WITH_KNOTS ( 'NONE', 3,
 ( #7002, #426, #562, #9168, #2068, #5657, #1971, #7868, #8640, #3362, #4888, #9365, #2788, #4983, #3455 ),
 .UNSPECIFIED., .F., .F.,
 ( 4, 2, 2, 1, 1, 1, 2, 2, 4 ),
 ( 0.000000000000000000, 0.2499999999998518962, 0.3749999999997776223, 0.4374999999997436495, 0.4687499999997263855, 0.4843749999997178368, 0.4921874999997161715, 0.4999999999997145617, 1.000000000000000000 ),
 .UNSPECIFIED. ) ;
#6495 = CARTESIAN_POINT ( 'NONE',  ( 285.0865932334529589, 57.86366793866239533, 158.7207935539330208 ) ) ;
#6496 = AXIS2_PLACEMENT_3D ( 'NONE', #6352, #9293, #5040 ) ;
#6497 = AXIS2_PLACEMENT_3D ( 'NONE', #8826, #8208, #5892 ) ;
#6498 = CYLINDRICAL_SURFACE ( 'NONE', #6396, 12.90484428405759587 ) ;
#6499 = ORIENTED_EDGE ( 'NONE', *, *, #5569, .F. ) ;
#6500 = VERTEX_POINT ( 'NONE', #2517 ) ;
#6501 = FACE_OUTER_BOUND ( 'NONE', #5722, .T. ) ;
#6502 = CARTESIAN_POINT ( 'NONE',  ( -198.7659047478304899, 22.12077773400480041, 158.7207935539340156 ) ) ;
#6503 = CARTESIAN_POINT ( 'NONE',  ( 283.3664460615639769, 59.07246415507670179, 161.7207935539339871 ) ) ;
#6504 = AXIS2_PLACEMENT_3D ( 'NONE', #711, #3657, #2937 ) ;
#6505 = DIRECTION ( 'NONE',  ( 0.000000000000000000, -0.7071067811865486830, 0.7071067811865463515 ) ) ;
#6506 = CARTESIAN_POINT ( 'NONE',  ( 285.8209915161110075, 57.34758543134790187, 158.7207935539340156 ) ) ;
#6507 = EDGE_LOOP ( 'NONE', ( #3147, #2666, #4201, #2632, #7768, #4101 ) ) ;
#6508 = B_SPLINE_CURVE_WITH_KNOTS ( 'NONE', 3,
 ( #4209, #7128, #4271, #751 ),
 .UNSPECIFIED., .F., .F.,
 ( 4, 4 ),
 ( 0.000000000000000000, 1.000000000000000000 ),
 .UNSPECIFIED. ) ;
#6509 = DIRECTION ( 'NONE',  ( 0.000000000000000000, 0.000000000000000000, 1.000000000000000000 ) ) ;
#6510 = CARTESIAN_POINT ( 'NONE',  ( 80.65757730362400935, 6.215925900706809060, 155.7207935539340156 ) ) ;
#6511 = DIRECTION ( 'NONE',  ( -1.000000000000000000, 1.514560233585310184E-17, -1.514560233585315114E-17 ) ) ;
#6512 = CARTESIAN_POINT ( 'NONE',  ( -288.5195479893300217, 60.66753250109930207, 158.8162959507239975 ) ) ;
#6513 = VERTEX_POINT ( 'NONE', #7642 ) ;
#6514 = ADVANCED_FACE ( 'NONE', ( #1055 ), #6196, .F. ) ;
#6515 = ORIENTED_EDGE ( 'NONE', *, *, #3369, .T. ) ;
#6516 = CARTESIAN_POINT ( 'NONE',  ( -30.26300430297849786, 93.04149627685561086, 183.7207935539340156 ) ) ;
#6517 = VECTOR ( 'NONE', #2039, 1000.000000000000000 ) ;
#6518 = CARTESIAN_POINT ( 'NONE',  ( -195.4672226065224265, 116.6228535182895456, 183.6267181024246611 ) ) ;
#6519 = CARTESIAN_POINT ( 'NONE',  ( -117.8761123872153433, 73.19686661884391299, 183.6705330545786694 ) ) ;
#6520 = ORIENTED_EDGE ( 'NONE', *, *, #5853, .F. ) ;
#6521 = DIRECTION ( 'NONE',  ( 0.000000000000000000, 1.000000000000000000, 0.000000000000000000 ) ) ;
#6522 = AXIS2_PLACEMENT_3D ( 'NONE', #3307, #4788, #7717 ) ;
#6523 = CARTESIAN_POINT ( 'NONE',  ( -289.1039316016772887, 62.55201612923266907, 158.7229203798701462 ) ) ;
#6524 = EDGE_CURVE ( 'NONE', #27, #9299, #4622, .T. ) ;
#6525 = DIRECTION ( 'NONE',  ( 0.9999999999999995559, 2.745767267742075190E-08, 0.000000000000000000 ) ) ;
#6526 = DIRECTION ( 'NONE',  ( 0.000000000000000000, 0.000000000000000000, -1.000000000000000000 ) ) ;
#6527 = ORIENTED_EDGE ( 'NONE', *, *, #4574, .T. ) ;
#6528 = AXIS2_PLACEMENT_3D ( 'NONE', #7289, #7397, #6568 ) ;
#6529 = DIRECTION ( 'NONE',  ( 0.000000000000000000, 0.000000000000000000, 1.000000000000000000 ) ) ;
#6530 = AXIS2_PLACEMENT_3D ( 'NONE', #1401, #1306, #1943 ) ;
#6531 = FACE_OUTER_BOUND ( 'NONE', #3057, .T. ) ;
#6532 = AXIS2_PLACEMENT_3D ( 'NONE', #3988, #6085, #9023 ) ;
#6533 = ORIENTED_EDGE ( 'NONE', *, *, #8247, .F. ) ;
#6534 = ORIENTED_EDGE ( 'NONE', *, *, #1084, .F. ) ;
#6535 = EDGE_CURVE ( 'NONE', #5644, #1520, #4922, .T. ) ;
#6536 = DIRECTION ( 'NONE',  ( 5.252442479408088235E-16, -0.6948626285457626395, -0.7191424945380946454 ) ) ;
#6537 = AXIS2_PLACEMENT_3D ( 'NONE', #8802, #7263, #7311 ) ;
#6538 = FACE_OUTER_BOUND ( 'NONE', #3441, .T. ) ;
#6539 = DIRECTION ( 'NONE',  ( 0.000000000000000000, 0.000000000000000000, 1.000000000000000000 ) ) ;
#6540 = ORIENTED_EDGE ( 'NONE', *, *, #8069, .F. ) ;
#6541 = DIRECTION ( 'NONE',  ( 1.000000000000000000, -3.100342586094690183E-15, 0.000000000000000000 ) ) ;
#6542 = DIRECTION ( 'NONE',  ( 0.7071067811865475727, 0.000000000000000000, 0.7071067811865475727 ) ) ;
#6543 = CARTESIAN_POINT ( 'NONE',  ( 288.7435063100439834, 72.39646446107499855, 156.5576795166449813 ) ) ;
#6544 = CIRCLE ( 'NONE', #7786, 5.000000000000004441 ) ;
#6545 = AXIS2_PLACEMENT_3D ( 'NONE', #8320, #335, #3231 ) ;
#6546 = EDGE_CURVE ( 'NONE', #3865, #1722, #7550, .T. ) ;
#6547 = CARTESIAN_POINT ( 'NONE',  ( 92.32099151611291177, 119.8311360573549962, 181.2207935539339871 ) ) ;
#6548 = VERTEX_POINT ( 'NONE', #486 ) ;
#6549 = ORIENTED_EDGE ( 'NONE', *, *, #1949, .T. ) ;
#6550 = DIRECTION ( 'NONE',  ( 0.000000000000000000, 0.7071067811865453523, 0.7071067811865495711 ) ) ;
#6551 = CIRCLE ( 'NONE', #8709, 17.90484428405759942 ) ;
#6552 = CIRCLE ( 'NONE', #6099, 12.90484428405760120 ) ;
#6553 = DIRECTION ( 'NONE',  ( -1.000000000000000000, 0.000000000000000000, 0.000000000000000000 ) ) ;
#6554 = EDGE_CURVE ( 'NONE', #6941, #5672, #8559, .T. ) ;
#6555 = EDGE_CURVE ( 'NONE', #7098, #1505, #9065, .T. ) ;
#6556 = CARTESIAN_POINT ( 'NONE',  ( 258.8209915161129970, 46.32125139236429590, 158.7207935539340156 ) ) ;
#6557 = FACE_OUTER_BOUND ( 'NONE', #4907, .T. ) ;
#6558 = CYLINDRICAL_SURFACE ( 'NONE', #1357, 12.90484428405759587 ) ;
#6559 = ORIENTED_EDGE ( 'NONE', *, *, #7615, .F. ) ;
#6560 = DIRECTION ( 'NONE',  ( 0.000000000000000000, 1.000000000000000000, 0.000000000000000000 ) ) ;
#6561 = DIRECTION ( 'NONE',  ( 1.000000000000000000, -2.318450818158519635E-17, 0.000000000000000000 ) ) ;
#6562 = DIRECTION ( 'NONE',  ( -1.000000000000000000, 3.029120467170619751E-17, 0.000000000000000000 ) ) ;
#6563 = AXIS2_PLACEMENT_3D ( 'NONE', #9037, #2513, #1837 ) ;
#6564 = FACE_OUTER_BOUND ( 'NONE', #1269, .T. ) ;
#6565 = ORIENTED_EDGE ( 'NONE', *, *, #6243, .F. ) ;
#6566 = VECTOR ( 'NONE', #8059, 1000.000000000000000 ) ;
#6567 = ORIENTED_EDGE ( 'NONE', *, *, #381, .F. ) ;
#6568 = DIRECTION ( 'NONE',  ( 1.000000000000000000, 0.000000000000000000, 0.000000000000000000 ) ) ;
#6569 = FACE_OUTER_BOUND ( 'NONE', #6222, .T. ) ;
#6570 = VECTOR ( 'NONE', #2246, 1000.000000000000000 ) ;
#6571 = CARTESIAN_POINT ( 'NONE',  ( -117.8761103101920185, 71.38601323663142750, 183.7207935539340156 ) ) ;
#6572 = EDGE_LOOP ( 'NONE', ( #7959, #5361, #6174, #7155 ) ) ;
#6573 = VECTOR ( 'NONE', #5245, 1000.000000000000000 ) ;
#6574 = DIRECTION ( 'NONE',  ( 1.387778780781445281E-15, -0.7071067811865447972, 0.7071067811865503483 ) ) ;
#6575 = ORIENTED_EDGE ( 'NONE', *, *, #6607, .F. ) ;
#6576 = CARTESIAN_POINT ( 'NONE',  ( -289.2231204314784350, 63.25255922327764324, 158.7227409182106612 ) ) ;
#6577 = VERTEX_POINT ( 'NONE', #2663 ) ;
#6578 = DIRECTION ( 'NONE',  ( 0.000000000000000000, 0.000000000000000000, -1.000000000000000000 ) ) ;
#6579 = CIRCLE ( 'NONE', #2462, 12.90484428405759587 ) ;
#6580 = ADVANCED_FACE ( 'NONE', ( #4187 ), #6341, .T. ) ;
#6581 = CARTESIAN_POINT ( 'NONE',  ( -146.1789941787719727, 43.32125139236440248, 161.7207935539339871 ) ) ;
#6582 = ORIENTED_EDGE ( 'NONE', *, *, #6437, .F. ) ;
#6583 = AXIS2_PLACEMENT_3D ( 'NONE', #2088, #1498, #5862 ) ;
#6584 = FACE_OUTER_BOUND ( 'NONE', #1958, .T. ) ;
#6585 = DIRECTION ( 'NONE',  ( 1.000000000000000000, -1.835214905568970957E-16, 0.000000000000000000 ) ) ;
#6586 = ORIENTED_EDGE ( 'NONE', *, *, #1166, .F. ) ;
#6587 = VERTEX_POINT ( 'NONE', #3467 ) ;
#6588 = DIRECTION ( 'NONE',  ( -1.000000000000000000, 0.000000000000000000, 0.000000000000000000 ) ) ;
#6589 = CARTESIAN_POINT ( 'NONE',  ( 27.90500640869130322, 110.9465026855470029, 183.7207935539340156 ) ) ;
#6590 = CARTESIAN_POINT ( 'NONE',  ( -152.7366433887729897, 76.52169227600100498, 183.7207935539340156 ) ) ;
#6591 = ORIENTED_EDGE ( 'NONE', *, *, #8608, .F. ) ;
#6592 = FACE_OUTER_BOUND ( 'NONE', #9093, .T. ) ;
#6593 = CARTESIAN_POINT ( 'NONE',  ( -134.7493362426759802, 38.02563476562500000, 155.7207935539340156 ) ) ;
#6594 = EDGE_CURVE ( 'NONE', #9067, #7216, #6382, .T. ) ;
#6595 = CARTESIAN_POINT ( 'NONE',  ( 288.7136729284519561, 72.46442308451700853, 156.7171505093130008 ) ) ;
#6596 = ADVANCED_FACE ( 'NONE', ( #8651 ), #8605, .F. ) ;
#6597 = ADVANCED_FACE ( 'NONE', ( #2080 ), #480, .T. ) ;
#6598 = DIRECTION ( 'NONE',  ( -8.167399816904201767E-11, 1.000000000000000000, 0.000000000000000000 ) ) ;
#6599 = ORIENTED_EDGE ( 'NONE', *, *, #107, .F. ) ;
#6600 = EDGE_CURVE ( 'NONE', #3735, #4447, #4146, .T. ) ;
#6601 = ORIENTED_EDGE ( 'NONE', *, *, #9028, .F. ) ;
#6602 = PLANE ( 'NONE',  #5809 ) ;
#6603 = LINE ( 'NONE', #32, #2935 ) ;
#6604 = AXIS2_PLACEMENT_3D ( 'NONE', #8499, #5656, #4798 ) ;
#6605 = FACE_OUTER_BOUND ( 'NONE', #4589, .T. ) ;
#6606 = AXIS2_PLACEMENT_3D ( 'NONE', #8115, #7398, #810 ) ;
#6607 = EDGE_CURVE ( 'NONE', #4480, #2823, #2480, .T. ) ;
#6608 = DIRECTION ( 'NONE',  ( -1.000000000000000000, 0.000000000000000000, 0.000000000000000000 ) ) ;
#6609 = VERTEX_POINT ( 'NONE', #4280 ) ;
#6610 = EDGE_CURVE ( 'NONE', #240, #4207, #622, .T. ) ;
#6611 = CARTESIAN_POINT ( 'NONE',  ( -165.6414985656739987, 22.12078094482420099, 155.7207935539340156 ) ) ;
#6612 = AXIS2_PLACEMENT_3D ( 'NONE', #996, #2602, #6856 ) ;
#6613 = FACE_OUTER_BOUND ( 'NONE', #1045, .T. ) ;
#6614 = CARTESIAN_POINT ( 'NONE',  ( 133.1763124465940109, 9.215927124023419736, 155.7207935539340156 ) ) ;
#6615 = CARTESIAN_POINT ( 'NONE',  ( -291.1789894103999927, 76.32125139236450195, 155.7207935539340156 ) ) ;
#6616 = ORIENTED_EDGE ( 'NONE', *, *, #3360, .T. ) ;
#6617 = ORIENTED_EDGE ( 'NONE', *, *, #6260, .F. ) ;
#6618 = FACE_OUTER_BOUND ( 'NONE', #359, .T. ) ;
#6619 = FACE_OUTER_BOUND ( 'NONE', #5432, .T. ) ;
#6620 = CIRCLE ( 'NONE', #8928, 5.000000000000004441 ) ;
#6621 = CARTESIAN_POINT ( 'NONE',  ( 285.9929061216359969, 99.67291081551040577, 182.0111229294529949 ) ) ;
#6622 = ORIENTED_EDGE ( 'NONE', *, *, #8014, .F. ) ;
#6623 = AXIS2_PLACEMENT_3D ( 'NONE', #8601, #9278, #5573 ) ;
#6624 = LINE ( 'NONE', #1641, #6079 ) ;
#6625 = ORIENTED_EDGE ( 'NONE', *, *, #2454, .F. ) ;
#6626 = B_SPLINE_CURVE_WITH_KNOTS ( 'NONE', 3,
 ( #8590, #6412, #4743, #3588, #3635 ),
 .UNSPECIFIED., .F., .F.,
 ( 4, 1, 4 ),
 ( 0.000000000000000000, 0.4285714285714290472, 1.000000000000000000 ),
 .UNSPECIFIED. ) ;
#6627 = CARTESIAN_POINT ( 'NONE',  ( -288.9082912691444562, 61.40161006204272098, 158.7228278269844282 ) ) ;
#6628 = ORIENTED_EDGE ( 'NONE', *, *, #8237, .F. ) ;
#6629 = EDGE_CURVE ( 'NONE', #6879, #198, #4947, .T. ) ;
#6630 = DIRECTION ( 'NONE',  ( 0.9999999999999995559, 2.745767247960928976E-08, 0.000000000000000000 ) ) ;
#6631 = CARTESIAN_POINT ( 'NONE',  ( -67.96416759490981008, 6.215927124023430395, 158.7207935539340156 ) ) ;
#6632 = FACE_OUTER_BOUND ( 'NONE', #3733, .T. ) ;
#6633 = VERTEX_POINT ( 'NONE', #3513 ) ;
#6634 = LINE ( 'NONE', #4292, #5711 ) ;
#6635 = DIRECTION ( 'NONE',  ( 0.000000000000000000, 0.000000000000000000, -1.000000000000000000 ) ) ;
#6636 = ORIENTED_EDGE ( 'NONE', *, *, #9220, .T. ) ;
#6637 = AXIS2_PLACEMENT_3D ( 'NONE', #7086, #507, #6360 ) ;
#6638 = VERTEX_POINT ( 'NONE', #7202 ) ;
#6639 = CARTESIAN_POINT ( 'NONE',  ( -83.01557540893639953, 35.02563398808279516, 155.7207935539340156 ) ) ;
#6640 = CARTESIAN_POINT ( 'NONE',  ( 0.000000000000000000, 0.000000000000000000, 0.000000000000000000 ) ) ;
#6641 = CARTESIAN_POINT ( 'NONE',  ( 13.36300373077400039, 123.8515090942380112, 178.7207935539339871 ) ) ;
#6642 = ORIENTED_EDGE ( 'NONE', *, *, #4257, .F. ) ;
#6643 = DIRECTION ( 'NONE',  ( -1.000000000000000000, 8.601340485944210462E-16, 0.000000000000000000 ) ) ;
#6644 = TOROIDAL_SURFACE ( 'NONE', #7253, 15.90485388537119960, 3.000000000000000000 ) ;
#6645 = DIRECTION ( 'NONE',  ( -1.000000000000000000, -2.209936055264990155E-16, 0.000000000000000000 ) ) ;
#6646 = CARTESIAN_POINT ( 'NONE',  ( 288.8203064548080761, 75.02521939802859663, 156.0555087227090212 ) ) ;
#6647 = CIRCLE ( 'NONE', #2065, 15.90485334804940543 ) ;
#6648 = CIRCLE ( 'NONE', #8186, 17.90499687194819955 ) ;
#6649 = LINE ( 'NONE', #3010, #2132 ) ;
#6650 = ORIENTED_EDGE ( 'NONE', *, *, #7564, .F. ) ;
#6651 = ORIENTED_EDGE ( 'NONE', *, *, #8773, .T. ) ;
#6652 = VERTEX_POINT ( 'NONE', #9378 ) ;
#6653 = DIRECTION ( 'NONE',  ( 0.000000000000000000, 0.000000000000000000, -1.000000000000000000 ) ) ;
#6654 = CARTESIAN_POINT ( 'NONE',  ( 194.8209915161130255, 118.9074145751319946, 181.2207935539339871 ) ) ;
#6655 = EDGE_CURVE ( 'NONE', #5504, #8374, #4312, .T. ) ;
#6656 = EDGE_CURVE ( 'NONE', #8051, #8015, #2654, .T. ) ;
#6657 = LINE ( 'NONE', #2923, #1049 ) ;
#6658 = CARTESIAN_POINT ( 'NONE',  ( 288.1572327055459937, 66.75296048351300726, 157.6743051152359953 ) ) ;
#6659 = ORIENTED_EDGE ( 'NONE', *, *, #7186, .T. ) ;
#6660 = CARTESIAN_POINT ( 'NONE',  ( 38.07888031005860086, 9.215927124023428618, 158.7207935539340156 ) ) ;
#6661 = EDGE_CURVE ( 'NONE', #7022, #1820, #8609, .T. ) ;
#6662 = CARTESIAN_POINT ( 'NONE',  ( -121.8444924251934083, 76.52169227600100498, 178.7207935539339871 ) ) ;
#6663 = AXIS2_PLACEMENT_3D ( 'NONE', #7644, #6870, #6777 ) ;
#6664 = PLANE ( 'NONE',  #5273 ) ;
#6665 = CARTESIAN_POINT ( 'NONE',  ( -288.5835325751119740, 58.49893546246200060, 158.7207935539340156 ) ) ;
#6666 = ORIENTED_EDGE ( 'NONE', *, *, #2808, .F. ) ;
#6667 = CARTESIAN_POINT ( 'NONE',  ( -83.01555633544920454, 63.61684799194339490, 178.7207935539339871 ) ) ;
#6668 = CARTESIAN_POINT ( 'NONE',  ( 80.65757722893719972, 8.337246402591810934, 157.8421137391730156 ) ) ;
#6669 =( GEOMETRIC_REPRESENTATION_CONTEXT ( 3 ) GLOBAL_UNCERTAINTY_ASSIGNED_CONTEXT ( ( #245 ) ) GLOBAL_UNIT_ASSIGNED_CONTEXT ( ( #5289, #1460, #7415 ) ) REPRESENTATION_CONTEXT ( 'NONE', 'WORKASPACE' ) );
#6670 = EDGE_CURVE ( 'NONE', #456, #7201, #1663, .T. ) ;
#6671 = CARTESIAN_POINT ( 'NONE',  ( 283.8209915161129970, 97.80763904815100318, 183.6145670104010321 ) ) ;
#6672 = EDGE_LOOP ( 'NONE', ( #6520, #8767, #2755, #3760, #7211 ) ) ;
#6673 = FACE_BOUND ( 'NONE', #307, .T. ) ;
#6674 = ORIENTED_EDGE ( 'NONE', *, *, #1628, .T. ) ;
#6675 = CARTESIAN_POINT ( 'NONE',  ( -288.8088565362732538, 60.82488903319244145, 158.7230713284462240 ) ) ;
#6676 = VERTEX_POINT ( 'NONE', #4370 ) ;
#6677 = DIRECTION ( 'NONE',  ( -2.283690278945060145E-16, 0.3562957817360009605, -0.9343732208904169667 ) ) ;
#6678 = DIRECTION ( 'NONE',  ( -1.000000000000000000, -8.166800569142639879E-11, 0.000000000000000000 ) ) ;
#6679 = CARTESIAN_POINT ( 'NONE',  ( -101.0029028262910060, 22.12077972371549706, 155.7207935539340156 ) ) ;
#6680 = ORIENTED_EDGE ( 'NONE', *, *, #7479, .F. ) ;
#6681 = EDGE_CURVE ( 'NONE', #6801, #6500, #141, .T. ) ;
#6682 = EDGE_CURVE ( 'NONE', #6131, #2701, #7219, .T. ) ;
#6683 = CARTESIAN_POINT ( 'NONE',  ( 283.8209915161129970, 76.32125139236430300, 178.7207935539339871 ) ) ;
#6684 = DIRECTION ( 'NONE',  ( -1.000000000000000000, 1.579971831557674912E-16, 1.579971831557694880E-16 ) ) ;
#6685 = EDGE_LOOP ( 'NONE', ( #8060, #8392, #7582, #4234 ) ) ;
#6686 = CIRCLE ( 'NONE', #5457, 5.000000000000004441 ) ;
#6687 = VERTEX_POINT ( 'NONE', #7443 ) ;
#6688 = DIRECTION ( 'NONE',  ( 1.000000000000000000, -7.788590840987949389E-17, 0.000000000000000000 ) ) ;
#6689 = CARTESIAN_POINT ( 'NONE',  ( -269.8896026611329830, 22.12078094482420099, 155.7207935539340156 ) ) ;
#6690 = EDGE_LOOP ( 'NONE', ( #6129, #7985, #757, #2400, #7845, #4970 ) ) ;
#6691 = CARTESIAN_POINT ( 'NONE',  ( 280.9213803538910383, 64.63481424415580534, 183.7207935539340156 ) ) ;
#6692 = CARTESIAN_POINT ( 'NONE',  ( 287.3560920573949602, 97.65102759271269406, 182.2559671125064824 ) ) ;
#6693 = DIRECTION ( 'NONE',  ( 1.000000000000000000, 3.552713678800500140E-15, 0.000000000000000000 ) ) ;
#6694 = CIRCLE ( 'NONE', #9314, 12.90485388537119960 ) ;
#6695 = ORIENTED_EDGE ( 'NONE', *, *, #8822, .F. ) ;
#6696 = ORIENTED_EDGE ( 'NONE', *, *, #7635, .F. ) ;
#6697 = VERTEX_POINT ( 'NONE', #8068 ) ;
#6698 = CARTESIAN_POINT ( 'NONE',  ( 194.1860398550817592, 117.6996686611356466, 182.8912791208979911 ) ) ;
#6699 = CARTESIAN_POINT ( 'NONE',  ( 288.0902209916829975, 69.74005044523980246, 158.7207935535700187 ) ) ;
#6700 = CYLINDRICAL_SURFACE ( 'NONE', #4741, 2.999999999999994227 ) ;
#6701 = CARTESIAN_POINT ( 'NONE',  ( 288.0881667391694805, 100.7083104029772045, 179.9916337156774659 ) ) ;
#6702 = DIRECTION ( 'NONE',  ( 0.000000000000000000, 0.000000000000000000, -1.000000000000000000 ) ) ;
#6703 = CARTESIAN_POINT ( 'NONE',  ( 286.3670875094160237, 58.90180187529080058, 158.7207935539340156 ) ) ;
#6704 = ADVANCED_FACE ( 'NONE', ( #6569 ), #5171, .T. ) ;
#6705 = EDGE_LOOP ( 'NONE', ( #1436, #4742, #4687, #8882 ) ) ;
#6706 = CIRCLE ( 'NONE', #121, 5.000000000000004441 ) ;
#6707 = CARTESIAN_POINT ( 'NONE',  ( -286.1789894103999927, 96.89302241451019881, 183.7207935539340156 ) ) ;
#6708 = CARTESIAN_POINT ( 'NONE',  ( -96.05349803831515487, 117.2091289500820182, 183.3251006671646053 ) ) ;
#6709 = FACE_OUTER_BOUND ( 'NONE', #2206, .T. ) ;
#6710 = CARTESIAN_POINT ( 'NONE',  ( -288.5578167232740157, 64.01043675443861503, 160.8793770205760154 ) ) ;
#6711 = VERTEX_POINT ( 'NONE', #5808 ) ;
#6712 = B_SPLINE_CURVE_WITH_KNOTS ( 'NONE', 3,
 ( #2133, #1219, #3520, #2670, #2043, #2718, #5586, #8661, #6347, #8569, #1997, #7843, #4955, #4524, #2321, #7298, #8033 ),
 .UNSPECIFIED., .F., .F.,
 ( 4, 2, 2, 1, 1, 1, 2, 2, 2, 4 ),
 ( 0.000000000000000000, 0.2500000000000314193, 0.3750000000000471290, 0.4375000000000580092, 0.4687500000000603961, 0.4843750000000618949, 0.4921875000000593969, 0.5000000000000569544, 0.7500000000000285327, 1.000000000000000000 ),
 .UNSPECIFIED. ) ;
#6713 = CARTESIAN_POINT ( 'NONE',  ( 258.8209915161129970, 51.32125139236429590, 178.7207935539339871 ) ) ;
#6714 = EDGE_CURVE ( 'NONE', #8133, #5461, #1555, .T. ) ;
#6715 = ADVANCED_FACE ( 'NONE', ( #4466 ), #7247, .F. ) ;
#6716 = CARTESIAN_POINT ( 'NONE',  ( 288.1648207271579736, 97.93575424414589747, 181.7057398322810116 ) ) ;
#6717 = VERTEX_POINT ( 'NONE', #9512 ) ;
#6718 = AXIS2_PLACEMENT_3D ( 'NONE', #5939, #5845, #91 ) ;
#6719 = DIRECTION ( 'NONE',  ( -1.000000000000000000, 5.897598525349479809E-18, 0.000000000000000000 ) ) ;
#6720 = VERTEX_POINT ( 'NONE', #1593 ) ;
#6721 = CARTESIAN_POINT ( 'NONE',  ( -110.0223875045780062, 58.61684799194339490, 183.7207935539340156 ) ) ;
#6722 = AXIS2_PLACEMENT_3D ( 'NONE', #1159, #3379, #4148 ) ;
#6723 = DIRECTION ( 'NONE',  ( 0.000000000000000000, 0.000000000000000000, -1.000000000000000000 ) ) ;
#6724 = CARTESIAN_POINT ( 'NONE',  ( -83.01555633544920454, 76.52169227600100498, 183.7207935539340156 ) ) ;
#6725 = DIRECTION ( 'NONE',  ( 0.000000000000000000, 0.000000000000000000, -1.000000000000000000 ) ) ;
#6726 = ORIENTED_EDGE ( 'NONE', *, *, #961, .T. ) ;
#6727 = CIRCLE ( 'NONE', #3829, 12.90500640869139737 ) ;
#6728 = DIRECTION ( 'NONE',  ( -7.709388682997012611E-15, 0.7191424945381000855, -0.6948626285457570884 ) ) ;
#6729 = CARTESIAN_POINT ( 'NONE',  ( 98.64490509033210230, 76.52169227600100498, 183.7207935539340156 ) ) ;
#6730 = VERTEX_POINT ( 'NONE', #2217 ) ;
#6731 = EDGE_LOOP ( 'NONE', ( #2135, #8306, #5082, #6081, #9006, #5530 ) ) ;
#6732 = DIRECTION ( 'NONE',  ( 0.000000000000000000, -1.000000000000000000, 0.000000000000000000 ) ) ;
#6733 = EDGE_CURVE ( 'NONE', #6091, #6687, #3699, .T. ) ;
#6734 = CIRCLE ( 'NONE', #7970, 17.90484428405761363 ) ;
#6735 = AXIS2_PLACEMENT_3D ( 'NONE', #496, #3434, #9338 ) ;
#6736 = CARTESIAN_POINT ( 'NONE',  ( -134.7493362426759802, 38.02563476562500000, 158.7207935539340156 ) ) ;
#6737 = CARTESIAN_POINT ( 'NONE',  ( 183.5030736399810110, 76.52168743035359455, 178.7207935539339871 ) ) ;
#6738 = FACE_OUTER_BOUND ( 'NONE', #421, .T. ) ;
#6739 = VECTOR ( 'NONE', #4049, 999.9999999999998863 ) ;
#6740 = DIRECTION ( 'NONE',  ( 1.000000000000000000, 0.000000000000000000, 0.000000000000000000 ) ) ;
#6741 = EDGE_LOOP ( 'NONE', ( #6636, #1239, #6165, #1022, #7897 ) ) ;
#6742 = ORIENTED_EDGE ( 'NONE', *, *, #3102, .T. ) ;
#6743 = EDGE_LOOP ( 'NONE', ( #3155, #656, #3036, #6680 ) ) ;
#6744 = B_SPLINE_CURVE_WITH_KNOTS ( 'NONE', 3,
 ( #2448, #8351, #5358, #7574, #986, #3933, #6843, #274 ),
 .UNSPECIFIED., .F., .F.,
 ( 4, 1, 1, 2, 4 ),
 ( 0.000000000000000000, 0.2667540416649032964, 0.6322283405468704931, 0.9977026394288385225, 1.000000000000000000 ),
 .UNSPECIFIED. ) ;
#6745 = CARTESIAN_POINT ( 'NONE',  ( 287.9157802189522499, 68.94631512533825912, 158.7214199229621840 ) ) ;
#6746 = CARTESIAN_POINT ( 'NONE',  ( -134.7493367092509970, 58.61684799194339490, 178.7207935539339871 ) ) ;
#6747 = ADVANCED_FACE ( 'NONE', ( #1439 ), #5128, .T. ) ;
#6748 = DIRECTION ( 'NONE',  ( 1.000000000000000000, 0.000000000000000000, 0.000000000000000000 ) ) ;
#6749 = CARTESIAN_POINT ( 'NONE',  ( 27.90500640869139914, 128.8515090942379970, 183.7207935539340156 ) ) ;
#6750 = CARTESIAN_POINT ( 'NONE',  ( 38.07888031005860086, 35.02563476562500000, 158.7207935539340156 ) ) ;
#6751 = DIRECTION ( 'NONE',  ( 0.000000000000000000, 0.000000000000000000, -1.000000000000000000 ) ) ;
#6752 = EDGE_LOOP ( 'NONE', ( #4885, #4708, #6765, #8888, #6481, #7715 ) ) ;
#6753 = DIRECTION ( 'NONE',  ( 0.000000000000000000, 0.000000000000000000, -1.000000000000000000 ) ) ;
#6754 = VECTOR ( 'NONE', #6167, 1000.000000000000000 ) ;
#6755 = CARTESIAN_POINT ( 'NONE',  ( -97.17898941039999272, 113.0032546901280028, 189.4823578626660208 ) ) ;
#6756 = AXIS2_PLACEMENT_3D ( 'NONE', #1207, #7065, #7980 ) ;
#6757 = EDGE_CURVE ( 'NONE', #5644, #5593, #1485, .T. ) ;
#6758 = LINE ( 'NONE', #185, #222 ) ;
#6759 = DIRECTION ( 'NONE',  ( -1.000000000000000000, 0.000000000000000000, 0.000000000000000000 ) ) ;
#6760 = ORIENTED_EDGE ( 'NONE', *, *, #7776, .T. ) ;
#6761 = FACE_OUTER_BOUND ( 'NONE', #541, .T. ) ;
#6762 = VECTOR ( 'NONE', #7129, 1000.000000000000000 ) ;
#6763 = AXIS2_PLACEMENT_3D ( 'NONE', #9223, #5566, #2652 ) ;
#6764 = CARTESIAN_POINT ( 'NONE',  ( 192.3209915161129970, 96.89302241451051145, 183.7207935539340156 ) ) ;
#6765 = ORIENTED_EDGE ( 'NONE', *, *, #8772, .T. ) ;
#6766 = DIRECTION ( 'NONE',  ( -1.000000000000000000, -1.104968027632491873E-16, 1.104968027632495817E-16 ) ) ;
#6767 = ORIENTED_EDGE ( 'NONE', *, *, #2867, .T. ) ;
#6768 = LINE ( 'NONE', #1295, #8868 ) ;
#6769 = CARTESIAN_POINT ( 'NONE',  ( -195.8226723637359896, 116.9783032755031940, 183.4438521006775034 ) ) ;
#6770 = DIRECTION ( 'NONE',  ( -1.000000000000000000, -0.000000000000000000, -0.000000000000000000 ) ) ;
#6771 = AXIS2_PLACEMENT_3D ( 'NONE', #120, #9055, #5971 ) ;
#6772 = DIRECTION ( 'NONE',  ( 0.000000000000000000, 0.000000000000000000, 1.000000000000000000 ) ) ;
#6773 = ORIENTED_EDGE ( 'NONE', *, *, #4272, .T. ) ;
#6774 = ADVANCED_FACE ( 'NONE', ( #6619 ), #3753, .T. ) ;
#6775 = EDGE_CURVE ( 'NONE', #721, #6034, #5540, .T. ) ;
#6776 = CARTESIAN_POINT ( 'NONE',  ( 132.3913243105560014, 63.61684799194339490, 148.7207935539339871 ) ) ;
#6777 = DIRECTION ( 'NONE',  ( 0.000000000000000000, 0.7071067811865453523, 0.7071067811865495711 ) ) ;
#6778 = VERTEX_POINT ( 'NONE', #8831 ) ;
#6779 = EDGE_LOOP ( 'NONE', ( #4185, #5659, #8342, #8522, #3367, #2589 ) ) ;
#6780 = DIRECTION ( 'NONE',  ( 1.000000000000000000, -1.159224734824834043E-17, -1.159224734824834043E-17 ) ) ;
#6781 = EDGE_CURVE ( 'NONE', #3565, #2595, #2643, .T. ) ;
#6782 = DIRECTION ( 'NONE',  ( 0.000000000000000000, 1.000000000000000000, 0.000000000000000000 ) ) ;
#6783 = EDGE_LOOP ( 'NONE', ( #6617, #7990, #3703, #8390 ) ) ;
#6784 = CARTESIAN_POINT ( 'NONE',  ( 94.65692456833890844, 137.7344255771870110, 182.1115330082739945 ) ) ;
#6785 = DIRECTION ( 'NONE',  ( 0.000000000000000000, 0.000000000000000000, -1.000000000000000000 ) ) ;
#6786 = AXIS2_PLACEMENT_3D ( 'NONE', #7969, #1336, #4988 ) ;
#6787 = FACE_OUTER_BOUND ( 'NONE', #266, .T. ) ;
#6788 = VERTEX_POINT ( 'NONE', #6668 ) ;
#6789 = ORIENTED_EDGE ( 'NONE', *, *, #7512, .T. ) ;
#6790 = ORIENTED_EDGE ( 'NONE', *, *, #6889, .T. ) ;
#6791 = DIRECTION ( 'NONE',  ( 0.000000000000000000, -0.7071067811865486830, 0.7071067811865463515 ) ) ;
#6792 = AXIS2_PLACEMENT_3D ( 'NONE', #2583, #5499, #3349 ) ;
#6793 = CARTESIAN_POINT ( 'NONE',  ( -202.3632195016272988, 75.42998547059379177, 183.5281706265194828 ) ) ;
#6794 = DIRECTION ( 'NONE',  ( 1.000000000000000000, 1.690036120998889850E-16, 0.000000000000000000 ) ) ;
#6795 = ORIENTED_EDGE ( 'NONE', *, *, #3091, .F. ) ;
#6796 = CARTESIAN_POINT ( 'NONE',  ( 288.3201639817258410, 100.5479358009148001, 179.8256551944878083 ) ) ;
#6798 = AXIS2_PLACEMENT_3D ( 'NONE', #8556, #1984, #2798 ) ;
#6797 = DIRECTION ( 'NONE',  ( -1.000000000000000000, 6.425975681558509432E-17, 0.000000000000000000 ) ) ;
#6799 = EDGE_CURVE ( 'NONE', #6910, #1742, #98, .T. ) ;
#6800 = CARTESIAN_POINT ( 'NONE',  ( -83.01555633544920454, 94.42653656005860796, 178.7207935539339871 ) ) ;
#6801 = VERTEX_POINT ( 'NONE', #1636 ) ;
#6802 = DIRECTION ( 'NONE',  ( 1.000000000000000000, 2.226290129967979910E-17, 2.226290129967979910E-17 ) ) ;
#6803 = CIRCLE ( 'NONE', #8356, 12.90484428405759587 ) ;
#6804 = CARTESIAN_POINT ( 'NONE',  ( -289.1789920717250197, 160.0000186157149926, 123.7207935539339871 ) ) ;
#6805 = DIRECTION ( 'NONE',  ( 0.000000000000000000, 0.000000000000000000, -1.000000000000000000 ) ) ;
#6806 = ORIENTED_EDGE ( 'NONE', *, *, #4491, .F. ) ;
#6807 = LINE ( 'NONE', #188, #5382 ) ;
#6808 = CIRCLE ( 'NONE', #8665, 3.000000000000002665 ) ;
#6809 = DIRECTION ( 'NONE',  ( 0.000000000000000000, 0.000000000000000000, 1.000000000000000000 ) ) ;
#6810 = EDGE_LOOP ( 'NONE', ( #7151, #5753, #2312, #3119 ) ) ;
#6811 = FACE_BOUND ( 'NONE', #8105, .T. ) ;
#6812 = VERTEX_POINT ( 'NONE', #2313 ) ;
#6813 = DIRECTION ( 'NONE',  ( 0.000000000000000000, 0.000000000000000000, -1.000000000000000000 ) ) ;
#6814 = EDGE_CURVE ( 'NONE', #2264, #6039, #9227, .T. ) ;
#6815 = LINE ( 'NONE', #9129, #4962 ) ;
#6816 = CARTESIAN_POINT ( 'NONE',  ( 80.65757751464829539, 76.52169227600100498, 158.7207935539340156 ) ) ;
#6817 = ORIENTED_EDGE ( 'NONE', *, *, #3968, .T. ) ;
#6818 = DIRECTION ( 'NONE',  ( -1.000000000000000000, 2.318450818158519635E-17, 0.000000000000000000 ) ) ;
#6819 = TOROIDAL_SURFACE ( 'NONE', #7589, 17.90500640869139914, 5.000000000000000000 ) ;
#6820 = PLANE ( 'NONE',  #1043 ) ;
#6821 = DIRECTION ( 'NONE',  ( 0.000000000000000000, -1.000000000000000000, 0.000000000000000000 ) ) ;
#6822 = VERTEX_POINT ( 'NONE', #3126 ) ;
#6823 = VERTEX_POINT ( 'NONE', #382 ) ;
#6824 = ADVANCED_FACE ( 'NONE', ( #6761 ), #902, .T. ) ;
#6825 = CARTESIAN_POINT ( 'NONE',  ( 143.8209962844850054, 97.82986802856250108, 183.5386201858094921 ) ) ;
#6826 = AXIS2_PLACEMENT_3D ( 'NONE', #3128, #2410, #5320 ) ;
#6827 = DIRECTION ( 'NONE',  ( 0.000000000000000000, 0.000000000000000000, 1.000000000000000000 ) ) ;
#6828 = DIRECTION ( 'NONE',  ( -1.000000000000000000, 0.000000000000000000, 0.000000000000000000 ) ) ;
#6829 = VERTEX_POINT ( 'NONE', #4038 ) ;
#6830 = DIRECTION ( 'NONE',  ( -2.489558328007866974E-08, 0.7071067811865489050, 0.7071067811865456854 ) ) ;
#6831 = CARTESIAN_POINT ( 'NONE',  ( 286.9586831980510055, 60.90248989012660275, 158.5608305757910159 ) ) ;
#6832 = ADVANCED_FACE ( 'NONE', ( #1042 ), #2551, .F. ) ;
#6833 = CARTESIAN_POINT ( 'NONE',  ( 94.08875846907929485, 117.6023872751334096, 182.9885605069005123 ) ) ;
#6834 = EDGE_LOOP ( 'NONE', ( #7652, #7896, #8336, #3201 ) ) ;
#6835 = EDGE_LOOP ( 'NONE', ( #3842, #1596, #2737, #8487, #1161 ) ) ;
#6836 = ORIENTED_EDGE ( 'NONE', *, *, #922, .T. ) ;
#6837 = AXIS2_PLACEMENT_3D ( 'NONE', #1276, #4167, #9304 ) ;
#6838 = DIRECTION ( 'NONE',  ( 1.000000000000000000, 0.000000000000000000, 0.000000000000000000 ) ) ;
#6839 = B_SPLINE_CURVE_WITH_KNOTS ( 'NONE', 3,
 ( #7501, #8461, #913, #196, #3136 ),
 .UNSPECIFIED., .F., .F.,
 ( 4, 1, 4 ),
 ( 0.000000000000000000, 0.5714285714285718409, 1.000000000000000000 ),
 .UNSPECIFIED. ) ;
#6840 = DIRECTION ( 'NONE',  ( 0.000000000000000000, 0.000000000000000000, -1.000000000000000000 ) ) ;
#6841 = ORIENTED_EDGE ( 'NONE', *, *, #1476, .T. ) ;
#6842 = CARTESIAN_POINT ( 'NONE',  ( 93.90520684826643105, 117.4188356543205032, 183.1721121277131203 ) ) ;
#6843 = CARTESIAN_POINT ( 'NONE',  ( 288.8209915161066874, 76.31311457723141700, 155.7225283306722474 ) ) ;
#6844 = LINE ( 'NONE', #3212, #1656 ) ;
#6845 = AXIS2_PLACEMENT_3D ( 'NONE', #1000, #3946, #289 ) ;
#6846 = TOROIDAL_SURFACE ( 'NONE', #7005, 17.90500640869139914, 5.000000000000000000 ) ;
#6847 = ORIENTED_EDGE ( 'NONE', *, *, #1761, .F. ) ;
#6848 = DIRECTION ( 'NONE',  ( 0.000000000000000000, 0.000000000000000000, -1.000000000000000000 ) ) ;
#6849 = ORIENTED_EDGE ( 'NONE', *, *, #2967, .T. ) ;
#6850 = EDGE_CURVE ( 'NONE', #64, #4114, #6807, .T. ) ;
#6851 = EDGE_CURVE ( 'NONE', #6962, #5409, #7533, .T. ) ;
#6852 = VECTOR ( 'NONE', #3620, 1000.000000000000000 ) ;
#6853 = DIRECTION ( 'NONE',  ( -1.000000000000000000, -6.371362471312250252E-17, 6.371362471312250252E-17 ) ) ;
#6854 = CARTESIAN_POINT ( 'NONE',  ( 13.36300373077400039, 128.8515090942379970, 178.7207935539339871 ) ) ;
#6855 = ORIENTED_EDGE ( 'NONE', *, *, #3460, .T. ) ;
#6856 = DIRECTION ( 'NONE',  ( -5.480868912904819410E-16, 1.000000000000000000, 0.000000000000000000 ) ) ;
#6857 = AXIS2_PLACEMENT_3D ( 'NONE', #3261, #2543, #2109 ) ;
#6858 = CIRCLE ( 'NONE', #3646, 17.90484428405761363 ) ;
#6859 = CARTESIAN_POINT ( 'NONE',  ( 286.9904358551939936, 100.5504622009269866, 181.1587550429640032 ) ) ;
#6860 = ORIENTED_EDGE ( 'NONE', *, *, #8898, .T. ) ;
#6861 = DIRECTION ( 'NONE',  ( 0.000000000000000000, 0.000000000000000000, -1.000000000000000000 ) ) ;
#6862 = PLANE ( 'NONE',  #7787 ) ;
#6863 = CARTESIAN_POINT ( 'NONE',  ( 27.90500640869139914, 93.04149627685549717, 178.7207935539339871 ) ) ;
#6864 = AXIS2_PLACEMENT_3D ( 'NONE', #2722, #9343, #9148 ) ;
#6865 = CARTESIAN_POINT ( 'NONE',  ( 284.4562524131137593, 79.96638673466219416, 183.6804058960178736 ) ) ;
#6866 = ORIENTED_EDGE ( 'NONE', *, *, #8940, .F. ) ;
#6867 = EDGE_LOOP ( 'NONE', ( #6567, #1890, #3963, #2880 ) ) ;
#6868 = LINE ( 'NONE', #962, #2622 ) ;
#6869 = DIRECTION ( 'NONE',  ( -0.7071067811865470176, 0.4913420766378104876, 0.5085105345273041033 ) ) ;
#6870 = DIRECTION ( 'NONE',  ( -1.000000000000000000, -1.018319216034381898E-16, 1.018319216034377830E-16 ) ) ;
#6871 = ORIENTED_EDGE ( 'NONE', *, *, #1637, .T. ) ;
#6872 = CIRCLE ( 'NONE', #2903, 12.90484428405758166 ) ;
#6873 = VERTEX_POINT ( 'NONE', #7683 ) ;
#6874 = DIRECTION ( 'NONE',  ( 0.000000000000000000, 0.000000000000000000, -1.000000000000000000 ) ) ;
#6875 = EDGE_CURVE ( 'NONE', #5294, #2955, #8307, .T. ) ;
#6876 = DIRECTION ( 'NONE',  ( 1.000000000000000000, 2.775557561562950121E-15, 0.000000000000000000 ) ) ;
#6877 = CIRCLE ( 'NONE', #2753, 3.000000000000000888 ) ;
#6878 = DIRECTION ( 'NONE',  ( 0.000000000000000000, -1.000000000000000000, 0.000000000000000000 ) ) ;
#6879 = VERTEX_POINT ( 'NONE', #8454 ) ;
#6880 = PLANE ( 'NONE',  #9118 ) ;
#6881 = CIRCLE ( 'NONE', #2757, 3.000000000000002665 ) ;
#6882 = CARTESIAN_POINT ( 'NONE',  ( -147.6541809933085858, 76.52169192166400080, 133.7207935539339871 ) ) ;
#6883 = AXIS2_PLACEMENT_3D ( 'NONE', #1352, #2087, #6479 ) ;
#6884 = CARTESIAN_POINT ( 'NONE',  ( 115.5181812894320359, 80.50066643219665252, 183.6883520306817275 ) ) ;
#6885 = AXIS2_PLACEMENT_3D ( 'NONE', #7233, #1422, #81 ) ;
#6886 = ORIENTED_EDGE ( 'NONE', *, *, #9069, .F. ) ;
#6887 = VERTEX_POINT ( 'NONE', #331 ) ;
#6888 = AXIS2_PLACEMENT_3D ( 'NONE', #3824, #9052, #3962 ) ;
#6889 = EDGE_CURVE ( 'NONE', #9388, #3328, #8311, .T. ) ;
#6890 = FACE_OUTER_BOUND ( 'NONE', #8782, .T. ) ;
#6891 = DIRECTION ( 'NONE',  ( -1.000000000000000000, 0.000000000000000000, 0.000000000000000000 ) ) ;
#6892 = ORIENTED_EDGE ( 'NONE', *, *, #1796, .F. ) ;
#6893 = CIRCLE ( 'NONE', #1227, 5.000000000000004441 ) ;
#6894 = FACE_OUTER_BOUND ( 'NONE', #706, .T. ) ;
#6895 = ADVANCED_FACE ( 'NONE', ( #1734 ), #6232, .F. ) ;
#6896 = ADVANCED_FACE ( 'NONE', ( #8262 ), #2505, .T. ) ;
#6897 = CARTESIAN_POINT ( 'NONE',  ( -75.59253796992871344, 110.9465026855470029, 178.7207935539339871 ) ) ;
#6898 = AXIS2_PLACEMENT_3D ( 'NONE', #6679, #1552, #2420 ) ;
#6899 = CARTESIAN_POINT ( 'NONE',  ( -101.0028839111329972, 76.52169227600100498, 178.7207935539339871 ) ) ;
#6900 = ADVANCED_FACE ( 'NONE', ( #2461 ), #8978, .F. ) ;
#6901 = ORIENTED_EDGE ( 'NONE', *, *, #6063, .T. ) ;
#6902 = ORIENTED_EDGE ( 'NONE', *, *, #3072, .F. ) ;
#6903 = CARTESIAN_POINT ( 'NONE',  ( -134.7493362426759802, 9.215927124023428618, 158.7207935539340156 ) ) ;
#6904 = ADVANCED_FACE ( 'NONE', ( #9025 ), #7583, .T. ) ;
#6905 = DIRECTION ( 'NONE',  ( -0.7071067811865470176, 0.4913420766378104876, 0.5085105345273041033 ) ) ;
#6906 = ORIENTED_EDGE ( 'NONE', *, *, #3498, .T. ) ;
#6907 = DIRECTION ( 'NONE',  ( -1.110223024625155594E-14, -1.000000000000000000, 0.000000000000000000 ) ) ;
#6908 = ADVANCED_FACE ( 'NONE', ( #9170 ), #6087, .T. ) ;
#6909 = CARTESIAN_POINT ( 'NONE',  ( -101.0029028262910060, 22.12077759886845385, 142.8159403642166012 ) ) ;
#6910 = VERTEX_POINT ( 'NONE', #6135 ) ;
#6911 = AXIS2_PLACEMENT_3D ( 'NONE', #3282, #2564, #7594 ) ;
#6912 = DIRECTION ( 'NONE',  ( -1.000000000000000000, 8.208433932565629593E-11, 0.000000000000000000 ) ) ;
#6913 = CARTESIAN_POINT ( 'NONE',  ( -97.01492246262618835, 137.7344255771860162, 182.1115330082739945 ) ) ;
#6914 = CARTESIAN_POINT ( 'NONE',  ( 284.3996323442579524, 80.48292836364917946, 183.6872765182041007 ) ) ;
#6915 = VERTEX_POINT ( 'NONE', #9077 ) ;
#6916 = VERTEX_POINT ( 'NONE', #5416 ) ;
#6917 = AXIS2_PLACEMENT_3D ( 'NONE', #594, #8486, #6218 ) ;
#6918 = CARTESIAN_POINT ( 'NONE',  ( -286.5533020186019257, 81.97390034052564545, 183.7070021906646957 ) ) ;
#6919 = CARTESIAN_POINT ( 'NONE',  ( -117.8761103101920042, 82.51149024608710647, 183.7207935539340156 ) ) ;
#6920 = EDGE_CURVE ( 'NONE', #3012, #5229, #1564, .T. ) ;
#6921 = CARTESIAN_POINT ( 'NONE',  ( 192.3209915161129970, 114.5107393763349961, 181.2207935539339871 ) ) ;
#6922 = VERTEX_POINT ( 'NONE', #3272 ) ;
#6923 = ORIENTED_EDGE ( 'NONE', *, *, #9132, .T. ) ;
#6924 = DIRECTION ( 'NONE',  ( -1.001151856892039882E-16, -1.000000000000000000, -1.001151856892039882E-16 ) ) ;
#6925 = AXIS2_PLACEMENT_3D ( 'NONE', #9247, #4777, #4059 ) ;
#6926 =( BOUNDED_CURVE ( )  B_SPLINE_CURVE ( 3, ( #2659, #5760, #569, #7736 ),
 .UNSPECIFIED., .F., .T. ) 
 B_SPLINE_CURVE_WITH_KNOTS ( ( 4, 4 ),
 ( 5.315636896937260047, 5.497787143782149499 ),
 .UNSPECIFIED. ) 
 CURVE ( )  GEOMETRIC_REPRESENTATION_ITEM ( )  RATIONAL_B_SPLINE_CURVE ( ( 1.000000000000000000, 0.9972370179274390178, 0.9972370179274390178, 1.000000000000000000 ) ) 
 REPRESENTATION_ITEM ( '' )  );
#6927 = CARTESIAN_POINT ( 'NONE',  ( 132.3913249411490085, 76.52169227600100498, 178.7207935539339871 ) ) ;
#6928 = EDGE_CURVE ( 'NONE', #6242, #3904, #7227, .T. ) ;
#6929 = CARTESIAN_POINT ( 'NONE',  ( 60.32955169677730112, 110.9465026855470029, 178.7207935539339871 ) ) ;
#6930 = EDGE_LOOP ( 'NONE', ( #8132, #6527, #7150, #4898 ) ) ;
#6931 = CYLINDRICAL_SURFACE ( 'NONE', #8199, 2.500000000000003109 ) ;
#6932 = LINE ( 'NONE', #4159, #944 ) ;
#6933 = CIRCLE ( 'NONE', #2041, 12.90484428405759587 ) ;
#6934 = ORIENTED_EDGE ( 'NONE', *, *, #3995, .T. ) ;
#6935 = ORIENTED_EDGE ( 'NONE', *, *, #2494, .T. ) ;
#6936 = AXIS2_PLACEMENT_3D ( 'NONE', #3277, #4662, #3232 ) ;
#6937 = DIRECTION ( 'NONE',  ( -1.000000000000000000, 0.000000000000000000, 0.000000000000000000 ) ) ;
#6938 = DIRECTION ( 'NONE',  ( 0.000000000000000000, -1.000000000000000000, 0.000000000000000000 ) ) ;
#6939 = ADVANCED_FACE ( 'NONE', ( #9410 ), #2794, .T. ) ;
#6940 = DIRECTION ( 'NONE',  ( 1.000000000000000000, 5.551115123125790591E-15, 0.000000000000000000 ) ) ;
#6941 = VERTEX_POINT ( 'NONE', #6464 ) ;
#6942 = CARTESIAN_POINT ( 'NONE',  ( -290.7770656219479974, 69.08193035038830487, 157.2207935535969909 ) ) ;
#6943 = ORIENTED_EDGE ( 'NONE', *, *, #9369, .F. ) ;
#6944 = DIRECTION ( 'NONE',  ( 0.000000000000000000, 0.000000000000000000, 1.000000000000000000 ) ) ;
#6945 = B_SPLINE_CURVE_WITH_KNOTS ( 'NONE', 3,
 ( #5346, #974, #6831, #1617, #258, #6115 ),
 .UNSPECIFIED., .F., .F.,
 ( 4, 1, 1, 4 ),
 ( 0.000000000000000000, 0.4405062025838195616, 0.8810124051676391232, 1.000000000000000000 ),
 .UNSPECIFIED. ) ;
#6946 = CARTESIAN_POINT ( 'NONE',  ( 145.2961692252065689, 76.52169263033799496, 148.7207935539339871 ) ) ;
#6947 = CYLINDRICAL_SURFACE ( 'NONE', #1968, 5.000000000000021316 ) ;
#6948 = VERTEX_POINT ( 'NONE', #8504 ) ;
#6949 = AXIS2_PLACEMENT_3D ( 'NONE', #4731, #4117, #4827 ) ;
#6950 = EDGE_CURVE ( 'NONE', #9510, #2814, #524, .T. ) ;
#6951 = EDGE_CURVE ( 'NONE', #1126, #4685, #2700, .T. ) ;
#6952 = DIRECTION ( 'NONE',  ( 0.000000000000000000, 0.000000000000000000, -1.000000000000000000 ) ) ;
#6953 = VERTEX_POINT ( 'NONE', #6284 ) ;
#6954 = CARTESIAN_POINT ( 'NONE',  ( -146.1789941787719727, 46.32125139236439537, 161.7207935539339871 ) ) ;
#6955 = LINE ( 'NONE', #379, #1484 ) ;
#6956 = VERTEX_POINT ( 'NONE', #5614 ) ;
#6957 = CARTESIAN_POINT ( 'NONE',  ( 43.09501647949219461, 75.12078285217289420, 158.7207935539340156 ) ) ;
#6958 = VECTOR ( 'NONE', #5759, 1000.000000000000000 ) ;
#6959 = AXIS2_PLACEMENT_3D ( 'NONE', #2698, #33, #5212 ) ;
#6960 = EDGE_CURVE ( 'NONE', #7449, #8274, #1196, .T. ) ;
#6961 = CARTESIAN_POINT ( 'NONE',  ( 216.5078370686659923, 89.42653656005859375, 178.7207935539339871 ) ) ;
#6962 = VERTEX_POINT ( 'NONE', #8548 ) ;
#6963 = CARTESIAN_POINT ( 'NONE',  ( 286.6113709284766742, 61.76347898739152953, 158.7218794050470763 ) ) ;
#6964 = CARTESIAN_POINT ( 'NONE',  ( 166.9409094850992972, 79.98349726420083528, 183.6228457202940092 ) ) ;
#6965 = CARTESIAN_POINT ( 'NONE',  ( -134.7493362426759802, 22.12078094482420099, 155.7207935539340156 ) ) ;
#6966 = CARTESIAN_POINT ( 'NONE',  ( -101.0029029846149911, 35.02563291343309970, 155.7207935539340156 ) ) ;
#6967 = ORIENTED_EDGE ( 'NONE', *, *, #2944, .F. ) ;
#6968 = AXIS2_PLACEMENT_3D ( 'NONE', #436, #4807, #9230 ) ;
#6969 = ORIENTED_EDGE ( 'NONE', *, *, #9389, .T. ) ;
#6970 = CARTESIAN_POINT ( 'NONE',  ( 98.64490477367988319, 9.215926533998748837, 155.7207980243059922 ) ) ;
#6971 = AXIS2_PLACEMENT_3D ( 'NONE', #1068, #5440, #1122 ) ;
#6972 = CIRCLE ( 'NONE', #1923, 12.90484428405759587 ) ;
#6973 = ADVANCED_FACE ( 'NONE', ( #8643 ), #3410, .T. ) ;
#6974 = CARTESIAN_POINT ( 'NONE',  ( -169.2986470720144894, 74.66344516436258516, 183.5644033698382600 ) ) ;
#6975 = DIRECTION ( 'NONE',  ( 0.000000000000000000, 0.000000000000000000, -1.000000000000000000 ) ) ;
#6976 = ORIENTED_EDGE ( 'NONE', *, *, #388, .T. ) ;
#6977 = ORIENTED_EDGE ( 'NONE', *, *, #2984, .T. ) ;
#6978 = CARTESIAN_POINT ( 'NONE',  ( -30.26300430297849786, 110.9465026855470029, 178.7207935539339871 ) ) ;
#6979 = ADVANCED_FACE ( 'NONE', ( #7826 ), #7004, .T. ) ;
#6980 = EDGE_CURVE ( 'NONE', #3216, #8751, #6149, .T. ) ;
#6981 = DIRECTION ( 'NONE',  ( 0.000000000000000000, 1.000000000000000000, 0.000000000000000000 ) ) ;
#6982 = CIRCLE ( 'NONE', #2847, 17.90484791500050221 ) ;
#6983 = FACE_OUTER_BOUND ( 'NONE', #1053, .T. ) ;
#6984 = VERTEX_POINT ( 'NONE', #6374 ) ;
#6985 = CARTESIAN_POINT ( 'NONE',  ( 43.09501647949219461, 88.02577972412109375, 133.7207935539339871 ) ) ;
#6986 = CARTESIAN_POINT ( 'NONE',  ( 200.0054568765750957, 82.84854455148813202, 183.7207935539340440 ) ) ;
#6987 = LINE ( 'NONE', #7895, #5494 ) ;
#6988 = ORIENTED_EDGE ( 'NONE', *, *, #5893, .T. ) ;
#6989 =( BOUNDED_CURVE ( )  B_SPLINE_CURVE ( 3, ( #693, #746, #4502, #8818 ),
 .UNSPECIFIED., .F., .T. ) 
 B_SPLINE_CURVE_WITH_KNOTS ( ( 4, 4 ),
 ( 1.095644813797951977, 1.570796326794895004 ),
 .UNSPECIFIED. ) 
 CURVE ( )  GEOMETRIC_REPRESENTATION_ITEM ( )  RATIONAL_B_SPLINE_CURVE ( ( 1.000000000000000000, 0.9812742460539120026, 0.9812742460539120026, 1.000000000000000000 ) ) 
 REPRESENTATION_ITEM ( '' )  );
#6990 = ORIENTED_EDGE ( 'NONE', *, *, #1457, .T. ) ;
#6991 = DIRECTION ( 'NONE',  ( -1.000000000000000000, 0.000000000000000000, 0.000000000000000000 ) ) ;
#6992 = DIRECTION ( 'NONE',  ( 1.000000000000000000, 0.000000000000000000, 0.000000000000000000 ) ) ;
#6993 = ORIENTED_EDGE ( 'NONE', *, *, #3551, .F. ) ;
#6994 = CARTESIAN_POINT ( 'NONE',  ( -62.68753156123731429, 110.9465026855470029, 183.7207935539340156 ) ) ;
#6995 = EDGE_LOOP ( 'NONE', ( #1099, #6836, #8949, #1342 ) ) ;
#6996 = CARTESIAN_POINT ( 'NONE',  ( -286.7694846024160142, 97.80763903398050729, 183.6145669827729989 ) ) ;
#6997 = LINE ( 'NONE', #9404, #3960 ) ;
#6998 = AXIS2_PLACEMENT_3D ( 'NONE', #8000, #1415, #6541 ) ;
#6999 = EDGE_LOOP ( 'NONE', ( #589, #7287, #5064, #2893 ) ) ;
#7000 = DIRECTION ( 'NONE',  ( -1.000000000000000000, 0.000000000000000000, 0.000000000000000000 ) ) ;
#7001 = CIRCLE ( 'NONE', #2869, 12.90484791500049511 ) ;
#7002 = CARTESIAN_POINT ( 'NONE',  ( -169.2988487268119968, 83.32439785370981156, 183.7207935539340156 ) ) ;
#7003 = ORIENTED_EDGE ( 'NONE', *, *, #4784, .F. ) ;
#7004 = CYLINDRICAL_SURFACE ( 'NONE', #1094, 5.000000000000001776 ) ;
#7005 = AXIS2_PLACEMENT_3D ( 'NONE', #474, #4267, #1145 ) ;
#7006 = DIRECTION ( 'NONE',  ( 3.073900420430730319E-15, 1.000000000000000000, 0.000000000000000000 ) ) ;
#7007 = ORIENTED_EDGE ( 'NONE', *, *, #936, .T. ) ;
#7008 = FACE_OUTER_BOUND ( 'NONE', #9007, .T. ) ;
#7009 = AXIS2_PLACEMENT_3D ( 'NONE', #7366, #17, #6588 ) ;
#7010 = DIRECTION ( 'NONE',  ( 1.000000000000000000, -2.688482178977768457E-16, 0.000000000000000000 ) ) ;
#7011 = DIRECTION ( 'NONE',  ( -1.000000000000000000, 2.125492551279555030E-17, -2.125492551279544861E-17 ) ) ;
#7012 = DIRECTION ( 'NONE',  ( 1.000000000000000000, 0.000000000000000000, 0.000000000000000000 ) ) ;
#7013 = ORIENTED_EDGE ( 'NONE', *, *, #3283, .F. ) ;
#7014 = EDGE_CURVE ( 'NONE', #5718, #5895, #6329, .T. ) ;
#7015 = ORIENTED_EDGE ( 'NONE', *, *, #4237, .F. ) ;
#7016 = CARTESIAN_POINT ( 'NONE',  ( -261.1789894103999359, 76.32125139236450195, 161.7207935539339871 ) ) ;
#7017 = AXIS2_PLACEMENT_3D ( 'NONE', #5407, #892, #1032 ) ;
#7018 = AXIS2_PLACEMENT_3D ( 'NONE', #149, #3901, #1782 ) ;
#7019 = ADVANCED_FACE ( 'NONE', ( #2836 ), #4844, .T. ) ;
#7020 = DIRECTION ( 'NONE',  ( -1.000000000000000000, 2.688482178977768457E-16, 0.000000000000000000 ) ) ;
#7021 = DIRECTION ( 'NONE',  ( 0.000000000000000000, 0.000000000000000000, -1.000000000000000000 ) ) ;
#7022 = VERTEX_POINT ( 'NONE', #4938 ) ;
#7023 = EDGE_CURVE ( 'NONE', #9169, #1786, #779, .T. ) ;
#7024 = ORIENTED_EDGE ( 'NONE', *, *, #5730, .F. ) ;
#7025 = CYLINDRICAL_SURFACE ( 'NONE', #7320, 12.90485382080079901 ) ;
#7026 = CARTESIAN_POINT ( 'NONE',  ( -30.26300430297849786, 93.04149627685561086, 178.7207935539339871 ) ) ;
#7027 = ORIENTED_EDGE ( 'NONE', *, *, #7788, .T. ) ;
#7028 = DIRECTION ( 'NONE',  ( 0.000000000000000000, -1.000000000000000000, 0.000000000000000000 ) ) ;
#7029 = LINE ( 'NONE', #354, #2498 ) ;
#7030 = AXIS2_PLACEMENT_3D ( 'NONE', #13, #8085, #5190 ) ;
#7031 = DIRECTION ( 'NONE',  ( 0.000000000000000000, -1.000000000000000000, 0.000000000000000000 ) ) ;
#7032 = EDGE_CURVE ( 'NONE', #1126, #4337, #4134, .T. ) ;
#7033 = ORIENTED_EDGE ( 'NONE', *, *, #8377, .T. ) ;
#7034 = VERTEX_POINT ( 'NONE', #7056 ) ;
#7035 = DIRECTION ( 'NONE',  ( 1.000000000000000000, -1.294835018885023861E-17, -1.294835018885023861E-17 ) ) ;
#7036 = CARTESIAN_POINT ( 'NONE',  ( -62.68753155976759928, 93.04149627685561086, 183.7207935539340156 ) ) ;
#7037 = CIRCLE ( 'NONE', #6563, 4.999999999999997335 ) ;
#7038 = AXIS2_PLACEMENT_3D ( 'NONE', #2998, #8752, #5095 ) ;
#7039 = DIRECTION ( 'NONE',  ( 1.000000000000000000, -6.425975681558509432E-17, 0.000000000000000000 ) ) ;
#7040 = ORIENTED_EDGE ( 'NONE', *, *, #5299, .F. ) ;
#7041 = DIRECTION ( 'NONE',  ( -1.000000000000000000, 0.000000000000000000, 0.000000000000000000 ) ) ;
#7042 = EDGE_LOOP ( 'NONE', ( #7205, #6489, #2470, #2142, #907 ) ) ;
#7043 = CARTESIAN_POINT ( 'NONE',  ( 287.9423118596724862, 118.5608753807499909, 157.8421138974935047 ) ) ;
#7044 = DIRECTION ( 'NONE',  ( 1.000000000000000000, 0.000000000000000000, 0.000000000000000000 ) ) ;
#7045 = VECTOR ( 'NONE', #7725, 1000.000000000000000 ) ;
#7046 = DIRECTION ( 'NONE',  ( 1.387778780781445281E-15, -0.7071067811865447972, 0.7071067811865503483 ) ) ;
#7047 = VERTEX_POINT ( 'NONE', #4802 ) ;
#7048 = EDGE_CURVE ( 'NONE', #5679, #1915, #7920, .T. ) ;
#7049 = EDGE_CURVE ( 'NONE', #3617, #7310, #9368, .T. ) ;
#7050 = CARTESIAN_POINT ( 'NONE',  ( -289.3508921655619588, 160.0000188689220124, 123.7207935539341150 ) ) ;
#7051 = VECTOR ( 'NONE', #4645, 1000.000000000000000 ) ;
#7052 = CARTESIAN_POINT ( 'NONE',  ( -96.44675636336651792, 137.1662594779263884, 182.9885605069005123 ) ) ;
#7053 = DIRECTION ( 'NONE',  ( 1.000000000000000000, -1.450581500941732014E-16, -1.450581500941725851E-16 ) ) ;
#7054 = ORIENTED_EDGE ( 'NONE', *, *, #2274, .T. ) ;
#7055 = CIRCLE ( 'NONE', #6735, 3.000000000000002665 ) ;
#7056 = CARTESIAN_POINT ( 'NONE',  ( 167.5982239441825072, 22.12077808833640091, 158.7207935539340156 ) ) ;
#7057 = VERTEX_POINT ( 'NONE', #4269 ) ;
#7058 = CARTESIAN_POINT ( 'NONE',  ( 38.07888031005860086, 22.12078094482420099, 155.7207935539340156 ) ) ;
#7059 = ADVANCED_FACE ( 'NONE', ( #7191 ), #611, .F. ) ;
#7060 = CARTESIAN_POINT ( 'NONE',  ( 166.9410000242277476, 80.24404338756725963, 183.6335920159968396 ) ) ;
#7061 = CARTESIAN_POINT ( 'NONE',  ( -261.1789894103999359, 45.44257173592409771, 159.5994732103745264 ) ) ;
#7062 = DIRECTION ( 'NONE',  ( -9.251858538542850737E-15, 1.000000000000000000, 0.000000000000000000 ) ) ;
#7063 = VERTEX_POINT ( 'NONE', #84 ) ;
#7064 = EDGE_LOOP ( 'NONE', ( #5772, #3909, #1410, #15, #3234, #9328 ) ) ;
#7065 = DIRECTION ( 'NONE',  ( 0.000000000000000000, 0.000000000000000000, -1.000000000000000000 ) ) ;
#7066 = CARTESIAN_POINT ( 'NONE',  ( -169.2988605385463359, 72.72473464238623819, 183.6362142254707521 ) ) ;
#7067 = DIRECTION ( 'NONE',  ( 0.000000000000000000, 0.000000000000000000, -1.000000000000000000 ) ) ;
#7068 = ORIENTED_EDGE ( 'NONE', *, *, #6365, .T. ) ;
#7069 = EDGE_LOOP ( 'NONE', ( #7200, #7141, #3541, #7598, #230, #2464 ) ) ;
#7070 = LINE ( 'NONE', #493, #9013 ) ;
#7071 = ADVANCED_FACE ( 'NONE', ( #2116 ), #2160, .T. ) ;
#7073 = ADVANCED_FACE ( 'NONE', ( #7279 ), #7967, .F. ) ;
#7072 = VECTOR ( 'NONE', #2201, 1000.000000000000000 ) ;
#7074 = EDGE_CURVE ( 'NONE', #6351, #4830, #5072, .T. ) ;
#7075 = FACE_OUTER_BOUND ( 'NONE', #6336, .T. ) ;
#7076 = DIRECTION ( 'NONE',  ( 1.000000000000000000, 0.000000000000000000, 0.000000000000000000 ) ) ;
#7077 = ORIENTED_EDGE ( 'NONE', *, *, #8706, .T. ) ;
#7078 = FACE_OUTER_BOUND ( 'NONE', #6397, .T. ) ;
#7079 = CARTESIAN_POINT ( 'NONE',  ( 80.65757751464849434, 58.61684799194339490, 178.7207935539339871 ) ) ;
#7080 = CARTESIAN_POINT ( 'NONE',  ( 115.5181150157410173, 76.52169227600100498, 183.6132091689500214 ) ) ;
#7081 = AXIS2_PLACEMENT_3D ( 'NONE', #8058, #2302, #5840 ) ;
#7082 = ORIENTED_EDGE ( 'NONE', *, *, #6681, .F. ) ;
#7083 = EDGE_CURVE ( 'NONE', #1481, #4045, #25, .T. ) ;
#7084 = ORIENTED_EDGE ( 'NONE', *, *, #1208, .T. ) ;
#7085 = DIRECTION ( 'NONE',  ( 0.000000000000000000, -1.000000000000000000, 0.000000000000000000 ) ) ;
#7086 = CARTESIAN_POINT ( 'NONE',  ( -146.1789941787719727, 115.8346203221669981, 181.2207935539339871 ) ) ;
#7087 = CARTESIAN_POINT ( 'NONE',  ( 150.3786849975589917, 9.215927124023428618, 158.7207935539340156 ) ) ;
#7088 = EDGE_LOOP ( 'NONE', ( #9238, #9231, #6990, #4639 ) ) ;
#7089 = CARTESIAN_POINT ( 'NONE',  ( -289.9572903793840055, 63.31315786500670129, 158.2856255094300195 ) ) ;
#7090 = CARTESIAN_POINT ( 'NONE',  ( -96.71296874174299774, 117.8685996535100031, 182.6743849957319981 ) ) ;
#7091 = DIRECTION ( 'NONE',  ( -1.000000000000000000, 2.688482178977768457E-16, 0.000000000000000000 ) ) ;
#7092 = LINE ( 'NONE', #7721, #9470 ) ;
#7093 = ORIENTED_EDGE ( 'NONE', *, *, #5371, .F. ) ;
#7094 = CARTESIAN_POINT ( 'NONE',  ( -40.43682098388670454, 35.02563476562500000, 135.7207935539339871 ) ) ;
#7095 = CARTESIAN_POINT ( 'NONE',  ( 132.3913249411490085, 76.52169227600100498, 178.7207935539339871 ) ) ;
#7096 = EDGE_CURVE ( 'NONE', #1823, #28, #4930, .T. ) ;
#7097 = CARTESIAN_POINT ( 'NONE',  ( -291.1789894104003906, 157.3691431105517893, 123.7207935539340866 ) ) ;
#7098 = VERTEX_POINT ( 'NONE', #8867 ) ;
#7099 = DIRECTION ( 'NONE',  ( 0.000000000000000000, -0.7071067811865447972, 0.7071067811865503483 ) ) ;
#7100 = CIRCLE ( 'NONE', #5098, 12.90484428405761008 ) ;
#7101 = CARTESIAN_POINT ( 'NONE',  ( 287.3835266170217437, 66.22187524063973285, 158.7211280589439468 ) ) ;
#7102 = CARTESIAN_POINT ( 'NONE',  ( -286.9861299235289493, 76.32125139236450195, 183.6552159306729948 ) ) ;
#7103 = FACE_OUTER_BOUND ( 'NONE', #1730, .T. ) ;
#7104 = CARTESIAN_POINT ( 'NONE',  ( 183.5030736399640148, 22.12077808833640091, 146.7207935539339871 ) ) ;
#7105 = VERTEX_POINT ( 'NONE', #4403 ) ;
#7106 = CIRCLE ( 'NONE', #966, 3.000000000000002665 ) ;
#7107 = ORIENTED_EDGE ( 'NONE', *, *, #6950, .T. ) ;
#7108 = CARTESIAN_POINT ( 'NONE',  ( 94.82099151611289756, 138.0740829037360129, 181.2207935539339871 ) ) ;
#7109 = AXIS2_PLACEMENT_3D ( 'NONE', #8272, #1695, #3179 ) ;
#7110 = DIRECTION ( 'NONE',  ( 1.226857419714852526E-08, 0.9999999999999998890, -2.150785706034684925E-15 ) ) ;
#7111 = ORIENTED_EDGE ( 'NONE', *, *, #4282, .F. ) ;
#7112 = EDGE_CURVE ( 'NONE', #6485, #4045, #5795, .T. ) ;
#7113 = CARTESIAN_POINT ( 'NONE',  ( -198.7659047478304899, 22.12077773400480041, 155.7207935539340156 ) ) ;
#7114 = DIRECTION ( 'NONE',  ( 1.000000000000000000, -4.362752391243199532E-16, 0.000000000000000000 ) ) ;
#7115 = FACE_OUTER_BOUND ( 'NONE', #7913, .T. ) ;
#7116 = CARTESIAN_POINT ( 'NONE',  ( -152.7366447448729900, 6.215927124023419736, 155.7207935539340156 ) ) ;
#7117 = AXIS2_PLACEMENT_3D ( 'NONE', #3248, #9000, #1711 ) ;
#7118 = ORIENTED_EDGE ( 'NONE', *, *, #8047, .T. ) ;
#7119 = MANIFOLD_SOLID_BREP ( 'NONE', #2552 ) ;
#7120 = CARTESIAN_POINT ( 'NONE',  ( 93.73929179534680145, 136.8167928041950177, 183.2795369371475260 ) ) ;
#7121 = EDGE_CURVE ( 'NONE', #2625, #4782, #3716, .T. ) ;
#7122 = DIRECTION ( 'NONE',  ( 0.000000000000000000, 0.000000000000000000, -1.000000000000000000 ) ) ;
#7123 = ORIENTED_EDGE ( 'NONE', *, *, #7427, .T. ) ;
#7124 = ORIENTED_EDGE ( 'NONE', *, *, #8098, .T. ) ;
#7125 = EDGE_LOOP ( 'NONE', ( #895, #5321, #3000, #6742 ) ) ;
#7126 = CARTESIAN_POINT ( 'NONE',  ( 150.3786849975589917, 58.61684799194339490, 183.7207935539340156 ) ) ;
#7127 = CIRCLE ( 'NONE', #8363, 12.90485382080080967 ) ;
#7128 = CARTESIAN_POINT ( 'NONE',  ( -290.9393059112739479, 71.92407733555964455, 157.7853272191205747 ) ) ;
#7129 = DIRECTION ( 'NONE',  ( 1.000000000000000000, -3.073900420430730319E-15, 0.000000000000000000 ) ) ;
#7130 = VERTEX_POINT ( 'NONE', #1426 ) ;
#7131 = FACE_OUTER_BOUND ( 'NONE', #5404, .T. ) ;
#7132 = DIRECTION ( 'NONE',  ( 0.000000000000000000, 0.000000000000000000, -1.000000000000000000 ) ) ;
#7133 = EDGE_CURVE ( 'NONE', #5148, #6068, #8152, .T. ) ;
#7134 = CARTESIAN_POINT ( 'NONE',  ( 94.35497084745580310, 117.8685996535100031, 182.6743849957319981 ) ) ;
#7135 = AXIS2_PLACEMENT_3D ( 'NONE', #5101, #1613, #5244 ) ;
#7136 = DIRECTION ( 'NONE',  ( 1.000000000000000000, -3.212987840779259646E-17, -3.212987840779249169E-17 ) ) ;
#7137 = ORIENTED_EDGE ( 'NONE', *, *, #3091, .T. ) ;
#7138 = DIRECTION ( 'NONE',  ( -0.9999999999999994449, -3.520767175307588146E-08, 2.351997618675474331E-16 ) ) ;
#7139 = DIRECTION ( 'NONE',  ( 0.000000000000000000, 0.000000000000000000, -1.000000000000000000 ) ) ;
#7140 = DIRECTION ( 'NONE',  ( 0.000000000000000000, 0.000000000000000000, 1.000000000000000000 ) ) ;
#7141 = ORIENTED_EDGE ( 'NONE', *, *, #1951, .T. ) ;
#7142 = CARTESIAN_POINT ( 'NONE',  ( -289.1789920717250197, 160.0000186157149926, 123.7207935539339871 ) ) ;
#7143 = CIRCLE ( 'NONE', #2407, 12.90484428405758166 ) ;
#7144 = ADVANCED_FACE ( 'NONE', ( #6557 ), #7386, .T. ) ;
#7145 = ADVANCED_FACE ( 'NONE', ( #3693 ), #35, .T. ) ;
#7146 = DIRECTION ( 'NONE',  ( 1.000000000000000000, -1.835214905568969478E-16, 0.000000000000000000 ) ) ;
#7147 = LINE ( 'NONE', #9323, #4274 ) ;
#7148 = CARTESIAN_POINT ( 'NONE',  ( -30.26300430297849786, 123.8515090942380112, 143.7207935539339871 ) ) ;
#7149 = CARTESIAN_POINT ( 'NONE',  ( 287.3565254220459906, 74.74094335415090029, 182.2563274598670091 ) ) ;
#7150 = ORIENTED_EDGE ( 'NONE', *, *, #6315, .T. ) ;
#7151 = ORIENTED_EDGE ( 'NONE', *, *, #6889, .F. ) ;
#7152 = DIRECTION ( 'NONE',  ( 1.000000000000000000, 0.000000000000000000, 0.000000000000000000 ) ) ;
#7153 = CIRCLE ( 'NONE', #5469, 4.999999999999997335 ) ;
#7154 = FACE_OUTER_BOUND ( 'NONE', #4457, .T. ) ;
#7155 = ORIENTED_EDGE ( 'NONE', *, *, #7915, .T. ) ;
#7156 = DIRECTION ( 'NONE',  ( 1.000000000000000000, 1.330029643857320093E-15, -6.325859294973950566E-16 ) ) ;
#7157 = DIRECTION ( 'NONE',  ( 0.000000000000000000, 0.000000000000000000, -1.000000000000000000 ) ) ;
#7158 = ADVANCED_FACE ( 'NONE', ( #5161 ), #3100, .T. ) ;
#7159 = CARTESIAN_POINT ( 'NONE',  ( 89.65124114416470036, 22.12077759886850004, 142.8159399372311782 ) ) ;
#7160 = CIRCLE ( 'NONE', #565, 12.90485382080079901 ) ;
#7161 = CARTESIAN_POINT ( 'NONE',  ( 94.82099151611289756, 138.0740829037360129, 181.2207935539339871 ) ) ;
#7162 = EDGE_LOOP ( 'NONE', ( #4651, #6659, #5399, #776, #4637 ) ) ;
#7163 = DIRECTION ( 'NONE',  ( 1.000000000000000000, -3.073900420430730319E-15, 0.000000000000000000 ) ) ;
#7164 = CYLINDRICAL_SURFACE ( 'NONE', #2437, 2.999999999999997780 ) ;
#7165 = EDGE_LOOP ( 'NONE', ( #3775, #5184, #1863, #1009 ) ) ;
#7166 = VECTOR ( 'NONE', #3451, 1000.000000000000000 ) ;
#7167 = ADVANCED_FACE ( 'NONE', ( #800 ), #3117, .T. ) ;
#7168 = ORIENTED_EDGE ( 'NONE', *, *, #7264, .T. ) ;
#7169 = EDGE_LOOP ( 'NONE', ( #3390, #3711, #6219, #4248 ) ) ;
#7170 = DIRECTION ( 'NONE',  ( -5.897598525349479809E-18, -1.000000000000000000, 0.000000000000000000 ) ) ;
#7171 = CARTESIAN_POINT ( 'NONE',  ( 216.5078370686659923, 63.61684799194339490, 158.7207935539340156 ) ) ;
#7172 = DIRECTION ( 'NONE',  ( 1.000000000000000000, -4.362752391243199532E-16, 0.000000000000000000 ) ) ;
#7173 = VERTEX_POINT ( 'NONE', #6897 ) ;
#7174 = CARTESIAN_POINT ( 'NONE',  ( -288.9094623118450045, 64.37529144541990433, 160.4291102422560016 ) ) ;
#7175 = DIRECTION ( 'NONE',  ( 1.000000000000000000, -8.601340485944210462E-16, 0.000000000000000000 ) ) ;
#7176 = FACE_OUTER_BOUND ( 'NONE', #5007, .T. ) ;
#7177 = DIRECTION ( 'NONE',  ( -1.226857608440687559E-08, 1.000000000000000000, 0.000000000000000000 ) ) ;
#7178 = AXIS2_PLACEMENT_3D ( 'NONE', #7498, #3855, #4661 ) ;
#7179 = EDGE_CURVE ( 'NONE', #8477, #5951, #3619, .T. ) ;
#7180 = ORIENTED_EDGE ( 'NONE', *, *, #3329, .T. ) ;
#7181 = VECTOR ( 'NONE', #5073, 1000.000000000000000 ) ;
#7182 = EDGE_CURVE ( 'NONE', #7934, #5468, #2398, .T. ) ;
#7183 = DIRECTION ( 'NONE',  ( 1.000000000000000000, 0.000000000000000000, 0.000000000000000000 ) ) ;
#7184 = DIRECTION ( 'NONE',  ( 0.000000000000000000, 0.000000000000000000, -1.000000000000000000 ) ) ;
#7185 = EDGE_CURVE ( 'NONE', #8551, #4114, #4028, .T. ) ;
#7186 = EDGE_CURVE ( 'NONE', #1823, #4566, #3210, .T. ) ;
#7187 = CARTESIAN_POINT ( 'NONE',  ( 283.8209915161129970, 98.12645358182608391, 183.4183728604210160 ) ) ;
#7188 = VECTOR ( 'NONE', #3736, 1000.000000000000000 ) ;
#7189 = ORIENTED_EDGE ( 'NONE', *, *, #8020, .F. ) ;
#7190 = EDGE_CURVE ( 'NONE', #5154, #5644, #8323, .T. ) ;
#7191 = FACE_OUTER_BOUND ( 'NONE', #1176, .T. ) ;
#7192 = TOROIDAL_SURFACE ( 'NONE', #9353, 17.90484428405759942, 5.000000000000000000 ) ;
#7193 = DIRECTION ( 'NONE',  ( 1.000000000000000000, 0.000000000000000000, 0.000000000000000000 ) ) ;
#7194 = AXIS2_PLACEMENT_3D ( 'NONE', #1961, #7814, #1236 ) ;
#7195 = ADVANCED_FACE ( 'NONE', ( #9016 ), #889, .T. ) ;
#7196 = CARTESIAN_POINT ( 'NONE',  ( -134.7493367092509970, 76.52169227600100498, 178.7207935539339871 ) ) ;
#7197 = AXIS2_PLACEMENT_3D ( 'NONE', #731, #2146, #639 ) ;
#7198 = FACE_OUTER_BOUND ( 'NONE', #7848, .T. ) ;
#7199 = CARTESIAN_POINT ( 'NONE',  ( 150.3786849975589917, 22.12078094482420099, 158.7207935539340156 ) ) ;
#7200 = ORIENTED_EDGE ( 'NONE', *, *, #1936, .F. ) ;
#7201 = VERTEX_POINT ( 'NONE', #1675 ) ;
#7202 = CARTESIAN_POINT ( 'NONE',  ( -101.0029031638499930, 38.02563291343300023, 158.7207935539340156 ) ) ;
#7203 = AXIS2_PLACEMENT_3D ( 'NONE', #3040, #7502, #6050 ) ;
#7204 = DIRECTION ( 'NONE',  ( 1.000000000000000000, -2.688482178977768457E-16, 0.000000000000000000 ) ) ;
#7205 = ORIENTED_EDGE ( 'NONE', *, *, #7304, .F. ) ;
#7206 = CARTESIAN_POINT ( 'NONE',  ( 283.8209915161129970, 96.89302241451059672, 183.7207935539340156 ) ) ;
#7207 = CARTESIAN_POINT ( 'NONE',  ( -202.3633822340635220, 80.08356273014334192, 183.6151135876326634 ) ) ;
#7208 = EDGE_CURVE ( 'NONE', #4045, #9225, #8202, .T. ) ;
#7209 = LINE ( 'NONE', #3568, #1524 ) ;
#7210 = DIRECTION ( 'NONE',  ( 1.000000000000000000, -1.159224734824832040E-17, -1.159224734824836046E-17 ) ) ;
#7211 = ORIENTED_EDGE ( 'NONE', *, *, #1878, .T. ) ;
#7212 = ADVANCED_FACE ( 'NONE', ( #3838 ), #5305, .T. ) ;
#7213 = DIRECTION ( 'NONE',  ( -1.000000000000000000, -5.480868912904819410E-16, 0.000000000000000000 ) ) ;
#7214 = LINE ( 'NONE', #4293, #3818 ) ;
#7215 = EDGE_LOOP ( 'NONE', ( #8435, #4644, #546, #2575 ) ) ;
#7216 = VERTEX_POINT ( 'NONE', #7673 ) ;
#7217 = AXIS2_PLACEMENT_3D ( 'NONE', #2158, #650, #5025 ) ;
#7218 = CARTESIAN_POINT ( 'NONE',  ( -152.7366433896910110, 94.42653656005860796, 178.7207935539339871 ) ) ;
#7219 = CIRCLE ( 'NONE', #7836, 4.999999999999997335 ) ;
#7220 = EDGE_CURVE ( 'NONE', #1897, #4526, #6126, .T. ) ;
#7221 = CARTESIAN_POINT ( 'NONE',  ( -92.00923903845171026, 22.12077983405490045, 155.7207935539340156 ) ) ;
#7222 = ORIENTED_EDGE ( 'NONE', *, *, #675, .T. ) ;
#7223 = DIRECTION ( 'NONE',  ( 0.000000000000000000, 0.000000000000000000, 1.000000000000000000 ) ) ;
#7224 = CARTESIAN_POINT ( 'NONE',  ( -80.59253796992869923, 110.9465026855470029, 183.7207935539340156 ) ) ;
#7225 = CIRCLE ( 'NONE', #8149, 17.90500640869139559 ) ;
#7226 = CARTESIAN_POINT ( 'NONE',  ( 287.7996303460039940, 64.65425822670118805, 158.0397763783719824 ) ) ;
#7227 = CIRCLE ( 'NONE', #9073, 12.90484428405759587 ) ;
#7228 = AXIS2_PLACEMENT_3D ( 'NONE', #6854, #4749, #186 ) ;
#7229 = DIRECTION ( 'NONE',  ( 0.000000000000000000, 0.000000000000000000, -1.000000000000000000 ) ) ;
#7230 = VERTEX_POINT ( 'NONE', #1031 ) ;
#7231 = ORIENTED_EDGE ( 'NONE', *, *, #457, .F. ) ;
#7232 = EDGE_CURVE ( 'NONE', #9076, #4480, #5852, .T. ) ;
#7233 = CARTESIAN_POINT ( 'NONE',  ( 38.07888031005860086, 6.215927124023390427, 155.7207935539340156 ) ) ;
#7234 = CARTESIAN_POINT ( 'NONE',  ( 194.8209915161128265, 118.5318284406266827, 181.7463431772705462 ) ) ;
#7235 =( BOUNDED_CURVE ( )  B_SPLINE_CURVE ( 3, ( #2029, #7924, #481, #8646 ),
 .UNSPECIFIED., .F., .T. ) 
 B_SPLINE_CURVE_WITH_KNOTS ( ( 4, 4 ),
 ( 3.762085954390599785, 3.926990816987240063 ),
 .UNSPECIFIED. ) 
 CURVE ( )  GEOMETRIC_REPRESENTATION_ITEM ( )  RATIONAL_B_SPLINE_CURVE ( ( 1.000000000000000000, 0.9977351490747969898, 0.9977351490747969898, 1.000000000000000000 ) ) 
 REPRESENTATION_ITEM ( '' )  );
#7236 = FILL_AREA_STYLE_COLOUR ( '', #327 ) ;
#7237 = DIRECTION ( 'NONE',  ( 0.000000000000000000, 0.000000000000000000, 1.000000000000000000 ) ) ;
#7238 = EDGE_CURVE ( 'NONE', #678, #1792, #179, .T. ) ;
#7239 = VERTEX_POINT ( 'NONE', #6946 ) ;
#7240 = CYLINDRICAL_SURFACE ( 'NONE', #4809, 5.000000000000007105 ) ;
#7241 = CARTESIAN_POINT ( 'NONE',  ( -101.0028839111329972, 62.15238189787610423, 182.2563274598670091 ) ) ;
#7242 = CARTESIAN_POINT ( 'NONE',  ( 287.3565254220459906, 76.32125139236430300, 182.2563274598670091 ) ) ;
#7243 = CARTESIAN_POINT ( 'NONE',  ( -291.1781275823350370, 75.10516083515959451, 156.2429388407900319 ) ) ;
#7244 = ORIENTED_EDGE ( 'NONE', *, *, #7805, .T. ) ;
#7245 = ORIENTED_EDGE ( 'NONE', *, *, #5563, .F. ) ;
#7246 = CARTESIAN_POINT ( 'NONE',  ( -196.4467563633664895, 98.66131964795501119, 182.9885605069005123 ) ) ;
#7247 = CYLINDRICAL_SURFACE ( 'NONE', #3093, 12.90484428405759587 ) ;
#7248 = AXIS2_PLACEMENT_3D ( 'NONE', #5501, #548, #1810 ) ;
#7249 = DIRECTION ( 'NONE',  ( 0.9999999999998038236, 6.264543342109938952E-07, 2.757285805449409456E-21 ) ) ;
#7250 = EDGE_LOOP ( 'NONE', ( #1309, #7377, #9492, #4513, #6309, #5927, #7756 ) ) ;
#7251 = CARTESIAN_POINT ( 'NONE',  ( 39.73928928375249825, 94.42653656005860796, 178.7207935539339871 ) ) ;
#7252 = DIRECTION ( 'NONE',  ( 1.000000000000000000, -9.747022401918829411E-18, 0.000000000000000000 ) ) ;
#7253 = AXIS2_PLACEMENT_3D ( 'NONE', #2402, #4554, #6937 ) ;
#7254 = CARTESIAN_POINT ( 'NONE',  ( 98.64489001653309685, 22.12077956539260271, 155.7207935539340156 ) ) ;
#7255 = DIRECTION ( 'NONE',  ( 0.000000000000000000, -0.7071067811865453523, 0.7071067811865495711 ) ) ;
#7256 = ORIENTED_EDGE ( 'NONE', *, *, #5726, .F. ) ;
#7257 = EDGE_CURVE ( 'NONE', #5261, #9458, #5406, .T. ) ;
#7258 = AXIS2_PLACEMENT_3D ( 'NONE', #9326, #617, #6427 ) ;
#7259 = FACE_OUTER_BOUND ( 'NONE', #3671, .T. ) ;
#7260 = DIRECTION ( 'NONE',  ( 0.000000000000000000, 0.000000000000000000, -1.000000000000000000 ) ) ;
#7261 = ORIENTED_EDGE ( 'NONE', *, *, #8314, .T. ) ;
#7262 = ORIENTED_EDGE ( 'NONE', *, *, #3360, .F. ) ;
#7263 = DIRECTION ( 'NONE',  ( 0.000000000000000000, 0.000000000000000000, -1.000000000000000000 ) ) ;
#7264 = EDGE_CURVE ( 'NONE', #8806, #577, #6744, .T. ) ;
#7265 = EDGE_CURVE ( 'NONE', #2971, #2600, #795, .T. ) ;
#7266 = LINE ( 'NONE', #8138, #2616 ) ;
#7267 = ORIENTED_EDGE ( 'NONE', *, *, #1109, .F. ) ;
#7268 = CARTESIAN_POINT ( 'NONE',  ( -218.8657760620120314, 76.52169227600100498, 178.7207935539339871 ) ) ;
#7269 = FACE_OUTER_BOUND ( 'NONE', #2245, .T. ) ;
#7270 = CARTESIAN_POINT ( 'NONE',  ( 18.44994068145760124, 6.215927124023430395, 155.7207935539340156 ) ) ;
#7271 = TOROIDAL_SURFACE ( 'NONE', #4824, 17.90484428405759942, 5.000000000000000000 ) ;
#7272 = CARTESIAN_POINT ( 'NONE',  ( -40.43682098388680402, 22.12078094482420099, 135.7207935539339871 ) ) ;
#7273 = ORIENTED_EDGE ( 'NONE', *, *, #6546, .F. ) ;
#7274 = ORIENTED_EDGE ( 'NONE', *, *, #7048, .F. ) ;
#7275 = DIRECTION ( 'NONE',  ( 0.000000000000000000, -1.000000000000000000, 0.000000000000000000 ) ) ;
#7276 = DIRECTION ( 'NONE',  ( 0.000000000000000000, 0.000000000000000000, -1.000000000000000000 ) ) ;
#7277 = CARTESIAN_POINT ( 'NONE',  ( -261.1789894103999359, 51.32125139236450195, 183.7207935539340156 ) ) ;
#7278 = VECTOR ( 'NONE', #7021, 1000.000000000000000 ) ;
#7279 = FACE_OUTER_BOUND ( 'NONE', #2129, .T. ) ;
#7280 = CARTESIAN_POINT ( 'NONE',  ( 287.0055761634810096, 63.00768264190810442, 158.7332668246909861 ) ) ;
#7281 = ORIENTED_EDGE ( 'NONE', *, *, #5197, .T. ) ;
#7282 = CARTESIAN_POINT ( 'NONE',  ( 43.09501647949219461, 62.21578598022459516, 178.7207935539339871 ) ) ;
#7283 = ADVANCED_FACE ( 'NONE', ( #2781 ), #8211, .F. ) ;
#7284 = CARTESIAN_POINT ( 'NONE',  ( -146.1789941787719727, 43.32125139236440248, 161.7207935539339871 ) ) ;
#7285 = CYLINDRICAL_SURFACE ( 'NONE', #2229, 2.500000000000003109 ) ;
#7286 = CARTESIAN_POINT ( 'NONE',  ( -291.1789894103999927, 76.32125139236450195, 155.7207935539340156 ) ) ;
#7287 = ORIENTED_EDGE ( 'NONE', *, *, #3438, .F. ) ;
#7288 = EDGE_LOOP ( 'NONE', ( #1756, #6935, #4175, #3859, #2819, #6241, #7792 ) ) ;
#7289 = CARTESIAN_POINT ( 'NONE',  ( -244.3776885828069965, 76.52169227600100498, 150.7207935539340156 ) ) ;
#7290 = CARTESIAN_POINT ( 'NONE',  ( 166.2835388183600003, 22.12078094482420099, 155.7207935539340156 ) ) ;
#7291 = CARTESIAN_POINT ( 'NONE',  ( -117.8760572797130948, 73.57897484574442615, 183.6600103946974514 ) ) ;
#7292 = VERTEX_POINT ( 'NONE', #4883 ) ;
#7293 = CARTESIAN_POINT ( 'NONE',  ( 132.3913192749020027, 22.12078094482420099, 155.7207935539340156 ) ) ;
#7294 = VECTOR ( 'NONE', #8675, 1000.000000000000000 ) ;
#7295 = CARTESIAN_POINT ( 'NONE',  ( -288.8721577955325301, 61.19126136786324821, 158.7228953534339553 ) ) ;
#7296 = ORIENTED_EDGE ( 'NONE', *, *, #5265, .T. ) ;
#7297 = EDGE_CURVE ( 'NONE', #1454, #8144, #8952, .T. ) ;
#7298 = CARTESIAN_POINT ( 'NONE',  ( 166.9408759701912857, 70.33035472880234806, 183.7207935539340156 ) ) ;
#7299 = DIRECTION ( 'NONE',  ( 0.000000000000000000, -0.7071067811865499042, 0.7071067811865451302 ) ) ;
#7300 = VERTEX_POINT ( 'NONE', #4929 ) ;
#7301 = EDGE_CURVE ( 'NONE', #6812, #7098, #6620, .T. ) ;
#7302 = EDGE_CURVE ( 'NONE', #8801, #2619, #4939, .T. ) ;
#7303 = CIRCLE ( 'NONE', #4393, 3.000000000000002665 ) ;
#7304 = EDGE_CURVE ( 'NONE', #4305, #1820, #7547, .T. ) ;
#7305 = CARTESIAN_POINT ( 'NONE',  ( -134.7493367092509970, 76.52169227600100498, 148.7207935539339871 ) ) ;
#7306 = VECTOR ( 'NONE', #8884, 1000.000000000000000 ) ;
#7307 = DIRECTION ( 'NONE',  ( -2.775557561562890562E-15, -0.7071067811865447972, 0.7071067811865503483 ) ) ;
#7308 = CIRCLE ( 'NONE', #5630, 3.000000000000002665 ) ;
#7309 = EDGE_LOOP ( 'NONE', ( #8324, #4361, #3174, #2018 ) ) ;
#7310 = VERTEX_POINT ( 'NONE', #468 ) ;
#7311 = DIRECTION ( 'NONE',  ( -1.000000000000000000, 0.000000000000000000, 0.000000000000000000 ) ) ;
#7312 = CIRCLE ( 'NONE', #3184, 5.000000000000004441 ) ;
#7313 = CARTESIAN_POINT ( 'NONE',  ( -152.7366433896910110, 62.15238189787610423, 182.2563274598670091 ) ) ;
#7314 = ORIENTED_EDGE ( 'NONE', *, *, #3150, .F. ) ;
#7315 = CARTESIAN_POINT ( 'NONE',  ( -76.95782116841721177, 94.42653656005850848, 183.7207935539340156 ) ) ;
#7316 = DIRECTION ( 'NONE',  ( 1.000000000000000000, -1.450581500941730042E-16, -1.450581500941730042E-16 ) ) ;
#7317 = EDGE_CURVE ( 'NONE', #1189, #4305, #1728, .T. ) ;
#7318 = FACE_OUTER_BOUND ( 'NONE', #4859, .T. ) ;
#7319 = AXIS2_PLACEMENT_3D ( 'NONE', #6800, #7575, #3934 ) ;
#7320 = AXIS2_PLACEMENT_3D ( 'NONE', #4910, #7747, #7936 ) ;
#7321 = CARTESIAN_POINT ( 'NONE',  ( -83.01555633544920454, 76.52169227600100498, 183.7207935539340156 ) ) ;
#7322 = VERTEX_POINT ( 'NONE', #514 ) ;
#7323 = EDGE_LOOP ( 'NONE', ( #4196, #1409, #5979, #4843, #4961, #1303 ) ) ;
#7324 = CARTESIAN_POINT ( 'NONE',  ( 216.5078353881840201, 35.90431442206534740, 157.8421138974935047 ) ) ;
#7325 = CIRCLE ( 'NONE', #5944, 15.90485382080081322 ) ;
#7326 = AXIS2_PLACEMENT_3D ( 'NONE', #2271, #4426, #2181 ) ;
#7327 = CARTESIAN_POINT ( 'NONE',  ( 194.6605446213450250, 118.1741734273990687, 182.2468021671475071 ) ) ;
#7328 = CARTESIAN_POINT ( 'NONE',  ( -291.1789894103999927, 156.4021854306319881, 123.7207935539339871 ) ) ;
#7329 = EDGE_CURVE ( 'NONE', #1823, #1781, #5396, .T. ) ;
#7330 = CARTESIAN_POINT ( 'NONE',  ( 20.95800876617440167, 57.21578598022460227, 178.7207935539339871 ) ) ;
#7331 = CARTESIAN_POINT ( 'NONE',  ( 288.0902209916540073, 69.74005044511349638, 158.7207935532600231 ) ) ;
#7332 = AXIS2_PLACEMENT_3D ( 'NONE', #8844, #3042, #9042 ) ;
#7333 = ADVANCED_FACE ( 'NONE', ( #3488 ), #2339, .T. ) ;
#7334 = VERTEX_POINT ( 'NONE', #9357 ) ;
#7335 = DIRECTION ( 'NONE',  ( -1.000000000000000000, 1.110223024625154016E-14, 0.000000000000000000 ) ) ;
#7336 = DIRECTION ( 'NONE',  ( 0.000000000000000000, 0.000000000000000000, -1.000000000000000000 ) ) ;
#7337 = AXIS2_PLACEMENT_3D ( 'NONE', #4805, #7780, #1338 ) ;
#7338 = CARTESIAN_POINT ( 'NONE',  ( 267.5316238403320312, 9.215927124023419736, 158.7207935539340156 ) ) ;
#7339 = CARTESIAN_POINT ( 'NONE',  ( -290.4527344591400038, 66.56943417498450799, 157.6952434444589812 ) ) ;
#7340 = ORIENTED_EDGE ( 'NONE', *, *, #1019, .F. ) ;
#7341 = AXIS2_PLACEMENT_3D ( 'NONE', #1871, #1677, #2594 ) ;
#7342 = EDGE_LOOP ( 'NONE', ( #8099, #5842, #6304, #4541 ) ) ;
#7343 = CARTESIAN_POINT ( 'NONE',  ( 198.6029927857464941, 76.52169227600100498, 178.7207935539339871 ) ) ;
#7344 = CIRCLE ( 'NONE', #3215, 30.00000000000000711 ) ;
#7345 = DIRECTION ( 'NONE',  ( -1.000000000000000000, 1.110223024625156067E-14, 0.000000000000000000 ) ) ;
#7346 = AXIS2_PLACEMENT_3D ( 'NONE', #3881, #8245, #3111 ) ;
#7347 = FACE_OUTER_BOUND ( 'NONE', #3383, .T. ) ;
#7348 = EDGE_LOOP ( 'NONE', ( #8926, #7977, #2441, #3188 ) ) ;
#7349 = AXIS2_PLACEMENT_3D ( 'NONE', #8909, #2432, #2336 ) ;
#7350 = CARTESIAN_POINT ( 'NONE',  ( -20.80790996551509764, 35.02563476562500000, 155.7207935539340156 ) ) ;
#7351 = VERTEX_POINT ( 'NONE', #5652 ) ;
#7352 = CARTESIAN_POINT ( 'NONE',  ( -289.3779028445669610, 64.15600475355616084, 158.7222416202953639 ) ) ;
#7353 = ORIENTED_EDGE ( 'NONE', *, *, #2261, .F. ) ;
#7354 = DIRECTION ( 'NONE',  ( 0.000000000000000000, 0.000000000000000000, -1.000000000000000000 ) ) ;
#7355 = DIRECTION ( 'NONE',  ( 4.198320626516440568E-15, 3.464102061753039993E-07, 0.9999999999999400480 ) ) ;
#7356 = AXIS2_PLACEMENT_3D ( 'NONE', #5651, #8585, #3487 ) ;
#7357 = CYLINDRICAL_SURFACE ( 'NONE', #4905, 3.000000000000003997 ) ;
#7358 = ORIENTED_EDGE ( 'NONE', *, *, #3730, .F. ) ;
#7359 = CIRCLE ( 'NONE', #3230, 12.90484428405759587 ) ;
#7360 = CARTESIAN_POINT ( 'NONE',  ( -269.8896011046559806, 89.42653656005859375, 158.7207935539340156 ) ) ;
#7361 = CARTESIAN_POINT ( 'NONE',  ( 119.4864654541012072, 22.12078094482420099, 155.7207935539340156 ) ) ;
#7362 = VERTEX_POINT ( 'NONE', #2060 ) ;
#7363 = ORIENTED_EDGE ( 'NONE', *, *, #3221, .T. ) ;
#7364 = ADVANCED_FACE ( 'NONE', ( #7176 ), #636, .T. ) ;
#7365 = ADVANCED_FACE ( 'NONE', ( #687 ), #1569, .T. ) ;
#7366 = CARTESIAN_POINT ( 'NONE',  ( -167.9562080848535004, 76.52168743035018394, 178.7207935539339871 ) ) ;
#7367 = SHAPE_DEFINITION_REPRESENTATION ( #1704, #5991 ) ;
#7368 = DIRECTION ( 'NONE',  ( 2.150785777198151406E-15, -1.732051036371922851E-07, -0.9999999999999850120 ) ) ;
#7369 = EDGE_LOOP ( 'NONE', ( #4250, #172, #1078, #5749 ) ) ;
#7370 = DIRECTION ( 'NONE',  ( 0.000000000000000000, 0.000000000000000000, -1.000000000000000000 ) ) ;
#7371 = CARTESIAN_POINT ( 'NONE',  ( -152.7366433896910110, 89.42653656005859375, 178.7207935539339871 ) ) ;
#7372 = CARTESIAN_POINT ( 'NONE',  ( 286.9920530923670299, 65.28445837056659684, 159.1032202926450054 ) ) ;
#7373 = EDGE_CURVE ( 'NONE', #6548, #4846, #4603, .T. ) ;
#7374 = TOROIDAL_SURFACE ( 'NONE', #6300, 17.90484428405769535, 5.000000000000000000 ) ;
#7375 = CARTESIAN_POINT ( 'NONE',  ( 287.9423118596724862, 0.8786796564403590581, 157.8421138974935047 ) ) ;
#7376 = AXIS2_PLACEMENT_3D ( 'NONE', #7929, #7152, #533 ) ;
#7377 = ORIENTED_EDGE ( 'NONE', *, *, #5853, .T. ) ;
#7378 = ORIENTED_EDGE ( 'NONE', *, *, #1166, .T. ) ;
#7379 = ORIENTED_EDGE ( 'NONE', *, *, #6473, .T. ) ;
#7380 = CARTESIAN_POINT ( 'NONE',  ( -269.8896011046559806, 63.61684799194339490, 158.7207935539340156 ) ) ;
#7381 = DIRECTION ( 'NONE',  ( -3.204767493763339901E-16, 1.000000000000000000, 3.204767493763339901E-16 ) ) ;
#7382 = CIRCLE ( 'NONE', #3250, 17.90484428405758521 ) ;
#7383 = DIRECTION ( 'NONE',  ( 0.000000000000000000, 0.000000000000000000, -1.000000000000000000 ) ) ;
#7384 =( GEOMETRIC_REPRESENTATION_CONTEXT ( 3 ) GLOBAL_UNCERTAINTY_ASSIGNED_CONTEXT ( ( #1701 ) ) GLOBAL_UNIT_ASSIGNED_CONTEXT ( ( #4455, #2203, #9499 ) ) REPRESENTATION_CONTEXT ( 'NONE', 'WORKASPACE' ) );
#7385 = EDGE_CURVE ( 'NONE', #492, #5588, #2605, .T. ) ;
#7386 = CYLINDRICAL_SURFACE ( 'NONE', #4629, 5.000000000000007105 ) ;
#7387 = CARTESIAN_POINT ( 'NONE',  ( 288.4190677276609449, 69.08193035038840435, 157.2207935535969909 ) ) ;
#7388 = ORIENTED_EDGE ( 'NONE', *, *, #7716, .T. ) ;
#7389 = DIRECTION ( 'NONE',  ( 0.000000000000000000, 0.000000000000000000, -1.000000000000000000 ) ) ;
#7390 = AXIS2_PLACEMENT_3D ( 'NONE', #5744, #8764, #8718 ) ;
#7391 = FACE_BOUND ( 'NONE', #7587, .T. ) ;
#7392 = ADVANCED_FACE ( 'NONE', ( #7318 ), #5017, .T. ) ;
#7393 = EDGE_CURVE ( 'NONE', #2459, #8788, #8095, .T. ) ;
#7394 = CARTESIAN_POINT ( 'NONE',  ( 98.64490509033210230, 63.61684799194339490, 153.7207935539340156 ) ) ;
#7395 = CARTESIAN_POINT ( 'NONE',  ( -291.1780912337169980, 75.06522927976550363, 156.1492382081240180 ) ) ;
#7396 = ORIENTED_EDGE ( 'NONE', *, *, #3551, .T. ) ;
#7397 = DIRECTION ( 'NONE',  ( 0.000000000000000000, 0.000000000000000000, 1.000000000000000000 ) ) ;
#7398 = DIRECTION ( 'NONE',  ( 1.000000000000000000, 0.000000000000000000, 0.000000000000000000 ) ) ;
#7399 = CARTESIAN_POINT ( 'NONE',  ( 287.3715242252919779, 98.96093578246220090, 182.2709217018240224 ) ) ;
#7400 = ORIENTED_EDGE ( 'NONE', *, *, #5069, .F. ) ;
#7401 = CIRCLE ( 'NONE', #3269, 25.00000000000000000 ) ;
#7402 = LINE ( 'NONE', #3807, #7306 ) ;
#7403 = ORIENTED_EDGE ( 'NONE', *, *, #1097, .T. ) ;
#7404 = CARTESIAN_POINT ( 'NONE',  ( -290.4482188859699932, 69.74005044523980246, 158.7207935535700187 ) ) ;
#7405 = ORIENTED_EDGE ( 'NONE', *, *, #6546, .T. ) ;
#7406 = CARTESIAN_POINT ( 'NONE',  ( 133.1763124465940109, 6.215927124023430395, 155.7207935539340156 ) ) ;
#7407 = CARTESIAN_POINT ( 'NONE',  ( -45.45299509255220727, 93.02577972412109375, 178.7207935539339871 ) ) ;
#7408 = CARTESIAN_POINT ( 'NONE',  ( -152.7366433896910110, 94.42653656005860796, 183.7207935539340156 ) ) ;
#7409 = ORIENTED_EDGE ( 'NONE', *, *, #8850, .T. ) ;
#7410 = DIRECTION ( 'NONE',  ( 1.000000000000000000, 2.775557561562888984E-15, 0.000000000000000000 ) ) ;
#7411 = LINE ( 'NONE', #826, #7490 ) ;
#7412 = ORIENTED_EDGE ( 'NONE', *, *, #7765, .T. ) ;
#7413 = VERTEX_POINT ( 'NONE', #2827 ) ;
#7414 = CARTESIAN_POINT ( 'NONE',  ( -218.8657760620120314, 22.12078094482420099, 158.7207935539340156 ) ) ;
#7415 =( NAMED_UNIT ( * ) SI_UNIT ( $, .STERADIAN. ) SOLID_ANGLE_UNIT ( ) );
#7416 = CARTESIAN_POINT ( 'NONE',  ( 20.95800876617440167, 57.21578598022460227, 178.7207935539339871 ) ) ;
#7417 = ORIENTED_EDGE ( 'NONE', *, *, #4478, .T. ) ;
#7418 = CARTESIAN_POINT ( 'NONE',  ( 29.57527637481700111, 93.04149627685549717, 178.7207935539339871 ) ) ;
#7419 = ADVANCED_FACE ( 'NONE', ( #736 ), #3078, .T. ) ;
#7420 = FACE_OUTER_BOUND ( 'NONE', #9251, .T. ) ;
#7421 = AXIS2_PLACEMENT_3D ( 'NONE', #7429, #3590, #8012 ) ;
#7422 = DIRECTION ( 'NONE',  ( -0.9999999999999995559, -2.745767245451495601E-08, 0.000000000000000000 ) ) ;
#7423 = ORIENTED_EDGE ( 'NONE', *, *, #2995, .F. ) ;
#7424 = VERTEX_POINT ( 'NONE', #6882 ) ;
#7425 = ORIENTED_EDGE ( 'NONE', *, *, #7548, .T. ) ;
#7426 = DIRECTION ( 'NONE',  ( 0.000000000000000000, 0.000000000000000000, 1.000000000000000000 ) ) ;
#7427 = EDGE_CURVE ( 'NONE', #1787, #1396, #7517, .T. ) ;
#7428 = CARTESIAN_POINT ( 'NONE',  ( 132.3913249411490085, 76.52169227600100498, 133.7207935539339871 ) ) ;
#7429 = CARTESIAN_POINT ( 'NONE',  ( 98.64490509033210230, 63.61684799194339490, 158.7207935539340156 ) ) ;
#7430 = LINE ( 'NONE', #4550, #455 ) ;
#7431 = CIRCLE ( 'NONE', #376, 4.999999999999997335 ) ;
#7432 = AXIS2_PLACEMENT_3D ( 'NONE', #3420, #6334, #616 ) ;
#7433 = EDGE_CURVE ( 'NONE', #3735, #115, #4328, .T. ) ;
#7434 = DIRECTION ( 'NONE',  ( 1.000000000000000000, 9.251858538542972222E-15, 0.000000000000000000 ) ) ;
#7435 = CARTESIAN_POINT ( 'NONE',  ( -146.1789941787719727, 51.32125139236440248, 178.7207935539339871 ) ) ;
#7436 = ORIENTED_EDGE ( 'NONE', *, *, #2844, .F. ) ;
#7437 = LINE ( 'NONE', #8438, #5105 ) ;
#7438 = DIRECTION ( 'NONE',  ( 5.974482020221200890E-08, -0.9999999999999982236, 0.000000000000000000 ) ) ;
#7439 = AXIS2_PLACEMENT_3D ( 'NONE', #3863, #7553, #6821 ) ;
#7440 = DIRECTION ( 'NONE',  ( 0.000000000000000000, 0.000000000000000000, 1.000000000000000000 ) ) ;
#7441 = CARTESIAN_POINT ( 'NONE',  ( -289.7373444324800289, 62.77935529064619402, 158.3000852872550013 ) ) ;
#7442 = VERTEX_POINT ( 'NONE', #3921 ) ;
#7443 = CARTESIAN_POINT ( 'NONE',  ( -261.1789894103999359, 47.78571748643170025, 182.2563274598664975 ) ) ;
#7444 = ADVANCED_FACE ( 'NONE', ( #7466 ), #1803, .F. ) ;
#7445 = ADVANCED_FACE ( 'NONE', ( #7420 ), #8184, .T. ) ;
#7446 = PLANE ( 'NONE',  #6359 ) ;
#7447 = EDGE_LOOP ( 'NONE', ( #3594, #8080, #8283, #7760 ) ) ;
#7448 = CARTESIAN_POINT ( 'NONE',  ( 196.4079233357454939, 22.12077844267354720, 158.7207935539340156 ) ) ;
#7449 = VERTEX_POINT ( 'NONE', #926 ) ;
#7450 = DIRECTION ( 'NONE',  ( 1.000000000000000000, -3.313307049615620357E-15, 2.394066291848865380E-16 ) ) ;
#7451 = CARTESIAN_POINT ( 'NONE',  ( -83.01555633544920454, 76.52169227600100498, 178.7207935539339871 ) ) ;
#7452 = CARTESIAN_POINT ( 'NONE',  ( 287.6141573150651993, 67.62280511152840745, 159.6278166763575541 ) ) ;
#7453 = DIRECTION ( 'NONE',  ( -2.775557561562950516E-15, 1.000000000000000000, 0.000000000000000000 ) ) ;
#7454 = ORIENTED_EDGE ( 'NONE', *, *, #2785, .T. ) ;
#7455 = CARTESIAN_POINT ( 'NONE',  ( 13.36300373077400039, 125.3159751883052024, 182.2563274598670091 ) ) ;
#7456 = CARTESIAN_POINT ( 'NONE',  ( 150.3786849975589917, 22.12078094482420099, 155.7207935539340156 ) ) ;
#7457 = ORIENTED_EDGE ( 'NONE', *, *, #6594, .F. ) ;
#7458 = AXIS2_PLACEMENT_3D ( 'NONE', #2392, #5301, #7571 ) ;
#7459 = B_SPLINE_CURVE_WITH_KNOTS ( 'NONE', 3,
 ( #4322, #4232, #1983, #6378, #4896 ),
 .UNSPECIFIED., .F., .F.,
 ( 4, 1, 4 ),
 ( 0.000000000000000000, 0.1430432983102118971, 1.000000000000000000 ),
 .UNSPECIFIED. ) ;
#7460 = ORIENTED_EDGE ( 'NONE', *, *, #7774, .T. ) ;
#7461 = EDGE_CURVE ( 'NONE', #7662, #6587, #8594, .T. ) ;
#7462 = DIRECTION ( 'NONE',  ( 0.000000000000000000, 0.000000000000000000, -1.000000000000000000 ) ) ;
#7463 = CARTESIAN_POINT ( 'NONE',  ( -134.7493362426759802, 9.215927124023419736, 158.7207935539340156 ) ) ;
#7464 = CARTESIAN_POINT ( 'NONE',  ( -185.8610559998539884, 76.52168743035018394, 178.7207935539339871 ) ) ;
#7465 = FACE_OUTER_BOUND ( 'NONE', #764, .T. ) ;
#7466 = FACE_OUTER_BOUND ( 'NONE', #3138, .T. ) ;
#7467 = CARTESIAN_POINT ( 'NONE',  ( 27.90500640869139914, 123.8515090942380112, 183.7207935539340156 ) ) ;
#7468 = TOROIDAL_SURFACE ( 'NONE', #1187, 17.90484428405759942, 5.000000000000000000 ) ;
#7469 = ORIENTED_EDGE ( 'NONE', *, *, #8966, .F. ) ;
#7470 = VERTEX_POINT ( 'NONE', #3873 ) ;
#7471 = ORIENTED_EDGE ( 'NONE', *, *, #8684, .F. ) ;
#7472 = DIRECTION ( 'NONE',  ( 0.000000000000000000, 0.000000000000000000, -1.000000000000000000 ) ) ;
#7473 = CARTESIAN_POINT ( 'NONE',  ( 267.5316238403410125, 22.12078094482420099, 158.7207935539340156 ) ) ;
#7474 = DIRECTION ( 'NONE',  ( 0.000000000000000000, 0.000000000000000000, 1.000000000000000000 ) ) ;
#7475 = AXIS2_PLACEMENT_3D ( 'NONE', #104, #5230, #670 ) ;
#7476 = DIRECTION ( 'NONE',  ( -1.000000000000000000, -1.018319216034379926E-16, 1.018319216034379926E-16 ) ) ;
#7477 = DIRECTION ( 'NONE',  ( 0.000000000000000000, 0.000000000000000000, -1.000000000000000000 ) ) ;
#7478 = DIRECTION ( 'NONE',  ( -1.075393666311713415E-15, 1.000000000000000000, 0.000000000000000000 ) ) ;
#7479 = EDGE_CURVE ( 'NONE', #2370, #2170, #8156, .T. ) ;
#7480 = ORIENTED_EDGE ( 'NONE', *, *, #3387, .F. ) ;
#7481 = CIRCLE ( 'NONE', #6404, 12.90485404368839895 ) ;
#7482 = CARTESIAN_POINT ( 'NONE',  ( -67.96416782819719060, 58.61684799194339490, 178.7207935539339871 ) ) ;
#7483 = ADVANCED_FACE ( 'NONE', ( #6738 ), #5395, .F. ) ;
#7484 = EDGE_CURVE ( 'NONE', #505, #8788, #744, .T. ) ;
#7485 = LINE ( 'NONE', #6755, #5187 ) ;
#7486 = DIRECTION ( 'NONE',  ( 1.098116863085339802E-16, -1.000000000000000000, 0.000000000000000000 ) ) ;
#7487 = DIRECTION ( 'NONE',  ( 1.000000000000000000, 0.000000000000000000, 0.000000000000000000 ) ) ;
#7488 = ORIENTED_EDGE ( 'NONE', *, *, #2800, .T. ) ;
#7489 = CARTESIAN_POINT ( 'NONE',  ( -51.09095208456300696, 8.337245120274729970, 157.8421138974935047 ) ) ;
#7490 = VECTOR ( 'NONE', #6442, 1000.000000000000000 ) ;
#7491 = EDGE_CURVE ( 'NONE', #5733, #8806, #6945, .T. ) ;
#7492 = CARTESIAN_POINT ( 'NONE',  ( 192.9592277647246874, 97.53125866312231551, 183.6593155262115715 ) ) ;
#7493 = EDGE_LOOP ( 'NONE', ( #792, #4387, #9286, #6767, #727 ) ) ;
#7494 = CIRCLE ( 'NONE', #7956, 3.000000000000002665 ) ;
#7495 = AXIS2_PLACEMENT_3D ( 'NONE', #1551, #8840, #3715 ) ;
#7496 = DIRECTION ( 'NONE',  ( -0.9999999999999995559, -2.745767245451495601E-08, 0.000000000000000000 ) ) ;
#7497 = ORIENTED_EDGE ( 'NONE', *, *, #8900, .T. ) ;
#7498 = CARTESIAN_POINT ( 'NONE',  ( -31.93326525366059343, 128.8515090942379970, 178.7207935539339871 ) ) ;
#7499 = VECTOR ( 'NONE', #2204, 1000.000000000000000 ) ;
#7500 = FACE_OUTER_BOUND ( 'NONE', #6834, .T. ) ;
#7501 = CARTESIAN_POINT ( 'NONE',  ( -285.7244439558550084, 59.07246415508239323, 161.7207935539339871 ) ) ;
#7502 = DIRECTION ( 'NONE',  ( 0.000000000000000000, 0.000000000000000000, 1.000000000000000000 ) ) ;
#7503 = ORIENTED_EDGE ( 'NONE', *, *, #2225, .F. ) ;
#7504 = CIRCLE ( 'NONE', #7816, 12.90485388537120315 ) ;
#7505 = LINE ( 'NONE', #112, #1986 ) ;
#7506 = CARTESIAN_POINT ( 'NONE',  ( -291.1789894103999927, -1.776356839400250149E-14, 123.7207935539339871 ) ) ;
#7507 = ORIENTED_EDGE ( 'NONE', *, *, #1561, .F. ) ;
#7508 = EDGE_LOOP ( 'NONE', ( #6450, #5688, #5097, #5568 ) ) ;
#7509 = EDGE_CURVE ( 'NONE', #4471, #5593, #3416, .T. ) ;
#7510 = CARTESIAN_POINT ( 'NONE',  ( 288.0881667391694805, 100.7083104029772045, 179.9916337156774659 ) ) ;
#7511 = AXIS2_PLACEMENT_3D ( 'NONE', #7763, #2733, #9159 ) ;
#7512 = EDGE_CURVE ( 'NONE', #4342, #2843, #4350, .T. ) ;
#7513 = AXIS2_PLACEMENT_3D ( 'NONE', #4343, #4487, #8043 ) ;
#7514 = FACE_OUTER_BOUND ( 'NONE', #4673, .T. ) ;
#7515 = ORIENTED_EDGE ( 'NONE', *, *, #3028, .T. ) ;
#7516 = CARTESIAN_POINT ( 'NONE',  ( 27.90500640869130322, 110.9465026855470029, 183.7207935539340156 ) ) ;
#7517 = LINE ( 'NONE', #4683, #8625 ) ;
#7518 = DIRECTION ( 'NONE',  ( 0.000000000000000000, 0.000000000000000000, -1.000000000000000000 ) ) ;
#7519 = ORIENTED_EDGE ( 'NONE', *, *, #1429, .F. ) ;
#7520 = ORIENTED_EDGE ( 'NONE', *, *, #5069, .T. ) ;
#7521 = ORIENTED_EDGE ( 'NONE', *, *, #9480, .F. ) ;
#7522 = LINE ( 'NONE', #6025, #3985 ) ;
#7523 = CARTESIAN_POINT ( 'NONE',  ( -202.3632332187100928, 74.33349131061805792, 183.5594916443175180 ) ) ;
#7524 = LINE ( 'NONE', #6168, #6418 ) ;
#7525 = ORIENTED_EDGE ( 'NONE', *, *, #2926, .F. ) ;
#7526 = DIRECTION ( 'NONE',  ( -2.775557561562879518E-15, -0.7071067811865475727, 0.7071067811865475727 ) ) ;
#7527 = DIRECTION ( 'NONE',  ( 1.000000000000000000, 0.000000000000000000, 0.000000000000000000 ) ) ;
#7528 = DIRECTION ( 'NONE',  ( 0.000000000000000000, 0.000000000000000000, -1.000000000000000000 ) ) ;
#7529 = ADVANCED_FACE ( 'NONE', ( #8621 ), #30, .T. ) ;
#7530 = ORIENTED_EDGE ( 'NONE', *, *, #8098, .F. ) ;
#7531 = CIRCLE ( 'NONE', #7217, 17.90499687194819955 ) ;
#7532 = FACE_OUTER_BOUND ( 'NONE', #7943, .T. ) ;
#7533 = CIRCLE ( 'NONE', #3406, 12.90484428405759587 ) ;
#7534 = CARTESIAN_POINT ( 'NONE',  ( -62.68753156123731429, 110.9465026855470029, 143.7207935539339871 ) ) ;
#7535 = DIRECTION ( 'NONE',  ( 0.000000000000000000, 0.000000000000000000, 1.000000000000000000 ) ) ;
#7536 = ORIENTED_EDGE ( 'NONE', *, *, #716, .T. ) ;
#7537 = DIRECTION ( 'NONE',  ( 1.000000000000000000, 0.000000000000000000, 0.000000000000000000 ) ) ;
#7538 = EDGE_CURVE ( 'NONE', #3650, #8551, #2711, .T. ) ;
#7539 = AXIS2_PLACEMENT_3D ( 'NONE', #3849, #950, #231 ) ;
#7540 = CARTESIAN_POINT ( 'NONE',  ( 287.0689897669680022, 101.2175338996189851, 180.5186497902789995 ) ) ;
#7541 = ORIENTED_EDGE ( 'NONE', *, *, #3345, .F. ) ;
#7542 = DIRECTION ( 'NONE',  ( -1.000000000000000000, 0.000000000000000000, 0.000000000000000000 ) ) ;
#7543 = ORIENTED_EDGE ( 'NONE', *, *, #5426, .T. ) ;
#7544 = DIRECTION ( 'NONE',  ( 0.000000000000000000, 0.000000000000000000, -1.000000000000000000 ) ) ;
#7545 = FACE_OUTER_BOUND ( 'NONE', #523, .T. ) ;
#7546 = FACE_OUTER_BOUND ( 'NONE', #2238, .T. ) ;
#7547 = CIRCLE ( 'NONE', #6459, 3.000000000000002665 ) ;
#7548 = EDGE_CURVE ( 'NONE', #4521, #4638, #5585, .T. ) ;
#7549 = ORIENTED_EDGE ( 'NONE', *, *, #1532, .F. ) ;
#7550 =( BOUNDED_CURVE ( )  B_SPLINE_CURVE ( 3, ( #7108, #5720, #620, #9418 ),
 .UNSPECIFIED., .F., .F. ) 
 B_SPLINE_CURVE_WITH_KNOTS ( ( 4, 4 ),
 ( 4.712388980384689674, 5.076689474074959740 ),
 .UNSPECIFIED. ) 
 CURVE ( )  GEOMETRIC_REPRESENTATION_ITEM ( )  RATIONAL_B_SPLINE_CURVE ( ( 1.000000000000000000, 0.9889709739195280402, 0.9889709739195280402, 1.000000000000000000 ) ) 
 REPRESENTATION_ITEM ( '' )  );
#7551 = CARTESIAN_POINT ( 'NONE',  ( -40.43682098388670454, 9.215927124023428618, 135.7207935539339871 ) ) ;
#7552 = CARTESIAN_POINT ( 'NONE',  ( -218.8657760620120314, 63.61684799194339490, 158.7207935539340156 ) ) ;
#7553 = DIRECTION ( 'NONE',  ( -1.000000000000000000, 0.000000000000000000, 0.000000000000000000 ) ) ;
#7554 = ORIENTED_EDGE ( 'NONE', *, *, #2098, .F. ) ;
#7555 = ORIENTED_EDGE ( 'NONE', *, *, #2320, .T. ) ;
#7556 = CARTESIAN_POINT ( 'NONE',  ( 267.5316238403320312, 63.61684799194339490, 150.7207935539340156 ) ) ;
#7557 = LINE ( 'NONE', #8287, #9454 ) ;
#7558 = DIRECTION ( 'NONE',  ( 0.000000000000000000, 0.000000000000000000, -1.000000000000000000 ) ) ;
#7559 = ORIENTED_EDGE ( 'NONE', *, *, #1119, .F. ) ;
#7560 = CARTESIAN_POINT ( 'NONE',  ( 132.3913249411490085, 58.61684799194329543, 183.7207935539340156 ) ) ;
#7561 = CARTESIAN_POINT ( 'NONE',  ( 284.1019790883130440, 60.11914600153819777, 161.7207935539339871 ) ) ;
#7562 = AXIS2_PLACEMENT_3D ( 'NONE', #9154, #2635, #8485 ) ;
#7563 = DIRECTION ( 'NONE',  ( -1.000000000000000000, 5.453440489053999218E-15, 0.000000000000000000 ) ) ;
#7564 = EDGE_CURVE ( 'NONE', #4776, #8575, #7625, .T. ) ;
#7565 = EDGE_CURVE ( 'NONE', #4612, #7239, #4025, .T. ) ;
#7566 = ORIENTED_EDGE ( 'NONE', *, *, #2261, .T. ) ;
#7567 = ORIENTED_EDGE ( 'NONE', *, *, #3771, .F. ) ;
#7568 = ORIENTED_EDGE ( 'NONE', *, *, #89, .F. ) ;
#7569 = AXIS2_PLACEMENT_3D ( 'NONE', #1586, #8927, #1809 ) ;
#7570 = CARTESIAN_POINT ( 'NONE',  ( 150.3786849975589917, 58.61684799194339490, 178.7207935539339871 ) ) ;
#7571 = DIRECTION ( 'NONE',  ( 0.000000000000000000, 0.7071067811865453523, 0.7071067811865495711 ) ) ;
#7572 = ORIENTED_EDGE ( 'NONE', *, *, #6656, .T. ) ;
#7573 = FACE_OUTER_BOUND ( 'NONE', #1908, .T. ) ;
#7574 = CARTESIAN_POINT ( 'NONE',  ( 288.7435061501594191, 72.39646482528229399, 156.5576803712899903 ) ) ;
#7575 = DIRECTION ( 'NONE',  ( 1.000000000000000000, 0.000000000000000000, 0.000000000000000000 ) ) ;
#7576 = EDGE_LOOP ( 'NONE', ( #1690, #9442, #9281, #3375, #3574 ) ) ;
#7577 = CARTESIAN_POINT ( 'NONE',  ( 284.6287314839045735, 76.52170188199448830, 183.6551184275425044 ) ) ;
#7578 = ORIENTED_EDGE ( 'NONE', *, *, #2867, .F. ) ;
#7579 = VECTOR ( 'NONE', #8140, 1000.000000000000000 ) ;
#7580 = CARTESIAN_POINT ( 'NONE',  ( 267.5316238403320312, 63.61684799194339490, 158.7207935539340156 ) ) ;
#7581 = DIRECTION ( 'NONE',  ( 0.000000000000000000, 0.000000000000000000, 1.000000000000000000 ) ) ;
#7582 = ORIENTED_EDGE ( 'NONE', *, *, #9015, .F. ) ;
#7583 = CYLINDRICAL_SURFACE ( 'NONE', #2491, 5.000000000000001776 ) ;
#7584 = EDGE_CURVE ( 'NONE', #2829, #1275, #6932, .T. ) ;
#7585 = CIRCLE ( 'NONE', #4975, 12.90485382080079901 ) ;
#7586 = CARTESIAN_POINT ( 'NONE',  ( 288.8209915161129970, 99.48037732825500257, 178.7207935539339871 ) ) ;
#7587 = EDGE_LOOP ( 'NONE', ( #7423, #9452, #8255, #7567, #294, #5958 ) ) ;
#7588 = PLANE ( 'NONE',  #9459 ) ;
#7589 = AXIS2_PLACEMENT_3D ( 'NONE', #2892, #4995, #623 ) ;
#7590 = DIRECTION ( 'NONE',  ( 0.000000000000000000, 0.000000000000000000, -1.000000000000000000 ) ) ;
#7591 = CARTESIAN_POINT ( 'NONE',  ( 98.64490509033210230, 94.42653656005860796, 178.7207935539339871 ) ) ;
#7592 = VERTEX_POINT ( 'NONE', #6393 ) ;
#7593 = VERTEX_POINT ( 'NONE', #3392 ) ;
#7594 = DIRECTION ( 'NONE',  ( 1.000000000000000000, -1.835214905568969478E-16, 0.000000000000000000 ) ) ;
#7595 = CYLINDRICAL_SURFACE ( 'NONE', #8573, 2.500000000000012434 ) ;
#7596 = CARTESIAN_POINT ( 'NONE',  ( -45.45299509213570133, 57.21578598022460227, 178.7207935539339871 ) ) ;
#7597 = ORIENTED_EDGE ( 'NONE', *, *, #342, .F. ) ;
#7598 = ORIENTED_EDGE ( 'NONE', *, *, #168, .T. ) ;
#7599 = EDGE_CURVE ( 'NONE', #4685, #6953, #2627, .T. ) ;
#7600 = DIRECTION ( 'NONE',  ( 2.150785743182216738E-15, -1.000000000000000000, 0.000000000000000000 ) ) ;
#7601 =( BOUNDED_CURVE ( )  B_SPLINE_CURVE ( 3, ( #8194, #6698, #3058, #8862 ),
 .UNSPECIFIED., .F., .F. ) 
 B_SPLINE_CURVE_WITH_KNOTS ( ( 4, 4 ),
 ( 5.497787143782139729, 5.662692006378780007 ),
 .UNSPECIFIED. ) 
 CURVE ( )  GEOMETRIC_REPRESENTATION_ITEM ( )  RATIONAL_B_SPLINE_CURVE ( ( 1.000000000000000000, 0.9977351490747969898, 0.9977351490747969898, 1.000000000000000000 ) ) 
 REPRESENTATION_ITEM ( '' )  );
#7602 = EDGE_CURVE ( 'NONE', #115, #9346, #2653, .T. ) ;
#7603 = EDGE_CURVE ( 'NONE', #9211, #6956, #7029, .T. ) ;
#7604 = CARTESIAN_POINT ( 'NONE',  ( -62.68753156005781335, 125.3159751883050035, 182.2563274598670091 ) ) ;
#7605 = CARTESIAN_POINT ( 'NONE',  ( -286.0342410026213429, 58.85476098171002235, 160.2099366128211955 ) ) ;
#7606 = ORIENTED_EDGE ( 'NONE', *, *, #5202, .T. ) ;
#7607 = EDGE_CURVE ( 'NONE', #8210, #8362, #1101, .T. ) ;
#7608 = CARTESIAN_POINT ( 'NONE',  ( 143.8209962844850054, 117.8685996535100031, 182.6743849957319981 ) ) ;
#7609 = CARTESIAN_POINT ( 'NONE',  ( 283.3664460615639769, 59.07246415507670179, 161.7207935539339871 ) ) ;
#7610 = CARTESIAN_POINT ( 'NONE',  ( 48.73295307159440171, 58.61684799194339490, 178.7207935539339871 ) ) ;
#7611 = ORIENTED_EDGE ( 'NONE', *, *, #8772, .F. ) ;
#7612 = EDGE_CURVE ( 'NONE', #3713, #1481, #2951, .T. ) ;
#7613 = ORIENTED_EDGE ( 'NONE', *, *, #6384, .F. ) ;
#7614 = DIRECTION ( 'NONE',  ( 0.000000000000000000, 0.000000000000000000, 1.000000000000000000 ) ) ;
#7615 = EDGE_CURVE ( 'NONE', #7034, #8846, #2187, .T. ) ;
#7616 = DIRECTION ( 'NONE',  ( 0.000000000000000000, 0.000000000000000000, 1.000000000000000000 ) ) ;
#7617 = VERTEX_POINT ( 'NONE', #3437 ) ;
#7618 = LINE ( 'NONE', #1674, #4596 ) ;
#7619 = CIRCLE ( 'NONE', #3022, 30.00000000000000711 ) ;
#7620 = DIRECTION ( 'NONE',  ( 0.000000000000000000, 0.000000000000000000, 1.000000000000000000 ) ) ;
#7621 = DIRECTION ( 'NONE',  ( -0.7071067811865484609, -0.7071067811865465735, 0.000000000000000000 ) ) ;
#7622 = VERTEX_POINT ( 'NONE', #6353 ) ;
#7623 = CARTESIAN_POINT ( 'NONE',  ( 283.8209915161129970, 96.89302241451059672, 183.7207935539340156 ) ) ;
#7624 = VERTEX_POINT ( 'NONE', #9294 ) ;
#7625 = B_SPLINE_CURVE_WITH_KNOTS ( 'NONE', 3,
 ( #4869, #6986, #4722, #542, #6256, #1905, #1123, #7846, #8431, #1225, #9199, #4197, #4109, #5493, #2003 ),
 .UNSPECIFIED., .F., .F.,
 ( 4, 2, 2, 1, 1, 1, 2, 2, 4 ),
 ( 0.000000000000000000, 0.2500000000000432432, 0.3750000000000648370, 0.4375000000000756617, 0.4687500000000813793, 0.4843750000000815459, 0.4921875000000848210, 0.5000000000000880407, 1.000000000000000000 ),
 .UNSPECIFIED. ) ;
#7626 = CIRCLE ( 'NONE', #3489, 12.90500640869140092 ) ;
#7627 = CARTESIAN_POINT ( 'NONE',  ( 38.07888031005860086, 8.337247467583081217, 157.8421138974935047 ) ) ;
#7628 = DIRECTION ( 'NONE',  ( -1.000000000000000000, 3.159943663115390253E-16, 0.000000000000000000 ) ) ;
#7629 = ORIENTED_EDGE ( 'NONE', *, *, #1801, .T. ) ;
#7630 = AXIS2_PLACEMENT_3D ( 'NONE', #1597, #2361, #5322 ) ;
#7631 = CARTESIAN_POINT ( 'NONE',  ( 80.65757751464849434, 94.42653656005860796, 178.7207935539339871 ) ) ;
#7632 = CIRCLE ( 'NONE', #4717, 5.000000000000004441 ) ;
#7633 = CYLINDRICAL_SURFACE ( 'NONE', #8819, 12.90484874797840398 ) ;
#7634 = ORIENTED_EDGE ( 'NONE', *, *, #5778, .T. ) ;
#7635 = EDGE_CURVE ( 'NONE', #3125, #8066, #4635, .T. ) ;
#7636 = DIRECTION ( 'NONE',  ( -1.000000000000000000, 0.000000000000000000, 0.000000000000000000 ) ) ;
#7637 = LINE ( 'NONE', #5527, #6184 ) ;
#7638 = CIRCLE ( 'NONE', #4270, 4.999999999999997335 ) ;
#7639 = CARTESIAN_POINT ( 'NONE',  ( 258.8209915161129970, 76.32125139236430300, 178.7207935539339871 ) ) ;
#7640 = ORIENTED_EDGE ( 'NONE', *, *, #3609, .F. ) ;
#7641 = VERTEX_POINT ( 'NONE', #8083 ) ;
#7642 = CARTESIAN_POINT ( 'NONE',  ( -261.1789894103999359, 46.32125139236449485, 161.7207935539339871 ) ) ;
#7643 = CARTESIAN_POINT ( 'NONE',  ( -172.9562080848535004, 76.52168778468728760, 158.7207935539340156 ) ) ;
#7644 = CARTESIAN_POINT ( 'NONE',  ( -42.09727764129630145, 58.61684799194339490, 178.7207935539339871 ) ) ;
#7645 = VERTEX_POINT ( 'NONE', #8798 ) ;
#7646 = TOROIDAL_SURFACE ( 'NONE', #1829, 17.90484428405759942, 5.000000000000000000 ) ;
#7647 = ORIENTED_EDGE ( 'NONE', *, *, #8972, .F. ) ;
#7648 = DIRECTION ( 'NONE',  ( 0.000000000000000000, 0.000000000000000000, -1.000000000000000000 ) ) ;
#7649 = CARTESIAN_POINT ( 'NONE',  ( 94.65692456833890844, 137.7344255771870110, 182.1115330082739945 ) ) ;
#7650 = AXIS2_PLACEMENT_3D ( 'NONE', #1587, #8258, #3217 ) ;
#7651 = CARTESIAN_POINT ( 'NONE',  ( -288.5835325751119740, 58.49893546246200060, 158.7207935539340156 ) ) ;
#7652 = ORIENTED_EDGE ( 'NONE', *, *, #9451, .F. ) ;
#7653 = LINE ( 'NONE', #2216, #5882 ) ;
#7654 = CIRCLE ( 'NONE', #3980, 33.00000000000000000 ) ;
#7655 = CARTESIAN_POINT ( 'NONE',  ( -201.7659047478304899, 22.12077808834190051, 155.7207935539340156 ) ) ;
#7656 = VECTOR ( 'NONE', #2762, 1000.000000000000000 ) ;
#7657 = EDGE_CURVE ( 'NONE', #6587, #6548, #9390, .T. ) ;
#7658 = EDGE_CURVE ( 'NONE', #915, #3020, #6933, .T. ) ;
#7659 = DIRECTION ( 'NONE',  ( -1.000000000000000000, -1.018317597297121923E-16, 1.018317597297117979E-16 ) ) ;
#7660 = TOROIDAL_SURFACE ( 'NONE', #8735, 15.90485382080079901, 3.000000000000000000 ) ;
#7661 = ORIENTED_EDGE ( 'NONE', *, *, #5487, .T. ) ;
#7662 = VERTEX_POINT ( 'NONE', #676 ) ;
#7663 = CARTESIAN_POINT ( 'NONE',  ( -288.2334385764928584, 97.04801157980141113, 183.4212807880813898 ) ) ;
#7664 = CIRCLE ( 'NONE', #3524, 15.90484874797840575 ) ;
#7665 = CARTESIAN_POINT ( 'NONE',  ( -269.8896026611329830, 35.90431442206534740, 157.8421138974935047 ) ) ;
#7666 = DIRECTION ( 'NONE',  ( 0.000000000000000000, 0.000000000000000000, -1.000000000000000000 ) ) ;
#7667 = ORIENTED_EDGE ( 'NONE', *, *, #8436, .F. ) ;
#7668 = DIRECTION ( 'NONE',  ( 1.001151856892059974E-16, 1.000000000000000000, 1.001151856892031871E-16 ) ) ;
#7669 = ORIENTED_EDGE ( 'NONE', *, *, #439, .F. ) ;
#7670 = TOROIDAL_SURFACE ( 'NONE', #3528, 15.90484969578129970, 3.000000000000000000 ) ;
#7671 = CARTESIAN_POINT ( 'NONE',  ( -152.7366433896910110, 63.61684799194339490, 148.7207935539339871 ) ) ;
#7672 = EDGE_CURVE ( 'NONE', #8589, #9250, #2811, .T. ) ;
#7673 = CARTESIAN_POINT ( 'NONE',  ( -97.17898941039999272, 118.9074145751319946, 181.2207935539339871 ) ) ;
#7674 = AXIS2_PLACEMENT_3D ( 'NONE', #5909, #8841, #4336 ) ;
#7675 = DIRECTION ( 'NONE',  ( 0.000000000000000000, 0.000000000000000000, 1.000000000000000000 ) ) ;
#7676 = ORIENTED_EDGE ( 'NONE', *, *, #4573, .F. ) ;
#7677 = DIRECTION ( 'NONE',  ( -1.075393666311713415E-15, 1.000000000000000000, 0.000000000000000000 ) ) ;
#7678 = ORIENTED_EDGE ( 'NONE', *, *, #4170, .T. ) ;
#7679 = LINE ( 'NONE', #473, #621 ) ;
#7680 = ADVANCED_FACE ( 'NONE', ( #7259 ), #9430, .F. ) ;
#7681 = DIRECTION ( 'NONE',  ( -1.000000000000000000, 4.362752391243203476E-16, 0.000000000000000000 ) ) ;
#7682 = ORIENTED_EDGE ( 'NONE', *, *, #1311, .T. ) ;
#7683 = CARTESIAN_POINT ( 'NONE',  ( 92.32099151611291177, 115.8346203221669981, 183.7207935539340156 ) ) ;
#7684 = VECTOR ( 'NONE', #6853, 1000.000000000000000 ) ;
#7685 = DIRECTION ( 'NONE',  ( 0.9999999999999995559, 2.745767258921879090E-08, 0.000000000000000000 ) ) ;
#7686 = EDGE_LOOP ( 'NONE', ( #4072, #2554, #446, #4384 ) ) ;
#7687 = EDGE_CURVE ( 'NONE', #5351, #8007, #6634, .T. ) ;
#7688 = EDGE_CURVE ( 'NONE', #1437, #9416, #8162, .T. ) ;
#7689 = CARTESIAN_POINT ( 'NONE',  ( 286.9790036034777359, 63.92574193892976098, 158.7214713685412448 ) ) ;
#7690 = TOROIDAL_SURFACE ( 'NONE', #2789, 33.00000000000000000, 3.000000000000000000 ) ;
#7691 = FACE_OUTER_BOUND ( 'NONE', #4881, .T. ) ;
#7692 = LINE ( 'NONE', #2609, #1600 ) ;
#7693 = DIRECTION ( 'NONE',  ( 0.000000000000000000, -1.000000000000000000, 0.000000000000000000 ) ) ;
#7694 = ORIENTED_EDGE ( 'NONE', *, *, #341, .T. ) ;
#7695 = ORIENTED_EDGE ( 'NONE', *, *, #4810, .F. ) ;
#7696 = CIRCLE ( 'NONE', #935, 17.90484428405758521 ) ;
#7697 = CARTESIAN_POINT ( 'NONE',  ( 288.0887584690794938, 158.9462378524260089, 123.7207935539339871 ) ) ;
#7698 = CIRCLE ( 'NONE', #5997, 12.90499687194819600 ) ;
#7699 = CARTESIAN_POINT ( 'NONE',  ( -169.2987845846126049, 73.79349519939049173, 183.5937381501494485 ) ) ;
#7700 = CARTESIAN_POINT ( 'NONE',  ( 132.3913192749020027, 22.12078094482420099, 138.7207935539339871 ) ) ;
#7701 = ORIENTED_EDGE ( 'NONE', *, *, #686, .T. ) ;
#7702 = EDGE_LOOP ( 'NONE', ( #7879, #9443, #2807, #8008, #4781, #6586 ) ) ;
#7703 = CARTESIAN_POINT ( 'NONE',  ( 38.07888031005860086, 22.12078094482420099, 135.7207935539339871 ) ) ;
#7704 = CARTESIAN_POINT ( 'NONE',  ( -40.43682098388680402, 22.12078094482420099, 155.7207935539340156 ) ) ;
#7705 = DIRECTION ( 'NONE',  ( 0.000000000000000000, 0.000000000000000000, 1.000000000000000000 ) ) ;
#7706 = ORIENTED_EDGE ( 'NONE', *, *, #7860, .F. ) ;
#7707 = FACE_OUTER_BOUND ( 'NONE', #5335, .T. ) ;
#7708 = CARTESIAN_POINT ( 'NONE',  ( 92.83147396650105065, 135.9089749753491105, 183.7207935539340440 ) ) ;
#7709 = CARTESIAN_POINT ( 'NONE',  ( 267.5316238403320312, 35.02563476562500000, 143.7207935539339871 ) ) ;
#7710 = ORIENTED_EDGE ( 'NONE', *, *, #5888, .T. ) ;
#7711 = EDGE_LOOP ( 'NONE', ( #7919, #8481, #4330, #2192, #4917 ) ) ;
#7712 = FACE_OUTER_BOUND ( 'NONE', #5762, .T. ) ;
#7713 = FACE_OUTER_BOUND ( 'NONE', #2013, .T. ) ;
#7714 = DIRECTION ( 'NONE',  ( 0.9999999999999982236, 5.974482398496599248E-08, -6.082215721896488706E-16 ) ) ;
#7715 = ORIENTED_EDGE ( 'NONE', *, *, #8659, .T. ) ;
#7716 = EDGE_CURVE ( 'NONE', #2269, #6386, #2902, .T. ) ;
#7717 = DIRECTION ( 'NONE',  ( 0.9999999999999972244, 7.467046275912837221E-08, 0.000000000000000000 ) ) ;
#7718 = EDGE_LOOP ( 'NONE', ( #8776, #3374, #5556, #5480, #5999 ) ) ;
#7719 = DIRECTION ( 'NONE',  ( -1.000000000000000000, 2.589670037770049879E-17, 0.000000000000000000 ) ) ;
#7720 = CARTESIAN_POINT ( 'NONE',  ( -290.3379094954780157, 98.24343351518349721, 181.9225797829460021 ) ) ;
#7721 = CARTESIAN_POINT ( 'NONE',  ( -134.7493367092509970, 63.61684799194339490, 158.7207935539340156 ) ) ;
#7722 = ORIENTED_EDGE ( 'NONE', *, *, #8659, .F. ) ;
#7723 = AXIS2_PLACEMENT_3D ( 'NONE', #1603, #6725, #3137 ) ;
#7724 = ADVANCED_FACE ( 'NONE', ( #6584 ), #5053, .F. ) ;
#7725 = DIRECTION ( 'NONE',  ( 1.000000000000000000, -2.318449469649669936E-17, 0.000000000000000000 ) ) ;
#7726 = PLANE ( 'NONE',  #2485 ) ;
#7727 = ADVANCED_FACE ( 'NONE', ( #6441 ), #5818, .F. ) ;
#7728 = FACE_OUTER_BOUND ( 'NONE', #732, .T. ) ;
#7729 = ORIENTED_EDGE ( 'NONE', *, *, #2358, .F. ) ;
#7730 = DIRECTION ( 'NONE',  ( 0.000000000000000000, 0.000000000000000000, -1.000000000000000000 ) ) ;
#7731 = DIRECTION ( 'NONE',  ( 0.000000000000000000, 0.000000000000000000, 1.000000000000000000 ) ) ;
#7732 = ORIENTED_EDGE ( 'NONE', *, *, #3166, .T. ) ;
#7733 = CARTESIAN_POINT ( 'NONE',  ( 287.5382743510334649, 67.04972167838019459, 158.7208407519074171 ) ) ;
#7734 = CARTESIAN_POINT ( 'NONE',  ( 166.9408778389480119, 83.32442827859479451, 183.7207935539340156 ) ) ;
#7735 = CARTESIAN_POINT ( 'NONE',  ( -202.3634169808140086, 83.46831689458659298, 183.7207935539340156 ) ) ;
#7736 = CARTESIAN_POINT ( 'NONE',  ( -96.44675636336651792, 137.1662594779263884, 182.9885605069005123 ) ) ;
#7737 = ORIENTED_EDGE ( 'NONE', *, *, #5606, .F. ) ;
#7738 = TOROIDAL_SURFACE ( 'NONE', #6968, 15.90485334804940187, 3.000000000000000000 ) ;
#7739 = EDGE_LOOP ( 'NONE', ( #8674, #3769, #6565, #8111, #4432 ) ) ;
#7740 = EDGE_CURVE ( 'NONE', #1505, #5154, #9035, .T. ) ;
#7741 = CARTESIAN_POINT ( 'NONE',  ( -286.9867713876306539, 77.86438173554776654, 183.6551286370518881 ) ) ;
#7742 = VECTOR ( 'NONE', #482, 1000.000000000000000 ) ;
#7743 = CARTESIAN_POINT ( 'NONE',  ( -169.2988217496675247, 73.55743405866098783, 183.6028500356553366 ) ) ;
#7744 = CARTESIAN_POINT ( 'NONE',  ( -30.26300430297849786, 110.9465026855470029, 158.7207935539340156 ) ) ;
#7745 = ORIENTED_EDGE ( 'NONE', *, *, #4838, .F. ) ;
#7746 = ORIENTED_EDGE ( 'NONE', *, *, #3102, .F. ) ;
#7747 = DIRECTION ( 'NONE',  ( 0.000000000000000000, 0.000000000000000000, -1.000000000000000000 ) ) ;
#7748 = CARTESIAN_POINT ( 'NONE',  ( 267.5316238403320312, 35.02563476562500000, 158.7207935539340156 ) ) ;
#7749 = AXIS2_PLACEMENT_3D ( 'NONE', #3173, #3080, #5998 ) ;
#7750 = CARTESIAN_POINT ( 'NONE',  ( 216.5078353881840201, 22.12078094482420099, 155.7207935539340156 ) ) ;
#7751 = EDGE_LOOP ( 'NONE', ( #1071, #5250, #4804, #901, #9138 ) ) ;
#7752 = CARTESIAN_POINT ( 'NONE',  ( -45.45299509213570133, 62.21578598022459516, 133.7207935539339871 ) ) ;
#7753 = CARTESIAN_POINT ( 'NONE',  ( 216.5078370686659923, 63.61684799194339490, 150.7207935539340156 ) ) ;
#7754 = EDGE_CURVE ( 'NONE', #2955, #5601, #9341, .T. ) ;
#7755 = ORIENTED_EDGE ( 'NONE', *, *, #4784, .T. ) ;
#7756 = ORIENTED_EDGE ( 'NONE', *, *, #6670, .F. ) ;
#7757 = CARTESIAN_POINT ( 'NONE',  ( -101.0028839111329972, 63.61684799194339490, 158.7207935539340156 ) ) ;
#7758 = DIRECTION ( 'NONE',  ( -1.000000000000000000, 0.000000000000000000, 0.000000000000000000 ) ) ;
#7759 = FACE_OUTER_BOUND ( 'NONE', #2655, .T. ) ;
#7760 = ORIENTED_EDGE ( 'NONE', *, *, #2591, .F. ) ;
#7761 = CARTESIAN_POINT ( 'NONE',  ( -83.01555633544920454, 63.61684799194339490, 158.7207935539340156 ) ) ;
#7762 = ORIENTED_EDGE ( 'NONE', *, *, #7754, .F. ) ;
#7763 = CARTESIAN_POINT ( 'NONE',  ( 98.64490493200409560, 22.12077972371559653, 155.7207935539340156 ) ) ;
#7764 = DIRECTION ( 'NONE',  ( 0.000000000000000000, -1.000000000000000000, 0.000000000000000000 ) ) ;
#7765 = EDGE_CURVE ( 'NONE', #3536, #9045, #6106, .T. ) ;
#7766 = CARTESIAN_POINT ( 'NONE',  ( 200.0055671567254478, 73.91931272390424112, 183.5749020443641655 ) ) ;
#7767 = VECTOR ( 'NONE', #7223, 1000.000000000000000 ) ;
#7768 = ORIENTED_EDGE ( 'NONE', *, *, #3850, .T. ) ;
#7769 = CARTESIAN_POINT ( 'NONE',  ( -286.1789894103999927, 98.12663820369026269, 183.4186682410274329 ) ) ;
#7770 = CIRCLE ( 'NONE', #3630, 12.90500640869140092 ) ;
#7771 = CYLINDRICAL_SURFACE ( 'NONE', #821, 5.000000000000001776 ) ;
#7772 = ORIENTED_EDGE ( 'NONE', *, *, #5005, .F. ) ;
#7773 = AXIS2_PLACEMENT_3D ( 'NONE', #3710, #953, #147 ) ;
#7774 = EDGE_CURVE ( 'NONE', #6177, #802, #3202, .T. ) ;
#7775 = EDGE_CURVE ( 'NONE', #3623, #6012, #773, .T. ) ;
#7776 = EDGE_CURVE ( 'NONE', #6153, #2188, #3719, .T. ) ;
#7777 = ORIENTED_EDGE ( 'NONE', *, *, #6714, .F. ) ;
#7778 = CARTESIAN_POINT ( 'NONE',  ( 286.9037230371506553, 63.48582993308821187, 158.7217454848085367 ) ) ;
#7779 = VECTOR ( 'NONE', #4533, 1000.000000000000000 ) ;
#7780 = DIRECTION ( 'NONE',  ( 0.000000000000000000, 0.000000000000000000, 1.000000000000000000 ) ) ;
#7781 = DIRECTION ( 'NONE',  ( 0.000000000000000000, 0.000000000000000000, 1.000000000000000000 ) ) ;
#7782 = DIRECTION ( 'NONE',  ( -7.467046309976100435E-08, 0.9999999999999973355, 0.000000000000000000 ) ) ;
#7783 = ORIENTED_EDGE ( 'NONE', *, *, #6600, .F. ) ;
#7784 = EDGE_LOOP ( 'NONE', ( #7231, #9344, #9062, #7118 ) ) ;
#7785 = DIRECTION ( 'NONE',  ( 0.000000000000000000, 0.000000000000000000, 1.000000000000000000 ) ) ;
#7786 = AXIS2_PLACEMENT_3D ( 'NONE', #8720, #2152, #3585 ) ;
#7787 = AXIS2_PLACEMENT_3D ( 'NONE', #8939, #911, #3133 ) ;
#7788 = EDGE_CURVE ( 'NONE', #6409, #995, #4246, .T. ) ;
#7789 = CARTESIAN_POINT ( 'NONE',  ( 78.23455810546869316, 110.9465026855470029, 178.7207935539339871 ) ) ;
#7790 = FACE_OUTER_BOUND ( 'NONE', #6572, .T. ) ;
#7791 = VERTEX_POINT ( 'NONE', #5731 ) ;
#7792 = ORIENTED_EDGE ( 'NONE', *, *, #7373, .T. ) ;
#7793 = DIRECTION ( 'NONE',  ( 1.000000000000000000, 0.000000000000000000, 0.000000000000000000 ) ) ;
#7794 = CIRCLE ( 'NONE', #9178, 12.90484874797840398 ) ;
#7795 = VECTOR ( 'NONE', #8366, 1000.000000000000000 ) ;
#7796 = CARTESIAN_POINT ( 'NONE',  ( -152.7366447448729900, 9.215927124023419736, 138.7207935539339871 ) ) ;
#7797 = DIRECTION ( 'NONE',  ( -1.000000000000000000, 0.000000000000000000, 0.000000000000000000 ) ) ;
#7798 = VERTEX_POINT ( 'NONE', #1356 ) ;
#7799 = PLANE ( 'NONE',  #4670 ) ;
#7800 = DIRECTION ( 'NONE',  ( 0.000000000000000000, 0.000000000000000000, 1.000000000000000000 ) ) ;
#7801 = LINE ( 'NONE', #8480, #1975 ) ;
#7802 = EDGE_LOOP ( 'NONE', ( #2045, #317, #5296, #663 ) ) ;
#7803 = ORIENTED_EDGE ( 'NONE', *, *, #8370, .T. ) ;
#7804 = DIRECTION ( 'NONE',  ( -1.000000000000000000, 5.897598525349479809E-18, 0.000000000000000000 ) ) ;
#7805 = EDGE_CURVE ( 'NONE', #9232, #1371, #1515, .T. ) ;
#7806 = CIRCLE ( 'NONE', #2900, 5.000000000000004441 ) ;
#7807 = DIRECTION ( 'NONE',  ( 0.000000000000000000, 0.000000000000000000, 1.000000000000000000 ) ) ;
#7808 = AXIS2_PLACEMENT_3D ( 'NONE', #5377, #6097, #1003 ) ;
#7809 = VECTOR ( 'NONE', #3954, 1000.000000000000000 ) ;
#7810 = DIRECTION ( 'NONE',  ( 0.000000000000000000, 0.000000000000000000, -1.000000000000000000 ) ) ;
#7811 = ORIENTED_EDGE ( 'NONE', *, *, #8344, .F. ) ;
#7812 = DIRECTION ( 'NONE',  ( -0.7071067811865382469, 0.000000000000000000, 0.7071067811865567876 ) ) ;
#7813 = ORIENTED_EDGE ( 'NONE', *, *, #745, .T. ) ;
#7814 = DIRECTION ( 'NONE',  ( 0.000000000000000000, 0.000000000000000000, -1.000000000000000000 ) ) ;
#7815 = CARTESIAN_POINT ( 'NONE',  ( 116.4864654541011930, 22.12078094482420099, 155.7207935539340156 ) ) ;
#7816 = AXIS2_PLACEMENT_3D ( 'NONE', #4592, #7472, #2390 ) ;
#7817 = CARTESIAN_POINT ( 'NONE',  ( 267.5316238403320312, 94.42653656005860796, 178.7207935539339871 ) ) ;
#7818 = TOROIDAL_SURFACE ( 'NONE', #8883, 15.90485382080079901, 3.000000000000000000 ) ;
#7819 = ORIENTED_EDGE ( 'NONE', *, *, #7179, .F. ) ;
#7820 = DIRECTION ( 'NONE',  ( 6.264543392728554823E-07, -0.9999999999997436495, 3.464102065147723581E-07 ) ) ;
#7821 = CIRCLE ( 'NONE', #8127, 12.90484969578129437 ) ;
#7822 = DIRECTION ( 'NONE',  ( 0.000000000000000000, 0.000000000000000000, -1.000000000000000000 ) ) ;
#7823 = DIRECTION ( 'NONE',  ( 0.000000000000000000, -1.000000000000000000, 0.000000000000000000 ) ) ;
#7824 = EDGE_LOOP ( 'NONE', ( #4030, #2089, #5766, #8269, #7363 ) ) ;
#7825 = AXIS2_PLACEMENT_3D ( 'NONE', #2227, #5138, #4244 ) ;
#7826 = FACE_OUTER_BOUND ( 'NONE', #7348, .T. ) ;
#7827 = ADVANCED_FACE ( 'NONE', ( #5961 ), #2424, .F. ) ;
#7828 = CARTESIAN_POINT ( 'NONE',  ( 287.0693995888429413, 64.44842405845365363, 158.7213391150546613 ) ) ;
#7829 = CARTESIAN_POINT ( 'NONE',  ( -286.1789894103999927, 97.82984857679468860, 183.5385722673235023 ) ) ;
#7830 = CYLINDRICAL_SURFACE ( 'NONE', #6356, 2.999999999999996891 ) ;
#7831 = DIRECTION ( 'NONE',  ( -0.9999999999999972244, -7.467046309976087200E-08, 0.000000000000000000 ) ) ;
#7832 = EDGE_LOOP ( 'NONE', ( #4709, #2715, #4945, #3631 ) ) ;
#7833 = ORIENTED_EDGE ( 'NONE', *, *, #9088, .F. ) ;
#7834 = ADVANCED_FACE ( 'NONE', ( #2325 ), #8328, .F. ) ;
#7835 = CARTESIAN_POINT ( 'NONE',  ( 60.32955169677730112, 93.04149627685561086, 178.7207935539339871 ) ) ;
#7836 = AXIS2_PLACEMENT_3D ( 'NONE', #6713, #7345, #8785 ) ;
#7837 = CARTESIAN_POINT ( 'NONE',  ( 115.5181150157410173, 76.52169227600100498, 183.6132091689500214 ) ) ;
#7838 = ORIENTED_EDGE ( 'NONE', *, *, #9124, .T. ) ;
#7839 = VERTEX_POINT ( 'NONE', #1650 ) ;
#7840 = CARTESIAN_POINT ( 'NONE',  ( -218.8657760620120314, 22.12078094482420099, 158.7207935539340156 ) ) ;
#7841 = EDGE_CURVE ( 'NONE', #3565, #4383, #6872, .T. ) ;
#7842 = CIRCLE ( 'NONE', #1868, 15.90485388537120492 ) ;
#7843 = CARTESIAN_POINT ( 'NONE',  ( 166.9408831819633008, 73.33914476685728800, 183.6115100521256238 ) ) ;
#7844 = TOROIDAL_SURFACE ( 'NONE', #6911, 15.90485382080079901, 3.000000000000000000 ) ;
#7845 = ORIENTED_EDGE ( 'NONE', *, *, #4628, .T. ) ;
#7846 = CARTESIAN_POINT ( 'NONE',  ( 200.0054918886084465, 80.08345791273394809, 183.6151133788328309 ) ) ;
#7847 = CARTESIAN_POINT ( 'NONE',  ( -185.8610559998519705, 22.12077808834190051, 155.7207935539340156 ) ) ;
#7848 = EDGE_LOOP ( 'NONE', ( #8526, #1156, #4340, #5799, #3509 ) ) ;
#7849 = B_SPLINE_CURVE_WITH_KNOTS ( 'NONE', 3,
 ( #6919, #4003, #2565, #5579, #6295, #9183, #7968, #3333, #2615, #8418, #9283, #5532, #8512, #9236, #2712, #1937, #4856 ),
 .UNSPECIFIED., .F., .F.,
 ( 4, 2, 2, 1, 1, 1, 1, 1, 2, 2, 4 ),
 ( 0.000000000000000000, 0.2499999999998782085, 0.3749999999998132050, 0.4374999999997764011, 0.4687499999997577493, 0.4843749999997445377, 0.4921874999997377653, 0.4960937499997343236, 0.4980468749997364886, 0.4999999999997386535, 1.000000000000000000 ),
 .UNSPECIFIED. ) ;
#7850 = AXIS2_PLACEMENT_3D ( 'NONE', #3549, #7730, #1147 ) ;
#7851 = VERTEX_POINT ( 'NONE', #6054 ) ;
#7852 = EDGE_LOOP ( 'NONE', ( #6533, #6625, #1512, #475 ) ) ;
#7853 = DIRECTION ( 'NONE',  ( 0.000000000000000000, 0.000000000000000000, 1.000000000000000000 ) ) ;
#7854 = DIRECTION ( 'NONE',  ( 0.000000000000000000, 0.3747382456207933310, 0.9271306527502205519 ) ) ;
#7855 = LINE ( 'NONE', #2636, #8464 ) ;
#7856 = ORIENTED_EDGE ( 'NONE', *, *, #1616, .T. ) ;
#7857 = CARTESIAN_POINT ( 'NONE',  ( -288.1789894103999927, 57.34758543135419728, 158.7207935539340156 ) ) ;
#7858 = VECTOR ( 'NONE', #1629, 1000.000000000000000 ) ;
#7859 = DIRECTION ( 'NONE',  ( 0.000000000000000000, 1.000000000000000000, 0.000000000000000000 ) ) ;
#7860 = EDGE_CURVE ( 'NONE', #2459, #2492, #4136, .T. ) ;
#7861 = DIRECTION ( 'NONE',  ( 0.000000000000000000, 0.000000000000000000, -1.000000000000000000 ) ) ;
#7862 = EDGE_CURVE ( 'NONE', #2858, #1592, #5502, .T. ) ;
#7863 = CARTESIAN_POINT ( 'NONE',  ( 200.0054826752867427, 73.46818805844787903, 183.5931699595958548 ) ) ;
#7864 = VECTOR ( 'NONE', #6141, 1000.000000000000000 ) ;
#7865 = EDGE_LOOP ( 'NONE', ( #2487, #8355, #6362, #3382, #1751 ) ) ;
#7866 = DIRECTION ( 'NONE',  ( 0.000000000000000000, 0.000000000000000000, -1.000000000000000000 ) ) ;
#7867 = CARTESIAN_POINT ( 'NONE',  ( -97.01492246262618835, 137.7344255771860162, 182.1115330082739945 ) ) ;
#7868 = CARTESIAN_POINT ( 'NONE',  ( -169.2988163457722806, 79.98343247181875881, 183.6228455067309824 ) ) ;
#7869 = ORIENTED_EDGE ( 'NONE', *, *, #6655, .T. ) ;
#7870 = CARTESIAN_POINT ( 'NONE',  ( 27.90500640869130322, 110.9465026855470029, 163.7207935539339871 ) ) ;
#7871 = CIRCLE ( 'NONE', #6175, 12.90485382080079901 ) ;
#7872 = EDGE_CURVE ( 'NONE', #2612, #9225, #6102, .T. ) ;
#7873 = CARTESIAN_POINT ( 'NONE',  ( 267.5316238403410125, 22.12078094482420099, 155.7207935539340156 ) ) ;
#7874 = LINE ( 'NONE', #9277, #3514 ) ;
#7875 = CARTESIAN_POINT ( 'NONE',  ( 132.3913249411490085, 94.42653656005869323, 183.7207935539340156 ) ) ;
#7876 = CARTESIAN_POINT ( 'NONE',  ( 267.5316238403320312, 94.42653656005860796, 183.7207935539340156 ) ) ;
#7877 = ORIENTED_EDGE ( 'NONE', *, *, #8484, .T. ) ;
#7878 = VECTOR ( 'NONE', #1177, 1000.000000000000000 ) ;
#7879 = ORIENTED_EDGE ( 'NONE', *, *, #8873, .F. ) ;
#7880 = DIRECTION ( 'NONE',  ( 1.000000000000000000, 0.000000000000000000, 0.000000000000000000 ) ) ;
#7881 = AXIS2_PLACEMENT_3D ( 'NONE', #6965, #8365, #4707 ) ;
#7882 = AXIS2_PLACEMENT_3D ( 'NONE', #8685, #3546, #7964 ) ;
#7883 = EDGE_CURVE ( 'NONE', #4858, #8686, #3236, .T. ) ;
#7884 = CARTESIAN_POINT ( 'NONE',  ( -117.8761103101920042, 70.53189430591488929, 183.7207935539340156 ) ) ;
#7885 = ORIENTED_EDGE ( 'NONE', *, *, #531, .F. ) ;
#7886 = CARTESIAN_POINT ( 'NONE',  ( 267.5316238403320312, 76.52169227600100498, 183.7207935539340156 ) ) ;
#7887 = CYLINDRICAL_SURFACE ( 'NONE', #3191, 2.500000000000000000 ) ;
#7888 = CARTESIAN_POINT ( 'NONE',  ( -291.1789894103999927, -1.776356839400250149E-14, 158.7207935539340156 ) ) ;
#7889 = CARTESIAN_POINT ( 'NONE',  ( 80.65757730362400935, 6.215925900706809060, 155.7207935539340156 ) ) ;
#7890 = AXIS2_PLACEMENT_3D ( 'NONE', #3195, #6159, #9054 ) ;
#7891 = ORIENTED_EDGE ( 'NONE', *, *, #3226, .T. ) ;
#7892 = VECTOR ( 'NONE', #9167, 1000.000000000000000 ) ;
#7893 = CARTESIAN_POINT ( 'NONE',  ( 133.1763124465940109, 6.215927124023430395, 158.7207935539340156 ) ) ;
#7894 = EDGE_CURVE ( 'NONE', #5286, #2489, #7505, .T. ) ;
#7895 = CARTESIAN_POINT ( 'NONE',  ( 94.82099151611289756, 119.8311360573549962, 181.2207935539339871 ) ) ;
#7896 = ORIENTED_EDGE ( 'NONE', *, *, #1974, .F. ) ;
#7897 = ORIENTED_EDGE ( 'NONE', *, *, #8865, .F. ) ;
#7898 = EDGE_CURVE ( 'NONE', #87, #456, #3139, .T. ) ;
#7899 = ADVANCED_FACE ( 'NONE', ( #3862 ), #7595, .T. ) ;
#7900 = ORIENTED_EDGE ( 'NONE', *, *, #7329, .F. ) ;
#7901 = CARTESIAN_POINT ( 'NONE',  ( 38.07888031005860086, 35.02563476562500000, 135.7207935539339871 ) ) ;
#7902 = AXIS2_PLACEMENT_3D ( 'NONE', #157, #5384, #9044 ) ;
#7903 = DIRECTION ( 'NONE',  ( -0.9999999999999982236, 5.974482207276098991E-08, 0.000000000000000000 ) ) ;
#7904 = EDGE_CURVE ( 'NONE', #4045, #4913, #4732, .T. ) ;
#7905 = DIRECTION ( 'NONE',  ( 0.9999999999999995559, 2.745767267742054676E-08, 0.000000000000000000 ) ) ;
#7906 = ORIENTED_EDGE ( 'NONE', *, *, #4258, .F. ) ;
#7907 = CARTESIAN_POINT ( 'NONE',  ( -286.9956009418639837, 60.87877210846830422, 161.1314647840640077 ) ) ;
#7908 = DIRECTION ( 'NONE',  ( -4.163336342344333082E-15, -1.000000000000000000, 0.000000000000000000 ) ) ;
#7909 = CARTESIAN_POINT ( 'NONE',  ( -291.1789894103999927, 99.87019435130700629, 179.1242315499560220 ) ) ;
#7910 = VECTOR ( 'NONE', #5420, 1000.000000000000000 ) ;
#7911 = EDGE_CURVE ( 'NONE', #6463, #4284, #2474, .T. ) ;
#7912 = CARTESIAN_POINT ( 'NONE',  ( -101.0028839111329972, 58.61684799194339490, 183.7207935539340156 ) ) ;
#7913 = EDGE_LOOP ( 'NONE', ( #5915, #1812, #7640, #8496 ) ) ;
#7914 = CYLINDRICAL_SURFACE ( 'NONE', #2607, 5.000000000000007105 ) ;
#7915 = EDGE_CURVE ( 'NONE', #762, #4612, #1556, .T. ) ;
#7916 = CARTESIAN_POINT ( 'NONE',  ( -45.45299509213570133, 62.21578598022459516, 133.7207935539339871 ) ) ;
#7917 =( BOUNDED_CURVE ( )  B_SPLINE_CURVE ( 3, ( #9401, #3728, #1463, #3625 ),
 .UNSPECIFIED., .F., .T. ) 
 B_SPLINE_CURVE_WITH_KNOTS ( ( 4, 4 ),
 ( 0.9503030259940439262, 1.570796326794895004 ),
 .UNSPECIFIED. ) 
 CURVE ( )  GEOMETRIC_REPRESENTATION_ITEM ( )  RATIONAL_B_SPLINE_CURVE ( ( 1.000000000000000000, 0.9681721987222410286, 0.9681721987222410286, 1.000000000000000000 ) ) 
 REPRESENTATION_ITEM ( '' )  );
#7918 = DIRECTION ( 'NONE',  ( -1.000000000000000000, 2.901163001883460083E-16, 0.000000000000000000 ) ) ;
#7919 = ORIENTED_EDGE ( 'NONE', *, *, #3019, .F. ) ;
#7920 = LINE ( 'NONE', #7142, #1721 ) ;
#7921 = TOROIDAL_SURFACE ( 'NONE', #4998, 17.90484428405759942, 5.000000000000000000 ) ;
#7922 = ADVANCED_FACE ( 'NONE', ( #4623 ), #1007, .T. ) ;
#7923 = DIRECTION ( 'NONE',  ( 0.000000000000000000, 0.7071067811865453523, 0.7071067811865495711 ) ) ;
#7924 = CARTESIAN_POINT ( 'NONE',  ( -196.6329766421613954, 117.7886075539280739, 182.7863162251970834 ) ) ;
#7925 = FACE_OUTER_BOUND ( 'NONE', #8317, .T. ) ;
#7926 = PLANE ( 'NONE',  #8195 ) ;
#7927 = ORIENTED_EDGE ( 'NONE', *, *, #6181, .F. ) ;
#7928 = ORIENTED_EDGE ( 'NONE', *, *, #1165, .F. ) ;
#7929 = CARTESIAN_POINT ( 'NONE',  ( 60.32955169677730112, 128.8515090942379970, 178.7207935539339871 ) ) ;
#7930 = AXIS2_PLACEMENT_3D ( 'NONE', #3293, #1754, #304 ) ;
#7931 = ADVANCED_FACE ( 'NONE', ( #5284 ), #6820, .F. ) ;
#7932 = VECTOR ( 'NONE', #7035, 1000.000000000000000 ) ;
#7933 = CARTESIAN_POINT ( 'NONE',  ( -117.8758957656570772, 74.22939611693026052, 183.6430824622104865 ) ) ;
#7934 = VERTEX_POINT ( 'NONE', #1605 ) ;
#7935 = CARTESIAN_POINT ( 'NONE',  ( -95.82267236373628805, 116.9783032755031940, 183.4438521006775034 ) ) ;
#7936 = DIRECTION ( 'NONE',  ( 0.000000000000000000, 1.000000000000000000, 0.000000000000000000 ) ) ;
#7937 = CARTESIAN_POINT ( 'NONE',  ( -83.01557509228808840, 9.215925900706709584, 155.7207980243069869 ) ) ;
#7938 = DIRECTION ( 'NONE',  ( 0.000000000000000000, 0.000000000000000000, 1.000000000000000000 ) ) ;
#7939 = ORIENTED_EDGE ( 'NONE', *, *, #4452, .T. ) ;
#7940 = DIRECTION ( 'NONE',  ( 0.000000000000000000, 0.000000000000000000, -1.000000000000000000 ) ) ;
#7941 = EDGE_CURVE ( 'NONE', #1420, #7098, #4529, .T. ) ;
#7942 = DIRECTION ( 'NONE',  ( -1.226857527254137808E-08, 0.9999999999999998890, -2.150785706034684925E-15 ) ) ;
#7943 = EDGE_LOOP ( 'NONE', ( #8074, #4498, #8669, #3262, #2214, #8991, #4993 ) ) ;
#7944 = CIRCLE ( 'NONE', #3190, 15.90485382080078480 ) ;
#7945 = ORIENTED_EDGE ( 'NONE', *, *, #259, .T. ) ;
#7946 = CARTESIAN_POINT ( 'NONE',  ( 216.5078370686659923, 58.61684799194339490, 178.7207935539339871 ) ) ;
#7947 = CARTESIAN_POINT ( 'NONE',  ( 74.59984302520790322, 58.61684799194320306, 178.7207935539339871 ) ) ;
#7948 = DIRECTION ( 'NONE',  ( -1.000000000000000000, 1.686196424027729742E-16, -1.686196424027719881E-16 ) ) ;
#7949 = EDGE_LOOP ( 'NONE', ( #4701, #861, #2469, #9104 ) ) ;
#7950 = AXIS2_PLACEMENT_3D ( 'NONE', #1267, #4200, #1312 ) ;
#7951 = CARTESIAN_POINT ( 'NONE',  ( 150.3786849975589917, 63.61684799194339490, 178.7207935539339871 ) ) ;
#7952 = CARTESIAN_POINT ( 'NONE',  ( 284.6162869367418580, 74.29877815815717668, 183.6571534988052008 ) ) ;
#7953 = EDGE_CURVE ( 'NONE', #2988, #3108, #6410, .T. ) ;
#7954 = EDGE_CURVE ( 'NONE', #5002, #817, #5626, .T. ) ;
#7955 = CARTESIAN_POINT ( 'NONE',  ( 285.8209915161129970, 3.000000000000000000, 158.7207935539340156 ) ) ;
#7956 = AXIS2_PLACEMENT_3D ( 'NONE', #3276, #2363, #6813 ) ;
#7957 = CIRCLE ( 'NONE', #8722, 3.000000000000002665 ) ;
#7958 = ORIENTED_EDGE ( 'NONE', *, *, #960, .F. ) ;
#7959 = ORIENTED_EDGE ( 'NONE', *, *, #960, .T. ) ;
#7960 = AXIS2_PLACEMENT_3D ( 'NONE', #9449, #8821, #2250 ) ;
#7961 = DIRECTION ( 'NONE',  ( 1.000000000000000000, -1.159224734824832040E-17, -1.159224734824836046E-17 ) ) ;
#7962 = LINE ( 'NONE', #8771, #7072 ) ;
#7963 = EDGE_CURVE ( 'NONE', #8051, #5635, #5430, .T. ) ;
#7964 = DIRECTION ( 'NONE',  ( -1.000000000000000000, -3.100342586094671250E-15, 0.000000000000000000 ) ) ;
#7965 = CIRCLE ( 'NONE', #6275, 12.90484428405759587 ) ;
#7966 = ORIENTED_EDGE ( 'NONE', *, *, #869, .F. ) ;
#7967 = PLANE ( 'NONE',  #7081 ) ;
#7968 = CARTESIAN_POINT ( 'NONE',  ( -117.8760749718654637, 80.34270821522308381, 183.6841548425516635 ) ) ;
#7969 = CARTESIAN_POINT ( 'NONE',  ( 38.07888031005860086, 38.02563476562500000, 155.7207935539340156 ) ) ;
#7970 = AXIS2_PLACEMENT_3D ( 'NONE', #6451, #8633, #2058 ) ;
#7971 =( BOUNDED_CURVE ( )  B_SPLINE_CURVE ( 3, ( #1111, #5331, #1699, #4621 ),
 .UNSPECIFIED., .F., .T. ) 
 B_SPLINE_CURVE_WITH_KNOTS ( ( 4, 4 ),
 ( 1.570796326794895004, 2.045947839791860012 ),
 .UNSPECIFIED. ) 
 CURVE ( )  GEOMETRIC_REPRESENTATION_ITEM ( )  RATIONAL_B_SPLINE_CURVE ( ( 1.000000000000000000, 0.9812742460539110034, 0.9812742460539110034, 1.000000000000000000 ) ) 
 REPRESENTATION_ITEM ( '' )  );
#7972 = ADVANCED_FACE ( 'NONE', ( #8372 ), #7646, .T. ) ;
#7973 = DIRECTION ( 'NONE',  ( 1.000000000000000000, -1.188474749415029953E-15, 0.000000000000000000 ) ) ;
#7974 = CIRCLE ( 'NONE', #7513, 3.000000000000002665 ) ;
#7975 = CARTESIAN_POINT ( 'NONE',  ( -117.8761103101920042, 76.52169227600100498, 183.6132126426209936 ) ) ;
#7976 = CARTESIAN_POINT ( 'NONE',  ( -289.7670676368349518, 64.89451024657751077, 158.3322212450420068 ) ) ;
#7977 = ORIENTED_EDGE ( 'NONE', *, *, #3061, .F. ) ;
#7978 = ORIENTED_EDGE ( 'NONE', *, *, #4828, .F. ) ;
#7979 = CARTESIAN_POINT ( 'NONE',  ( -196.9218633578391859, 99.15302781463640258, 182.5134535124276454 ) ) ;
#7980 = DIRECTION ( 'NONE',  ( 1.000000000000000000, -3.226180998935143991E-15, 0.000000000000000000 ) ) ;
#7981 = VECTOR ( 'NONE', #5015, 1000.000000000000000 ) ;
#7982 = EDGE_CURVE ( 'NONE', #2560, #5709, #1218, .T. ) ;
#7983 = ADVANCED_FACE ( 'NONE', ( #1842 ), #2140, .T. ) ;
#7984 = CARTESIAN_POINT ( 'NONE',  ( -75.59253796992871344, 110.9465026855470029, 143.7207935539339871 ) ) ;
#7985 = ORIENTED_EDGE ( 'NONE', *, *, #2943, .T. ) ;
#7986 = FACE_OUTER_BOUND ( 'NONE', #7369, .T. ) ;
#7987 = CARTESIAN_POINT ( 'NONE',  ( -288.1789894103999927, 57.34758543135419728, 158.7207935539340156 ) ) ;
#7988 = LINE ( 'NONE', #7159, #1179 ) ;
#7989 = FACE_OUTER_BOUND ( 'NONE', #5008, .T. ) ;
#7990 = ORIENTED_EDGE ( 'NONE', *, *, #7491, .F. ) ;
#7991 = DIRECTION ( 'NONE',  ( 1.075393666311713415E-15, -1.000000000000000000, 0.000000000000000000 ) ) ;
#7992 = DIRECTION ( 'NONE',  ( -1.000000000000000000, -1.226857527254137973E-08, -6.280255024119369844E-16 ) ) ;
#7993 = ORIENTED_EDGE ( 'NONE', *, *, #7538, .T. ) ;
#7994 = ORIENTED_EDGE ( 'NONE', *, *, #8891, .T. ) ;
#7995 = VECTOR ( 'NONE', #2344, 1000.000000000000000 ) ;
#7996 = CARTESIAN_POINT ( 'NONE',  ( -97.17898941040004956, 118.5318284406269242, 181.7463431772704041 ) ) ;
#7997 = VECTOR ( 'NONE', #8879, 1000.000000000000000 ) ;
#7998 = FACE_OUTER_BOUND ( 'NONE', #9420, .T. ) ;
#7999 = ORIENTED_EDGE ( 'NONE', *, *, #8891, .F. ) ;
#8000 = CARTESIAN_POINT ( 'NONE',  ( 267.5316238403320312, 76.52169227600100498, 183.7207935539340156 ) ) ;
#8001 = CYLINDRICAL_SURFACE ( 'NONE', #4295, 2.500000000000010658 ) ;
#8002 = AXIS2_PLACEMENT_3D ( 'NONE', #9399, #5782, #2822 ) ;
#8003 = DIRECTION ( 'NONE',  ( 0.000000000000000000, 0.000000000000000000, -1.000000000000000000 ) ) ;
#8004 = VECTOR ( 'NONE', #8598, 1000.000000000000000 ) ;
#8005 = EDGE_CURVE ( 'NONE', #1934, #4284, #9494, .T. ) ;
#8006 = DIRECTION ( 'NONE',  ( 0.000000000000000000, 0.000000000000000000, -1.000000000000000000 ) ) ;
#8007 = VERTEX_POINT ( 'NONE', #5029 ) ;
#8008 = ORIENTED_EDGE ( 'NONE', *, *, #1311, .F. ) ;
#8009 = CARTESIAN_POINT ( 'NONE',  ( -269.8896026611329830, 38.02563476562500000, 155.7207935539340156 ) ) ;
#8010 = AXIS2_PLACEMENT_3D ( 'NONE', #7655, #2675, #1069 ) ;
#8011 = DIRECTION ( 'NONE',  ( -1.000000000000000000, -8.330697243152929906E-11, 0.000000000000000000 ) ) ;
#8012 = DIRECTION ( 'NONE',  ( 0.000000000000000000, 0.000000000000000000, -1.000000000000000000 ) ) ;
#8013 = CARTESIAN_POINT ( 'NONE',  ( 13.36300373077400039, 128.8515090942379970, 183.7207935539340156 ) ) ;
#8014 = EDGE_CURVE ( 'NONE', #9158, #2546, #7849, .T. ) ;
#8015 = VERTEX_POINT ( 'NONE', #3426 ) ;
#8016 = DIRECTION ( 'NONE',  ( 0.000000000000000000, 0.000000000000000000, -1.000000000000000000 ) ) ;
#8017 = EDGE_CURVE ( 'NONE', #5154, #20, #3662, .T. ) ;
#8018 = CARTESIAN_POINT ( 'NONE',  ( 170.5982247771704863, 76.52168707601650510, 133.7207935539339871 ) ) ;
#8019 = CARTESIAN_POINT ( 'NONE',  ( 116.4864654541011930, 22.12078094482420099, 158.7207935539340156 ) ) ;
#8020 = EDGE_CURVE ( 'NONE', #5103, #5977, #654, .T. ) ;
#8021 = CARTESIAN_POINT ( 'NONE',  ( -285.7244439558550084, 59.07246415508239323, 161.7207935539339871 ) ) ;
#8022 = ORIENTED_EDGE ( 'NONE', *, *, #5570, .F. ) ;
#8023 = ORIENTED_EDGE ( 'NONE', *, *, #4615, .F. ) ;
#8024 = FACE_OUTER_BOUND ( 'NONE', #6685, .T. ) ;
#8025 = DIRECTION ( 'NONE',  ( 4.301574665246853659E-15, -1.000000000000000000, 0.000000000000000000 ) ) ;
#8026 = AXIS2_PLACEMENT_3D ( 'NONE', #8690, #7335, #8106 ) ;
#8027 = PLANE ( 'NONE',  #8813 ) ;
#8028 = ORIENTED_EDGE ( 'NONE', *, *, #5835, .F. ) ;
#8029 = CARTESIAN_POINT ( 'NONE',  ( -83.01555633544920454, 58.61684799194339490, 183.7207935539340156 ) ) ;
#8030 = DIRECTION ( 'NONE',  ( 0.000000000000000000, 0.000000000000000000, 1.000000000000000000 ) ) ;
#8031 = AXIS2_PLACEMENT_3D ( 'NONE', #6216, #8205, #136 ) ;
#8032 = EDGE_CURVE ( 'NONE', #5468, #202, #9090, .T. ) ;
#8033 = CARTESIAN_POINT ( 'NONE',  ( 166.9408758486519844, 69.71895142776051557, 183.7207935539340156 ) ) ;
#8034 = FACE_OUTER_BOUND ( 'NONE', #3559, .T. ) ;
#8035 = ORIENTED_EDGE ( 'NONE', *, *, #342, .T. ) ;
#8036 = CARTESIAN_POINT ( 'NONE',  ( -63.35799196300879998, 75.12078285217289420, 178.7207935539339871 ) ) ;
#8037 = DIRECTION ( 'NONE',  ( 0.000000000000000000, -1.000000000000000000, 0.000000000000000000 ) ) ;
#8038 = ORIENTED_EDGE ( 'NONE', *, *, #8172, .T. ) ;
#8039 = ORIENTED_EDGE ( 'NONE', *, *, #9260, .T. ) ;
#8040 = DIRECTION ( 'NONE',  ( 1.000000000000000000, 0.000000000000000000, 0.000000000000000000 ) ) ;
#8041 = CIRCLE ( 'NONE', #1441, 12.90484886281040744 ) ;
#8042 = CYLINDRICAL_SURFACE ( 'NONE', #9298, 12.90500640869139737 ) ;
#8043 = DIRECTION ( 'NONE',  ( -1.000000000000000000, 0.000000000000000000, 0.000000000000000000 ) ) ;
#8044 = EDGE_LOOP ( 'NONE', ( #3330, #5629, #79, #7123 ) ) ;
#8045 = CARTESIAN_POINT ( 'NONE',  ( -285.7244439558550084, 59.07246415508239323, 161.0475951281640050 ) ) ;
#8046 = CARTESIAN_POINT ( 'NONE',  ( -286.4105219070718249, 82.82438086352424023, 183.7163341543801778 ) ) ;
#8047 = EDGE_CURVE ( 'NONE', #7442, #1448, #801, .T. ) ;
#8048 = ADVANCED_FACE ( 'NONE', ( #4506 ), #2879, .T. ) ;
#8049 = CARTESIAN_POINT ( 'NONE',  ( -269.8896011036019900, 76.52169227600100498, 178.7207935539339871 ) ) ;
#8050 = CARTESIAN_POINT ( 'NONE',  ( 200.0061500849595575, 70.80574549003691232, 183.7037065513843856 ) ) ;
#8051 = VERTEX_POINT ( 'NONE', #85 ) ;
#8052 = ORIENTED_EDGE ( 'NONE', *, *, #3563, .T. ) ;
#8053 = CARTESIAN_POINT ( 'NONE',  ( -45.45299509255220727, 93.02577972412109375, 183.7207935539340156 ) ) ;
#8054 = DIRECTION ( 'NONE',  ( 1.000000000000000000, -4.362752391243203476E-16, 0.000000000000000000 ) ) ;
#8055 = FACE_OUTER_BOUND ( 'NONE', #1631, .T. ) ;
#8056 = EDGE_CURVE ( 'NONE', #6812, #6023, #5796, .T. ) ;
#8057 = AXIS2_PLACEMENT_3D ( 'NONE', #7596, #4530, #873 ) ;
#8058 = CARTESIAN_POINT ( 'NONE',  ( 38.07888031005860086, 9.215927124023428618, 158.7207935539340156 ) ) ;
#8059 = DIRECTION ( 'NONE',  ( 4.395361497475210165E-16, -0.5814365767194009660, 0.8135917325371639919 ) ) ;
#8060 = ORIENTED_EDGE ( 'NONE', *, *, #3613, .F. ) ;
#8061 = DIRECTION ( 'NONE',  ( 0.000000000000000000, 0.000000000000000000, 1.000000000000000000 ) ) ;
#8062 = DIRECTION ( 'NONE',  ( 0.000000000000000000, 0.000000000000000000, 1.000000000000000000 ) ) ;
#8063 = DIRECTION ( 'NONE',  ( 0.000000000000000000, 0.000000000000000000, -1.000000000000000000 ) ) ;
#8064 = CARTESIAN_POINT ( 'NONE',  ( -291.1789894103999927, 76.32125139236450195, 155.7207935539340156 ) ) ;
#8065 = ORIENTED_EDGE ( 'NONE', *, *, #3987, .T. ) ;
#8066 = VERTEX_POINT ( 'NONE', #848 ) ;
#8067 = CARTESIAN_POINT ( 'NONE',  ( 132.3913192749020027, 22.12078094482420099, 155.7207935539340156 ) ) ;
#8068 = CARTESIAN_POINT ( 'NONE',  ( 132.3913192749020027, 35.02563476562500000, 155.7207935539340156 ) ) ;
#8069 = EDGE_CURVE ( 'NONE', #1275, #8144, #3068, .T. ) ;
#8070 = ADVANCED_FACE ( 'NONE', ( #1630 ), #4768, .T. ) ;
#8071 = CARTESIAN_POINT ( 'NONE',  ( -83.01557321292520442, 6.215926217349330152, 155.7207935539340156 ) ) ;
#8072 = ORIENTED_EDGE ( 'NONE', *, *, #3395, .T. ) ;
#8073 = DIRECTION ( 'NONE',  ( 0.000000000000000000, 0.000000000000000000, -1.000000000000000000 ) ) ;
#8074 = ORIENTED_EDGE ( 'NONE', *, *, #4031, .F. ) ;
#8075 = AXIS2_PLACEMENT_3D ( 'NONE', #937, #219, #5452 ) ;
#8076 = CARTESIAN_POINT ( 'NONE',  ( -289.0202999028451245, 62.05759512471744443, 158.7228366450268311 ) ) ;
#8077 = ORIENTED_EDGE ( 'NONE', *, *, #9193, .T. ) ;
#8078 = FACE_OUTER_BOUND ( 'NONE', #8528, .T. ) ;
#8079 = DIRECTION ( 'NONE',  ( -5.974482020221200890E-08, -0.9999999999999982236, 0.000000000000000000 ) ) ;
#8080 = ORIENTED_EDGE ( 'NONE', *, *, #4307, .F. ) ;
#8081 = ADVANCED_FACE ( 'NONE', ( #4404 ), #6558, .F. ) ;
#8082 = CIRCLE ( 'NONE', #1285, 5.000000000000004441 ) ;
#8083 = CARTESIAN_POINT ( 'NONE',  ( -116.9077412588693932, 22.12077988203879997, 158.7207935539340156 ) ) ;
#8084 = VECTOR ( 'NONE', #6719, 1000.000000000000000 ) ;
#8085 = DIRECTION ( 'NONE',  ( 0.9999999999999982236, -5.974481946206379345E-08, 0.000000000000000000 ) ) ;
#8086 = EDGE_LOOP ( 'NONE', ( #7, #1033, #2124, #1488 ) ) ;
#8087 = VERTEX_POINT ( 'NONE', #3592 ) ;
#8088 = CARTESIAN_POINT ( 'NONE',  ( -121.8444824218751847, 22.12078094482420099, 155.7207935539340156 ) ) ;
#8089 = AXIS2_PLACEMENT_3D ( 'NONE', #968, #8231, #5387 ) ;
#8090 = ADVANCED_FACE ( 'NONE', ( #2924 ), #5884, .T. ) ;
#8091 = CARTESIAN_POINT ( 'NONE',  ( -42.09728601378149193, 38.02563643273870042, 155.7207935539340156 ) ) ;
#8092 = VERTEX_POINT ( 'NONE', #5841 ) ;
#8093 = FACE_OUTER_BOUND ( 'NONE', #4262, .T. ) ;
#8094 = DIRECTION ( 'NONE',  ( 0.000000000000000000, 0.000000000000000000, -1.000000000000000000 ) ) ;
#8095 = LINE ( 'NONE', #1517, #3257 ) ;
#8096 = AXIS2_PLACEMENT_3D ( 'NONE', #516, #6368, #5704 ) ;
#8097 = DIRECTION ( 'NONE',  ( 2.150785743182216738E-15, -1.000000000000000000, 0.000000000000000000 ) ) ;
#8098 = EDGE_CURVE ( 'NONE', #6270, #6034, #9189, .T. ) ;
#8099 = ORIENTED_EDGE ( 'NONE', *, *, #7074, .F. ) ;
#8100 = ORIENTED_EDGE ( 'NONE', *, *, #203, .T. ) ;
#8101 = TOROIDAL_SURFACE ( 'NONE', #3966, 15.90484874797840043, 3.000000000000000000 ) ;
#8102 = DIRECTION ( 'NONE',  ( 4.163336342344419857E-15, 1.000000000000000000, 0.000000000000000000 ) ) ;
#8103 = CARTESIAN_POINT ( 'NONE',  ( -152.7366447448729900, 35.02563476562500000, 155.7207935539340156 ) ) ;
#8104 = CARTESIAN_POINT ( 'NONE',  ( -194.6789894103999927, 114.5107393763349961, 181.2207935539339871 ) ) ;
#8105 = EDGE_LOOP ( 'NONE', ( #2538, #8421, #1718, #2377, #9180, #2305 ) ) ;
#8106 = DIRECTION ( 'NONE',  ( -1.110223024625155594E-14, -1.000000000000000000, 0.000000000000000000 ) ) ;
#8107 = CARTESIAN_POINT ( 'NONE',  ( -83.01557525061218712, 22.12077994439439976, 155.7207935539340156 ) ) ;
#8108 = AXIS2_PLACEMENT_3D ( 'NONE', #4408, #7336, #753 ) ;
#8109 = LINE ( 'NONE', #1539, #1144 ) ;
#8110 = CARTESIAN_POINT ( 'NONE',  ( -290.1260698033089511, 64.66285783980841018, 158.0190536290729710 ) ) ;
#8111 = ORIENTED_EDGE ( 'NONE', *, *, #8032, .T. ) ;
#8112 = ADVANCED_FACE ( 'NONE', ( #36 ), #5162, .T. ) ;
#8113 = PLANE ( 'NONE',  #6528 ) ;
#8114 = AXIS2_PLACEMENT_3D ( 'NONE', #4594, #8391, #8197 ) ;
#8115 = CARTESIAN_POINT ( 'NONE',  ( -269.8896011046559806, 58.61684799194339490, 178.7207935539339871 ) ) ;
#8116 = AXIS2_PLACEMENT_3D ( 'NONE', #2853, #8701, #581 ) ;
#8117 = CARTESIAN_POINT ( 'NONE',  ( -201.7659047478304899, 22.12077808834190051, 158.7207935539340156 ) ) ;
#8118 = ORIENTED_EDGE ( 'NONE', *, *, #3084, .T. ) ;
#8119 = VECTOR ( 'NONE', #5489, 1000.000000000000000 ) ;
#8120 = FACE_OUTER_BOUND ( 'NONE', #4066, .T. ) ;
#8121 = ORIENTED_EDGE ( 'NONE', *, *, #531, .T. ) ;
#8122 = CARTESIAN_POINT ( 'NONE',  ( -288.3468924875080006, 58.20276120382338547, 158.7207935539340156 ) ) ;
#8123 = ORIENTED_EDGE ( 'NONE', *, *, #859, .F. ) ;
#8124 = DIRECTION ( 'NONE',  ( 0.000000000000000000, 0.000000000000000000, -1.000000000000000000 ) ) ;
#8125 = ADVANCED_FACE ( 'NONE', ( #5214 ), #3118, .F. ) ;
#8126 = DIRECTION ( 'NONE',  ( -1.000000000000000000, 1.110223024625156067E-14, 0.000000000000000000 ) ) ;
#8127 = AXIS2_PLACEMENT_3D ( 'NONE', #9212, #1278, #4882 ) ;
#8128 = CARTESIAN_POINT ( 'NONE',  ( 133.1763124465940109, 63.61684799194339490, 178.7207935539339871 ) ) ;
#8129 = ORIENTED_EDGE ( 'NONE', *, *, #2091, .F. ) ;
#8130 = DIRECTION ( 'NONE',  ( -1.000000000000000000, -2.357670551379990086E-15, 0.000000000000000000 ) ) ;
#8131 = CARTESIAN_POINT ( 'NONE',  ( 216.5078353881840201, 9.215927124023419736, 143.7207935539339871 ) ) ;
#8132 = ORIENTED_EDGE ( 'NONE', *, *, #4205, .T. ) ;
#8133 = VERTEX_POINT ( 'NONE', #8447 ) ;
#8134 = ADVANCED_FACE ( 'NONE', ( #3163 ), #6947, .T. ) ;
#8135 = CARTESIAN_POINT ( 'NONE',  ( -269.8896011047750108, 90.89100265412589863, 182.2563274598670091 ) ) ;
#8136 = EDGE_CURVE ( 'NONE', #2971, #5269, #1814, .T. ) ;
#8137 = CARTESIAN_POINT ( 'NONE',  ( 60.32955169677730112, 98.04149627685548296, 183.7207935539340156 ) ) ;
#8138 = CARTESIAN_POINT ( 'NONE',  ( -218.8657760620120314, 63.61684799194339490, 183.7207935539340156 ) ) ;
#8139 = ORIENTED_EDGE ( 'NONE', *, *, #2728, .T. ) ;
#8140 = DIRECTION ( 'NONE',  ( -1.000000000000000000, -1.104968027632495817E-16, 1.104968027632493845E-16 ) ) ;
#8141 = CARTESIAN_POINT ( 'NONE',  ( 288.8209905709690020, 76.30525954834070035, 155.7249242674139964 ) ) ;
#8142 = AXIS2_PLACEMENT_3D ( 'NONE', #1025, #934, #8246 ) ;
#8143 = FACE_OUTER_BOUND ( 'NONE', #6320, .T. ) ;
#8144 = VERTEX_POINT ( 'NONE', #321 ) ;
#8145 = ORIENTED_EDGE ( 'NONE', *, *, #2926, .T. ) ;
#8146 = EDGE_LOOP ( 'NONE', ( #4832, #2427, #6773, #7261 ) ) ;
#8147 = FACE_OUTER_BOUND ( 'NONE', #8154, .T. ) ;
#8148 = CARTESIAN_POINT ( 'NONE',  ( 43.09501647949219461, 57.21578598022470175, 178.7207935539339871 ) ) ;
#8149 = AXIS2_PLACEMENT_3D ( 'NONE', #4211, #6316, #8532 ) ;
#8150 = EDGE_CURVE ( 'NONE', #4306, #7292, #1819, .T. ) ;
#8151 = ADVANCED_FACE ( 'NONE', ( #5306 ), #5360, .T. ) ;
#8152 = CIRCLE ( 'NONE', #4016, 2.999999999999999112 ) ;
#8153 = CARTESIAN_POINT ( 'NONE',  ( 287.5844043708959816, 67.51886715844780440, 159.3253497044300104 ) ) ;
#8154 = EDGE_LOOP ( 'NONE', ( #7762, #4081, #5163, #8563, #2051 ) ) ;
#8155 = CARTESIAN_POINT ( 'NONE',  ( -40.43682098388670454, 35.90431442206534740, 157.8421138974935047 ) ) ;
#8156 = CIRCLE ( 'NONE', #3106, 12.90485404368839895 ) ;
#8157 = CARTESIAN_POINT ( 'NONE',  ( -197.1789894103999927, 118.9074145751319946, 181.2207935539339871 ) ) ;
#8158 = LINE ( 'NONE', #3648, #2374 ) ;
#8159 = CARTESIAN_POINT ( 'NONE',  ( -289.3007551466100153, 65.30183041665019061, 159.0558241164860078 ) ) ;
#8160 = ORIENTED_EDGE ( 'NONE', *, *, #2117, .F. ) ;
#8161 = CARTESIAN_POINT ( 'NONE',  ( -110.0223875045780062, 58.61684799194339490, 178.7207935539339871 ) ) ;
#8162 = CIRCLE ( 'NONE', #6161, 5.000000000000004441 ) ;
#8163 = EDGE_CURVE ( 'NONE', #3923, #1987, #5661, .T. ) ;
#8164 = CARTESIAN_POINT ( 'NONE',  ( 286.0620686533000026, 97.07015184981879941, 183.3784952585450014 ) ) ;
#8165 = ORIENTED_EDGE ( 'NONE', *, *, #2378, .T. ) ;
#8166 = AXIS2_PLACEMENT_3D ( 'NONE', #9414, #7781, #4184 ) ;
#8167 = DIRECTION ( 'NONE',  ( -1.000000000000000000, 0.000000000000000000, 0.000000000000000000 ) ) ;
#8168 = ORIENTED_EDGE ( 'NONE', *, *, #12, .F. ) ;
#8169 = CARTESIAN_POINT ( 'NONE',  ( -30.26300430297849786, 110.9465026855470029, 183.7207935539340156 ) ) ;
#8170 = CARTESIAN_POINT ( 'NONE',  ( 43.09501647949219461, 93.02577972412109375, 183.7207935539340156 ) ) ;
#8171 = CARTESIAN_POINT ( 'NONE',  ( -101.0029031638499930, 38.02563291343300023, 155.7207935539340156 ) ) ;
#8172 = EDGE_CURVE ( 'NONE', #6916, #8933, #3811, .T. ) ;
#8173 = FACE_OUTER_BOUND ( 'NONE', #399, .T. ) ;
#8174 = ORIENTED_EDGE ( 'NONE', *, *, #2071, .T. ) ;
#8175 = DIRECTION ( 'NONE',  ( 2.419605351497754917E-15, -1.000000000000000000, 0.000000000000000000 ) ) ;
#8176 = CARTESIAN_POINT ( 'NONE',  ( -218.8657760620120314, 76.52169227600100498, 178.7207935539339871 ) ) ;
#8177 = ORIENTED_EDGE ( 'NONE', *, *, #2165, .F. ) ;
#8178 = ORIENTED_EDGE ( 'NONE', *, *, #6629, .F. ) ;
#8179 = CARTESIAN_POINT ( 'NONE',  ( 200.0054568189599991, 83.46826660389170627, 183.7207935539340156 ) ) ;
#8180 = FACE_OUTER_BOUND ( 'NONE', #2961, .T. ) ;
#8181 = CARTESIAN_POINT ( 'NONE',  ( -286.6705565522798338, 58.40760399337610664, 159.3217930267394422 ) ) ;
#8182 = EDGE_CURVE ( 'NONE', #4526, #1705, #3038, .T. ) ;
#8183 = DIRECTION ( 'NONE',  ( 0.000000000000000000, 0.000000000000000000, -1.000000000000000000 ) ) ;
#8184 = CYLINDRICAL_SURFACE ( 'NONE', #332, 5.000000000000001776 ) ;
#8185 = AXIS2_PLACEMENT_3D ( 'NONE', #6003, #8941, #4568 ) ;
#8186 = AXIS2_PLACEMENT_3D ( 'NONE', #6372, #9221, #1879 ) ;
#8187 = EDGE_CURVE ( 'NONE', #5648, #915, #2399, .T. ) ;
#8188 = EDGE_CURVE ( 'NONE', #8015, #7105, #1405, .T. ) ;
#8189 = DIRECTION ( 'NONE',  ( 1.635284895191439853E-16, 1.000000000000000000, 0.000000000000000000 ) ) ;
#8190 = ORIENTED_EDGE ( 'NONE', *, *, #8386, .F. ) ;
#8191 = EDGE_CURVE ( 'NONE', #3618, #3923, #3311, .T. ) ;
#8192 = ORIENTED_EDGE ( 'NONE', *, *, #3203, .T. ) ;
#8193 = ORIENTED_EDGE ( 'NONE', *, *, #2382, .F. ) ;
#8194 = CARTESIAN_POINT ( 'NONE',  ( 194.0887584690794938, 117.6023872751334096, 182.9885605069005123 ) ) ;
#8195 = AXIS2_PLACEMENT_3D ( 'NONE', #6335, #6469, #3464 ) ;
#8196 = CARTESIAN_POINT ( 'NONE',  ( -202.3634107819376311, 73.29365257891700480, 183.6005951936647307 ) ) ;
#8197 = DIRECTION ( 'NONE',  ( 1.000000000000000000, 0.000000000000000000, 0.000000000000000000 ) ) ;
#8198 = CARTESIAN_POINT ( 'NONE',  ( -94.67898941040009220, 119.8311360573549962, 181.2207935539339871 ) ) ;
#8199 = AXIS2_PLACEMENT_3D ( 'NONE', #9198, #1223, #2626 ) ;
#8200 = AXIS2_PLACEMENT_3D ( 'NONE', #3372, #6289, #8508 ) ;
#8201 = EDGE_CURVE ( 'NONE', #5349, #1852, #1495, .T. ) ;
#8202 = LINE ( 'NONE', #4551, #7858 ) ;
#8203 = DIRECTION ( 'NONE',  ( 0.000000000000000000, 0.000000000000000000, -1.000000000000000000 ) ) ;
#8204 = ORIENTED_EDGE ( 'NONE', *, *, #1562, .T. ) ;
#8205 = DIRECTION ( 'NONE',  ( 0.000000000000000000, 0.000000000000000000, 1.000000000000000000 ) ) ;
#8206 = CARTESIAN_POINT ( 'NONE',  ( -135.5343008041380131, 38.02563476562500000, 155.7207935539340156 ) ) ;
#8207 = CIRCLE ( 'NONE', #9435, 2.999999683357827962 ) ;
#8208 = DIRECTION ( 'NONE',  ( 1.000000000000000000, 0.000000000000000000, 0.000000000000000000 ) ) ;
#8209 = DIRECTION ( 'NONE',  ( -8.326672684687951457E-15, -1.000000000000000000, 0.000000000000000000 ) ) ;
#8210 = VERTEX_POINT ( 'NONE', #224 ) ;
#8211 = B_SPLINE_SURFACE_WITH_KNOTS ( 'NONE', 3, 3, ( 
 ( #1186, #8538, #5603, #5508, #4973, #5702 ),
 ( #418, #9214, #3405, #2592, #6322, #1962 ),
 ( #4794, #6996, #4074, #1869, #2642, #1279 ),
 ( #8586, #8634, #555, #7720, #8446, #7909 ),
 ( #9261, #9160, #5558, #3356, #1136, #4124 ) ),
 .UNSPECIFIED., .F., .F., .F.,
 ( 4, 1, 4 ),
 ( 4, 1, 1, 4 ),
 ( 0.000000000000000000, 0.5714285714285709528, 1.000000000000000000 ),
 ( -9.547541907460269592E-16, 0.4487989505128279766, 0.8975979010256570634, 1.570796326794899889 ),
 .UNSPECIFIED. ) ;
#8212 = DIRECTION ( 'NONE',  ( 0.000000000000000000, 0.7071067811865453523, 0.7071067811865495711 ) ) ;
#8213 = EDGE_CURVE ( 'NONE', #8877, #7617, #6844, .T. ) ;
#8214 = CARTESIAN_POINT ( 'NONE',  ( -101.0028839111329972, 76.52169227600100498, 178.7207935539339871 ) ) ;
#8215 = VERTEX_POINT ( 'NONE', #9162 ) ;
#8216 = EDGE_CURVE ( 'NONE', #9510, #2385, #6088, .T. ) ;
#8217 = CARTESIAN_POINT ( 'NONE',  ( 194.8209915161130255, 118.9074145751319946, 181.2207935539339871 ) ) ;
#8218 = ORIENTED_EDGE ( 'NONE', *, *, #5336, .T. ) ;
#8219 = DIRECTION ( 'NONE',  ( 1.000000000000000000, 0.000000000000000000, 0.000000000000000000 ) ) ;
#8220 = CARTESIAN_POINT ( 'NONE',  ( -75.59253796992871344, 110.9465026855470029, 158.7207935539340156 ) ) ;
#8221 = AXIS2_PLACEMENT_3D ( 'NONE', #4331, #2179, #4 ) ;
#8222 = CARTESIAN_POINT ( 'NONE',  ( 284.6281423443959966, 76.32125139236430300, 183.6552142433770030 ) ) ;
#8223 = DIRECTION ( 'NONE',  ( 0.000000000000000000, -0.7071067811865447972, 0.7071067811865503483 ) ) ;
#8224 = ORIENTED_EDGE ( 'NONE', *, *, #3319, .T. ) ;
#8225 =( BOUNDED_CURVE ( )  B_SPLINE_CURVE ( 3, ( #3837, #6842, #6030, #318 ),
 .UNSPECIFIED., .F., .T. ) 
 B_SPLINE_CURVE_WITH_KNOTS ( ( 4, 4 ),
 ( 0.7853981633974529419, 1.095644813797951977 ),
 .UNSPECIFIED. ) 
 CURVE ( )  GEOMETRIC_REPRESENTATION_ITEM ( )  RATIONAL_B_SPLINE_CURVE ( ( 1.000000000000000000, 0.9919949895361620529, 0.9919949895361620529, 1.000000000000000000 ) ) 
 REPRESENTATION_ITEM ( '' )  );
#8226 = DIRECTION ( 'NONE',  ( -1.000000000000000000, 0.000000000000000000, 0.000000000000000000 ) ) ;
#8227 = CARTESIAN_POINT ( 'NONE',  ( 132.3913192749020027, 9.215927124023428618, 155.7207935539340156 ) ) ;
#8228 = ORIENTED_EDGE ( 'NONE', *, *, #2996, .T. ) ;
#8229 = AXIS2_PLACEMENT_3D ( 'NONE', #597, #4255, #5784 ) ;
#8230 = EDGE_LOOP ( 'NONE', ( #5093, #9308, #2899, #1155, #4590 ) ) ;
#8231 = DIRECTION ( 'NONE',  ( 2.740434456452409705E-16, -1.000000000000000000, 2.740434456452409705E-16 ) ) ;
#8232 = AXIS2_PLACEMENT_3D ( 'NONE', #4773, #970, #1708 ) ;
#8233 = DIRECTION ( 'NONE',  ( -1.000000000000000000, 0.000000000000000000, 0.000000000000000000 ) ) ;
#8234 = EDGE_LOOP ( 'NONE', ( #5869, #637, #9352, #8938, #3817, #5139 ) ) ;
#8235 = B_SPLINE_CURVE_WITH_KNOTS ( 'NONE', 3,
 ( #5980, #3833, #6745, #216, #6069, #8917, #5253, #8506, #1104, #3461, #2702, #7733, #8599, #2555, #7101, #9320, #8552, #5470, #6287, #6375, #7828, #9175, #3323, #1150, #433, #7689, #7778, #4756, #4041, #6236, #2606, #6963, #1886, #525, #1200, #1248, #4940, #2745, #387, #1832 ),
 .UNSPECIFIED., .F., .F.,
 ( 4, 2, 2, 1, 1, 1, 1, 2, 2, 2, 2, 1, 1, 1, 1, 2, 2, 2, 2, 1, 1, 2, 2, 2, 4 ),
 ( 0.000000000000000000, 0.1250000000001502964, 0.1875000000002239320, 0.2187500000002624845, 0.2343750000002834122, 0.2421875000002967626, 0.2460937500003034240, 0.2480468750003055056, 0.2500000000003076428, 0.3750000000003221312, 0.4375000000003307354, 0.4687500000003332890, 0.4843750000003346212, 0.4921875000003340661, 0.4960937500003337886, 0.4980468750003336775, 0.5000000000003335110, 0.6250000000002363665, 0.6875000000001859624, 0.7187500000001607603, 0.7343750000001481038, 0.7421875000001415534, 0.7500000000001348921, 0.8750000000000675016, 1.000000000000000000 ),
 .UNSPECIFIED. ) ;
#8236 = CARTESIAN_POINT ( 'NONE',  ( -218.8657760620120314, 9.215927124023419736, 155.7207935539340156 ) ) ;
#8237 = EDGE_CURVE ( 'NONE', #550, #4761, #6128, .T. ) ;
#8238 = AXIS2_PLACEMENT_3D ( 'NONE', #4606, #7535, #229 ) ;
#8239 = CARTESIAN_POINT ( 'NONE',  ( 132.3913192749020027, 22.12078094482420099, 158.7207935539340156 ) ) ;
#8240 = PLANE ( 'NONE',  #4723 ) ;
#8241 = AXIS2_PLACEMENT_3D ( 'NONE', #5916, #8951, #7462 ) ;
#8242 = ORIENTED_EDGE ( 'NONE', *, *, #8815, .T. ) ;
#8243 = ORIENTED_EDGE ( 'NONE', *, *, #8327, .F. ) ;
#8244 = ORIENTED_EDGE ( 'NONE', *, *, #798, .F. ) ;
#8245 = DIRECTION ( 'NONE',  ( 0.000000000000000000, 1.000000000000000000, 0.000000000000000000 ) ) ;
#8246 = DIRECTION ( 'NONE',  ( 2.150787332623426829E-15, -1.000000000000000000, 0.000000000000000000 ) ) ;
#8247 = EDGE_CURVE ( 'NONE', #2032, #3854, #9066, .T. ) ;
#8248 = CIRCLE ( 'NONE', #8580, 12.90485318971759732 ) ;
#8249 = LINE ( 'NONE', #5982, #4433 ) ;
#8250 = ORIENTED_EDGE ( 'NONE', *, *, #1289, .T. ) ;
#8251 = CIRCLE ( 'NONE', #4113, 4.999999999999997335 ) ;
#8252 = CARTESIAN_POINT ( 'NONE',  ( -261.1789894103999359, 46.32125139236449485, 178.7207935539339871 ) ) ;
#8253 = CARTESIAN_POINT ( 'NONE',  ( -76.95782116841721177, 94.42653656005850848, 178.7207935539339871 ) ) ;
#8254 = DIRECTION ( 'NONE',  ( 1.000000000000000000, -3.029124098583790169E-17, 0.000000000000000000 ) ) ;
#8255 = ORIENTED_EDGE ( 'NONE', *, *, #1637, .F. ) ;
#8256 = AXIS2_PLACEMENT_3D ( 'NONE', #2048, #4822, #1950 ) ;
#8257 = EDGE_CURVE ( 'NONE', #1705, #2546, #4112, .T. ) ;
#8258 = DIRECTION ( 'NONE',  ( 0.000000000000000000, 0.000000000000000000, -1.000000000000000000 ) ) ;
#8259 = LINE ( 'NONE', #6178, #1612 ) ;
#8260 = DIRECTION ( 'NONE',  ( -7.709388682997012611E-15, 0.7191424945381000855, -0.6948626285457570884 ) ) ;
#8261 = ORIENTED_EDGE ( 'NONE', *, *, #3911, .F. ) ;
#8262 = FACE_OUTER_BOUND ( 'NONE', #7342, .T. ) ;
#8263 = AXIS2_PLACEMENT_3D ( 'NONE', #6729, #8902, #3140 ) ;
#8264 = EDGE_CURVE ( 'NONE', #5350, #2154, #291, .T. ) ;
#8265 = CARTESIAN_POINT ( 'NONE',  ( -83.01557454183539164, 8.337246337010471464, 157.8421136735919958 ) ) ;
#8266 = VERTEX_POINT ( 'NONE', #2782 ) ;
#8267 = CIRCLE ( 'NONE', #4730, 12.90485382080080967 ) ;
#8268 = LINE ( 'NONE', #7448, #3948 ) ;
#8269 = ORIENTED_EDGE ( 'NONE', *, *, #161, .T. ) ;
#8270 = CARTESIAN_POINT ( 'NONE',  ( -152.7366433896910110, 58.61684799194339490, 178.7207935539339871 ) ) ;
#8271 = VECTOR ( 'NONE', #1789, 1000.000000000000000 ) ;
#8272 = CARTESIAN_POINT ( 'NONE',  ( -203.7659039148545048, 76.52168743035018394, 178.7207935539339871 ) ) ;
#8273 = CYLINDRICAL_SURFACE ( 'NONE', #7808, 2.999999999999994227 ) ;
#8274 = VERTEX_POINT ( 'NONE', #1326 ) ;
#8275 = EDGE_CURVE ( 'NONE', #8066, #6652, #7092, .T. ) ;
#8276 = ADVANCED_FACE ( 'NONE', ( #1918 ), #3540, .T. ) ;
#8277 = DIRECTION ( 'NONE',  ( -1.000000000000000000, 0.000000000000000000, 0.000000000000000000 ) ) ;
#8278 = VECTOR ( 'NONE', #2922, 1000.000000000000000 ) ;
#8279 = DIRECTION ( 'NONE',  ( 0.000000000000000000, 1.000000000000000000, 0.000000000000000000 ) ) ;
#8280 = AXIS2_PLACEMENT_3D ( 'NONE', #7464, #4631, #3103 ) ;
#8281 = CARTESIAN_POINT ( 'NONE',  ( -195.0010684664149778, 97.21510147052514128, 183.7207935539341577 ) ) ;
#8282 = ORIENTED_EDGE ( 'NONE', *, *, #987, .F. ) ;
#8283 = ORIENTED_EDGE ( 'NONE', *, *, #4394, .F. ) ;
#8284 = DIRECTION ( 'NONE',  ( 0.000000000000000000, -1.000000000000000000, 0.000000000000000000 ) ) ;
#8285 = AXIS2_PLACEMENT_3D ( 'NONE', #2640, #6406, #3309 ) ;
#8286 =( BOUNDED_CURVE ( )  B_SPLINE_CURVE ( 3, ( #100, #7492, #906, #6764 ),
 .UNSPECIFIED., .F., .F. ) 
 B_SPLINE_CURVE_WITH_KNOTS ( ( 4, 4 ),
 ( 1.186681895805600018, 1.570796326794895004 ),
 .UNSPECIFIED. ) 
 CURVE ( )  GEOMETRIC_REPRESENTATION_ITEM ( )  RATIONAL_B_SPLINE_CURVE ( ( 1.000000000000000000, 0.9877424226396439577, 0.9877424226396439577, 1.000000000000000000 ) ) 
 REPRESENTATION_ITEM ( '' )  );
#8287 = CARTESIAN_POINT ( 'NONE',  ( -269.8896026611329830, 9.215927124023419736, 143.7207935539339871 ) ) ;
#8288 = CIRCLE ( 'NONE', #7349, 12.90485382080079901 ) ;
#8289 = ORIENTED_EDGE ( 'NONE', *, *, #3627, .F. ) ;
#8290 = DIRECTION ( 'NONE',  ( 0.000000000000000000, 0.000000000000000000, -1.000000000000000000 ) ) ;
#8291 = CARTESIAN_POINT ( 'NONE',  ( 288.0180072920500152, 69.10952694810069374, 158.7352111032969901 ) ) ;
#8292 = DIRECTION ( 'NONE',  ( 0.9999999999999995559, 2.745767245451495601E-08, 0.000000000000000000 ) ) ;
#8293 = ORIENTED_EDGE ( 'NONE', *, *, #8568, .T. ) ;
#8294 = ORIENTED_EDGE ( 'NONE', *, *, #4642, .F. ) ;
#8295 = ORIENTED_EDGE ( 'NONE', *, *, #6629, .T. ) ;
#8296 = CARTESIAN_POINT ( 'NONE',  ( -218.8657760620120314, 58.61684799194339490, 183.7207935539340156 ) ) ;
#8297 = DIRECTION ( 'NONE',  ( 0.000000000000000000, 0.000000000000000000, 1.000000000000000000 ) ) ;
#8298 = ORIENTED_EDGE ( 'NONE', *, *, #7393, .T. ) ;
#8299 = CARTESIAN_POINT ( 'NONE',  ( -218.8657760620120314, 76.52169227600100498, 178.7207935539339871 ) ) ;
#8300 = ADVANCED_FACE ( 'NONE', ( #2062 ), #3490, .F. ) ;
#8301 = DIRECTION ( 'NONE',  ( 0.000000000000000000, 0.000000000000000000, 1.000000000000000000 ) ) ;
#8302 = DIRECTION ( 'NONE',  ( 2.489558328007868628E-08, 0.7071067811865484609, 0.7071067811865461294 ) ) ;
#8303 = ORIENTED_EDGE ( 'NONE', *, *, #2009, .T. ) ;
#8304 = VECTOR ( 'NONE', #5881, 1000.000000000000000 ) ;
#8305 = CARTESIAN_POINT ( 'NONE',  ( 27.90500640869130322, 110.9465026855470029, 178.7207935539339871 ) ) ;
#8306 = ORIENTED_EDGE ( 'NONE', *, *, #7393, .F. ) ;
#8307 = CIRCLE ( 'NONE', #1249, 12.90499687194819600 ) ;
#8308 = CARTESIAN_POINT ( 'NONE',  ( -83.01555633544920454, 76.52169227600100498, 178.7207935539339871 ) ) ;
#8309 = DIRECTION ( 'NONE',  ( 1.000000000000000000, -2.688482178977768457E-16, 0.000000000000000000 ) ) ;
#8310 = ORIENTED_EDGE ( 'NONE', *, *, #3240, .T. ) ;
#8311 = LINE ( 'NONE', #7489, #4173 ) ;
#8312 = EDGE_CURVE ( 'NONE', #577, #2459, #4261, .T. ) ;
#8313 = VECTOR ( 'NONE', #3458, 1000.000000000000000 ) ;
#8314 = EDGE_CURVE ( 'NONE', #6887, #8933, #5748, .T. ) ;
#8315 = EDGE_CURVE ( 'NONE', #27, #4483, #6706, .T. ) ;
#8316 = CARTESIAN_POINT ( 'NONE',  ( 284.5265263937139935, 97.16738986521721699, 183.7207935539340156 ) ) ;
#8317 = EDGE_LOOP ( 'NONE', ( #7994, #4070, #2343, #6158 ) ) ;
#8318 = CARTESIAN_POINT ( 'NONE',  ( 0.000000000000000000, 0.000000000000000000, 158.7207935539340156 ) ) ;
#8319 = EDGE_CURVE ( 'NONE', #1453, #8405, #8537, .T. ) ;
#8320 = CARTESIAN_POINT ( 'NONE',  ( 150.3786849975589917, 76.52169227600100498, 178.7207935539339871 ) ) ;
#8321 = DIRECTION ( 'NONE',  ( -1.000000000000000000, -4.342824285326370048E-16, 2.991839073662610075E-16 ) ) ;
#8322 = SPHERICAL_SURFACE ( 'NONE', #2451, 12.90485350637260176 ) ;
#8323 = CIRCLE ( 'NONE', #2036, 12.90500640869140447 ) ;
#8324 = ORIENTED_EDGE ( 'NONE', *, *, #9370, .F. ) ;
#8325 = ORIENTED_EDGE ( 'NONE', *, *, #2472, .T. ) ;
#8326 = LINE ( 'NONE', #1746, #1375 ) ;
#8327 = EDGE_CURVE ( 'NONE', #9458, #5534, #8248, .T. ) ;
#8328 = PLANE ( 'NONE',  #1678 ) ;
#8329 = DIRECTION ( 'NONE',  ( -0.7071067811865469066, -0.7071067811865481278, 0.000000000000000000 ) ) ;
#8330 = ORIENTED_EDGE ( 'NONE', *, *, #852, .T. ) ;
#8331 = ORIENTED_EDGE ( 'NONE', *, *, #4598, .T. ) ;
#8332 = CYLINDRICAL_SURFACE ( 'NONE', #8553, 12.90485382080079901 ) ;
#8333 = EDGE_CURVE ( 'NONE', #1820, #6068, #7944, .T. ) ;
#8334 = DIRECTION ( 'NONE',  ( -1.000000000000000000, 4.250985102559089721E-17, 0.000000000000000000 ) ) ;
#8335 = CARTESIAN_POINT ( 'NONE',  ( -290.4461645371185341, 100.7083103307516012, 179.9916336409965254 ) ) ;
#8336 = ORIENTED_EDGE ( 'NONE', *, *, #3614, .T. ) ;
#8337 = LINE ( 'NONE', #7608, #5429 ) ;
#8338 = VECTOR ( 'NONE', #4318, 1000.000000000000000 ) ;
#8339 = CARTESIAN_POINT ( 'NONE',  ( -76.95782184600820131, 38.02563476562500000, 155.7207935539340156 ) ) ;
#8340 = EDGE_LOOP ( 'NONE', ( #6268, #7611, #264, #3864 ) ) ;
#8341 = ORIENTED_EDGE ( 'NONE', *, *, #3030, .F. ) ;
#8342 = ORIENTED_EDGE ( 'NONE', *, *, #1226, .F. ) ;
#8343 = CIRCLE ( 'NONE', #6792, 3.000000000000007994 ) ;
#8344 = EDGE_CURVE ( 'NONE', #6073, #5349, #2739, .T. ) ;
#8345 = CARTESIAN_POINT ( 'NONE',  ( 267.5316238403320312, 9.215927124023419736, 143.7207935539339871 ) ) ;
#8346 = CARTESIAN_POINT ( 'NONE',  ( 132.3913249411490085, 58.61684799194329543, 178.7207935539339871 ) ) ;
#8347 = CIRCLE ( 'NONE', #34, 17.90484428405759942 ) ;
#8348 = ORIENTED_EDGE ( 'NONE', *, *, #3265, .T. ) ;
#8349 = CIRCLE ( 'NONE', #4203, 15.90485382080081322 ) ;
#8350 = DIRECTION ( 'NONE',  ( -1.000000000000000000, -6.630299199421770504E-16, 0.000000000000000000 ) ) ;
#8351 = CARTESIAN_POINT ( 'NONE',  ( 288.1002841836012180, 66.62431626710495891, 157.6843652718621343 ) ) ;
#8352 = DIRECTION ( 'NONE',  ( -0.7071067811865475727, 0.000000000000000000, 0.7071067811865475727 ) ) ;
#8353 = ORIENTED_EDGE ( 'NONE', *, *, #3609, .T. ) ;
#8354 = FACE_OUTER_BOUND ( 'NONE', #4002, .T. ) ;
#8355 = ORIENTED_EDGE ( 'NONE', *, *, #4489, .T. ) ;
#8356 = AXIS2_PLACEMENT_3D ( 'NONE', #3704, #2171, #5850 ) ;
#8357 = PLANE ( 'NONE',  #319 ) ;
#8358 = DIRECTION ( 'NONE',  ( -1.000000000000000000, 8.326672684687949879E-15, 0.000000000000000000 ) ) ;
#8359 = ORIENTED_EDGE ( 'NONE', *, *, #9220, .F. ) ;
#8360 = CARTESIAN_POINT ( 'NONE',  ( -269.8896026611329830, 22.12078094482420099, 143.7207935539339871 ) ) ;
#8361 = CYLINDRICAL_SURFACE ( 'NONE', #1774, 3.000000000000008882 ) ;
#8362 = VERTEX_POINT ( 'NONE', #7912 ) ;
#8363 = AXIS2_PLACEMENT_3D ( 'NONE', #7456, #2326, #1651 ) ;
#8364 = FACE_OUTER_BOUND ( 'NONE', #7447, .T. ) ;
#8365 = DIRECTION ( 'NONE',  ( 0.000000000000000000, 0.000000000000000000, -1.000000000000000000 ) ) ;
#8366 = DIRECTION ( 'NONE',  ( 0.000000000000000000, 0.000000000000000000, -1.000000000000000000 ) ) ;
#8367 = ORIENTED_EDGE ( 'NONE', *, *, #8492, .F. ) ;
#8368 = EDGE_LOOP ( 'NONE', ( #1016, #7927, #3081, #5464 ) ) ;
#8369 = ADVANCED_FACE ( 'NONE', ( #4218 ), #6456, .T. ) ;
#8370 = EDGE_CURVE ( 'NONE', #4900, #9361, #6997, .T. ) ;
#8371 = CARTESIAN_POINT ( 'NONE',  ( 132.3913192749020027, 35.90431442206534740, 157.8421138974935047 ) ) ;
#8372 = FACE_OUTER_BOUND ( 'NONE', #1574, .T. ) ;
#8373 = LINE ( 'NONE', #1008, #5891 ) ;
#8374 = VERTEX_POINT ( 'NONE', #9359 ) ;
#8375 = ORIENTED_EDGE ( 'NONE', *, *, #1440, .T. ) ;
#8376 = DIRECTION ( 'NONE',  ( -1.000000000000000000, -3.226180998935116381E-15, 0.000000000000000000 ) ) ;
#8377 = EDGE_CURVE ( 'NONE', #1909, #4483, #2692, .T. ) ;
#8378 = CARTESIAN_POINT ( 'NONE',  ( 94.33874376900476477, 137.4162447778528531, 182.7385752069751561 ) ) ;
#8379 = DIRECTION ( 'NONE',  ( 0.000000000000000000, 0.000000000000000000, -1.000000000000000000 ) ) ;
#8380 = VERTEX_POINT ( 'NONE', #2644 ) ;
#8381 = CARTESIAN_POINT ( 'NONE',  ( -83.01555633544920454, 89.42653656005859375, 178.7207935539339871 ) ) ;
#8382 = TOROIDAL_SURFACE ( 'NONE', #6522, 15.90485388537119960, 3.000000000000000000 ) ;
#8383 = CARTESIAN_POINT ( 'NONE',  ( 80.65757735632520564, 22.12077994439449569, 155.7207935539340156 ) ) ;
#8384 = CARTESIAN_POINT ( 'NONE',  ( 94.18603985508167398, 117.6996686611356466, 182.8912791208979911 ) ) ;
#8385 = ORIENTED_EDGE ( 'NONE', *, *, #7385, .T. ) ;
#8386 = EDGE_CURVE ( 'NONE', #8575, #6270, #4987, .T. ) ;
#8387 = ORIENTED_EDGE ( 'NONE', *, *, #2205, .F. ) ;
#8388 = DIRECTION ( 'NONE',  ( 0.000000000000000000, 0.4574731813344888320, 0.8892234186972931553 ) ) ;
#8389 = CARTESIAN_POINT ( 'NONE',  ( -202.3634280988991918, 72.62039439597636203, 183.6296681677185916 ) ) ;
#8390 = ORIENTED_EDGE ( 'NONE', *, *, #8514, .T. ) ;
#8391 = DIRECTION ( 'NONE',  ( 0.000000000000000000, 0.000000000000000000, 1.000000000000000000 ) ) ;
#8392 = ORIENTED_EDGE ( 'NONE', *, *, #1885, .F. ) ;
#8393 = CARTESIAN_POINT ( 'NONE',  ( -152.7366433896910110, 89.42653656005859375, 158.7207935539340156 ) ) ;
#8394 = AXIS2_PLACEMENT_3D ( 'NONE', #1849, #4104, #5339 ) ;
#8395 = EDGE_CURVE ( 'NONE', #7322, #2489, #6544, .T. ) ;
#8396 = CARTESIAN_POINT ( 'NONE',  ( 60.32955169677730112, 110.9465026855470029, 178.7207935539339871 ) ) ;
#8397 = ADVANCED_FACE ( 'NONE', ( #8143 ), #3732, .F. ) ;
#8398 = DIRECTION ( 'NONE',  ( 0.000000000000000000, -1.000000000000000000, 0.000000000000000000 ) ) ;
#8399 = ORIENTED_EDGE ( 'NONE', *, *, #8216, .T. ) ;
#8400 = CARTESIAN_POINT ( 'NONE',  ( 27.90500640869130322, 110.9465026855470029, 178.7207935539339871 ) ) ;
#8401 = ORIENTED_EDGE ( 'NONE', *, *, #8900, .F. ) ;
#8402 = TOROIDAL_SURFACE ( 'NONE', #4105, 17.90484428405759942, 5.000000000000000000 ) ;
#8403 = LINE ( 'NONE', #6903, #5217 ) ;
#8404 = CARTESIAN_POINT ( 'NONE',  ( -218.8657760620120314, 22.12078094482420099, 155.7207935539340156 ) ) ;
#8405 = VERTEX_POINT ( 'NONE', #5923 ) ;
#8406 = CARTESIAN_POINT ( 'NONE',  ( -134.7493367092509970, 76.52169227600100498, 178.7207935539339871 ) ) ;
#8407 = VECTOR ( 'NONE', #5456, 1000.000000000000000 ) ;
#8408 = FACE_OUTER_BOUND ( 'NONE', #2123, .T. ) ;
#8409 = ORIENTED_EDGE ( 'NONE', *, *, #9028, .T. ) ;
#8410 = CARTESIAN_POINT ( 'NONE',  ( 194.0887584690794938, 98.66131964795600595, 182.9885605069005123 ) ) ;
#8411 = CARTESIAN_POINT ( 'NONE',  ( 80.65757751464849434, 94.42653656005860796, 183.7207935539340156 ) ) ;
#8412 = DIRECTION ( 'NONE',  ( 0.000000000000000000, 0.000000000000000000, -1.000000000000000000 ) ) ;
#8413 = AXIS2_PLACEMENT_3D ( 'NONE', #4778, #3344, #2629 ) ;
#8414 = CARTESIAN_POINT ( 'NONE',  ( -198.7659047478304899, 22.12077773400480041, 146.7207935539339871 ) ) ;
#8415 = ORIENTED_EDGE ( 'NONE', *, *, #5466, .T. ) ;
#8416 = ORIENTED_EDGE ( 'NONE', *, *, #3578, .F. ) ;
#8417 = CARTESIAN_POINT ( 'NONE',  ( -286.7348658204135745, 80.67480772330273453, 183.6898730814133671 ) ) ;
#8418 = CARTESIAN_POINT ( 'NONE',  ( -117.8761116843520398, 80.02037984688780625, 183.6753338475165833 ) ) ;
#8419 = CIRCLE ( 'NONE', #3211, 3.000000000000002665 ) ;
#8420 = CARTESIAN_POINT ( 'NONE',  ( 196.4079225027914788, 76.52168778469069821, 133.7207935539339871 ) ) ;
#8421 = ORIENTED_EDGE ( 'NONE', *, *, #3996, .F. ) ;
#8422 = VECTOR ( 'NONE', #5116, 1000.000000000000000 ) ;
#8423 = ORIENTED_EDGE ( 'NONE', *, *, #5946, .F. ) ;
#8424 = EDGE_CURVE ( 'NONE', #6697, #6822, #3053, .T. ) ;
#8425 = LINE ( 'NONE', #1847, #8851 ) ;
#8426 = DIRECTION ( 'NONE',  ( -6.019171884267502299E-07, 0.9999999999998188116, 0.000000000000000000 ) ) ;
#8427 = AXIS2_PLACEMENT_3D ( 'NONE', #5880, #7426, #1623 ) ;
#8428 = LINE ( 'NONE', #4010, #1058 ) ;
#8429 = ORIENTED_EDGE ( 'NONE', *, *, #7257, .T. ) ;
#8430 = LINE ( 'NONE', #4012, #3300 ) ;
#8431 = CARTESIAN_POINT ( 'NONE',  ( 200.0054666588217742, 79.95150542778783631, 183.6093348121233930 ) ) ;
#8432 = ADVANCED_FACE ( 'NONE', ( #4445 ), #6498, .F. ) ;
#8433 = CARTESIAN_POINT ( 'NONE',  ( 288.8209915161130539, 157.3691431105520451, 123.7207935539339729 ) ) ;
#8434 = AXIS2_PLACEMENT_3D ( 'NONE', #5742, #2106, #7908 ) ;
#8435 = ORIENTED_EDGE ( 'NONE', *, *, #2494, .F. ) ;
#8436 = EDGE_CURVE ( 'NONE', #1897, #3623, #737, .T. ) ;
#8437 = ORIENTED_EDGE ( 'NONE', *, *, #667, .F. ) ;
#8438 = CARTESIAN_POINT ( 'NONE',  ( 20.95800876617440167, 57.21578598022460227, 183.7207935539340156 ) ) ;
#8439 = AXIS2_PLACEMENT_3D ( 'NONE', #6689, #5392, #6828 ) ;
#8440 = DIRECTION ( 'NONE',  ( 0.000000000000000000, 0.000000000000000000, -1.000000000000000000 ) ) ;
#8441 = DIRECTION ( 'NONE',  ( -1.000000000000000000, -1.690036120998889850E-16, 0.000000000000000000 ) ) ;
#8442 = ORIENTED_EDGE ( 'NONE', *, *, #7687, .T. ) ;
#8443 = CYLINDRICAL_SURFACE ( 'NONE', #1473, 2.999999999999989342 ) ;
#8444 = ORIENTED_EDGE ( 'NONE', *, *, #3919, .F. ) ;
#8445 = DIRECTION ( 'NONE',  ( -0.9999999999999998890, 1.226856706247115296E-08, 0.000000000000000000 ) ) ;
#8446 = CARTESIAN_POINT ( 'NONE',  ( -291.0876683191250436, 99.25000006553869980, 180.2056812070549938 ) ) ;
#8447 = CARTESIAN_POINT ( 'NONE',  ( 163.2835388183600003, 22.12078094482420099, 155.7207935539340156 ) ) ;
#8448 = ORIENTED_EDGE ( 'NONE', *, *, #7112, .F. ) ;
#8449 = CARTESIAN_POINT ( 'NONE',  ( 38.07888031005860086, 35.02563476562500000, 135.7207935539339871 ) ) ;
#8450 = ADVANCED_FACE ( 'NONE', ( #3629 ), #5152, .T. ) ;
#8451 = DIRECTION ( 'NONE',  ( 8.208269194420983972E-11, 1.000000000000000000, 0.000000000000000000 ) ) ;
#8452 = CARTESIAN_POINT ( 'NONE',  ( 267.5316238403320312, 94.42653656005860796, 178.7207935539339871 ) ) ;
#8453 = ORIENTED_EDGE ( 'NONE', *, *, #6244, .T. ) ;
#8454 = CARTESIAN_POINT ( 'NONE',  ( 194.8209915161130255, 100.4908558527999958, 181.2207935539339871 ) ) ;
#8455 = AXIS2_PLACEMENT_3D ( 'NONE', #6746, #6838, #314 ) ;
#8456 = CARTESIAN_POINT ( 'NONE',  ( 170.5982247771704863, 76.52168707601650510, 158.7207935539340156 ) ) ;
#8457 = ORIENTED_EDGE ( 'NONE', *, *, #8475, .T. ) ;
#8458 = VECTOR ( 'NONE', #5995, 1000.000000000000000 ) ;
#8459 = CARTESIAN_POINT ( 'NONE',  ( 166.9408869428494029, 79.85319243669100331, 183.6175276890892292 ) ) ;
#8460 = CARTESIAN_POINT ( 'NONE',  ( 150.3786849975589917, 76.52169227600100498, 178.7207935539339871 ) ) ;
#8461 = CARTESIAN_POINT ( 'NONE',  ( -287.0483130305143504, 60.95636287498403760, 161.7207935537252297 ) ) ;
#8462 = ORIENTED_EDGE ( 'NONE', *, *, #4380, .T. ) ;
#8463 = ORIENTED_EDGE ( 'NONE', *, *, #9348, .F. ) ;
#8464 = VECTOR ( 'NONE', #4786, 1000.000000000000000 ) ;
#8465 = EDGE_CURVE ( 'NONE', #5409, #2546, #7632, .T. ) ;
#8466 = FACE_OUTER_BOUND ( 'NONE', #5386, .T. ) ;
#8467 = AXIS2_PLACEMENT_3D ( 'NONE', #3741, #8967, #1086 ) ;
#8468 = AXIS2_PLACEMENT_3D ( 'NONE', #1040, #6805, #3124 ) ;
#8469 = FACE_OUTER_BOUND ( 'NONE', #1131, .T. ) ;
#8470 = ORIENTED_EDGE ( 'NONE', *, *, #2804, .T. ) ;
#8471 = DIRECTION ( 'NONE',  ( -0.7071067811865484609, -0.7071067811865465735, 0.000000000000000000 ) ) ;
#8472 = DIRECTION ( 'NONE',  ( 0.000000000000000000, 0.3747382456207981605, 0.9271306527502186645 ) ) ;
#8473 = VECTOR ( 'NONE', #371, 1000.000000000000000 ) ;
#8474 = CARTESIAN_POINT ( 'NONE',  ( -76.95782184600820131, 38.02563476562500000, 155.7207935539340156 ) ) ;
#8475 = EDGE_CURVE ( 'NONE', #1468, #3306, #573, .T. ) ;
#8476 = CARTESIAN_POINT ( 'NONE',  ( -152.7366433896910110, 63.61684799194339490, 158.7207935539340156 ) ) ;
#8477 = VERTEX_POINT ( 'NONE', #9489 ) ;
#8478 = CARTESIAN_POINT ( 'NONE',  ( -168.6414985656739702, 22.12078094482420099, 158.7207935539340156 ) ) ;
#8479 = DIRECTION ( 'NONE',  ( 1.000000000000000000, -2.589670037770049879E-17, 0.000000000000000000 ) ) ;
#8480 = CARTESIAN_POINT ( 'NONE',  ( -198.7659039148545332, 76.52168707601310871, 158.7207935539340156 ) ) ;
#8481 = ORIENTED_EDGE ( 'NONE', *, *, #3092, .T. ) ;
#8482 = ORIENTED_EDGE ( 'NONE', *, *, #5959, .F. ) ;
#8483 = FACE_OUTER_BOUND ( 'NONE', #4422, .T. ) ;
#8484 = EDGE_CURVE ( 'NONE', #9038, #7624, #880, .T. ) ;
#8485 = DIRECTION ( 'NONE',  ( 0.000000000000000000, 1.000000000000000000, 0.000000000000000000 ) ) ;
#8486 = DIRECTION ( 'NONE',  ( 0.000000000000000000, 0.000000000000000000, -1.000000000000000000 ) ) ;
#8487 = ORIENTED_EDGE ( 'NONE', *, *, #2738, .F. ) ;
#8488 = CYLINDRICAL_SURFACE ( 'NONE', #6837, 2.999999999999997780 ) ;
#8489 = EDGE_LOOP ( 'NONE', ( #1181, #2500, #2244 ) ) ;
#8490 = AXIS2_PLACEMENT_3D ( 'NONE', #822, #5183, #8894 ) ;
#8491 = DIRECTION ( 'NONE',  ( 0.000000000000000000, 0.000000000000000000, 1.000000000000000000 ) ) ;
#8492 = EDGE_CURVE ( 'NONE', #1521, #7057, #740, .T. ) ;
#8493 = EDGE_CURVE ( 'NONE', #545, #4447, #7794, .T. ) ;
#8494 = CARTESIAN_POINT ( 'NONE',  ( 94.82099151611299703, 118.5318284406268532, 181.7463431772706031 ) ) ;
#8495 = CARTESIAN_POINT ( 'NONE',  ( 200.0056754441253020, 74.60825163544861027, 183.5504341780938091 ) ) ;
#8496 = ORIENTED_EDGE ( 'NONE', *, *, #4598, .F. ) ;
#8497 = AXIS2_PLACEMENT_3D ( 'NONE', #360, #3070, #4019 ) ;
#8498 = DIRECTION ( 'NONE',  ( -1.000000000000000000, 9.747022401918829411E-18, 0.000000000000000000 ) ) ;
#8499 = CARTESIAN_POINT ( 'NONE',  ( 150.3786849975589917, 38.02563476562500000, 155.7207935539340156 ) ) ;
#8500 = EDGE_CURVE ( 'NONE', #126, #6470, #6551, .T. ) ;
#8501 = AXIS2_PLACEMENT_3D ( 'NONE', #7104, #529, #2031 ) ;
#8502 = DIRECTION ( 'NONE',  ( 1.000000000000000000, 0.000000000000000000, 0.000000000000000000 ) ) ;
#8503 = EDGE_LOOP ( 'NONE', ( #1573, #3974, #544, #270, #1844 ) ) ;
#8504 = CARTESIAN_POINT ( 'NONE',  ( 216.5078353881840201, 9.215927124023419736, 155.7207935539340156 ) ) ;
#8505 = ORIENTED_EDGE ( 'NONE', *, *, #6028, .T. ) ;
#8506 = CARTESIAN_POINT ( 'NONE',  ( 287.5783131380115947, 67.26010305513862875, 158.7208721549568224 ) ) ;
#8507 = DIRECTION ( 'NONE',  ( 1.000000000000000000, 0.000000000000000000, 0.000000000000000000 ) ) ;
#8508 = DIRECTION ( 'NONE',  ( 0.000000000000000000, 1.000000000000000000, 0.000000000000000000 ) ) ;
#8509 = EDGE_LOOP ( 'NONE', ( #5126, #8375, #3235, #980 ) ) ;
#8510 = ORIENTED_EDGE ( 'NONE', *, *, #3795, .F. ) ;
#8511 = DIRECTION ( 'NONE',  ( -1.000000000000000000, 0.000000000000000000, 0.000000000000000000 ) ) ;
#8512 = CARTESIAN_POINT ( 'NONE',  ( -117.8761129482485472, 79.98090688053515862, 183.6742451004118095 ) ) ;
#8513 = EDGE_CURVE ( 'NONE', #619, #5468, #4120, .T. ) ;
#8514 = EDGE_CURVE ( 'NONE', #8829, #3650, #2090, .T. ) ;
#8515 = DIRECTION ( 'NONE',  ( 0.7071067811865475727, 0.000000000000000000, 0.7071067811865475727 ) ) ;
#8516 = ORIENTED_EDGE ( 'NONE', *, *, #7512, .F. ) ;
#8517 = VERTEX_POINT ( 'NONE', #1369 ) ;
#8518 = LINE ( 'NONE', #3567, #9166 ) ;
#8519 = LINE ( 'NONE', #9243, #7656 ) ;
#8520 = VECTOR ( 'NONE', #535, 1000.000000000000000 ) ;
#8521 = CYLINDRICAL_SURFACE ( 'NONE', #9206, 5.000000000000021316 ) ;
#8522 = ORIENTED_EDGE ( 'NONE', *, *, #2967, .F. ) ;
#8523 = CARTESIAN_POINT ( 'NONE',  ( -205.9609317779544995, 76.52169227600100498, 178.7207935539339871 ) ) ;
#8524 = DIRECTION ( 'NONE',  ( -1.000000000000000000, 0.000000000000000000, 0.000000000000000000 ) ) ;
#8525 = CYLINDRICAL_SURFACE ( 'NONE', #8256, 5.000000000000001776 ) ;
#8526 = ORIENTED_EDGE ( 'NONE', *, *, #7740, .F. ) ;
#8527 = AXIS2_PLACEMENT_3D ( 'NONE', #4611, #3366, #3274 ) ;
#8528 = EDGE_LOOP ( 'NONE', ( #6261, #278, #8871, #1282 ) ) ;
#8529 = LINE ( 'NONE', #9347, #9465 ) ;
#8530 = DIRECTION ( 'NONE',  ( 1.000000000000000000, 0.000000000000000000, 0.000000000000000000 ) ) ;
#8531 = EDGE_CURVE ( 'NONE', #6324, #6962, #6649, .T. ) ;
#8532 = DIRECTION ( 'NONE',  ( 1.000000000000000000, 0.000000000000000000, 0.000000000000000000 ) ) ;
#8533 = ORIENTED_EDGE ( 'NONE', *, *, #8191, .F. ) ;
#8534 = FACE_OUTER_BOUND ( 'NONE', #5978, .T. ) ;
#8535 = ORIENTED_EDGE ( 'NONE', *, *, #5077, .T. ) ;
#8536 = CARTESIAN_POINT ( 'NONE',  ( 116.5497493743896058, 76.52169227600100498, 178.7207935539339871 ) ) ;
#8537 =( BOUNDED_CURVE ( )  B_SPLINE_CURVE ( 3, ( #1965, #470, #1238, #6323 ),
 .UNSPECIFIED., .F., .F. ) 
 B_SPLINE_CURVE_WITH_KNOTS ( ( 4, 4 ),
 ( 4.712388980384689674, 6.283185307179590673 ),
 .UNSPECIFIED. ) 
 CURVE ( )  GEOMETRIC_REPRESENTATION_ITEM ( )  RATIONAL_B_SPLINE_CURVE ( ( 1.000000000000000000, 0.8047378541243649375, 0.8047378541243649375, 1.000000000000000000 ) ) 
 REPRESENTATION_ITEM ( '' )  );
#8538 = CARTESIAN_POINT ( 'NONE',  ( -286.5529885358270121, 98.63017898587460763, 183.0186497902790279 ) ) ;
#8539 = DIRECTION ( 'NONE',  ( 1.000000000000000000, 1.330029643857320093E-15, -6.325859294973950566E-16 ) ) ;
#8540 = AXIS2_PLACEMENT_3D ( 'NONE', #1914, #1133, #7041 ) ;
#8541 = ORIENTED_EDGE ( 'NONE', *, *, #169, .F. ) ;
#8542 = EDGE_CURVE ( 'NONE', #6984, #5698, #9336, .T. ) ;
#8543 = LINE ( 'NONE', #9362, #9358 ) ;
#8544 = CARTESIAN_POINT ( 'NONE',  ( -286.1789894103999927, 98.39998479223598338, 183.2410721108660709 ) ) ;
#8545 = CIRCLE ( 'NONE', #4097, 4.999999999999893419 ) ;
#8546 = CARTESIAN_POINT ( 'NONE',  ( 150.3786849975589917, 35.02563476562500000, 158.7207935539340156 ) ) ;
#8547 = EDGE_LOOP ( 'NONE', ( #6575, #2033, #2835, #3229 ) ) ;
#8548 = CARTESIAN_POINT ( 'NONE',  ( -134.7493367092509970, 89.42653656005859375, 178.7207935539339871 ) ) ;
#8549 = AXIS2_PLACEMENT_3D ( 'NONE', #7888, #5682, #6389 ) ;
#8550 = EDGE_CURVE ( 'NONE', #1454, #5577, #1, .T. ) ;
#8551 = VERTEX_POINT ( 'NONE', #9004 ) ;
#8552 = CARTESIAN_POINT ( 'NONE',  ( 287.2211067429505533, 65.31585854909764066, 158.7212501015986845 ) ) ;
#8553 = AXIS2_PLACEMENT_3D ( 'NONE', #1752, #4675, #7600 ) ;
#8554 = CARTESIAN_POINT ( 'NONE',  ( -284.5104163399582262, 66.41047522466224962, 183.7207935539339871 ) ) ;
#8555 = DIRECTION ( 'NONE',  ( 0.000000000000000000, 0.000000000000000000, 1.000000000000000000 ) ) ;
#8556 = CARTESIAN_POINT ( 'NONE',  ( -134.7493362426759802, 22.12078094482420099, 155.7207935539340156 ) ) ;
#8557 = ORIENTED_EDGE ( 'NONE', *, *, #8733, .T. ) ;
#8558 = ORIENTED_EDGE ( 'NONE', *, *, #8849, .T. ) ;
#8559 = LINE ( 'NONE', #6293, #1087 ) ;
#8560 = AXIS2_PLACEMENT_3D ( 'NONE', #4076, #4931, #4174 ) ;
#8561 = CIRCLE ( 'NONE', #1191, 3.000000000000002665 ) ;
#8562 = DIRECTION ( 'NONE',  ( 0.000000000000000000, 0.000000000000000000, -1.000000000000000000 ) ) ;
#8563 = ORIENTED_EDGE ( 'NONE', *, *, #407, .T. ) ;
#8564 = ORIENTED_EDGE ( 'NONE', *, *, #9203, .F. ) ;
#8565 = DIRECTION ( 'NONE',  ( 0.000000000000000000, 0.000000000000000000, 1.000000000000000000 ) ) ;
#8566 = AXIS2_PLACEMENT_3D ( 'NONE', #9103, #7518, #3828 ) ;
#8567 = ADVANCED_FACE ( 'NONE', ( #5347 ), #5397, .F. ) ;
#8568 = EDGE_CURVE ( 'NONE', #5672, #4342, #3298, .T. ) ;
#8569 = CARTESIAN_POINT ( 'NONE',  ( 166.9408859438468653, 73.38827519533212751, 183.6095443429888121 ) ) ;
#8570 = FACE_OUTER_BOUND ( 'NONE', #9502, .T. ) ;
#8571 = ORIENTED_EDGE ( 'NONE', *, *, #5057, .F. ) ;
#8572 = CARTESIAN_POINT ( 'NONE',  ( -197.1789894103999927, 100.4908558527999958, 181.2207935539339871 ) ) ;
#8573 = AXIS2_PLACEMENT_3D ( 'NONE', #963, #6728, #6869 ) ;
#8574 = CARTESIAN_POINT ( 'NONE',  ( -202.3634190205779930, 69.57506281176510754, 183.7207935539340156 ) ) ;
#8575 = VERTEX_POINT ( 'NONE', #4540 ) ;
#8576 = ORIENTED_EDGE ( 'NONE', *, *, #9078, .T. ) ;
#8577 = CYLINDRICAL_SURFACE ( 'NONE', #4657, 2.500000000000011990 ) ;
#8578 = TOROIDAL_SURFACE ( 'NONE', #8108, 25.00000000000000000, 5.000000000000000000 ) ;
#8579 = CARTESIAN_POINT ( 'NONE',  ( 283.8209915161129970, 96.89302241451059672, 183.7207935539340156 ) ) ;
#8580 = AXIS2_PLACEMENT_3D ( 'NONE', #601, #8588, #7177 ) ;
#8581 = LINE ( 'NONE', #6402, #8920 ) ;
#8582 = ORIENTED_EDGE ( 'NONE', *, *, #3627, .T. ) ;
#8583 = CIRCLE ( 'NONE', #1171, 5.000000000000004441 ) ;
#8584 = CARTESIAN_POINT ( 'NONE',  ( 286.3209915161129970, 101.2175338996189851, 180.5186497902789995 ) ) ;
#8585 = DIRECTION ( 'NONE',  ( -2.775557561562890168E-15, 1.000000000000000000, 0.000000000000000000 ) ) ;
#8586 = CARTESIAN_POINT ( 'NONE',  ( -286.1789894103999927, 97.16738986521680488, 183.7207935539340156 ) ) ;
#8587 = AXIS2_PLACEMENT_3D ( 'NONE', #1967, #4078, #1284 ) ;
#8588 = DIRECTION ( 'NONE',  ( -1.000000000000000000, -1.226857608440688056E-08, -1.316277026091829943E-15 ) ) ;
#8589 = VERTEX_POINT ( 'NONE', #6162 ) ;
#8590 = CARTESIAN_POINT ( 'NONE',  ( 283.3664460615639769, 59.07246415507670179, 161.7207935539339871 ) ) ;
#8591 = CIRCLE ( 'NONE', #8434, 5.000000000000004441 ) ;
#8592 = ADVANCED_FACE ( 'NONE', ( #5442 ), #1020, .T. ) ;
#8593 = CARTESIAN_POINT ( 'NONE',  ( 80.65757751464838066, 89.42653656005859375, 153.7207935539340156 ) ) ;
#8594 =( BOUNDED_CURVE ( )  B_SPLINE_CURVE ( 3, ( #5441, #2436, #165, #2381 ),
 .UNSPECIFIED., .F., .F. ) 
 B_SPLINE_CURVE_WITH_KNOTS ( ( 4, 4 ),
 ( 5.497787143782139729, 5.514956445201059765 ),
 .UNSPECIFIED. ) 
 CURVE ( )  GEOMETRIC_REPRESENTATION_ITEM ( )  RATIONAL_B_SPLINE_CURVE ( ( 1.000000000000000000, 0.9999754347415960032, 0.9999754347415960032, 1.000000000000000000 ) ) 
 REPRESENTATION_ITEM ( '' )  );
#8595 = DIRECTION ( 'NONE',  ( 1.000000000000000000, 0.000000000000000000, 0.000000000000000000 ) ) ;
#8596 = VERTEX_POINT ( 'NONE', #2340 ) ;
#8597 = AXIS2_PLACEMENT_3D ( 'NONE', #7889, #8750, #672 ) ;
#8598 = DIRECTION ( 'NONE',  ( -1.000000000000000000, -8.450180604994459110E-17, 8.450180604994449250E-17 ) ) ;
#8599 = CARTESIAN_POINT ( 'NONE',  ( 287.5363398765451848, 67.03951219605426104, 158.7208410000476704 ) ) ;
#8600 = CARTESIAN_POINT ( 'NONE',  ( 267.5316238403410125, 22.12078094482420099, 158.7207935539340156 ) ) ;
#8601 = CARTESIAN_POINT ( 'NONE',  ( 43.09501647949219461, 75.12078285217289420, 183.7207935539340156 ) ) ;
#8602 = EDGE_LOOP ( 'NONE', ( #7536, #3164, #5953, #2433, #3718, #3770 ) ) ;
#8603 = ADVANCED_FACE ( 'NONE', ( #5293 ), #6021, .T. ) ;
#8604 = ORIENTED_EDGE ( 'NONE', *, *, #3995, .F. ) ;
#8605 = CYLINDRICAL_SURFACE ( 'NONE', #4774, 12.90500640869139737 ) ;
#8607 = ADVANCED_FACE ( 'NONE', ( #262 ), #8240, .T. ) ;
#8606 = VECTOR ( 'NONE', #6461, 1000.000000000000000 ) ;
#8608 = EDGE_CURVE ( 'NONE', #2266, #9197, #3044, .T. ) ;
#8609 = CIRCLE ( 'NONE', #320, 15.90485382080078480 ) ;
#8610 = DIRECTION ( 'NONE',  ( -1.000000000000000000, 1.226857419714852030E-08, 6.280255024119369844E-16 ) ) ;
#8611 = ORIENTED_EDGE ( 'NONE', *, *, #1528, .F. ) ;
#8612 = EDGE_CURVE ( 'NONE', #2385, #5461, #2279, .T. ) ;
#8613 = CARTESIAN_POINT ( 'NONE',  ( 193.8265273516964271, 98.39855825009392731, 183.2424504897415432 ) ) ;
#8614 = CARTESIAN_POINT ( 'NONE',  ( -286.9866577747994825, 76.45488043743468154, 183.6551300725250258 ) ) ;
#8615 = AXIS2_PLACEMENT_3D ( 'NONE', #8630, #6992, #4165 ) ;
#8616 = DIRECTION ( 'NONE',  ( -1.000000000000000000, -2.209936055264990155E-16, 0.000000000000000000 ) ) ;
#8617 = AXIS2_PLACEMENT_3D ( 'NONE', #1881, #5660, #2025 ) ;
#8618 = DIRECTION ( 'NONE',  ( 0.000000000000000000, 0.000000000000000000, -1.000000000000000000 ) ) ;
#8619 = EDGE_LOOP ( 'NONE', ( #683, #8558, #5450, #6444 ) ) ;
#8620 = EDGE_CURVE ( 'NONE', #5733, #8829, #6212, .T. ) ;
#8621 = FACE_OUTER_BOUND ( 'NONE', #1061, .T. ) ;
#8622 = CARTESIAN_POINT ( 'NONE',  ( 98.64490509032830801, 35.02563291343319918, 155.7207935539340156 ) ) ;
#8623 = ORIENTED_EDGE ( 'NONE', *, *, #3221, .F. ) ;
#8624 = ADVANCED_FACE ( 'NONE', ( #6787 ), #5249, .F. ) ;
#8625 = VECTOR ( 'NONE', #3149, 1000.000000000000000 ) ;
#8626 = ORIENTED_EDGE ( 'NONE', *, *, #6980, .F. ) ;
#8627 = ORIENTED_EDGE ( 'NONE', *, *, #8484, .F. ) ;
#8628 = CARTESIAN_POINT ( 'NONE',  ( 132.3913243105560014, 63.61684799194339490, 148.7207935539339871 ) ) ;
#8629 = LINE ( 'NONE', #2053, #799 ) ;
#8630 = CARTESIAN_POINT ( 'NONE',  ( -152.7366447448729900, 38.02563476562500000, 155.7207935539340156 ) ) ;
#8631 = ORIENTED_EDGE ( 'NONE', *, *, #4315, .T. ) ;
#8632 = CARTESIAN_POINT ( 'NONE',  ( 288.0881667391694805, 100.7083104029772045, 179.9916337156774659 ) ) ;
#8633 = DIRECTION ( 'NONE',  ( 0.000000000000000000, 0.000000000000000000, 1.000000000000000000 ) ) ;
#8634 = CARTESIAN_POINT ( 'NONE',  ( -286.8845242880009891, 97.16738986521680488, 183.7207935539340156 ) ) ;
#8635 = CARTESIAN_POINT ( 'NONE',  ( 200.0054574159945844, 75.97473253163830975, 183.5200740167641698 ) ) ;
#8636 = VECTOR ( 'NONE', #8124, 1000.000000000000000 ) ;
#8637 = EDGE_LOOP ( 'NONE', ( #171, #5605, #7555, #4837, #4984, #4037 ) ) ;
#8638 = DIRECTION ( 'NONE',  ( 0.000000000000000000, -0.7071067811865499042, 0.7071067811865451302 ) ) ;
#8639 = CARTESIAN_POINT ( 'NONE',  ( -134.7493362426759802, 9.215927124023428618, 155.7207935539340156 ) ) ;
#8640 = CARTESIAN_POINT ( 'NONE',  ( -169.2988388558715940, 79.85312630236528264, 183.6175275191371554 ) ) ;
#8641 = ADVANCED_FACE ( 'NONE', ( #212 ), #2439, .F. ) ;
#8642 = EDGE_LOOP ( 'NONE', ( #1668, #5506, #6726, #640 ) ) ;
#8643 = FACE_OUTER_BOUND ( 'NONE', #7751, .T. ) ;
#8644 = AXIS2_PLACEMENT_3D ( 'NONE', #5119, #1475, #9371 ) ;
#8645 = CARTESIAN_POINT ( 'NONE',  ( 267.5316238403320312, 76.52169227600100498, 150.7207935539340156 ) ) ;
#8646 = CARTESIAN_POINT ( 'NONE',  ( -196.4467563633664895, 117.6023872751334096, 182.9885605069005123 ) ) ;
#8647 = CARTESIAN_POINT ( 'NONE',  ( -31.93326525366059343, 123.8515090942380112, 178.7207935539339871 ) ) ;
#8648 = CARTESIAN_POINT ( 'NONE',  ( -40.43682098388680402, 22.12078094482420099, 158.7207935539340156 ) ) ;
#8649 = ORIENTED_EDGE ( 'NONE', *, *, #1867, .T. ) ;
#8650 = ORIENTED_EDGE ( 'NONE', *, *, #5337, .T. ) ;
#8651 = FACE_OUTER_BOUND ( 'NONE', #662, .T. ) ;
#8652 = TOROIDAL_SURFACE ( 'NONE', #344, 15.90485334804940187, 3.000000000000000000 ) ;
#8653 = AXIS2_PLACEMENT_3D ( 'NONE', #4311, #6462, #3692 ) ;
#8654 = CARTESIAN_POINT ( 'NONE',  ( -30.26300430297849786, 123.8515090942380112, 143.7207935539339871 ) ) ;
#8655 = VERTEX_POINT ( 'NONE', #3922 ) ;
#8656 = CARTESIAN_POINT ( 'NONE',  ( 193.2578371301650009, 97.82986802856250108, 183.5386201858094921 ) ) ;
#8657 = CARTESIAN_POINT ( 'NONE',  ( -202.3634169808140086, 83.46831689458659298, 183.7207935539340156 ) ) ;
#8658 = EDGE_CURVE ( 'NONE', #603, #6153, #7325, .T. ) ;
#8659 = EDGE_CURVE ( 'NONE', #6177, #9045, #5444, .T. ) ;
#8660 = B_SPLINE_CURVE_WITH_KNOTS ( 'NONE', 3,
 ( #3454, #8544, #7769, #2740 ),
 .UNSPECIFIED., .F., .F.,
 ( 4, 4 ),
 ( 0.000000000000000000, 1.000000000000000000 ),
 .UNSPECIFIED. ) ;
#8661 = CARTESIAN_POINT ( 'NONE',  ( 166.9409022264667328, 73.55737229564940094, 183.6028497284381729 ) ) ;
#8662 = CARTESIAN_POINT ( 'NONE',  ( 98.64490526956279837, 38.02563291343319918, 155.7207935539340156 ) ) ;
#8663 = CIRCLE ( 'NONE', #6971, 15.90485382080079901 ) ;
#8664 = EDGE_LOOP ( 'NONE', ( #6180, #6277, #6124, #2855 ) ) ;
#8665 = AXIS2_PLACEMENT_3D ( 'NONE', #6132, #1877, #9074 ) ;
#8666 = CARTESIAN_POINT ( 'NONE',  ( -62.68753156123731429, 110.9465026855470029, 143.7207935539339871 ) ) ;
#8667 = DIRECTION ( 'NONE',  ( -1.000000000000000000, 0.000000000000000000, 0.000000000000000000 ) ) ;
#8668 = ORIENTED_EDGE ( 'NONE', *, *, #5787, .T. ) ;
#8669 = ORIENTED_EDGE ( 'NONE', *, *, #7657, .F. ) ;
#8670 = EDGE_CURVE ( 'NONE', #64, #6351, #975, .T. ) ;
#8671 = AXIS2_PLACEMENT_3D ( 'NONE', #9285, #4948, #1256 ) ;
#8672 = DIRECTION ( 'NONE',  ( 1.000000000000000000, -1.226859234463580202E-08, 0.000000000000000000 ) ) ;
#8673 = CARTESIAN_POINT ( 'NONE',  ( -113.9077412588690095, 22.12077956539150136, 155.7207935539340156 ) ) ;
#8674 = ORIENTED_EDGE ( 'NONE', *, *, #1589, .F. ) ;
#8675 = DIRECTION ( 'NONE',  ( 0.000000000000000000, 0.000000000000000000, -1.000000000000000000 ) ) ;
#8676 = DIRECTION ( 'NONE',  ( 0.000000000000000000, -1.000000000000000000, 0.000000000000000000 ) ) ;
#8677 = CARTESIAN_POINT ( 'NONE',  ( 288.8205021581879919, 75.00237047056549500, 156.0019819319740009 ) ) ;
#8678 = ADVANCED_FACE ( 'NONE', ( #454 ), #7164, .T. ) ;
#8679 = DIRECTION ( 'NONE',  ( 0.000000000000000000, -0.7071067811865447972, 0.7071067811865503483 ) ) ;
#8680 = ORIENTED_EDGE ( 'NONE', *, *, #3084, .F. ) ;
#8681 = CARTESIAN_POINT ( 'NONE',  ( 288.8209915161129970, 160.0000189074180241, 123.7207935680309987 ) ) ;
#8682 = AXIS2_PLACEMENT_3D ( 'NONE', #5767, #4191, #537 ) ;
#8683 = EDGE_CURVE ( 'NONE', #6357, #6324, #1662, .T. ) ;
#8684 = EDGE_CURVE ( 'NONE', #4852, #5350, #408, .T. ) ;
#8685 = CARTESIAN_POINT ( 'NONE',  ( 132.3913249411490085, 76.52169227600100498, 183.7207935539340156 ) ) ;
#8686 = VERTEX_POINT ( 'NONE', #7753 ) ;
#8687 = DIRECTION ( 'NONE',  ( -1.000000000000000000, 1.686196424027729742E-16, -1.686196424027719881E-16 ) ) ;
#8688 = AXIS2_PLACEMENT_3D ( 'NONE', #4071, #6318, #2056 ) ;
#8689 = B_SPLINE_CURVE_WITH_KNOTS ( 'NONE', 3,
 ( #1599, #4522, #4421, #2895 ),
 .UNSPECIFIED., .F., .F.,
 ( 4, 4 ),
 ( 0.000000000000000000, 1.000000000000000000 ),
 .UNSPECIFIED. ) ;
#8690 = CARTESIAN_POINT ( 'NONE',  ( 80.65757751464849434, 94.42653656005860796, 178.7207935539339871 ) ) ;
#8691 = DIRECTION ( 'NONE',  ( -1.000000000000000000, 1.579971831557674912E-16, 1.579971831557694880E-16 ) ) ;
#8692 = CARTESIAN_POINT ( 'NONE',  ( 39.73928811949450335, 38.02563643273879990, 155.7207935539340156 ) ) ;
#8693 = DIRECTION ( 'NONE',  ( 0.9999999999999994449, 3.520767198827568230E-08, 0.000000000000000000 ) ) ;
#8694 = ORIENTED_EDGE ( 'NONE', *, *, #6980, .T. ) ;
#8695 = ORIENTED_EDGE ( 'NONE', *, *, #4023, .F. ) ;
#8696 = AXIS2_PLACEMENT_3D ( 'NONE', #7946, #5780, #1361 ) ;
#8697 = CARTESIAN_POINT ( 'NONE',  ( 267.5316238403410125, 22.12078094482420099, 155.7207935539340156 ) ) ;
#8698 = ORIENTED_EDGE ( 'NONE', *, *, #395, .F. ) ;
#8699 = LINE ( 'NONE', #5723, #6517 ) ;
#8700 = CARTESIAN_POINT ( 'NONE',  ( -288.6704636582763328, 60.03104078503988461, 158.7232483126932152 ) ) ;
#8701 = DIRECTION ( 'NONE',  ( 0.000000000000000000, 0.000000000000000000, -1.000000000000000000 ) ) ;
#8702 = VECTOR ( 'NONE', #7252, 1000.000000000000000 ) ;
#8703 = CARTESIAN_POINT ( 'NONE',  ( 258.8209915161129970, 46.32125139236429590, 161.7207935539339871 ) ) ;
#8704 = ORIENTED_EDGE ( 'NONE', *, *, #169, .T. ) ;
#8705 = DIRECTION ( 'NONE',  ( 0.000000000000000000, 0.000000000000000000, -1.000000000000000000 ) ) ;
#8706 = EDGE_CURVE ( 'NONE', #6609, #619, #5495, .T. ) ;
#8707 = FACE_OUTER_BOUND ( 'NONE', #7711, .T. ) ;
#8708 = VERTEX_POINT ( 'NONE', #8622 ) ;
#8709 = AXIS2_PLACEMENT_3D ( 'NONE', #7321, #2917, #3686 ) ;
#8710 = ORIENTED_EDGE ( 'NONE', *, *, #5231, .T. ) ;
#8711 = LINE ( 'NONE', #2144, #1486 ) ;
#8712 = CYLINDRICAL_SURFACE ( 'NONE', #3224, 2.999999999999997780 ) ;
#8713 = ORIENTED_EDGE ( 'NONE', *, *, #8187, .T. ) ;
#8714 = CIRCLE ( 'NONE', #8263, 17.90484428405759942 ) ;
#8715 = DIRECTION ( 'NONE',  ( 0.000000000000000000, 0.000000000000000000, -1.000000000000000000 ) ) ;
#8716 = FACE_OUTER_BOUND ( 'NONE', #1169, .T. ) ;
#8717 = ADVANCED_FACE ( 'NONE', ( #6308 ), #8525, .T. ) ;
#8718 = DIRECTION ( 'NONE',  ( -1.000000000000000000, 0.000000000000000000, 0.000000000000000000 ) ) ;
#8719 = EDGE_CURVE ( 'NONE', #8133, #5013, #2743, .T. ) ;
#8720 = CARTESIAN_POINT ( 'NONE',  ( 132.3913249411490085, 94.42653656005869323, 178.7207935539339871 ) ) ;
#8721 = AXIS2_PLACEMENT_3D ( 'NONE', #194, #7544, #5324 ) ;
#8722 = AXIS2_PLACEMENT_3D ( 'NONE', #8171, #108, #4377 ) ;
#8723 = ORIENTED_EDGE ( 'NONE', *, *, #500, .F. ) ;
#8724 = EDGE_CURVE ( 'NONE', #3511, #1717, #9477, .T. ) ;
#8725 = ORIENTED_EDGE ( 'NONE', *, *, #7657, .T. ) ;
#8726 = VECTOR ( 'NONE', #7163, 1000.000000000000000 ) ;
#8727 = CARTESIAN_POINT ( 'NONE',  ( -101.0028879108200073, 22.12077988203879997, 155.7207935539340156 ) ) ;
#8728 = CARTESIAN_POINT ( 'NONE',  ( 38.07888031005860086, 22.12078094482420099, 155.7207935539340156 ) ) ;
#8729 = FACE_OUTER_BOUND ( 'NONE', #6202, .T. ) ;
#8730 = CIRCLE ( 'NONE', #8587, 5.000000000000434319 ) ;
#8731 = CARTESIAN_POINT ( 'NONE',  ( 284.6023246025799835, 60.06606318776369591, 159.6875565350300121 ) ) ;
#8732 = ORIENTED_EDGE ( 'NONE', *, *, #7074, .T. ) ;
#8733 = EDGE_CURVE ( 'NONE', #6717, #6633, #7801, .T. ) ;
#8734 = DIRECTION ( 'NONE',  ( 0.000000000000000000, 0.000000000000000000, -1.000000000000000000 ) ) ;
#8735 = AXIS2_PLACEMENT_3D ( 'NONE', #7873, #4228, #7146 ) ;
#8736 = DIRECTION ( 'NONE',  ( 1.000000000000000000, -1.075393666311713415E-15, 0.000000000000000000 ) ) ;
#8737 = TOROIDAL_SURFACE ( 'NONE', #4600, 17.90500640869139914, 5.000000000000000000 ) ;
#8738 = DIRECTION ( 'NONE',  ( 6.104939093567060911E-16, -0.9343732208904169667, -0.3562957817360009605 ) ) ;
#8739 = CARTESIAN_POINT ( 'NONE',  ( -286.1733397558580236, 58.75701234172819909, 159.4744286127549913 ) ) ;
#8740 = ORIENTED_EDGE ( 'NONE', *, *, #9239, .T. ) ;
#8741 = ORIENTED_EDGE ( 'NONE', *, *, #2834, .T. ) ;
#8742 = LINE ( 'NONE', #5084, #1797 ) ;
#8743 = CARTESIAN_POINT ( 'NONE',  ( -195.8226723637359896, 116.9783032755031940, 183.4438521006775034 ) ) ;
#8744 = CARTESIAN_POINT ( 'NONE',  ( 43.09501647949219461, 57.21578598022470175, 183.7207935539340156 ) ) ;
#8745 = VERTEX_POINT ( 'NONE', #5639 ) ;
#8746 = DIRECTION ( 'NONE',  ( 1.000000000000000000, 6.519917093474220715E-16, 0.000000000000000000 ) ) ;
#8747 = CARTESIAN_POINT ( 'NONE',  ( -288.8347743340089551, 60.97450889754413339, 158.7229921505403070 ) ) ;
#8748 = ADVANCED_FACE ( 'NONE', ( #4960 ), #8101, .T. ) ;
#8749 = DIRECTION ( 'NONE',  ( 0.9999999999999995559, -2.453707228868790626E-08, 4.301571643946534541E-15 ) ) ;
#8750 = DIRECTION ( 'NONE',  ( 0.9999999999999993339, 3.520767011266897492E-08, -1.102913575511399290E-21 ) ) ;
#8751 = VERTEX_POINT ( 'NONE', #8574 ) ;
#8752 = DIRECTION ( 'NONE',  ( 0.000000000000000000, 0.000000000000000000, -1.000000000000000000 ) ) ;
#8753 = LINE ( 'NONE', #1504, #1350 ) ;
#8754 = ORIENTED_EDGE ( 'NONE', *, *, #4953, .T. ) ;
#8755 = ORIENTED_EDGE ( 'NONE', *, *, #8822, .T. ) ;
#8756 = CIRCLE ( 'NONE', #4620, 12.90485382080079546 ) ;
#8757 = DIRECTION ( 'NONE',  ( 0.000000000000000000, 0.000000000000000000, -1.000000000000000000 ) ) ;
#8758 = TOROIDAL_SURFACE ( 'NONE', #1870, 15.90485382080079901, 3.000000000000000000 ) ;
#8759 = EDGE_CURVE ( 'NONE', #4767, #7130, #1907, .T. ) ;
#8760 = DIRECTION ( 'NONE',  ( 0.000000000000000000, 0.000000000000000000, 1.000000000000000000 ) ) ;
#8761 = ORIENTED_EDGE ( 'NONE', *, *, #3967, .T. ) ;
#8762 = DIRECTION ( 'NONE',  ( 0.000000000000000000, 0.000000000000000000, -1.000000000000000000 ) ) ;
#8763 = DIRECTION ( 'NONE',  ( 0.000000000000000000, 0.000000000000000000, -1.000000000000000000 ) ) ;
#8764 = DIRECTION ( 'NONE',  ( 0.000000000000000000, 0.000000000000000000, -1.000000000000000000 ) ) ;
#8765 = VECTOR ( 'NONE', #476, 1000.000000000000000 ) ;
#8766 = DIRECTION ( 'NONE',  ( 0.000000000000000000, 0.000000000000000000, -1.000000000000000000 ) ) ;
#8767 = ORIENTED_EDGE ( 'NONE', *, *, #5336, .F. ) ;
#8768 = ORIENTED_EDGE ( 'NONE', *, *, #1735, .T. ) ;
#8769 = DIRECTION ( 'NONE',  ( 5.214744675259399707E-16, -0.8135917325371639919, -0.5814365767194009660 ) ) ;
#8770 = AXIS2_PLACEMENT_3D ( 'NONE', #6210, #7800, #499 ) ;
#8771 = CARTESIAN_POINT ( 'NONE',  ( 107.6644182205200053, 38.02563476562500000, 158.7207935539340156 ) ) ;
#8772 = EDGE_CURVE ( 'NONE', #5790, #7322, #6096, .T. ) ;
#8773 = EDGE_CURVE ( 'NONE', #8144, #3865, #6987, .T. ) ;
#8774 = CARTESIAN_POINT ( 'NONE',  ( 194.3549708474560020, 117.8685996535100031, 182.6743849957319981 ) ) ;
#8775 = CARTESIAN_POINT ( 'NONE',  ( 284.3198138010719731, 60.42719512011709782, 161.1104973700889786 ) ) ;
#8776 = ORIENTED_EDGE ( 'NONE', *, *, #4855, .T. ) ;
#8777 = LINE ( 'NONE', #9503, #2057 ) ;
#8778 = EDGE_CURVE ( 'NONE', #2492, #492, #2596, .T. ) ;
#8779 = DIRECTION ( 'NONE',  ( -1.000000000000000000, 8.176424475957218987E-17, -8.176424475957189405E-17 ) ) ;
#8780 = DIRECTION ( 'NONE',  ( 0.000000000000000000, 0.000000000000000000, -1.000000000000000000 ) ) ;
#8781 = DIRECTION ( 'NONE',  ( 0.000000000000000000, 0.000000000000000000, 1.000000000000000000 ) ) ;
#8782 = EDGE_LOOP ( 'NONE', ( #3456, #6601, #154, #3695, #2078 ) ) ;
#8783 = ORIENTED_EDGE ( 'NONE', *, *, #7688, .T. ) ;
#8784 = DIRECTION ( 'NONE',  ( -2.002303713784079765E-16, -1.000000000000000000, 0.000000000000000000 ) ) ;
#8785 = DIRECTION ( 'NONE',  ( -1.110223024625157172E-14, -1.000000000000000000, 0.000000000000000000 ) ) ;
#8786 = AXIS2_PLACEMENT_3D ( 'NONE', #8645, #5843, #5712 ) ;
#8787 = CARTESIAN_POINT ( 'NONE',  ( -197.1789894103999927, 160.0000188955729925, 123.7207935534089955 ) ) ;
#8788 = VERTEX_POINT ( 'NONE', #5547 ) ;
#8789 = CARTESIAN_POINT ( 'NONE',  ( 267.5316238403320312, 89.42653656005859375, 178.7207935539339871 ) ) ;
#8790 = ORIENTED_EDGE ( 'NONE', *, *, #7257, .F. ) ;
#8791 = CARTESIAN_POINT ( 'NONE',  ( -289.3182356278860539, 63.80892411322443536, 158.7224570850242742 ) ) ;
#8792 = ORIENTED_EDGE ( 'NONE', *, *, #7208, .T. ) ;
#8793 = CIRCLE ( 'NONE', #1283, 12.90485382080079546 ) ;
#8794 = CARTESIAN_POINT ( 'NONE',  ( -152.7366447448729900, 35.02563476562500000, 158.7207935539340156 ) ) ;
#8795 = CARTESIAN_POINT ( 'NONE',  ( 62.75273323059069241, 76.52169227600100498, 183.7207935539340156 ) ) ;
#8796 = ORIENTED_EDGE ( 'NONE', *, *, #8531, .T. ) ;
#8797 = ADVANCED_FACE ( 'NONE', ( #6531 ), #2891, .T. ) ;
#8798 = CARTESIAN_POINT ( 'NONE',  ( 283.8209915161129970, 83.95405055312791376, 183.7207935539340156 ) ) ;
#8799 = DIRECTION ( 'NONE',  ( -1.000000000000000000, -2.955192115090245113E-15, -5.975215637102569992E-16 ) ) ;
#8800 = ORIENTED_EDGE ( 'NONE', *, *, #8333, .F. ) ;
#8801 = VERTEX_POINT ( 'NONE', #7361 ) ;
#8802 = CARTESIAN_POINT ( 'NONE',  ( -152.7366433887729897, 76.52169227600100498, 178.7207935539339871 ) ) ;
#8803 = VECTOR ( 'NONE', #3296, 1000.000000000000000 ) ;
#8804 = DIRECTION ( 'NONE',  ( 0.000000000000000000, 0.000000000000000000, -1.000000000000000000 ) ) ;
#8805 = FACE_OUTER_BOUND ( 'NONE', #5560, .T. ) ;
#8806 = VERTEX_POINT ( 'NONE', #2185 ) ;
#8807 = CARTESIAN_POINT ( 'NONE',  ( -289.5337836825399904, 63.57170344180110533, 158.6354809273190085 ) ) ;
#8808 = LINE ( 'NONE', #5061, #7981 ) ;
#8809 = CARTESIAN_POINT ( 'NONE',  ( 288.6795121208280648, 72.58333606329860288, 156.9961388009899963 ) ) ;
#8810 = CIRCLE ( 'NONE', #4676, 5.000000000000004441 ) ;
#8811 = CARTESIAN_POINT ( 'NONE',  ( 200.0054632403917765, 73.24271279279948033, 183.6027902455288654 ) ) ;
#8812 = ORIENTED_EDGE ( 'NONE', *, *, #4724, .T. ) ;
#8813 = AXIS2_PLACEMENT_3D ( 'NONE', #1302, #1442, #4374 ) ;
#8814 = EDGE_LOOP ( 'NONE', ( #715, #4734, #5251, #8242 ) ) ;
#8815 = EDGE_CURVE ( 'NONE', #5290, #4521, #6310, .T. ) ;
#8816 = DIRECTION ( 'NONE',  ( 0.000000000000000000, 0.5814365767194009660, -0.8135917325371639919 ) ) ;
#8817 = CARTESIAN_POINT ( 'NONE',  ( 60.32955169677730112, 110.9465026855470029, 183.7207935539340156 ) ) ;
#8818 = CARTESIAN_POINT ( 'NONE',  ( 92.32099151611291177, 115.8346203221669981, 183.7207935539340156 ) ) ;
#8819 = AXIS2_PLACEMENT_3D ( 'NONE', #2603, #4754, #7685 ) ;
#8820 = DIRECTION ( 'NONE',  ( -3.259958546737109864E-16, 1.000000000000000000, 3.259958546737109864E-16 ) ) ;
#8821 = DIRECTION ( 'NONE',  ( -3.204767493763339901E-16, 1.000000000000000000, 3.204767493763339901E-16 ) ) ;
#8822 = EDGE_CURVE ( 'NONE', #5648, #2952, #7214, .T. ) ;
#8823 = ORIENTED_EDGE ( 'NONE', *, *, #5307, .F. ) ;
#8824 = CARTESIAN_POINT ( 'NONE',  ( 92.32099151611291177, 135.3984925249610001, 183.7207935539340156 ) ) ;
#8825 = DIRECTION ( 'NONE',  ( -1.226857527254137808E-08, 0.9999999999999998890, -2.150785706034684925E-15 ) ) ;
#8826 = CARTESIAN_POINT ( 'NONE',  ( -218.8657760620120314, 6.215927124023390427, 155.7207935539340156 ) ) ;
#8827 = CARTESIAN_POINT ( 'NONE',  ( -287.4131872985570340, 61.67384846113279906, 160.9330715523200013 ) ) ;
#8828 = EDGE_LOOP ( 'NONE', ( #2567, #8754, #214, #2582 ) ) ;
#8829 = VERTEX_POINT ( 'NONE', #677 ) ;
#8830 = DIRECTION ( 'NONE',  ( 0.000000000000000000, 0.000000000000000000, -1.000000000000000000 ) ) ;
#8831 = CARTESIAN_POINT ( 'NONE',  ( 38.07888031005860086, 9.215927124023428618, 155.7207935539340156 ) ) ;
#8832 = EDGE_CURVE ( 'NONE', #1521, #762, #2904, .T. ) ;
#8833 = CARTESIAN_POINT ( 'NONE',  ( 216.5078353881840201, 22.12078094482420099, 155.7207935539340156 ) ) ;
#8834 = ORIENTED_EDGE ( 'NONE', *, *, #4547, .T. ) ;
#8835 = LINE ( 'NONE', #7350, #1024 ) ;
#8836 = ORIENTED_EDGE ( 'NONE', *, *, #155, .T. ) ;
#8837 = CARTESIAN_POINT ( 'NONE',  ( -289.4085088173769122, 64.33333435279291734, 158.7221382856867535 ) ) ;
#8838 = ORIENTED_EDGE ( 'NONE', *, *, #4188, .F. ) ;
#8839 = DIRECTION ( 'NONE',  ( 0.000000000000000000, -1.000000000000000000, 0.000000000000000000 ) ) ;
#8840 = DIRECTION ( 'NONE',  ( 0.000000000000000000, -1.000000000000000000, 0.000000000000000000 ) ) ;
#8841 = DIRECTION ( 'NONE',  ( -6.974437143599260226E-16, 1.000000000000000000, 0.000000000000000000 ) ) ;
#8842 = ORIENTED_EDGE ( 'NONE', *, *, #7548, .F. ) ;
#8843 = AXIS2_PLACEMENT_3D ( 'NONE', #6156, #4678, #2527 ) ;
#8844 = CARTESIAN_POINT ( 'NONE',  ( 80.65757751464829539, 76.52169227600100498, 178.7207935539339871 ) ) ;
#8845 = CARTESIAN_POINT ( 'NONE',  ( 65.60616299700279797, 94.42653656005880691, 178.7207935539339871 ) ) ;
#8846 = VERTEX_POINT ( 'NONE', #1557 ) ;
#8847 = ORIENTED_EDGE ( 'NONE', *, *, #8995, .T. ) ;
#8848 = DIRECTION ( 'NONE',  ( 0.9999999999999995559, 2.745767267742075190E-08, 0.000000000000000000 ) ) ;
#8849 = EDGE_CURVE ( 'NONE', #4761, #5261, #7481, .T. ) ;
#8850 = EDGE_CURVE ( 'NONE', #6922, #126, #7638, .T. ) ;
#8851 = VECTOR ( 'NONE', #1305, 1000.000000000000000 ) ;
#8852 = CYLINDRICAL_SURFACE ( 'NONE', #4895, 2.999999999999996891 ) ;
#8853 = ORIENTED_EDGE ( 'NONE', *, *, #1538, .F. ) ;
#8854 = CARTESIAN_POINT ( 'NONE',  ( -287.0483130305329951, 60.95636287501149297, 161.7207935539339871 ) ) ;
#8855 = DIRECTION ( 'NONE',  ( 0.000000000000000000, 0.000000000000000000, 1.000000000000000000 ) ) ;
#8856 = CARTESIAN_POINT ( 'NONE',  ( 283.8157413224880088, 58.75673162920220705, 159.4747965337279823 ) ) ;
#8857 = AXIS2_PLACEMENT_3D ( 'NONE', #9017, #372, #8302 ) ;
#8858 = DIRECTION ( 'NONE',  ( 1.000000000000000000, -8.601340485944210462E-16, 0.000000000000000000 ) ) ;
#8859 = ORIENTED_EDGE ( 'NONE', *, *, #1654, .T. ) ;
#8860 = EDGE_LOOP ( 'NONE', ( #6298, #1327, #4957, #2630 ) ) ;
#8861 = ORIENTED_EDGE ( 'NONE', *, *, #6260, .T. ) ;
#8862 = CARTESIAN_POINT ( 'NONE',  ( 194.3549708474560020, 117.8685996535100031, 182.6743849957319981 ) ) ;
#8863 = CIRCLE ( 'NONE', #127, 2.999999999999999112 ) ;
#8864 = CARTESIAN_POINT ( 'NONE',  ( -30.26300430297849786, 110.9465026855470029, 183.7207935539340156 ) ) ;
#8865 = EDGE_CURVE ( 'NONE', #6948, #8007, #8863, .T. ) ;
#8866 = DIRECTION ( 'NONE',  ( -0.5310885545960923881, -0.8473163206129300518, 0.000000000000000000 ) ) ;
#8867 = CARTESIAN_POINT ( 'NONE',  ( 60.32955169677730112, 125.3159751883052024, 182.2563274598664975 ) ) ;
#8868 = VECTOR ( 'NONE', #2704, 1000.000000000000000 ) ;
#8869 = CARTESIAN_POINT ( 'NONE',  ( 288.0942466473389914, 69.44562112382620001, 157.9671094581490252 ) ) ;
#8870 = AXIS2_PLACEMENT_3D ( 'NONE', #6683, #2369, #7410 ) ;
#8871 = ORIENTED_EDGE ( 'NONE', *, *, #7599, .T. ) ;
#8872 = CARTESIAN_POINT ( 'NONE',  ( -286.9269876612549979, 96.89302241451019881, 183.7207935539340156 ) ) ;
#8873 = EDGE_CURVE ( 'NONE', #5398, #8655, #8753, .T. ) ;
#8874 = CARTESIAN_POINT ( 'NONE',  ( -1.178998947143380160, 103.1606353159370002, 183.7207935539340156 ) ) ;
#8875 = FACE_OUTER_BOUND ( 'NONE', #4755, .T. ) ;
#8876 = CARTESIAN_POINT ( 'NONE',  ( -287.6244784770520369, 61.31059541693450399, 159.6537198090300080 ) ) ;
#8877 = VERTEX_POINT ( 'NONE', #1408 ) ;
#8878 = AXIS2_PLACEMENT_3D ( 'NONE', #1672, #7616, #3062 ) ;
#8879 = DIRECTION ( 'NONE',  ( 1.000000000000000000, -3.159943663115390253E-16, 0.000000000000000000 ) ) ;
#8880 = TOROIDAL_SURFACE ( 'NONE', #4739, 17.90500640869139914, 5.000000000000000000 ) ;
#8881 = CARTESIAN_POINT ( 'NONE',  ( 288.8209915161129970, 98.89977624330870754, 179.8427909302159833 ) ) ;
#8882 = ORIENTED_EDGE ( 'NONE', *, *, #7083, .F. ) ;
#8883 = AXIS2_PLACEMENT_3D ( 'NONE', #207, #2481, #1614 ) ;
#8884 = DIRECTION ( 'NONE',  ( 0.000000000000000000, 0.000000000000000000, -1.000000000000000000 ) ) ;
#8885 = ORIENTED_EDGE ( 'NONE', *, *, #6366, .T. ) ;
#8886 = EDGE_CURVE ( 'NONE', #8266, #802, #580, .T. ) ;
#8887 = CARTESIAN_POINT ( 'NONE',  ( 288.8209915161129970, -1.776356839400250149E-14, 123.7207935539339871 ) ) ;
#8888 = ORIENTED_EDGE ( 'NONE', *, *, #8395, .T. ) ;
#8889 = ADVANCED_FACE ( 'NONE', ( #3721 ), #1452, .T. ) ;
#8890 = LINE ( 'NONE', #8220, #8636 ) ;
#8891 = EDGE_CURVE ( 'NONE', #992, #148, #5030, .T. ) ;
#8892 = CARTESIAN_POINT ( 'NONE',  ( -290.8078156367078577, 69.14170876265885113, 157.2178072337901824 ) ) ;
#8893 = AXIS2_PLACEMENT_3D ( 'NONE', #1082, #2015, #417 ) ;
#8894 = DIRECTION ( 'NONE',  ( 1.000000000000000000, 0.000000000000000000, 0.000000000000000000 ) ) ;
#8895 = EDGE_LOOP ( 'NONE', ( #5777, #393, #9181, #6651, #7405, #3096 ) ) ;
#8896 =( BOUNDED_CURVE ( )  B_SPLINE_CURVE ( 3, ( #5955, #767, #2991, #6769 ),
 .UNSPECIFIED., .F., .T. ) 
 B_SPLINE_CURVE_WITH_KNOTS ( ( 4, 4 ),
 ( 3.926990816987240063, 4.237237467387744871 ),
 .UNSPECIFIED. ) 
 CURVE ( )  GEOMETRIC_REPRESENTATION_ITEM ( )  RATIONAL_B_SPLINE_CURVE ( ( 1.000000000000000000, 0.9919949895361620529, 0.9919949895361620529, 1.000000000000000000 ) ) 
 REPRESENTATION_ITEM ( '' )  );
#8897 = ADVANCED_FACE ( 'NONE', ( #8707 ), #5797, .T. ) ;
#8898 = EDGE_CURVE ( 'NONE', #3417, #1816, #4578, .T. ) ;
#8899 = CIRCLE ( 'NONE', #3074, 15.90485382080079901 ) ;
#8900 = EDGE_CURVE ( 'NONE', #7057, #2007, #2141, .T. ) ;
#8901 = DIRECTION ( 'NONE',  ( -1.000000000000000000, 1.188474749415029953E-15, 0.000000000000000000 ) ) ;
#8902 = DIRECTION ( 'NONE',  ( 0.000000000000000000, 0.000000000000000000, 1.000000000000000000 ) ) ;
#8903 = ORIENTED_EDGE ( 'NONE', *, *, #7911, .T. ) ;
#8904 = B_SPLINE_CURVE_WITH_KNOTS ( 'NONE', 3,
 ( #3764, #3039, #8942, #5814, #5956, #8892, #1496, #1646, #4570 ),
 .UNSPECIFIED., .F., .F.,
 ( 4, 2, 1, 1, 1, 4 ),
 ( 0.000000000000000000, 0.002297856682287243660, 0.3678510791189005258, 0.7334043015555136158, 0.9161809127738289593, 1.000000000000000000 ),
 .UNSPECIFIED. ) ;
#8905 = ORIENTED_EDGE ( 'NONE', *, *, #3329, .F. ) ;
#8906 = CARTESIAN_POINT ( 'NONE',  ( 267.5316238403320312, 76.52169227600100498, 178.7207935539339871 ) ) ;
#8907 = EDGE_CURVE ( 'NONE', #3154, #7413, #63, .T. ) ;
#8908 = PLANE ( 'NONE',  #9440 ) ;
#8909 = CARTESIAN_POINT ( 'NONE',  ( 267.5316238403410125, 22.12078094482420099, 143.7207935539339871 ) ) ;
#8910 = CARTESIAN_POINT ( 'NONE',  ( 92.32099151611291177, 119.8311360573549962, 183.7207935539340156 ) ) ;
#8911 = DIRECTION ( 'NONE',  ( 0.000000000000000000, 1.000000000000000000, 0.000000000000000000 ) ) ;
#8912 = CIRCLE ( 'NONE', #3404, 15.90485382080079901 ) ;
#8913 = AXIS2_PLACEMENT_3D ( 'NONE', #4415, #5898, #5224 ) ;
#8914 = ORIENTED_EDGE ( 'NONE', *, *, #8395, .F. ) ;
#8915 = ORIENTED_EDGE ( 'NONE', *, *, #4547, .F. ) ;
#8916 = ORIENTED_EDGE ( 'NONE', *, *, #6274, .T. ) ;
#8917 = CARTESIAN_POINT ( 'NONE',  ( 287.6573883166906285, 67.66904378071915005, 158.7210916868133666 ) ) ;
#8918 = EDGE_CURVE ( 'NONE', #817, #1693, #7411, .T. ) ;
#8919 = LINE ( 'NONE', #3972, #7995 ) ;
#8920 = VECTOR ( 'NONE', #5647, 1000.000000000000000 ) ;
#8921 = CARTESIAN_POINT ( 'NONE',  ( -101.0028839111329972, 90.89100265412589863, 182.2563274598670091 ) ) ;
#8922 = AXIS2_PLACEMENT_3D ( 'NONE', #8648, #8781, #5081 ) ;
#8923 = CARTESIAN_POINT ( 'NONE',  ( -83.01555633544920454, 94.42653656005860796, 183.7207935539340156 ) ) ;
#8924 = CARTESIAN_POINT ( 'NONE',  ( 143.8209962844850054, 96.89302241451051145, 181.2207935539339871 ) ) ;
#8925 = CARTESIAN_POINT ( 'NONE',  ( 94.82099151611289756, 113.0032546901280028, 189.4823578626660208 ) ) ;
#8926 = ORIENTED_EDGE ( 'NONE', *, *, #8706, .F. ) ;
#8927 = DIRECTION ( 'NONE',  ( 0.000000000000000000, 0.000000000000000000, -1.000000000000000000 ) ) ;
#8928 = AXIS2_PLACEMENT_3D ( 'NONE', #1917, #7044, #4834 ) ;
#8929 = DIRECTION ( 'NONE',  ( -1.000000000000000000, 4.163336342344335449E-15, 0.000000000000000000 ) ) ;
#8930 = EDGE_CURVE ( 'NONE', #4379, #3154, #9391, .T. ) ;
#8931 = CYLINDRICAL_SURFACE ( 'NONE', #5594, 2.999999999999995115 ) ;
#8932 = CARTESIAN_POINT ( 'NONE',  ( -70.11071205139160156, 76.52169227600100498, 178.7207935539339871 ) ) ;
#8933 = VERTEX_POINT ( 'NONE', #4624 ) ;
#8934 = CARTESIAN_POINT ( 'NONE',  ( 60.32955169677730112, 98.04149627685548296, 183.7207935539340156 ) ) ;
#8935 = DIRECTION ( 'NONE',  ( -5.551115123125777969E-15, -1.000000000000000000, 0.000000000000000000 ) ) ;
#8936 = VERTEX_POINT ( 'NONE', #8227 ) ;
#8937 = DIRECTION ( 'NONE',  ( -1.143534646602941810E-06, 0.9999999999982359666, 1.490124283222693674E-06 ) ) ;
#8938 = ORIENTED_EDGE ( 'NONE', *, *, #5031, .F. ) ;
#8939 = CARTESIAN_POINT ( 'NONE',  ( -92.00922012329110089, 76.52169227600100498, 153.7207935539340156 ) ) ;
#8940 = EDGE_CURVE ( 'NONE', #4207, #3430, #8714, .T. ) ;
#8941 = DIRECTION ( 'NONE',  ( 1.000000000000000000, 0.000000000000000000, 0.000000000000000000 ) ) ;
#8942 = CARTESIAN_POINT ( 'NONE',  ( -291.1789878874490114, 76.30497765962005019, 155.7242630918030954 ) ) ;
#8943 = LINE ( 'NONE', #5235, #649 ) ;
#8944 = VERTEX_POINT ( 'NONE', #3186 ) ;
#8945 = DIRECTION ( 'NONE',  ( -1.000000000000000000, -5.242698834279470015E-16, 2.697178306448664943E-16 ) ) ;
#8946 = CARTESIAN_POINT ( 'NONE',  ( 18.44994068145760124, 8.337247467583070559, 157.8421138974935047 ) ) ;
#8947 = ORIENTED_EDGE ( 'NONE', *, *, #5663, .T. ) ;
#8948 = VECTOR ( 'NONE', #6265, 1000.000000000000000 ) ;
#8949 = ORIENTED_EDGE ( 'NONE', *, *, #8759, .T. ) ;
#8950 = ADVANCED_FACE ( 'NONE', ( #3955 ), #2475, .T. ) ;
#8951 = DIRECTION ( 'NONE',  ( 0.000000000000000000, -1.000000000000000000, 0.000000000000000000 ) ) ;
#8952 =( BOUNDED_CURVE ( )  B_SPLINE_CURVE ( 3, ( #7134, #6273, #8494, #4259 ),
 .UNSPECIFIED., .F., .F. ) 
 B_SPLINE_CURVE_WITH_KNOTS ( ( 4, 4 ),
 ( 0.9503030259940179469, 1.570796326794895004 ),
 .UNSPECIFIED. ) 
 CURVE ( )  GEOMETRIC_REPRESENTATION_ITEM ( )  RATIONAL_B_SPLINE_CURVE ( ( 1.000000000000000000, 0.9681721987222380310, 0.9681721987222380310, 1.000000000000000000 ) ) 
 REPRESENTATION_ITEM ( '' )  );
#8953 = DIRECTION ( 'NONE',  ( 0.000000000000000000, 0.000000000000000000, -1.000000000000000000 ) ) ;
#8954 = LINE ( 'NONE', #253, #1530 ) ;
#8955 = CYLINDRICAL_SURFACE ( 'NONE', #5746, 5.000000000000001776 ) ;
#8956 = CARTESIAN_POINT ( 'NONE',  ( 288.6759896798450313, 72.70227581526629024, 157.2750404532069979 ) ) ;
#8957 = CARTESIAN_POINT ( 'NONE',  ( 94.35497084745580310, 117.8685996535100031, 182.6743849957319981 ) ) ;
#8958 = ORIENTED_EDGE ( 'NONE', *, *, #6064, .T. ) ;
#8959 = VERTEX_POINT ( 'NONE', #3095 ) ;
#8960 = ORIENTED_EDGE ( 'NONE', *, *, #3996, .T. ) ;
#8961 = CARTESIAN_POINT ( 'NONE',  ( 60.32955169677730112, 93.04149627685561086, 183.7207935539340156 ) ) ;
#8962 = CARTESIAN_POINT ( 'NONE',  ( 74.59984302520790322, 63.61684799194319595, 178.7207935539339871 ) ) ;
#8963 = CARTESIAN_POINT ( 'NONE',  ( -62.68753155976759928, 93.04149627685561086, 178.7207935539339871 ) ) ;
#8964 = CARTESIAN_POINT ( 'NONE',  ( -40.43682098388670454, 6.215927124023430395, 155.7207935539340156 ) ) ;
#8965 = AXIS2_PLACEMENT_3D ( 'NONE', #7534, #6037, #8451 ) ;
#8966 = EDGE_CURVE ( 'NONE', #6249, #9169, #6151, .T. ) ;
#8967 = DIRECTION ( 'NONE',  ( 0.000000000000000000, 0.000000000000000000, -1.000000000000000000 ) ) ;
#8968 = CARTESIAN_POINT ( 'NONE',  ( -261.1789894103999359, 76.32125139236450195, 178.7207935539339871 ) ) ;
#8969 = VERTEX_POINT ( 'NONE', #246 ) ;
#8970 = CARTESIAN_POINT ( 'NONE',  ( 143.8209962844850054, 115.8346203221669981, 181.2207935539339871 ) ) ;
#8971 = CARTESIAN_POINT ( 'NONE',  ( -96.26320474255363990, 117.4188356543204037, 183.1721121277129782 ) ) ;
#8972 = EDGE_CURVE ( 'NONE', #2790, #4714, #3816, .T. ) ;
#8973 = EDGE_CURVE ( 'NONE', #5294, #3492, #3310, .T. ) ;
#8974 = AXIS2_PLACEMENT_3D ( 'NONE', #9029, #2463, #5173 ) ;
#8975 = FACE_OUTER_BOUND ( 'NONE', #5628, .T. ) ;
#8976 = DIRECTION ( 'NONE',  ( 0.000000000000000000, 0.000000000000000000, -1.000000000000000000 ) ) ;
#8977 = EDGE_LOOP ( 'NONE', ( #3970, #3267, #3253 ) ) ;
#8978 = CYLINDRICAL_SURFACE ( 'NONE', #7539, 12.90484428405769712 ) ;
#8979 = AXIS2_PLACEMENT_3D ( 'NONE', #6188, #1102, #431 ) ;
#8980 = DIRECTION ( 'NONE',  ( 0.000000000000000000, 0.000000000000000000, -1.000000000000000000 ) ) ;
#8981 = ORIENTED_EDGE ( 'NONE', *, *, #3497, .F. ) ;
#8982 = FACE_OUTER_BOUND ( 'NONE', #1072, .T. ) ;
#8983 = ORIENTED_EDGE ( 'NONE', *, *, #5487, .F. ) ;
#8984 = CARTESIAN_POINT ( 'NONE',  ( 27.90500640869139914, 98.04149627685548296, 163.7207935539339871 ) ) ;
#8985 = CARTESIAN_POINT ( 'NONE',  ( -269.8896026611329830, 9.215927124023419736, 143.7207935539339871 ) ) ;
#8986 = CARTESIAN_POINT ( 'NONE',  ( 284.4081407123144345, 80.40908030050032096, 183.6862818696858994 ) ) ;
#8987 = FACE_OUTER_BOUND ( 'NONE', #1023, .T. ) ;
#8988 = ORIENTED_EDGE ( 'NONE', *, *, #7776, .F. ) ;
#8989 = CARTESIAN_POINT ( 'NONE',  ( -146.1789941787719727, 116.9783032755031940, 183.4438521006775034 ) ) ;
#8990 = CARTESIAN_POINT ( 'NONE',  ( -195.9144443898921679, 98.12847739400251612, 183.4179248454073843 ) ) ;
#8991 = ORIENTED_EDGE ( 'NONE', *, *, #7603, .F. ) ;
#8992 = AXIS2_PLACEMENT_3D ( 'NONE', #464, #2014, #4926 ) ;
#8993 = EDGE_LOOP ( 'NONE', ( #1090, #6616, #4808, #571 ) ) ;
#8994 = CARTESIAN_POINT ( 'NONE',  ( -289.7141012682484984, 97.65103357956519403, 182.2559555430615035 ) ) ;
#8995 = EDGE_CURVE ( 'NONE', #1880, #6587, #1977, .T. ) ;
#8996 = AXIS2_PLACEMENT_3D ( 'NONE', #8474, #6205, #8997 ) ;
#8997 = DIRECTION ( 'NONE',  ( 0.000000000000000000, -0.7071067811865499042, 0.7071067811865451302 ) ) ;
#8998 = DIRECTION ( 'NONE',  ( -4.395058892480750583E-16, 0.5814365767194009660, -0.8135917325371639919 ) ) ;
#8999 = VERTEX_POINT ( 'NONE', #2425 ) ;
#9000 = DIRECTION ( 'NONE',  ( 1.000000000000000000, 0.000000000000000000, 0.000000000000000000 ) ) ;
#9001 = VECTOR ( 'NONE', #3388, 1000.000000000000000 ) ;
#9002 = AXIS2_PLACEMENT_3D ( 'NONE', #3939, #281, #3222 ) ;
#9003 = CARTESIAN_POINT ( 'NONE',  ( 288.8209915161129970, 99.48037732825500257, 178.7207935539339871 ) ) ;
#9004 = CARTESIAN_POINT ( 'NONE',  ( 288.8209915161129970, -1.776356839400250149E-14, 155.7207935539340156 ) ) ;
#9005 = EDGE_LOOP ( 'NONE', ( #1134, #9133, #8649, #9245, #2678, #1332 ) ) ;
#9006 = ORIENTED_EDGE ( 'NONE', *, *, #7185, .T. ) ;
#9007 = EDGE_LOOP ( 'NONE', ( #2942, #7566, #8947, #2440 ) ) ;
#9008 = EDGE_CURVE ( 'NONE', #7617, #352, #6053, .T. ) ;
#9009 = CARTESIAN_POINT ( 'NONE',  ( -202.3634071963263636, 73.34603534278093662, 183.5983508417560301 ) ) ;
#9010 = AXIS2_PLACEMENT_3D ( 'NONE', #420, #8539, #7046 ) ;
#9011 = CYLINDRICAL_SURFACE ( 'NONE', #7458, 5.000000000000007105 ) ;
#9012 = ORIENTED_EDGE ( 'NONE', *, *, #2761, .F. ) ;
#9013 = VECTOR ( 'NONE', #7157, 1000.000000000000000 ) ;
#9014 = CARTESIAN_POINT ( 'NONE',  ( 258.8209915161129970, 47.78571748643159367, 182.2563274598670091 ) ) ;
#9015 = EDGE_CURVE ( 'NONE', #5176, #1693, #8373, .T. ) ;
#9016 = FACE_OUTER_BOUND ( 'NONE', #1993, .T. ) ;
#9017 = CARTESIAN_POINT ( 'NONE',  ( -51.09095215924970290, 6.215924776715099576, 155.7207935539340156 ) ) ;
#9018 = EDGE_CURVE ( 'NONE', #1396, #1880, #3065, .T. ) ;
#9019 = ORIENTED_EDGE ( 'NONE', *, *, #5798, .F. ) ;
#9020 = AXIS2_PLACEMENT_3D ( 'NONE', #7639, #239, #6049 ) ;
#9021 = DIRECTION ( 'NONE',  ( 1.000000000000000000, 0.000000000000000000, 0.000000000000000000 ) ) ;
#9022 = LINE ( 'NONE', #279, #3757 ) ;
#9023 = DIRECTION ( 'NONE',  ( 2.150785743182216738E-15, 1.000000000000000000, 0.000000000000000000 ) ) ;
#9024 = ORIENTED_EDGE ( 'NONE', *, *, #7904, .T. ) ;
#9025 = FACE_OUTER_BOUND ( 'NONE', #1858, .T. ) ;
#9026 = VECTOR ( 'NONE', #6200, 1000.000000000000000 ) ;
#9027 = B_SPLINE_CURVE_WITH_KNOTS ( 'NONE', 3,
 ( #2598, #1331, #7187, #6230 ),
 .UNSPECIFIED., .F., .F.,
 ( 4, 4 ),
 ( 0.000000000000000000, 1.000000000000000000 ),
 .UNSPECIFIED. ) ;
#9028 = EDGE_CURVE ( 'NONE', #1763, #1960, #9290, .T. ) ;
#9029 = CARTESIAN_POINT ( 'NONE',  ( -15.72100162506090015, 93.04149627685549717, 178.7207935539339871 ) ) ;
#9030 = ORIENTED_EDGE ( 'NONE', *, *, #6920, .F. ) ;
#9031 = CIRCLE ( 'NONE', #1676, 12.90484428405761008 ) ;
#9032 = FACE_BOUND ( 'NONE', #6235, .T. ) ;
#9033 = CARTESIAN_POINT ( 'NONE',  ( -286.9867190623450028, 76.52169255418570515, 183.6551201160945084 ) ) ;
#9034 = AXIS2_PLACEMENT_3D ( 'NONE', #7591, #4760, #7693 ) ;
#9035 = CIRCLE ( 'NONE', #7038, 12.90500640869140447 ) ;
#9036 = CARTESIAN_POINT ( 'NONE',  ( 258.8209915161129970, 76.32125139236430300, 183.7207935539340156 ) ) ;
#9037 = CARTESIAN_POINT ( 'NONE',  ( -101.0028839111329972, 58.61684799194339490, 178.7207935539339871 ) ) ;
#9038 = VERTEX_POINT ( 'NONE', #3237 ) ;
#9039 = ORIENTED_EDGE ( 'NONE', *, *, #3771, .T. ) ;
#9040 = CARTESIAN_POINT ( 'NONE',  ( -286.5974689856847135, 81.68995276149600215, 183.7034405377324617 ) ) ;
#9041 = CIRCLE ( 'NONE', #1362, 4.999999999999997335 ) ;
#9042 = DIRECTION ( 'NONE',  ( -1.000000000000000000, 0.000000000000000000, 0.000000000000000000 ) ) ;
#9043 = CIRCLE ( 'NONE', #2460, 12.90485382080079901 ) ;
#9044 = DIRECTION ( 'NONE',  ( 1.000000000000000000, 0.000000000000000000, 0.000000000000000000 ) ) ;
#9045 = VERTEX_POINT ( 'NONE', #5285 ) ;
#9046 = ORIENTED_EDGE ( 'NONE', *, *, #448, .F. ) ;
#9047 = EDGE_CURVE ( 'NONE', #1934, #8133, #7127, .T. ) ;
#9048 = ADVANCED_FACE ( 'NONE', ( #1790 ), #2542, .T. ) ;
#9049 = CARTESIAN_POINT ( 'NONE',  ( -134.7493367092509970, 89.42653656005859375, 148.7207935539339871 ) ) ;
#9050 = CIRCLE ( 'NONE', #7194, 12.90499687194819600 ) ;
#9051 = DIRECTION ( 'NONE',  ( 1.000000000000000000, 0.000000000000000000, 0.000000000000000000 ) ) ;
#9052 = DIRECTION ( 'NONE',  ( 0.000000000000000000, 0.000000000000000000, -1.000000000000000000 ) ) ;
#9053 = ORIENTED_EDGE ( 'NONE', *, *, #5889, .F. ) ;
#9054 = DIRECTION ( 'NONE',  ( -1.000000000000000000, 0.000000000000000000, 0.000000000000000000 ) ) ;
#9055 = DIRECTION ( 'NONE',  ( 0.000000000000000000, 0.000000000000000000, -1.000000000000000000 ) ) ;
#9056 = CARTESIAN_POINT ( 'NONE',  ( 115.5181150157409888, 82.08454664127054912, 183.7207935539340440 ) ) ;
#9057 = ORIENTED_EDGE ( 'NONE', *, *, #3850, .F. ) ;
#9058 = ORIENTED_EDGE ( 'NONE', *, *, #3387, .T. ) ;
#9059 = EDGE_LOOP ( 'NONE', ( #1791, #8139, #8072, #1686, #8704, #1483, #6582, #3744, #4655, #2278, #4553, #6534 ) ) ;
#9060 = CYLINDRICAL_SURFACE ( 'NONE', #8142, 12.90484428405759587 ) ;
#9061 = LINE ( 'NONE', #6072, #1836 ) ;
#9062 = ORIENTED_EDGE ( 'NONE', *, *, #4210, .F. ) ;
#9063 = CARTESIAN_POINT ( 'NONE',  ( -31.93326525366059343, 128.8515090942379970, 178.7207935539339871 ) ) ;
#9064 = CARTESIAN_POINT ( 'NONE',  ( 267.5316238403320312, 58.61684799194339490, 178.7207935539339871 ) ) ;
#9065 = CIRCLE ( 'NONE', #7376, 5.000000000000004441 ) ;
#9066 = LINE ( 'NONE', #2496, #5640 ) ;
#9067 = VERTEX_POINT ( 'NONE', #5238 ) ;
#9068 = EDGE_CURVE ( 'NONE', #4033, #8517, #4576, .T. ) ;
#9069 = EDGE_CURVE ( 'NONE', #6915, #2516, #5431, .T. ) ;
#9070 = ADVANCED_FACE ( 'NONE', ( #1748 ), #6055, .T. ) ;
#9071 = DIRECTION ( 'NONE',  ( 0.000000000000000000, 1.000000000000000000, 0.000000000000000000 ) ) ;
#9072 = ORIENTED_EDGE ( 'NONE', *, *, #1949, .F. ) ;
#9073 = AXIS2_PLACEMENT_3D ( 'NONE', #6182, #1973, #3415 ) ;
#9074 = DIRECTION ( 'NONE',  ( 0.000000000000000000, 0.000000000000000000, 1.000000000000000000 ) ) ;
#9075 = CARTESIAN_POINT ( 'NONE',  ( 43.09501647949219461, 75.12078285217289420, 133.7207935539339871 ) ) ;
#9076 = VERTEX_POINT ( 'NONE', #2566 ) ;
#9077 = CARTESIAN_POINT ( 'NONE',  ( 258.8209915161129970, 45.44257173592400534, 159.5994732103745264 ) ) ;
#9078 = EDGE_CURVE ( 'NONE', #7413, #4767, #5437, .T. ) ;
#9079 = CARTESIAN_POINT ( 'NONE',  ( 288.7296704248379910, 99.25000006553911192, 180.2056812070549938 ) ) ;
#9080 = ORIENTED_EDGE ( 'NONE', *, *, #5362, .T. ) ;
#9081 = CARTESIAN_POINT ( 'NONE',  ( -146.1789941787719727, 115.8346203221669981, 181.2207935539339871 ) ) ;
#9082 = CYLINDRICAL_SURFACE ( 'NONE', #7178, 5.000000000000021316 ) ;
#9083 = CARTESIAN_POINT ( 'NONE',  ( -97.17898941040009220, 138.0740829037360129, 181.2207935539339871 ) ) ;
#9084 = DIRECTION ( 'NONE',  ( -1.000000000000000000, 3.632510143678719152E-17, 0.000000000000000000 ) ) ;
#9085 = AXIS2_PLACEMENT_3D ( 'NONE', #8253, #4599, #1724 ) ;
#9086 = ORIENTED_EDGE ( 'NONE', *, *, #4425, .T. ) ;
#9087 = ORIENTED_EDGE ( 'NONE', *, *, #8017, .T. ) ;
#9088 = EDGE_CURVE ( 'NONE', #4638, #4033, #3334, .T. ) ;
#9089 = AXIS2_PLACEMENT_3D ( 'NONE', #2796, #5715, #1339 ) ;
#9090 = LINE ( 'NONE', #2519, #7499 ) ;
#9091 = CARTESIAN_POINT ( 'NONE',  ( -196.4161459817640036, 98.63017898587470711, 183.0186497902790279 ) ) ;
#9092 = ORIENTED_EDGE ( 'NONE', *, *, #5497, .T. ) ;
#9093 = EDGE_LOOP ( 'NONE', ( #6100, #497, #6650, #3011, #7296, #8423 ) ) ;
#9094 = CARTESIAN_POINT ( 'NONE',  ( -290.7196720188010204, 98.22496458884894821, 181.1468479246286734 ) ) ;
#9095 = EDGE_CURVE ( 'NONE', #2905, #6822, #3766, .T. ) ;
#9096 = ADVANCED_FACE ( 'NONE', ( #7790 ), #3285, .F. ) ;
#9097 = CARTESIAN_POINT ( 'NONE',  ( 94.53096239370111675, 137.6084634025490914, 182.4418644038725574 ) ) ;
#9098 = CARTESIAN_POINT ( 'NONE',  ( -286.9428337313079282, 58.21626709546181644, 159.0994343888712024 ) ) ;
#9099 = ORIENTED_EDGE ( 'NONE', *, *, #1974, .T. ) ;
#9100 = DIRECTION ( 'NONE',  ( -1.000000000000000000, 0.000000000000000000, 0.000000000000000000 ) ) ;
#9101 = CARTESIAN_POINT ( 'NONE',  ( -76.95782116841721177, 94.42653656005850848, 178.7207935539339871 ) ) ;
#9102 = AXIS2_PLACEMENT_3D ( 'NONE', #361, #1273, #3350 ) ;
#9103 = CARTESIAN_POINT ( 'NONE',  ( -62.68753156123731429, 110.9465026855470029, 158.7207935539340156 ) ) ;
#9104 = ORIENTED_EDGE ( 'NONE', *, *, #8056, .T. ) ;
#9105 = ORIENTED_EDGE ( 'NONE', *, *, #341, .F. ) ;
#9106 = PRODUCT_RELATED_PRODUCT_CATEGORY ( 'part', '', ( #919 ) ) ;
#9107 = AXIS2_PLACEMENT_3D ( 'NONE', #6358, #4116, #6399 ) ;
#9108 = DIRECTION ( 'NONE',  ( -0.9999999999999998890, 1.226856706247115296E-08, 0.000000000000000000 ) ) ;
#9109 = FACE_OUTER_BOUND ( 'NONE', #4017, .T. ) ;
#9110 = CIRCLE ( 'NONE', #2816, 12.90484428405761008 ) ;
#9111 = VERTEX_POINT ( 'NONE', #443 ) ;
#9112 = VECTOR ( 'NONE', #4936, 1000.000000000000000 ) ;
#9113 = DIRECTION ( 'NONE',  ( 0.000000000000000000, 1.000000000000000000, 0.000000000000000000 ) ) ;
#9114 = CARTESIAN_POINT ( 'NONE',  ( 194.0887584690794938, 98.66131964795600595, 182.9885605069005123 ) ) ;
#9115 = CARTESIAN_POINT ( 'NONE',  ( 39.73928928375249825, 89.42653656005859375, 178.7207935539339871 ) ) ;
#9116 = ORIENTED_EDGE ( 'NONE', *, *, #7565, .T. ) ;
#9117 = CARTESIAN_POINT ( 'NONE',  ( -83.01557558817088989, 38.02563398808280226, 155.7207935539340156 ) ) ;
#9118 = AXIS2_PLACEMENT_3D ( 'NONE', #2286, #5344, #4585 ) ;
#9119 = DIRECTION ( 'NONE',  ( 1.000000000000000000, -6.425975681558509432E-17, 0.000000000000000000 ) ) ;
#9120 = CIRCLE ( 'NONE', #3145, 12.90484428405759587 ) ;
#9121 = CARTESIAN_POINT ( 'NONE',  ( -291.1789894103999927, 46.32125139236449485, 158.7207935539340156 ) ) ;
#9122 = ORIENTED_EDGE ( 'NONE', *, *, #852, .F. ) ;
#9123 = DIRECTION ( 'NONE',  ( -1.000000000000000000, 0.000000000000000000, 0.000000000000000000 ) ) ;
#9124 = EDGE_CURVE ( 'NONE', #27, #990, #3381, .T. ) ;
#9125 = FACE_OUTER_BOUND ( 'NONE', #6783, .T. ) ;
#9126 = ORIENTED_EDGE ( 'NONE', *, *, #4527, .T. ) ;
#9127 = VECTOR ( 'NONE', #6684, 1000.000000000000000 ) ;
#9128 = DIRECTION ( 'NONE',  ( 1.000000000000000000, 0.000000000000000000, 0.000000000000000000 ) ) ;
#9129 = CARTESIAN_POINT ( 'NONE',  ( -30.26300430297849786, 123.8515090942380112, 158.7207935539340156 ) ) ;
#9130 = DIRECTION ( 'NONE',  ( 0.000000000000000000, 0.000000000000000000, -1.000000000000000000 ) ) ;
#9131 = ORIENTED_EDGE ( 'NONE', *, *, #9248, .T. ) ;
#9132 = EDGE_CURVE ( 'NONE', #2170, #3045, #4225, .T. ) ;
#9133 = ORIENTED_EDGE ( 'NONE', *, *, #1372, .T. ) ;
#9134 = CARTESIAN_POINT ( 'NONE',  ( 286.9928942712748494, 160.0000188689219840, 123.7207935539339587 ) ) ;
#9135 = EDGE_CURVE ( 'NONE', #8959, #4306, #4906, .T. ) ;
#9136 = CARTESIAN_POINT ( 'NONE',  ( -169.2988399806177426, 73.35447749192381650, 183.6108980768172785 ) ) ;
#9137 = DIRECTION ( 'NONE',  ( 0.000000000000000000, 0.000000000000000000, -1.000000000000000000 ) ) ;
#9138 = ORIENTED_EDGE ( 'NONE', *, *, #8201, .T. ) ;
#9139 = ORIENTED_EDGE ( 'NONE', *, *, #5778, .F. ) ;
#9140 = CARTESIAN_POINT ( 'NONE',  ( -20.80790996551509764, 35.90431442206534740, 157.8421138974935047 ) ) ;
#9141 = AXIS2_PLACEMENT_3D ( 'NONE', #9240, #5857, #6521 ) ;
#9142 = DIRECTION ( 'NONE',  ( 1.000000000000000000, 7.558965274043620048E-16, 0.000000000000000000 ) ) ;
#9143 = LINE ( 'NONE', #9291, #460 ) ;
#9144 = VERTEX_POINT ( 'NONE', #2037 ) ;
#9145 = DIRECTION ( 'NONE',  ( 0.000000000000000000, 0.000000000000000000, -1.000000000000000000 ) ) ;
#9146 = CIRCLE ( 'NONE', #1947, 15.90485382080079901 ) ;
#9147 = CARTESIAN_POINT ( 'NONE',  ( 288.8209915161131107, 6.675439079365133369E-14, 156.5270768601282043 ) ) ;
#9148 = DIRECTION ( 'NONE',  ( 0.000000000000000000, 0.000000000000000000, 1.000000000000000000 ) ) ;
#9149 = EDGE_CURVE ( 'NONE', #9045, #3430, #162, .T. ) ;
#9150 = ADVANCED_FACE ( 'NONE', ( #8469 ), #1059, .F. ) ;
#9151 = EDGE_LOOP ( 'NONE', ( #9053, #3363, #570, #9327, #3183 ) ) ;
#9152 = ORIENTED_EDGE ( 'NONE', *, *, #5362, .F. ) ;
#9153 = CYLINDRICAL_SURFACE ( 'NONE', #3127, 5.000000000000007105 ) ;
#9154 = CARTESIAN_POINT ( 'NONE',  ( -152.7366433896910110, 58.61684799194339490, 178.7207935539339871 ) ) ;
#9155 = DIRECTION ( 'NONE',  ( -4.250985102559089721E-17, -1.000000000000000000, 0.000000000000000000 ) ) ;
#9156 = ORIENTED_EDGE ( 'NONE', *, *, #2805, .F. ) ;
#9157 = DIRECTION ( 'NONE',  ( 1.000000000000000000, -4.362752391243203476E-16, 0.000000000000000000 ) ) ;
#9158 = VERTEX_POINT ( 'NONE', #6296 ) ;
#9159 = DIRECTION ( 'NONE',  ( 1.226857500901394668E-08, 0.9999999999999998890, 0.000000000000000000 ) ) ;
#9160 = CARTESIAN_POINT ( 'NONE',  ( -286.9269876612549979, 96.89302241451019881, 183.7207935539340156 ) ) ;
#9161 = AXIS2_PLACEMENT_3D ( 'NONE', #2953, #1508, #1411 ) ;
#9162 = CARTESIAN_POINT ( 'NONE',  ( -286.1789894103999927, 97.82984857679468860, 183.5385722673235023 ) ) ;
#9163 = ORIENTED_EDGE ( 'NONE', *, *, #8257, .T. ) ;
#9164 = ADVANCED_FACE ( 'NONE', ( #4004 ), #2665, .T. ) ;
#9165 = DIRECTION ( 'NONE',  ( 0.000000000000000000, 0.000000000000000000, -1.000000000000000000 ) ) ;
#9166 = VECTOR ( 'NONE', #9288, 1000.000000000000000 ) ;
#9167 = DIRECTION ( 'NONE',  ( 1.000000000000000000, 4.395960322595069756E-10, 0.000000000000000000 ) ) ;
#9168 = CARTESIAN_POINT ( 'NONE',  ( -169.2982474622936024, 81.21245731582726535, 183.6731380467214478 ) ) ;
#9169 = VERTEX_POINT ( 'NONE', #4857 ) ;
#9170 = FACE_OUTER_BOUND ( 'NONE', #8489, .T. ) ;
#9171 = AXIS2_PLACEMENT_3D ( 'NONE', #4601, #942, #1088 ) ;
#9172 = EDGE_CURVE ( 'NONE', #2783, #1716, #227, .T. ) ;
#9173 = PLANE ( 'NONE',  #1307 ) ;
#9174 = EDGE_LOOP ( 'NONE', ( #5879, #6213, #5615, #8038, #3782 ) ) ;
#9175 = CARTESIAN_POINT ( 'NONE',  ( 287.0598544187248535, 64.39329523538779654, 158.7213515361462726 ) ) ;
#9176 = CARTESIAN_POINT ( 'NONE',  ( -286.1789894103999927, 97.53309775770230772, 183.6585721692857192 ) ) ;
#9177 = DIRECTION ( 'NONE',  ( 0.000000000000000000, 0.000000000000000000, -1.000000000000000000 ) ) ;
#9178 = AXIS2_PLACEMENT_3D ( 'NONE', #3780, #5021, #76 ) ;
#9179 = DIRECTION ( 'NONE',  ( 1.182933032942884815E-14, 1.000000000000000000, 0.000000000000000000 ) ) ;
#9180 = ORIENTED_EDGE ( 'NONE', *, *, #788, .F. ) ;
#9181 = ORIENTED_EDGE ( 'NONE', *, *, #7297, .T. ) ;
#9182 = CARTESIAN_POINT ( 'NONE',  ( -286.6877464056468625, 81.04947823185388245, 183.6949592639245452 ) ) ;
#9183 = CARTESIAN_POINT ( 'NONE',  ( -117.8760440325059022, 80.50059934808577111, 183.6883521016711711 ) ) ;
#9184 = AXIS2_PLACEMENT_3D ( 'NONE', #5471, #1694, #290 ) ;
#9185 = CIRCLE ( 'NONE', #3823, 4.999999999999997335 ) ;
#9186 = CARTESIAN_POINT ( 'NONE',  ( 115.5181680577938721, 73.57891336646824243, 183.6600095038789391 ) ) ;
#9187 = ORIENTED_EDGE ( 'NONE', *, *, #4953, .F. ) ;
#9188 = EDGE_CURVE ( 'NONE', #1204, #8969, #534, .T. ) ;
#9189 = CIRCLE ( 'NONE', #5038, 17.90484428405761363 ) ;
#9190 = VERTEX_POINT ( 'NONE', #8420 ) ;
#9191 = DIRECTION ( 'NONE',  ( -0.7071067811865475727, 0.000000000000000000, 0.7071067811865475727 ) ) ;
#9192 = ADVANCED_FACE ( 'NONE', ( #490 ), #3427, .T. ) ;
#9193 = EDGE_CURVE ( 'NONE', #2504, #4379, #5754, .T. ) ;
#9194 = CARTESIAN_POINT ( 'NONE',  ( -282.3921928459964761, 55.10804795676809675, 178.7207935539339871 ) ) ;
#9195 = CIRCLE ( 'NONE', #3677, 12.90485334804940720 ) ;
#9196 = DIRECTION ( 'NONE',  ( -0.9999999999999996669, -2.745767261192185469E-08, 0.000000000000000000 ) ) ;
#9197 = VERTEX_POINT ( 'NONE', #8744 ) ;
#9198 = CARTESIAN_POINT ( 'NONE',  ( 143.8209962844850054, 135.3984925249610001, 181.2207935539339871 ) ) ;
#9199 = CARTESIAN_POINT ( 'NONE',  ( 200.0054608049742626, 79.85723551749980231, 183.6052361275459930 ) ) ;
#9200 = CARTESIAN_POINT ( 'NONE',  ( -23.31599701963950011, 89.49024581818839863, 182.2563274598670091 ) ) ;
#9201 = AXIS2_PLACEMENT_3D ( 'NONE', #8964, #5303, #9113 ) ;
#9202 = ORIENTED_EDGE ( 'NONE', *, *, #3791, .T. ) ;
#9203 = EDGE_CURVE ( 'NONE', #9076, #4858, #1395, .T. ) ;
#9204 = ORIENTED_EDGE ( 'NONE', *, *, #2358, .T. ) ;
#9205 = CARTESIAN_POINT ( 'NONE',  ( -40.43682098388680402, 22.12078094482420099, 155.7207935539340156 ) ) ;
#9206 = AXIS2_PLACEMENT_3D ( 'NONE', #1944, #4195, #540 ) ;
#9207 = DIRECTION ( 'NONE',  ( -1.000000000000000000, 0.000000000000000000, 0.000000000000000000 ) ) ;
#9208 = CARTESIAN_POINT ( 'NONE',  ( -42.09728601378149193, 38.02563643273870042, 155.7207935539340156 ) ) ;
#9209 = ORIENTED_EDGE ( 'NONE', *, *, #6274, .F. ) ;
#9210 = PLANE ( 'NONE',  #3624 ) ;
#9211 = VERTEX_POINT ( 'NONE', #8787 ) ;
#9212 = CARTESIAN_POINT ( 'NONE',  ( 183.5030736399640148, 22.12077808833640091, 146.7207935539339871 ) ) ;
#9213 =( BOUNDED_CURVE ( )  B_SPLINE_CURVE ( 3, ( #1817, #2687, #4791, #7090 ),
 .UNSPECIFIED., .F., .T. ) 
 B_SPLINE_CURVE_WITH_KNOTS ( ( 4, 4 ),
 ( 2.356194490192339952, 2.521099352788974901 ),
 .UNSPECIFIED. ) 
 CURVE ( )  GEOMETRIC_REPRESENTATION_ITEM ( )  RATIONAL_B_SPLINE_CURVE ( ( 1.000000000000000000, 0.9977351490747969898, 0.9977351490747969898, 1.000000000000000000 ) ) 
 REPRESENTATION_ITEM ( '' )  );
#9214 = CARTESIAN_POINT ( 'NONE',  ( -286.6317681815679634, 98.36709992864629726, 183.2728467075930041 ) ) ;
#9215 = DIRECTION ( 'NONE',  ( 1.000000000000000000, -3.212987840779254716E-17, -3.212987840779254716E-17 ) ) ;
#9216 = EDGE_LOOP ( 'NONE', ( #3878, #7084, #7732, #8981, #5393 ) ) ;
#9217 = ADVANCED_FACE ( 'NONE', ( #2263 ), #6819, .T. ) ;
#9218 = LINE ( 'NONE', #8449, #7045 ) ;
#9219 = CARTESIAN_POINT ( 'NONE',  ( -290.4482188859699932, 69.74005044523980246, 158.7207935535700187 ) ) ;
#9220 = EDGE_CURVE ( 'NONE', #6948, #6144, #3457, .T. ) ;
#9221 = DIRECTION ( 'NONE',  ( 0.000000000000000000, 0.000000000000000000, 1.000000000000000000 ) ) ;
#9222 = ORIENTED_EDGE ( 'NONE', *, *, #6610, .T. ) ;
#9223 = CARTESIAN_POINT ( 'NONE',  ( -218.8657760620120314, 76.52169227600100498, 183.7207935539340156 ) ) ;
#9224 = TOROIDAL_SURFACE ( 'NONE', #9380, 17.90484428405759942, 5.000000000000000000 ) ;
#9225 = VERTEX_POINT ( 'NONE', #5721 ) ;
#9226 = DIRECTION ( 'NONE',  ( -5.480868912904819410E-16, 1.000000000000000000, 0.000000000000000000 ) ) ;
#9227 = CIRCLE ( 'NONE', #5071, 12.90485382080079901 ) ;
#9228 = CARTESIAN_POINT ( 'NONE',  ( 166.9411214214731558, 80.46736005346873810, 183.6428785265295289 ) ) ;
#9229 = CARTESIAN_POINT ( 'NONE',  ( 150.3786849975589917, 90.89100265412581336, 182.2563274598664975 ) ) ;
#9230 = DIRECTION ( 'NONE',  ( 0.9999999999999957812, 9.225865808988583535E-08, 0.000000000000000000 ) ) ;
#9231 = ORIENTED_EDGE ( 'NONE', *, *, #7954, .F. ) ;
#9232 = VERTEX_POINT ( 'NONE', #8654 ) ;
#9233 = CIRCLE ( 'NONE', #8002, 3.000000000000000888 ) ;
#9234 = CARTESIAN_POINT ( 'NONE',  ( 183.5030736399810110, 76.52168743035359455, 178.7207935539339871 ) ) ;
#9235 = VECTOR ( 'NONE', #5455, 1000.000000000000000 ) ;
#9236 = CARTESIAN_POINT ( 'NONE',  ( -117.8761129934628826, 79.97889617595782852, 183.6741896174226838 ) ) ;
#9237 = CARTESIAN_POINT ( 'NONE',  ( 115.5181236832619192, 73.32438374146720150, 183.6670076389436588 ) ) ;
#9238 = ORIENTED_EDGE ( 'NONE', *, *, #8918, .F. ) ;
#9239 = EDGE_CURVE ( 'NONE', #2986, #2295, #6982, .T. ) ;
#9240 = CARTESIAN_POINT ( 'NONE',  ( -134.7493367092509970, 58.61684799194339490, 178.7207935539339871 ) ) ;
#9241 = DIRECTION ( 'NONE',  ( 0.000000000000000000, 0.000000000000000000, 1.000000000000000000 ) ) ;
#9242 = AXIS2_PLACEMENT_3D ( 'NONE', #4634, #6019, #8911 ) ;
#9243 = CARTESIAN_POINT ( 'NONE',  ( 20.95800876617440167, 60.75131988615740397, 182.2563274598670091 ) ) ;
#9244 = FACE_OUTER_BOUND ( 'NONE', #6835, .T. ) ;
#9245 = ORIENTED_EDGE ( 'NONE', *, *, #457, .T. ) ;
#9246 = DIRECTION ( 'NONE',  ( 0.000000000000000000, 1.000000000000000000, 0.000000000000000000 ) ) ;
#9247 = CARTESIAN_POINT ( 'NONE',  ( 43.09501647949219461, 75.12078285217289420, 178.7207935539339871 ) ) ;
#9248 = EDGE_CURVE ( 'NONE', #9388, #6500, #8207, .T. ) ;
#9249 = CARTESIAN_POINT ( 'NONE',  ( 288.8209915161129970, 156.4021854306319881, 123.7207935539339871 ) ) ;
#9250 = VERTEX_POINT ( 'NONE', #7984 ) ;
#9251 = EDGE_LOOP ( 'NONE', ( #8834, #3971, #2910, #8204 ) ) ;
#9252 = DIRECTION ( 'NONE',  ( -1.000000000000000000, 3.159943663115390253E-16, 0.000000000000000000 ) ) ;
#9253 = CARTESIAN_POINT ( 'NONE',  ( 288.8209915161129970, -3.552713678800499667E-14, 123.7207935539339871 ) ) ;
#9254 = DIRECTION ( 'NONE',  ( 0.000000000000000000, 0.000000000000000000, 1.000000000000000000 ) ) ;
#9255 = ORIENTED_EDGE ( 'NONE', *, *, #1325, .F. ) ;
#9256 = CARTESIAN_POINT ( 'NONE',  ( 286.6482425492908988, 101.2175338996193688, 180.5186497902792837 ) ) ;
#9257 = ORIENTED_EDGE ( 'NONE', *, *, #9379, .F. ) ;
#9258 = CIRCLE ( 'NONE', #2964, 17.90484428405759942 ) ;
#9259 = CARTESIAN_POINT ( 'NONE',  ( 115.5181150157410173, 82.51153665206351207, 183.7207935539340156 ) ) ;
#9260 = EDGE_CURVE ( 'NONE', #2546, #8210, #1894, .T. ) ;
#9261 = CARTESIAN_POINT ( 'NONE',  ( -286.1789894103999927, 96.89302241451019881, 183.7207935539340156 ) ) ;
#9262 = B_SPLINE_CURVE_WITH_KNOTS ( 'NONE', 3,
 ( #3626, #783, #2825, #6492, #7952, #2865 ),
 .UNSPECIFIED., .F., .F.,
 ( 4, 2, 4 ),
 ( 0.000000000000000000, 0.5000000000000000000, 1.000000000000000000 ),
 .UNSPECIFIED. ) ;
#9263 = DIRECTION ( 'NONE',  ( -1.000000000000000000, 0.000000000000000000, 0.000000000000000000 ) ) ;
#9264 = ORIENTED_EDGE ( 'NONE', *, *, #6075, .T. ) ;
#9265 = AXIS2_PLACEMENT_3D ( 'NONE', #1128, #2633, #1860 ) ;
#9266 = CYLINDRICAL_SURFACE ( 'NONE', #600, 12.90485361670298836 ) ;
#9267 = SPHERICAL_SURFACE ( 'NONE', #927, 12.90485404369440126 ) ;
#9268 =( BOUNDED_CURVE ( )  B_SPLINE_CURVE ( 3, ( #6313, #7996, #2099, #2861 ),
 .UNSPECIFIED., .F., .T. ) 
 B_SPLINE_CURVE_WITH_KNOTS ( ( 4, 4 ),
 ( 4.712388980384689674, 5.332882281185559847 ),
 .UNSPECIFIED. ) 
 CURVE ( )  GEOMETRIC_REPRESENTATION_ITEM ( )  RATIONAL_B_SPLINE_CURVE ( ( 1.000000000000000000, 0.9681721987222390302, 0.9681721987222390302, 1.000000000000000000 ) ) 
 REPRESENTATION_ITEM ( '' )  );
#9269 = CARTESIAN_POINT ( 'NONE',  ( -286.1789894103999927, 83.95400533632779627, 183.7207935539340156 ) ) ;
#9270 = ORIENTED_EDGE ( 'NONE', *, *, #7179, .T. ) ;
#9271 = CARTESIAN_POINT ( 'NONE',  ( -83.01558317658980002, 22.12078010271740069, 155.7207935539340156 ) ) ;
#9272 = ORIENTED_EDGE ( 'NONE', *, *, #2209, .F. ) ;
#9273 = EDGE_CURVE ( 'NONE', #7173, #2269, #5283, .T. ) ;
#9274 = ADVANCED_FACE ( 'NONE', ( #7347 ), #8027, .F. ) ;
#9275 = CARTESIAN_POINT ( 'NONE',  ( -194.6789894103999927, 114.5107393763349961, 183.7207935539340156 ) ) ;
#9276 = CIRCLE ( 'NONE', #7890, 12.90499687194819600 ) ;
#9277 = CARTESIAN_POINT ( 'NONE',  ( 143.8209962844850054, 98.63017898587490606, 183.0186497902790279 ) ) ;
#9278 = DIRECTION ( 'NONE',  ( 0.000000000000000000, 0.000000000000000000, 1.000000000000000000 ) ) ;
#9279 = DIRECTION ( 'NONE',  ( -1.000000000000000000, 2.688482178977768457E-16, 0.000000000000000000 ) ) ;
#9280 = ORIENTED_EDGE ( 'NONE', *, *, #5925, .F. ) ;
#9281 = ORIENTED_EDGE ( 'NONE', *, *, #7565, .F. ) ;
#9282 = CARTESIAN_POINT ( 'NONE',  ( -185.8610559998519705, 22.12077808834190051, 146.7207935539339871 ) ) ;
#9283 = CARTESIAN_POINT ( 'NONE',  ( -117.8761125269452066, 79.99735413839273690, 183.6746988806258969 ) ) ;
#9284 = AXIS2_PLACEMENT_3D ( 'NONE', #998, #812, #8935 ) ;
#9285 = CARTESIAN_POINT ( 'NONE',  ( 216.5078353881840201, 22.12078094482420099, 143.7207935539339871 ) ) ;
#9286 = ORIENTED_EDGE ( 'NONE', *, *, #5185, .F. ) ;
#9287 = ORIENTED_EDGE ( 'NONE', *, *, #628, .T. ) ;
#9288 = DIRECTION ( 'NONE',  ( 0.9999999999999982236, 5.974482437999860097E-08, -1.003254186567376213E-15 ) ) ;
#9289 = DIRECTION ( 'NONE',  ( 1.000000000000000000, 0.000000000000000000, 0.000000000000000000 ) ) ;
#9290 = CIRCLE ( 'NONE', #1769, 12.90484428405761008 ) ;
#9291 = CARTESIAN_POINT ( 'NONE',  ( -42.09728601378149193, 38.02563643273870042, 158.7207935539340156 ) ) ;
#9292 = ORIENTED_EDGE ( 'NONE', *, *, #2098, .T. ) ;
#9293 = DIRECTION ( 'NONE',  ( -1.000000000000000000, -8.166800569142639879E-11, 0.000000000000000000 ) ) ;
#9294 = CARTESIAN_POINT ( 'NONE',  ( 150.3786849975589917, 9.215927124023428618, 138.7207935539339871 ) ) ;
#9295 = CARTESIAN_POINT ( 'NONE',  ( 115.5181128005408624, 79.99742635177561567, 183.6746986663580685 ) ) ;
#9296 = EDGE_CURVE ( 'NONE', #4853, #3125, #2703, .T. ) ;
#9297 = EDGE_LOOP ( 'NONE', ( #2639, #2342 ) ) ;
#9298 = AXIS2_PLACEMENT_3D ( 'NONE', #6589, #8804, #2335 ) ;
#9299 = VERTEX_POINT ( 'NONE', #4417 ) ;
#9300 = LINE ( 'NONE', #4251, #7932 ) ;
#9301 = CARTESIAN_POINT ( 'NONE',  ( 288.8209915161129970, 118.5608753807499909, 155.7207935539340156 ) ) ;
#9302 = DIRECTION ( 'NONE',  ( 1.000000000000000000, 0.000000000000000000, 0.000000000000000000 ) ) ;
#9303 = ORIENTED_EDGE ( 'NONE', *, *, #503, .T. ) ;
#9304 = DIRECTION ( 'NONE',  ( 0.000000000000000000, -0.7071067811865495711, 0.7071067811865454633 ) ) ;
#9305 = DIRECTION ( 'NONE',  ( -1.000000000000000000, 2.318450818158519635E-17, 0.000000000000000000 ) ) ;
#9306 = DIRECTION ( 'NONE',  ( 0.000000000000000000, -1.000000000000000000, 0.000000000000000000 ) ) ;
#9307 = DIRECTION ( 'NONE',  ( 1.000000000000000000, -4.250985102559089721E-17, 0.000000000000000000 ) ) ;
#9308 = ORIENTED_EDGE ( 'NONE', *, *, #7304, .T. ) ;
#9309 = ADVANCED_FACE ( 'NONE', ( #7154 ), #2389, .F. ) ;
#9310 = FACE_OUTER_BOUND ( 'NONE', #7042, .T. ) ;
#9311 = DIRECTION ( 'NONE',  ( -1.000000000000000000, 0.000000000000000000, 0.000000000000000000 ) ) ;
#9312 = ADVANCED_FACE ( 'NONE', ( #4518 ), #1689, .T. ) ;
#9313 = EDGE_CURVE ( 'NONE', #352, #2887, #2386, .T. ) ;
#9314 = AXIS2_PLACEMENT_3D ( 'NONE', #3338, #1118, #8426 ) ;
#9315 = LINE ( 'NONE', #8546, #9112 ) ;
#9316 = ORIENTED_EDGE ( 'NONE', *, *, #9149, .F. ) ;
#9317 = EDGE_CURVE ( 'NONE', #1705, #8959, #3604, .T. ) ;
#9318 = DIRECTION ( 'NONE',  ( 1.000000000000000000, -1.816255071839364815E-17, -1.816255071839354954E-17 ) ) ;
#9319 = AXIS2_PLACEMENT_3D ( 'NONE', #2466, #909, #7496 ) ;
#9320 = CARTESIAN_POINT ( 'NONE',  ( 287.2623208279226219, 65.54779575842366057, 158.7212433472242026 ) ) ;
#9321 = AXIS2_PLACEMENT_3D ( 'NONE', #4436, #2235, #778 ) ;
#9322 = EDGE_CURVE ( 'NONE', #7851, #2510, #5130, .T. ) ;
#9323 = CARTESIAN_POINT ( 'NONE',  ( -197.1789894103999927, 146.4271501097090038, 142.7130177981149757 ) ) ;
#9324 = LINE ( 'NONE', #8647, #3725 ) ;
#9325 = CIRCLE ( 'NONE', #3491, 3.000000000004119816 ) ;
#9326 = CARTESIAN_POINT ( 'NONE',  ( 38.07888031005860086, 22.12078094482420099, 158.7207935539340156 ) ) ;
#9327 = ORIENTED_EDGE ( 'NONE', *, *, #5307, .T. ) ;
#9328 = ORIENTED_EDGE ( 'NONE', *, *, #4199, .F. ) ;
#9329 = EDGE_CURVE ( 'NONE', #2489, #6177, #5122, .T. ) ;
#9330 = DIRECTION ( 'NONE',  ( 1.110223024625157172E-14, 1.000000000000000000, 0.000000000000000000 ) ) ;
#9331 = VECTOR ( 'NONE', #9215, 1000.000000000000000 ) ;
#9332 = CARTESIAN_POINT ( 'NONE',  ( 115.5181119269691266, 73.07812143635233326, 183.6738111309939256 ) ) ;
#9333 = ORIENTED_EDGE ( 'NONE', *, *, #1951, .F. ) ;
#9334 = FACE_OUTER_BOUND ( 'NONE', #8547, .T. ) ;
#9335 = CARTESIAN_POINT ( 'NONE',  ( 216.5078370698039976, 76.52169227600100498, 158.7207935539340156 ) ) ;
#9336 = CIRCLE ( 'NONE', #5792, 12.90485382080079901 ) ;
#9337 = CARTESIAN_POINT ( 'NONE',  ( -94.67898941040009220, 135.3984925249600053, 183.7207935539340156 ) ) ;
#9338 = DIRECTION ( 'NONE',  ( -1.000000000000000000, 0.000000000000000000, 0.000000000000000000 ) ) ;
#9339 = ORIENTED_EDGE ( 'NONE', *, *, #2241, .F. ) ;
#9340 = CARTESIAN_POINT ( 'NONE',  ( 132.3913249411490085, 76.52169227600100498, 148.7207935539339871 ) ) ;
#9341 = CIRCLE ( 'NONE', #735, 5.000000000000004441 ) ;
#9342 = ADVANCED_FACE ( 'NONE', ( #3943 ), #7446, .F. ) ;
#9343 = DIRECTION ( 'NONE',  ( 1.000000000000000000, 0.000000000000000000, 0.000000000000000000 ) ) ;
#9344 = ORIENTED_EDGE ( 'NONE', *, *, #2524, .T. ) ;
#9345 = EDGE_LOOP ( 'NONE', ( #5059, #632, #2960, #2720, #7945, #5 ) ) ;
#9346 = VERTEX_POINT ( 'NONE', #8117 ) ;
#9347 = CARTESIAN_POINT ( 'NONE',  ( -218.8657760620120314, 35.02563476562500000, 143.7207935539339871 ) ) ;
#9348 = EDGE_CURVE ( 'NONE', #2183, #619, #2547, .T. ) ;
#9349 = AXIS2_PLACEMENT_3D ( 'NONE', #8600, #527, #1201 ) ;
#9350 = CARTESIAN_POINT ( 'NONE',  ( -269.8896026611329830, 38.02563476562500000, 155.7207935539340156 ) ) ;
#9351 = CARTESIAN_POINT ( 'NONE',  ( 132.3913249411490085, 76.52169227600100498, 158.7207935539340156 ) ) ;
#9352 = ORIENTED_EDGE ( 'NONE', *, *, #3134, .F. ) ;
#9353 = AXIS2_PLACEMENT_3D ( 'NONE', #5256, #3883, #6891 ) ;
#9354 = CARTESIAN_POINT ( 'NONE',  ( 287.5800453428958008, 100.9982787284636743, 180.2917334124979050 ) ) ;
#9355 = AXIS2_PLACEMENT_3D ( 'NONE', #7407, #5908, #58 ) ;
#9356 = FACE_OUTER_BOUND ( 'NONE', #4531, .T. ) ;
#9357 = CARTESIAN_POINT ( 'NONE',  ( -152.7366433896910110, 63.61684799194339490, 178.7207935539339871 ) ) ;
#9358 = VECTOR ( 'NONE', #8498, 1000.000000000000000 ) ;
#9359 = CARTESIAN_POINT ( 'NONE',  ( 98.64490477367999688, 9.215926533998759496, 155.7207980243069869 ) ) ;
#9360 = AXIS2_PLACEMENT_3D ( 'NONE', #2862, #5058, #3622 ) ;
#9361 = VERTEX_POINT ( 'NONE', #1543 ) ;
#9362 = CARTESIAN_POINT ( 'NONE',  ( -110.0223875045780062, 63.61684799194339490, 178.7207935539339871 ) ) ;
#9363 = AXIS2_PLACEMENT_3D ( 'NONE', #2493, #1627, #6074 ) ;
#9364 = CARTESIAN_POINT ( 'NONE',  ( 132.3913192749020027, 9.215927124023428618, 138.7207935539339871 ) ) ;
#9365 = CARTESIAN_POINT ( 'NONE',  ( -169.2988431883958071, 79.73973245223048423, 183.6129398712673435 ) ) ;
#9366 = ORIENTED_EDGE ( 'NONE', *, *, #5516, .T. ) ;
#9367 = VECTOR ( 'NONE', #3858, 1000.000000000000000 ) ;
#9368 = LINE ( 'NONE', #2791, #938 ) ;
#9369 = EDGE_CURVE ( 'NONE', #410, #5635, #8286, .T. ) ;
#9370 = EDGE_CURVE ( 'NONE', #4638, #8551, #6043, .T. ) ;
#9371 = DIRECTION ( 'NONE',  ( 0.000000000000000000, 0.4574731813344888320, 0.8892234186972931553 ) ) ;
#9372 = CARTESIAN_POINT ( 'NONE',  ( -286.9742745861308890, 74.29878892320188299, 183.6571551491635432 ) ) ;
#9373 = LINE ( 'NONE', #528, #1753 ) ;
#9374 = B_SPLINE_CURVE_WITH_KNOTS ( 'NONE', 3,
 ( #7102, #9372, #3419, #6333, #8554, #3324 ),
 .UNSPECIFIED., .F., .F.,
 ( 4, 2, 4 ),
 ( 0.000000000000000000, 0.5000000000000000000, 1.000000000000000000 ),
 .UNSPECIFIED. ) ;
#9375 = DIRECTION ( 'NONE',  ( 0.000000000000000000, 0.000000000000000000, -1.000000000000000000 ) ) ;
#9376 = ORIENTED_EDGE ( 'NONE', *, *, #4468, .F. ) ;
#9377 = ORIENTED_EDGE ( 'NONE', *, *, #7688, .F. ) ;
#9378 = CARTESIAN_POINT ( 'NONE',  ( -134.7493367092509970, 63.61684799194339490, 178.7207935539339871 ) ) ;
#9379 = EDGE_CURVE ( 'NONE', #3530, #9433, #3003, .T. ) ;
#9380 = AXIS2_PLACEMENT_3D ( 'NONE', #4980, #7139, #559 ) ;
#9381 = AXIS2_PLACEMENT_3D ( 'NONE', #7835, #7880, #1255 ) ;
#9382 = CARTESIAN_POINT ( 'NONE',  ( -62.68753156123731429, 110.9465026855470029, 178.7207935539339871 ) ) ;
#9383 = ORIENTED_EDGE ( 'NONE', *, *, #280, .T. ) ;
#9384 = LINE ( 'NONE', #3607, #401 ) ;
#9385 = DIRECTION ( 'NONE',  ( -8.818228063756050507E-11, 1.000000000000000000, 0.000000000000000000 ) ) ;
#9386 = DIRECTION ( 'NONE',  ( 0.000000000000000000, 0.000000000000000000, -1.000000000000000000 ) ) ;
#9387 = DIRECTION ( 'NONE',  ( 0.000000000000000000, 0.7071067811865510144, -0.7071067811865440200 ) ) ;
#9388 = VERTEX_POINT ( 'NONE', #8265 ) ;
#9389 = EDGE_CURVE ( 'NONE', #3477, #550, #4840, .T. ) ;
#9390 = LINE ( 'NONE', #62, #1576 ) ;
#9391 = LINE ( 'NONE', #2818, #3359 ) ;
#9392 = ORIENTED_EDGE ( 'NONE', *, *, #4615, .T. ) ;
#9393 = AXIS2_PLACEMENT_3D ( 'NONE', #9340, #4013, #3475 ) ;
#9394 = ORIENTED_EDGE ( 'NONE', *, *, #7491, .T. ) ;
#9395 = CARTESIAN_POINT ( 'NONE',  ( 267.5316238403320312, 76.52169227600100498, 178.7207935539339871 ) ) ;
#9396 = ADVANCED_FACE ( 'NONE', ( #4803 ), #3993, .T. ) ;
#9397 = ADVANCED_FACE ( 'NONE', ( #8408 ), #5467, .F. ) ;
#9398 = CARTESIAN_POINT ( 'NONE',  ( 201.4079225027914788, 76.52168743035359455, 178.7207935539339871 ) ) ;
#9399 = CARTESIAN_POINT ( 'NONE',  ( 267.5316238403299849, 6.215927124023390427, 155.7207935539340156 ) ) ;
#9400 = ORIENTED_EDGE ( 'NONE', *, *, #4221, .T. ) ;
#9401 = CARTESIAN_POINT ( 'NONE',  ( -196.7129687417429977, 117.8685996535100031, 182.6743849957319981 ) ) ;
#9402 = DIRECTION ( 'NONE',  ( 0.000000000000000000, -0.7071067811865447972, 0.7071067811865503483 ) ) ;
#9403 = CARTESIAN_POINT ( 'NONE',  ( 288.8209890311849790, 76.30624603202788592, 155.7272373954519935 ) ) ;
#9404 = CARTESIAN_POINT ( 'NONE',  ( -20.80790996551509764, 38.02563476562500000, 158.7207935539340156 ) ) ;
#9405 = ORIENTED_EDGE ( 'NONE', *, *, #4914, .F. ) ;
#9406 = CARTESIAN_POINT ( 'NONE',  ( 94.08875846907929485, 137.1662594779273832, 182.9885605069005123 ) ) ;
#9407 = CARTESIAN_POINT ( 'NONE',  ( -17.35799789428709872, 110.9465026855470029, 178.7207935539339871 ) ) ;
#9408 = DIRECTION ( 'NONE',  ( 0.000000000000000000, 0.000000000000000000, -1.000000000000000000 ) ) ;
#9409 = ORIENTED_EDGE ( 'NONE', *, *, #309, .T. ) ;
#9410 = FACE_OUTER_BOUND ( 'NONE', #3354, .T. ) ;
#9411 = AXIS2_PLACEMENT_3D ( 'NONE', #2072, #4458, #8061 ) ;
#9412 = CARTESIAN_POINT ( 'NONE',  ( 150.3786849975589917, 35.90431442206534740, 157.8421138974935047 ) ) ;
#9413 = CARTESIAN_POINT ( 'NONE',  ( 166.2835388183600003, 22.12078094482420099, 158.7207935539340156 ) ) ;
#9414 = CARTESIAN_POINT ( 'NONE',  ( 183.5030736399810110, 76.52168743035359455, 183.7207935539340156 ) ) ;
#9415 = VERTEX_POINT ( 'NONE', #1830 ) ;
#9416 = VERTEX_POINT ( 'NONE', #4039 ) ;
#9417 = EDGE_CURVE ( 'NONE', #1621, #4584, #2509, .T. ) ;
#9418 = CARTESIAN_POINT ( 'NONE',  ( 94.65692456833890844, 137.7344255771870110, 182.1115330082739945 ) ) ;
#9419 = DIRECTION ( 'NONE',  ( 0.000000000000000000, 0.000000000000000000, 1.000000000000000000 ) ) ;
#9420 = EDGE_LOOP ( 'NONE', ( #8790, #6056, #6628, #2038 ) ) ;
#9421 = DIRECTION ( 'NONE',  ( -1.000000000000000000, -1.018319216034381898E-16, 1.018319216034377830E-16 ) ) ;
#9422 = CARTESIAN_POINT ( 'NONE',  ( 258.8209915161129970, 76.32125139236430300, 161.7207935539339871 ) ) ;
#9423 = TOROIDAL_SURFACE ( 'NONE', #2837, 17.90484428405759942, 5.000000000000000000 ) ;
#9424 = ADVANCED_FACE ( 'NONE', ( #9125 ), #8361, .T. ) ;
#9425 = CYLINDRICAL_SURFACE ( 'NONE', #8116, 12.90484969578129437 ) ;
#9426 = PLANE ( 'NONE',  #6432 ) ;
#9427 = AXIS2_PLACEMENT_3D ( 'NONE', #3391, #9100, #7028 ) ;
#9428 = ORIENTED_EDGE ( 'NONE', *, *, #7898, .T. ) ;
#9429 = ADVANCED_FACE ( 'NONE', ( #2553 ), #7633, .F. ) ;
#9430 = CYLINDRICAL_SURFACE ( 'NONE', #338, 12.90485382080079901 ) ;
#9431 = CARTESIAN_POINT ( 'NONE',  ( 98.64490509033210230, 94.42653656005860796, 178.7207935539339871 ) ) ;
#9432 = EDGE_LOOP ( 'NONE', ( #1710, #758, #1622, #6817 ) ) ;
#9433 = VERTEX_POINT ( 'NONE', #6961 ) ;
#9434 = DIRECTION ( 'NONE',  ( 0.000000000000000000, 0.000000000000000000, -1.000000000000000000 ) ) ;
#9435 = AXIS2_PLACEMENT_3D ( 'NONE', #8071, #7249, #2 ) ;
#9436 = DIRECTION ( 'NONE',  ( 0.000000000000000000, 0.7071067811865495711, 0.7071067811865454633 ) ) ;
#9437 = VERTEX_POINT ( 'NONE', #1044 ) ;
#9438 = CARTESIAN_POINT ( 'NONE',  ( -290.0911711285129400, 68.15211644497220789, 159.4010608957179898 ) ) ;
#9439 = ADVANCED_FACE ( 'NONE', ( #1148 ), #9173, .F. ) ;
#9440 = AXIS2_PLACEMENT_3D ( 'NONE', #8137, #1510, #69 ) ;
#9441 = DIRECTION ( 'NONE',  ( -3.204767493763339901E-16, 1.000000000000000000, 3.204767493763339901E-16 ) ) ;
#9442 = ORIENTED_EDGE ( 'NONE', *, *, #2329, .F. ) ;
#9443 = ORIENTED_EDGE ( 'NONE', *, *, #728, .F. ) ;
#9444 = CARTESIAN_POINT ( 'NONE',  ( 93.98127675742770748, 137.0587777662757674, 183.0960422185518439 ) ) ;
#9445 = VECTOR ( 'NONE', #6387, 1000.000000000000000 ) ;
#9446 = LINE ( 'NONE', #3589, #4459 ) ;
#9447 = CARTESIAN_POINT ( 'NONE',  ( -134.7493367092509970, 76.52169227600100498, 133.7207935539339871 ) ) ;
#9448 = SURFACE_STYLE_FILL_AREA ( #3591 ) ;
#9449 = CARTESIAN_POINT ( 'NONE',  ( 92.32099151611291177, 119.8311360573549962, 181.2207935539339871 ) ) ;
#9450 = AXIS2_PLACEMENT_3D ( 'NONE', #4301, #2434, #3920 ) ;
#9451 = EDGE_CURVE ( 'NONE', #8944, #5458, #5522, .T. ) ;
#9452 = ORIENTED_EDGE ( 'NONE', *, *, #7014, .F. ) ;
#9453 = CARTESIAN_POINT ( 'NONE',  ( -134.7493362426759802, 35.02563476562500000, 155.7207935539340156 ) ) ;
#9454 = VECTOR ( 'NONE', #8334, 1000.000000000000000 ) ;
#9455 = FACE_OUTER_BOUND ( 'NONE', #8146, .T. ) ;
#9456 = FACE_OUTER_BOUND ( 'NONE', #1028, .T. ) ;
#9457 = CARTESIAN_POINT ( 'NONE',  ( -291.1789894103999927, 76.31311457647569796, 155.7225283289029960 ) ) ;
#9458 = VERTEX_POINT ( 'NONE', #6909 ) ;
#9459 = AXIS2_PLACEMENT_3D ( 'NONE', #8318, #6861, #5374 ) ;
#9460 = ORIENTED_EDGE ( 'NONE', *, *, #1226, .T. ) ;
#9461 = AXIS2_PLACEMENT_3D ( 'NONE', #1634, #6179, #994 ) ;
#9462 = DIRECTION ( 'NONE',  ( 0.000000000000000000, 0.000000000000000000, -1.000000000000000000 ) ) ;
#9463 = DIRECTION ( 'NONE',  ( 0.000000000000000000, 0.000000000000000000, 1.000000000000000000 ) ) ;
#9464 = ADVANCED_FACE ( 'NONE', ( #3048 ), #3773, .T. ) ;
#9465 = VECTOR ( 'NONE', #459, 1000.000000000000000 ) ;
#9466 = CARTESIAN_POINT ( 'NONE',  ( -117.8761136514909964, 73.08732915140251407, 183.6735591772107341 ) ) ;
#9467 = ORIENTED_EDGE ( 'NONE', *, *, #4771, .T. ) ;
#9468 = CARTESIAN_POINT ( 'NONE',  ( 80.65758528230271907, 22.12077978607119633, 155.7207935539340156 ) ) ;
#9469 = CARTESIAN_POINT ( 'NONE',  ( 150.3786849975589917, 76.52169227600100498, 183.7207935539340156 ) ) ;
#9470 = VECTOR ( 'NONE', #4884, 1000.000000000000000 ) ;
#9471 = DIRECTION ( 'NONE',  ( 0.000000000000000000, 0.000000000000000000, 1.000000000000000000 ) ) ;
#9472 = FACE_OUTER_BOUND ( 'NONE', #5439, .T. ) ;
#9473 = EDGE_LOOP ( 'NONE', ( #5044, #7024, #3587, #4704 ) ) ;
#9474 = CARTESIAN_POINT ( 'NONE',  ( -40.43682098388680402, 22.12078094482420099, 158.7207935539340156 ) ) ;
#9475 = CARTESIAN_POINT ( 'NONE',  ( -269.8896026611329830, 22.12078094482420099, 155.7207935539340156 ) ) ;
#9476 = ORIENTED_EDGE ( 'NONE', *, *, #6656, .F. ) ;
#9477 = CIRCLE ( 'NONE', #2127, 12.90485382080080967 ) ;
#9478 = ORIENTED_EDGE ( 'NONE', *, *, #3143, .T. ) ;
#9479 = ADVANCED_FACE ( 'NONE', ( #2190 ), #8908, .F. ) ;
#9480 = EDGE_CURVE ( 'NONE', #8801, #6697, #4229, .T. ) ;
#9481 = CARTESIAN_POINT ( 'NONE',  ( -152.7366447448729900, 35.02563476562500000, 138.7207935539339871 ) ) ;
#9482 = CARTESIAN_POINT ( 'NONE',  ( 150.3786849975589917, 8.337247467583081217, 157.8421138974935047 ) ) ;
#9483 = DIRECTION ( 'NONE',  ( 0.9999999999999982236, 5.974482398496599248E-08, -6.082215721896488706E-16 ) ) ;
#9484 = ORIENTED_EDGE ( 'NONE', *, *, #3167, .T. ) ;
#9485 = CARTESIAN_POINT ( 'NONE',  ( -288.9577184449169636, 64.49571182203939657, 160.8504574649260235 ) ) ;
#9486 = LINE ( 'NONE', #3583, #6431 ) ;
#9487 = CARTESIAN_POINT ( 'NONE',  ( 284.6285589422419662, 76.40477501313809228, 183.6551462266019996 ) ) ;
#9488 = ADVANCED_FACE ( 'NONE', ( #8180 ), #4534, .F. ) ;
#9489 = CARTESIAN_POINT ( 'NONE',  ( 194.0581480874770079, 98.63017898587490606, 183.0186497902790279 ) ) ;
#9490 = AXIS2_PLACEMENT_3D ( 'NONE', #2403, #9021, #9071 ) ;
#9491 = ORIENTED_EDGE ( 'NONE', *, *, #9273, .T. ) ;
#9492 = ORIENTED_EDGE ( 'NONE', *, *, #7461, .T. ) ;
#9493 = CIRCLE ( 'NONE', #4133, 17.90484428405761363 ) ;
#9494 = CIRCLE ( 'NONE', #5345, 3.000000000000002665 ) ;
#9495 = PLANE ( 'NONE',  #4437 ) ;
#9496 = CARTESIAN_POINT ( 'NONE',  ( -45.45299509255220727, 93.02577972412109375, 178.7207935539339871 ) ) ;
#9497 = DIRECTION ( 'NONE',  ( 0.000000000000000000, -1.000000000000000000, 0.000000000000000000 ) ) ;
#9498 = AXIS2_PLACEMENT_3D ( 'NONE', #3156, #174, #1669 ) ;
#9499 =( NAMED_UNIT ( * ) SI_UNIT ( $, .STERADIAN. ) SOLID_ANGLE_UNIT ( ) );
#9500 = AXIS2_PLACEMENT_3D ( 'NONE', #6488, #1363, #4299 ) ;
#9501 = CARTESIAN_POINT ( 'NONE',  ( -101.0028839111329972, 76.52169227600100498, 158.7207935539340156 ) ) ;
#9502 = EDGE_LOOP ( 'NONE', ( #2155, #4353, #979, #9339, #3702 ) ) ;
#9503 = CARTESIAN_POINT ( 'NONE',  ( 39.73928928375249825, 94.42653656005860796, 183.7207935539340156 ) ) ;
#9504 = AXIS2_PLACEMENT_3D ( 'NONE', #7058, #5616, #3418 ) ;
#9505 = ADVANCED_FACE ( 'NONE', ( #6538 ), #8042, .F. ) ;
#9506 = AXIS2_PLACEMENT_3D ( 'NONE', #4427, #2813, #2898 ) ;
#9507 = CARTESIAN_POINT ( 'NONE',  ( -269.8896011046559806, 62.15238189787610423, 182.2563274598670091 ) ) ;
#9508 = CARTESIAN_POINT ( 'NONE',  ( -291.1789894103999927, 76.32125139236450195, 155.7207935539340156 ) ) ;
#9509 = ORIENTED_EDGE ( 'NONE', *, *, #7121, .T. ) ;
#9510 = VERTEX_POINT ( 'NONE', #9482 ) ;
#9511 = CARTESIAN_POINT ( 'NONE',  ( 183.5030736399810110, 76.52168743035359455, 178.7207935539339871 ) ) ;
#9512 = CARTESIAN_POINT ( 'NONE',  ( -198.7659039148545332, 76.52168707601310871, 178.7207935539339871 ) ) ;
ENDSEC;
END-ISO-10303-21;
